Location,Search Keyword,Segment,NAICS Code,Business Name,Address,Phone Number,Website,Latitude,Longitude,Rating,User Ratings,Place ID,Types
"Auburn, AL",grocery store,retail,445110,Kroger,"300 N Dean Rd, Auburn, AL 36830, USA",(334) 821-1325,https://www.kroger.com/stores/grocery/al/auburn/corner-village/011/00260?cid=loc_01100260_gmb,32.6106091,-85.4630461,4.3,460.0,ChIJQfk7EunyjIgRX7uVKHyKIuc,"grocery_or_supermarket, food, point_of_interest, store, establishment"
"Auburn, AL",grocery store,retail,445110,Publix Super Market at The Shoppes at Cary Creek,"2900 E University Dr, Auburn, AL 36830, USA",(334) 502-2416,https://www.publix.com/?setstorenumber=1355&utm_medium=maps&utm_source=extendednetwork&utm_content=psm_website_url,32.6382837,-85.4801068,4.6,1172.0,ChIJgcLyI87yjIgR-1dx6y4XbE0,"supermarket, florist, bakery, liquor_store, grocery_or_supermarket, food, point_of_interest, store, establishment"
"Auburn, AL",grocery store,retail,445110,Publix Super Market at the Shops on Gay Street,"138 S Gay St, Auburn, AL 36830, USA",(334) 502-3616,https://www.publix.com/?utm_medium=maps&utm_source=google&utm_content=psm_google_override,32.6053963,-85.4803517,4.7,340.0,ChIJlbD6-EPzjIgRU_SAdkk7GBw,"supermarket, florist, bakery, liquor_store, grocery_or_supermarket, food, point_of_interest, store, establishment"
"Auburn, AL",grocery store,retail,445110,Carmack Super Market,"1161 Co Rd 39, Notasulga, AL 36866, USA",(334) 257-3441,http://www.carmacksgrocery.com/,32.552481,-85.723053,4.7,586.0,ChIJy6VmS51bjIgRq2eRji0IrTQ,"grocery_or_supermarket, supermarket, food, point_of_interest, store, establishment"
"Auburn, AL",grocery store,retail,445110,Wright's Market,"603 Pleasant Dr, Opelika, AL 36801, USA",(334) 749-1333,https://www.wrightsmarkets.com/,32.6438709,-85.3974415,4.5,881.0,ChIJg5wtldeSjIgRHP9JBKas4UU,"grocery_or_supermarket, supermarket, food, point_of_interest, store, establishment"
"Auburn, AL",grocery store,retail,445110,Renfroe's Market,"483 N Broadnax St, Dadeville, AL 36853, USA",(256) 825-4461,http://renfroesmarket.com/,32.835579,-85.764169,4.2,711.0,ChIJrfayz6t6jIgRLdnIm7d7IBA,"grocery_or_supermarket, supermarket, food, point_of_interest, store, establishment"
"Auburn, AL",grocery store,retail,445110,Winn-Dixie,"1441 Fox Run Pkwy, Opelika, AL 36801, USA",(334) 741-4140,https://www.winndixie.com/StoreDetails,32.6651981,-85.3636231,4.3,1355.0,ChIJuRhkO3eOWYgR9UrcoLyr-6I,"grocery_or_supermarket, food, point_of_interest, store, establishment"
"Auburn, AL",grocery store,retail,445110,Kroger,"2460 Enterprise Dr, Opelika, AL 36801, USA",(334) 737-2643,https://www.kroger.com/stores/grocery/al/opelika/tiger-town/011/00631?cid=loc_01100631_gmb,32.62070730000001,-85.4117217,4.3,696.0,ChIJXYiOZjrtjIgRkQki5TWrj18,"grocery_or_supermarket, food, point_of_interest, store, establishment"
"Auburn, AL",grocery store,retail,445110,Publix Super Market at Hamilton Place,"2415 Moores Mill Rd, Auburn, AL 36830, USA",(334) 502-8667,https://www.publix.com/?setstorenumber=1294&utm_medium=maps&utm_source=extendednetwork&utm_content=psm_website_url,32.5853419,-85.436408,4.7,979.0,ChIJAT8SpoDtjIgR1ewQ8WSYz8w,"supermarket, florist, bakery, liquor_store, grocery_or_supermarket, food, point_of_interest, store, establishment"
"Auburn, AL",grocery store,retail,445110,Kroger,"1401 S Gilmer Ave, Lanett, AL 36863, USA",(334) 644-2100,https://www.kroger.com/stores/grocery/al/lanett/lanett/011/00310?cid=loc_01100310_gmb,32.8557407,-85.1908368,4.2,588.0,ChIJw7Ok2YCjjIgRxwGUA4ywNL4,"grocery_or_supermarket, food, point_of_interest, store, establishment"
"Auburn, AL",grocery store,retail,445110,Piggly Wiggly,"1515 2nd Ave A, Opelika, AL 36801, USA",(334) 742-1119,https://www.pigglywiggly.net/#locations,32.6413934,-85.3908699,4.1,808.0,ChIJ5xUqKi-TjIgRU4at7cWlg-c,"grocery_or_supermarket, supermarket, food, point_of_interest, store, establishment"
"Auburn, AL",grocery store,retail,445110,Super Foods,"462 Gilmer Ave, Tallassee, AL 36078, USA",(334) 283-4664,http://tallasseesuperfoods.com/,32.543766,-85.9037929,4.4,556.0,ChIJLW3wUDxHjIgRzS5qVNVvfs4,"grocery_or_supermarket, supermarket, food, point_of_interest, store, establishment"
"Auburn, AL",grocery store,retail,445110,Goal Post,"190 N Donahue Dr, Auburn, AL 36832, USA",(334) 591-0123,,32.6086609,-85.4900621,4.1,85.0,ChIJB4IouBDzjIgRyY3JR2PFYX4,"grocery_or_supermarket, food, point_of_interest, store, establishment"
"Auburn, AL",grocery store,retail,445110,Walmart Neighborhood Market,"2047 E University Dr, Auburn, AL 36830, USA",(334) 539-6214,https://www.walmart.com/store/5062-auburn-al/?veh=seo_loc,32.624406,-85.4500482,4.3,1067.0,ChIJo1uhg7ryjIgRVjKgxD0yfuY,"grocery_or_supermarket, department_store, supermarket, bakery, food, point_of_interest, store, establishment"
"Auburn, AL",grocery store,retail,445110,Super Foods,"4366 Notasulga Rd, Tallassee, AL 36078, USA",(334) 991-4697,http://tallasseesuperfoods.com/,32.5532668,-85.8308768,4.5,466.0,ChIJXXH6gAtEjIgR0kZ3t9RRFJs,"grocery_or_supermarket, supermarket, food, point_of_interest, store, establishment"
"Auburn, AL",grocery store,retail,445110,Piggly Wiggly Fresh Market,"202 S Elm St # A, Tuskegee, AL 36083, USA",(334) 724-0034,https://www.pigglywiggly.com/,32.4213889,-85.6919444,3.9,350.0,ChIJVTB7ktZQjIgR5OfoFhSkjnI,"grocery_or_supermarket, supermarket, food, point_of_interest, store, establishment"
"Auburn, AL",grocery store,retail,445110,Rainbow Foods,"4990 US-80, Phenix City, AL 36870, USA",(334) 297-2132,,32.4573714,-85.1878665,4.2,373.0,ChIJK0JX3KfEjIgRzyMU1I3FvsQ,"grocery_or_supermarket, food, point_of_interest, store, establishment"
"Auburn, AL",grocery store,retail,445110,Renfroe's Market,"59 Lafayette St N, La Fayette, AL 36862, USA",(334) 864-8868,https://renfroesmarket.com/renfroes_market_lafayette,32.9009465,-85.4017549,4.5,167.0,ChIJTW9i7pqbjIgRvWUnSGND37s,"grocery_or_supermarket, food, point_of_interest, store, establishment"
"Auburn, AL",grocery store,retail,445110,Givorns Foods,"211 E 10th St, West Point, GA 31833, USA",(706) 645-1796,http://www.givornsfoods.com/,32.8783318,-85.1769727,4.2,436.0,ChIJE7AmRxKkjIgRQpsLmh2ogPk,"grocery_or_supermarket, supermarket, food, point_of_interest, store, establishment"
"Auburn, AL",grocery store,retail,445110,Givorns Foods,"4515 Fairfax Bypass, Valley, AL 36854, USA",(334) 756-4800,http://www.givornsfoods.com/,32.78622,-85.19302499999999,4.4,350.0,ChIJeVcsU6C8jIgRX7MASOFg7ro,"grocery_or_supermarket, atm, supermarket, finance, food, point_of_interest, store, establishment"
"Auburn, AL",grocery store,retail,452210,Walmart Supercenter,"1717 S College St, Auburn, AL 36832, USA",(334) 821-2493,https://www.walmart.com/store/356-auburn-al/?veh=seo_loc,32.5709533,-85.4967575,4.0,3527.0,ChIJZ-HUnL_zjIgRV_Z3gVT8V2s,"department_store, electronics_store, bakery, grocery_or_supermarket, furniture_store, clothing_store, hardware_store, home_goods_store, store, food, point_of_interest, establishment"
"Auburn, AL",grocery store,retail,445110,Piggly Wiggly,"337 9th Ave SW, La Fayette, AL 36862, USA",(334) 864-8997,https://www.pigglywiggly.com/,32.8832685,-85.4072825,4.1,322.0,ChIJ7auaQ22bjIgR0yYxCs9_YyI,"grocery_or_supermarket, store, restaurant, food, point_of_interest, establishment"
"Auburn, AL",grocery store,retail,445110,Walmart Neighborhood Market,"1810 Shug Jordan Pkwy, Auburn, AL 36830, USA",(334) 539-6318,https://www.walmart.com/store/4673-auburn-al/?veh=seo_loc,32.6309007,-85.4958769,4.3,815.0,ChIJo68anUbzjIgRDkdzd83xkc0,"grocery_or_supermarket, department_store, bakery, supermarket, store, food, point_of_interest, establishment"
"Auburn, AL",grocery store,retail,445110,Family Foods,"302 E Martin Luther King Hwy, Tuskegee, AL 36083, USA",(334) 727-3943,,32.4248657,-85.68790969999999,4.2,192.0,ChIJ2W2p8tNQjIgRC0f5qaGjPNA,"grocery_or_supermarket, supermarket, store, food, point_of_interest, establishment"
"Auburn, AL",grocery store,retail,445110,Renfroe's Market,"2461 Co Rd 430, Smiths Station, AL 36877, USA",(334) 384-9252,https://renfroesmarket.com/,32.5398077,-85.09880919999999,4.2,52.0,ChIJF58mEKLJjIgRwaPQ3NlavHI,"grocery_or_supermarket, store, food, point_of_interest, establishment"
"Auburn, AL",grocery store,retail,445110,COUNTRY KWIK,"4015 S College St, Auburn, AL 36830, USA",(334) 887-6644,http://chevron.com/,32.54036,-85.516055,3.9,45.0,ChIJSxjHx1PxjIgRHynZGHrAWqs,"grocery_or_supermarket, gas_station, store, food, point_of_interest, establishment"
"Auburn, AL",grocery store,retail,452210,Walmart Supercenter,"3501 20th Ave, Valley, AL 36854, USA",(334) 768-2118,https://www.walmart.com/store/733-valley-al/?veh=seo_loc,32.8351551,-85.1788784,3.8,2819.0,ChIJ_YxMbyO7jIgR-P2mAeLlX0w,"department_store, electronics_store, bakery, grocery_or_supermarket, furniture_store, clothing_store, hardware_store, home_goods_store, store, food, point_of_interest, establishment"
"Auburn, AL",grocery store,retail,445110,White Spot Grocery,"4766 Old Seale Hwy, Seale, AL 36875, USA",(334) 614-2547,,32.3245387,-85.1584969,4.1,85.0,ChIJLWPQHw7ZjIgRFcn_hc7cSHE,"grocery_or_supermarket, gas_station, liquor_store, store, food, point_of_interest, establishment"
"Auburn, AL",grocery store,retail,445110,Walnut Hill Grocery,"8605 AL-50, Dadeville, AL 36853, USA",(256) 825-9108,,32.7102427,-85.7859612,2.7,7.0,ChIJWWMjo5RojIgRuQoux0GHgCo,"grocery_or_supermarket, atm, finance, store, food, point_of_interest, establishment"
"Auburn, AL",grocery store,retail,445110,Hilltop Grocery,"3759 Notasulga Rd, Tallassee, AL 36078, USA",(334) 991-4330,,32.5517838,-85.8408876,4.5,94.0,ChIJKevHQgREjIgR82jO3ihMvWY,"grocery_or_supermarket, store, food, point_of_interest, establishment"
"Auburn, AL",grocery store,retail,445120,Dollar General,"1106 Opelika Rd, Auburn, AL 36830, USA",(334) 246-9869,https://www.dollargeneral.com/store-directory/al/auburn/14520,32.6196424,-85.4584678,4.0,212.0,ChIJkXFfWsfyjIgRPYKXx4E-PZ4,"convenience_store, drugstore, grocery_or_supermarket, store, health, food, point_of_interest, establishment"
"Auburn, AL",grocery store,retail,445110,Lake Martin Grocery,"6008 AL-49, Dadeville, AL 36853, USA",(256) 373-5174,https://www.facebook.com/share/1GTmJ4dz9m/?mibextid=wwXIfr,32.7559925,-85.7868112,4.9,60.0,ChIJLTNBUQB5jIgRjX8M2epuc0g,"grocery_or_supermarket, store, food, point_of_interest, establishment"
"Auburn, AL",grocery store,retail,445120,Dollar General,"2488 Pepperell Pkwy, Opelika, AL 36801, USA",(334) 610-1485,https://www.dollargeneral.com/store-directory/al/opelika/9240,32.6400369,-85.4133331,4.0,195.0,ChIJ18dD8cqSjIgRJy6H8Vd-zzU,"convenience_store, drugstore, grocery_or_supermarket, store, health, food, point_of_interest, establishment"
"Auburn, AL",grocery store,retail,445110,Country Corner,"6815 US-29, Opelika, AL 36804, USA",(334) 742-9009,,32.7012098,-85.26022549999999,4.5,25.0,ChIJ3XL4MBe-jIgR0nM-sHH5Mv0,"grocery_or_supermarket, store, food, point_of_interest, establishment"
"Auburn, AL",grocery store,retail,445120,Dollar General,"2361 Notasulga Rd, Tallassee, AL 36078, USA",(334) 640-2030,https://www.dollargeneral.com/store-directory/al/tallassee/12753,32.5519843,-85.8645739,4.1,268.0,ChIJu11237dGjIgRRTzbVE4YxMw,"convenience_store, drugstore, grocery_or_supermarket, store, health, food, point_of_interest, establishment"
"Auburn, AL",grocery store,retail,445120,Dollar General,"5 Carden Rd, Seale, AL 36875, USA",(334) 408-7770,https://www.dollargeneral.com/store-directory/al/seale/14607,32.3283863,-85.16952479999999,3.9,375.0,ChIJr5UcMz7ZjIgRyWLh8b8kqy4,"convenience_store, drugstore, grocery_or_supermarket, store, health, food, point_of_interest, establishment"
"Auburn, AL",grocery store,retail,445120,Dollar General,"7943 AL-51, Opelika, AL 36804, USA",(334) 329-6545,https://www.dollargeneral.com/store-directory/al/opelika/10352,32.5421787,-85.369694,3.7,426.0,ChIJg0Ez3N_ujIgRVEikT4Z9MKU,"convenience_store, drugstore, grocery_or_supermarket, store, health, food, point_of_interest, establishment"
"Auburn, AL",grocery store,retail,445120,Dollar General,"2809 W Martin Luther King Hwy H, Tuskegee, AL 36083, USA",(334) 439-7004,https://www.dollargeneral.com/store-directory/al/tuskegee/16918,32.404941,-85.71918199999999,3.9,156.0,ChIJ3ZPk2A5RjIgRgG5u82MSL-w,"convenience_store, drugstore, grocery_or_supermarket, store, health, food, point_of_interest, establishment"
"Auburn, AL",grocery store,retail,452210,Walmart Supercenter,"2900 Pepperell Pkwy, Opelika, AL 36801, USA",(334) 745-9333,https://www.walmart.com/store/355-opelika-al/?veh=seo_loc,32.6379329,-85.4219182,3.9,4711.0,ChIJ-x0nxrSSjIgR7Vl7Pl1E2i0,"department_store, electronics_store, bakery, grocery_or_supermarket, furniture_store, clothing_store, hardware_store, home_goods_store, store, food, point_of_interest, establishment"
"Auburn, AL",grocery store,retail,445120,Mikes Gorcery and Gas,"4435 Lee Road 735 #166, Opelika, AL 36804, USA",(334) 749-9204,,32.5289395,-85.3381601,4.0,31.0,ChIJD4AMnJ3pjIgRK7YaZkLUgfQ,"convenience_store, grocery_or_supermarket, store, food, point_of_interest, establishment"
"Auburn, AL",grocery store,retail,445110,Walmart Neighborhood Market,"3864 US-80, Phenix City, AL 36870, USA",(334) 408-6069,https://www.walmart.com/store/5903-phenix-city-al/?veh=seo_loc,32.470196,-85.08405379999999,4.2,1809.0,ChIJNaJE4L3PjIgR1WRt8CYXmzI,"grocery_or_supermarket, department_store, bakery, supermarket, store, food, point_of_interest, establishment"
"Auburn, AL",grocery store,retail,445120,Dollar General,"3038 S Phillips Rd, Lanett, AL 36863, USA",(334) 610-3770,https://www.dollargeneral.com/store-directory/al/lanett/7015,32.8333534,-85.2295066,4.1,322.0,ChIJVx0DTB6jjIgR892K5moRuPc,"convenience_store, drugstore, grocery_or_supermarket, store, health, food, point_of_interest, establishment"
"Auburn, AL",grocery store,retail,445110,Walmart Grocery Pickup,"3501 20th Ave, Valley, AL 36854, USA",(334) 368-0149,https://grocery.walmart.com/locations/pickup/Walmart-Valley-AL-Supercenter-733,32.8354156,-85.17919049999999,4.2,112.0,ChIJoSZNtgyljIgRYgtE9298TpY,"grocery_or_supermarket, bakery, store, food, point_of_interest, establishment"
"Auburn, AL",grocery store,retail,445110,Hill 3 Brothers (Camphill Quick Stop),"22132 Sen Claude Pepper Dr, Camp Hill, AL 36850, USA",(256) 896-4374,,32.807754,-85.64540590000001,3.5,20.0,ChIJA6-BGSdjjIgRL3KA95onS0M,"gas_station, atm, grocery_or_supermarket, finance, store, restaurant, food, point_of_interest, establishment"
"Auburn, AL",grocery store,retail,445120,Joe's Grocery,"2104 W Point Pkwy, Opelika, AL 36801, USA",(334) 749-9179,,32.6739275,-85.3349516,2.7,33.0,ChIJswB1K_WUjIgRcdR8QoAQhSQ,"convenience_store, store, food, point_of_interest, establishment"
"Auburn, AL",grocery store,retail,445110,DG Market,"1961 Wire Rd, Auburn, AL 36832, USA",(334) 521-6670,https://www.dollargeneral.com/store-directory/al/auburn/13945,32.5820431,-85.5186962,4.3,216.0,ChIJ28SYt4fzjIgRVstFgSDpkNo,"grocery_or_supermarket, convenience_store, drugstore, home_goods_store, store, health, food, point_of_interest, establishment"
"Auburn, AL",grocery store,retail,445120,Terry's Get & Go,"9139 Lee County 246, Smiths Station, AL 36877, USA",(334) 291-9515,,32.5095561,-85.07454349999999,3.8,35.0,ChIJ_RBDrCLPjIgRzKZvzl59J9o,"convenience_store, gas_station, meal_takeaway, storage, store, restaurant, food, point_of_interest, establishment"
"Auburn, AL",grocery store,retail,445110,bp,"6504 Lee County Rd 240, Phenix City, AL 36870, USA",(706) 221-9244,https://map.bp.com/en-US/US/gas-station/phenix-city/bp/64423417405043687000100000000000,32.5002387,-85.1465364,3.9,37.0,ChIJa7CCrrrFjIgRHqxglVh8nQE,"gas_station, supermarket, grocery_or_supermarket, store, food, point_of_interest, establishment"
"Auburn, AL",grocery store,retail,445120,Sigger's Family Market,"860 Gibson Rd, Dadeville, AL 36853, USA",(256) 825-4478,,32.8316822,-85.8018857,5.0,5.0,ChIJ2S4D5PtvjIgRdNCp41VY0zs,"convenience_store, grocery_or_supermarket, store, food, point_of_interest, establishment"
"Auburn, AL",grocery store,retail,445110,Link gas station n package store,"20698 AL-50, Camp Hill, AL 36850, USA",(256) 896-1233,,32.7978871,-85.6661591,4.5,17.0,ChIJYVC8_TljjIgRXycClx85-T0,"grocery_or_supermarket, store, food, point_of_interest, establishment"
"Auburn, AL",grocery store,retail,445120,Country Market,"8124 Lee Rd 379, Salem, AL 36874, USA",(334) 745-7443,https://www.facebook.com/profile.php?id=61558765626847,32.6675072,-85.1464833,4.5,33.0,ChIJkZn8k6C5jIgRgMQ_qt_eQ9s,"convenience_store, gas_station, store, food, point_of_interest, establishment"
"Auburn, AL",grocery store,retail,445120,John's Bread Basket,"3911 US-80, Phenix City, AL 36870, USA",(334) 384-9388,,32.4699287,-85.09228639999999,4.2,21.0,ChIJBzdC3JPPjIgRMVUU3avPR4E,"convenience_store, atm, finance, store, food, point_of_interest, establishment"
"Auburn, AL",grocery store,retail,445110,ALDI,"2400 Frederick Rd, Opelika, AL 36801, USA",(855) 955-2534,https://stores.aldi.us/al/opelika/2400-frederick-road?utm_source=google&utm_medium=local&utm_campaign=brand&utm_content=storepage_webclick,32.6227489,-85.4119823,4.5,620.0,ChIJz26yHGHtjIgRyNkSBHlrQEY,"supermarket, grocery_or_supermarket, store, food, point_of_interest, establishment"
"Auburn, AL",grocery store,retail,445110,Asian Supermarket - Opelika AL,"3750 Pepperell Pkwy, Opelika, AL 36801, USA",(334) 745-5155,http://www.asiansupermarket.com/,32.6345673,-85.43487549999999,4.3,1133.0,ChIJgTZtiVTtjIgRMYGM9z4H-VU,"supermarket, grocery_or_supermarket, store, food, point_of_interest, establishment"
"Auburn, AL",grocery store,retail,445110,Good Choice,"Opelika Rd, Auburn, AL 36830, USA",,,32.6273647,-85.44075389999999,5.0,1.0,ChIJwxwvA6nyjIgRvBmQrqbG_l4,"grocery_or_supermarket, store, food, point_of_interest, establishment"
"Auburn, AL",grocery store,retail,445110,Corner Village,"300 N Dean Rd Unit 3, Auburn, AL 36830, USA",(334) 821-1325,http://www.kroger.com/,32.6106679,-85.4634834,4.4,827.0,ChIJxViSZOnyjIgR7qmICS1eP7U,"grocery_or_supermarket, store, food, point_of_interest, establishment"
"Auburn, AL",grocery store,retail,445120,Dollar General,"23 Samford Ave, Opelika, AL 36801, USA",(334) 758-9814,https://www.dollargeneral.com/store-directory/al/opelika/18638,32.65669,-85.3727521,3.9,277.0,ChIJf9eRJ5mTjIgRKIPc2buCvCU,"convenience_store, drugstore, grocery_or_supermarket, store, health, food, point_of_interest, establishment"
"Auburn, AL",grocery store,retail,445120,Dollar General,"4919 Lee County Rd 270, Valley, AL 36854, USA",(205) 858-0440,https://www.dollargeneral.com/store-directory/al/valley/13949,32.7120664,-85.1866922,4.0,182.0,ChIJ7RUuKaa5jIgRwGagzi--Kog,"convenience_store, drugstore, grocery_or_supermarket, store, health, food, point_of_interest, establishment"
"Auburn, AL",grocery store,retail,452210,Target,"2640 Enterprise Dr, Opelika, AL 36801, USA",(334) 705-0152,https://www.target.com/sl/opelika/1499,32.6175588,-85.4109233,4.1,454.0,ChIJ13YDVjrtjIgRF2YJ7irdI54,"department_store, electronics_store, shoe_store, furniture_store, clothing_store, home_goods_store, store, point_of_interest, establishment"
"Auburn, AL",indian grocery,retail,445110,Bismillah Grill & Bismillah grocery halal Meat,"850 Martin Luther King Dr, Auburn, AL 36832, USA",(334) 209-0511,,32.6105045,-85.4987074,4.1,27.0,ChIJMVz-1mLzjIgRoqRP57qDABI,"grocery_or_supermarket, store, restaurant, food, point_of_interest, establishment"
"Auburn, AL",indian grocery,retail,445120,CORNER MARKET,"850 Martin Luther King Dr, Auburn, AL 36832, USA",,,32.6105887,-85.49871879999999,4.1,17.0,ChIJZb_vuRTzjIgRPbh4M_Kuoj0,"convenience_store, store, food, point_of_interest, establishment"
"Auburn, AL",retail food,retail,445120,West Point Corner Store,"607 4th Ave, West Point, GA 31833, USA",,,32.876087,-85.18577049999999,4.1,12.0,ChIJWRW-DQukjIgRxLCiZYIlSyI,"convenience_store, store, food, point_of_interest, establishment"
"Auburn, AL",retail food,retail,,Tiger Town Outdoor Shopping Center,"I-85 & US-280, Opelika, AL 36804, USA",,https://www.opelika-al.gov/397/Tiger-Town,32.6184714,-85.4088667,4.5,5545.0,ChIJl4mBJCftjIgReinw_13JYrw,"shopping_mall, point_of_interest, establishment"
"Auburn, AL",retail food,retail,445120,Skegee Grub Mart,"2009 E Martin Luther King Hwy, Tuskegee, AL 36083, USA",(334) 439-5054,,32.4396832,-85.66655109999999,4.3,3.0,ChIJly14eD9XjIgR3pxyFNJVVh4,"convenience_store, gas_station, atm, finance, store, restaurant, food, point_of_interest, establishment"
"Auburn, AL",retail food,retail,445110,Westside Grocery,"309 2nd Ave SW, La Fayette, AL 36862, USA",(334) 864-8143,,32.8974389,-85.4094397,4.8,14.0,ChIJqdPMXmSbjIgRS4Am0fTaooE,"grocery_or_supermarket, store, food, point_of_interest, establishment"
"Auburn, AL",retail food,retail,445120,Salem Get N Go,"942 Lee County Rd 240, Salem, AL 36874, USA",(334) 737-1992,,32.5193523,-85.2334939,4.8,21.0,ChIJ33-al7q5jIgR3VFWPquMUvA,"convenience_store, gas_station, store, food, point_of_interest, establishment"
"Auburn, AL",retail food,retail,,Saugahatchee Square,"3762 Pepperell Pkwy, Opelika, AL 36801, USA",(334) 821-4727,,32.6338374,-85.4339385,4.3,619.0,ChIJFygt91TtjIgRQzuEpv9sN80,"shopping_mall, point_of_interest, establishment"
"Auburn, AL",retail food,retail,,Market Square Shopping Center,"Opelika Rd, Auburn, AL 36830, USA",,,32.6249423,-85.4440994,4.3,646.0,ChIJAT-gXa_yjIgR5qhuNOoFCM8,"shopping_mall, point_of_interest, establishment"
"Auburn, AL",retail food,retail,,Ogletree Village shopping center,"2272 Moores Mill Rd, Auburn, AL 36830, USA",,,32.5833652,-85.4412479,4.5,211.0,ChIJzf-4GHnyjIgR6VJesv0f7lY,"shopping_mall, point_of_interest, establishment"
"Auburn, AL",retail food,retail,722511,Cracker Barrel Old Country Store,"1051 Fox Run Ave, Opelika, AL 36801, USA",(334) 749-2363,https://www.crackerbarrel.com/Locations/States/al/opelika/231/?utm_source=google&utm_medium=maps&utm_campaign=crackerbarrelurl,32.6453963,-85.3530609,4.2,3746.0,ChIJp3yX8WCTjIgRcozVyu2atEs,"meal_takeaway, store, restaurant, food, point_of_interest, establishment"
"Auburn, AL",retail food,retail,445120,Murf Mart,"1001 Frederick Rd, Opelika, AL 36801, USA",(334) 749-9083,,32.6288424,-85.3882783,3.0,1.0,ChIJx0IdMdLsjIgR5m8bmuIT4tQ,"convenience_store, gas_station, store, food, point_of_interest, establishment"
"Auburn, AL",retail food,retail,,Tiger Crossing Shopping Center,"1619 S College St, Auburn, AL 36832, USA",(334) 821-8624,https://tiger-crossing.edan.io/,32.5761803,-85.49735129999999,4.3,926.0,ChIJT6ns1r3zjIgRT3hv8ZYQiSk,"shopping_mall, point_of_interest, establishment"
"Auburn, AL",clothing store,retail,448140,Ross Dress for Less,"2087 Tiger Town Pkwy, Opelika, AL 36801, USA",(334) 737-0156,https://www.rossstores.com/,32.618411,-85.404623,4.1,744.0,ChIJuX2GMTvtjIgRpnEFje9bK60,"clothing_store, department_store, shoe_store, store, point_of_interest, establishment"
"Auburn, AL",clothing store,retail,448140,Citi Trends,"2430 Pepperell Pkwy, Opelika, AL 36801, USA",(334) 359-0968,https://locations.cititrends.com/al/opelika/2430-pepperell-pkwy.html,32.640166,-85.41227049999999,3.7,74.0,ChIJ-6g4-cqSjIgR5o2jalujrMU,"clothing_store, shoe_store, store, point_of_interest, establishment"
"Auburn, AL",clothing store,retail,448140,Old Navy,"2263 Tiger Town Pkwy #700, Opelika, AL 36801, USA",(334) 275-4436,https://oldnavy.gap.com/stores/al/opelika/oldnavy-3319.html,32.6175247,-85.40717149999999,4.2,356.0,ChIJ8RZpPzvtjIgRSzTyW5GIVRk,"clothing_store, store, point_of_interest, establishment"
"Auburn, AL",clothing store,retail,452210,Dillard's,"1627 Opelika Rd Suite 16, Auburn, AL 36830, USA",(334) 821-3900,https://www.dillards.com/stores/alabama/auburn-mall-auburn/0417,32.6278658,-85.44855009999999,4.2,703.0,ChIJc_buja_yjIgRfU_zXTv2U00,"department_store, shoe_store, clothing_store, home_goods_store, store, point_of_interest, establishment"
"Auburn, AL",clothing store,retail,452210,Marshalls,"3420 20th Ave, Valley, AL 36854, USA",(334) 457-2344,https://www.marshalls.com/,32.8370503,-85.17718789999999,5.0,3.0,ChIJe_4q21CljIgRsjwd3Euc9ng,"department_store, clothing_store, store, point_of_interest, establishment"
"Auburn, AL",clothing store,retail,448140,B. Turner Clothing Store,"1627 Opelika Rd, Auburn, AL 36830, USA",(334) 502-6586,http://www.bturners.com/,32.6254413,-85.4481225,4.4,172.0,ChIJeeNHDsPzjIgRjinLje3B2S8,"clothing_store, store, point_of_interest, establishment"
"Auburn, AL",clothing store,retail,448140,Burlington,"2746 Enterprise Dr, Opelika, AL 36801, USA",(334) 748-7654,https://stores.burlington.com/al/opelika/1498/?utm_source=google&utm_medium=organic&utm_campaign=maps,32.6159046,-85.4100674,3.4,54.0,ChIJF_H-hDHtjIgRC0TLLMeysbs,"clothing_store, department_store, jewelry_store, home_goods_store, store, point_of_interest, establishment"
"Auburn, AL",clothing store,retail,448210,LOFT,"1627-24 Opelika Rd, Auburn, AL 36830, USA",(334) 821-3206,https://www.loft.com/store/al/auburn/1627-24-opelika-road?y_source=1_MTY0MjIwMi03MTUtbG9jYXRpb24ud2Vic2l0ZQ%3D%3D,32.6258219,-85.44698559999999,4.3,44.0,ChIJuwaf0a_yjIgRX_G63QGiDPg,"jewelry_store, shoe_store, clothing_store, store, point_of_interest, establishment"
"Auburn, AL",clothing store,retail,448140,The Mint Julep Boutique - Auburn Storefront,"1627 Opelika Rd #30, Auburn, AL 36830, USA",(334) 246-3621,https://shopthemint.com/,32.625593,-85.44748369999999,4.0,189.0,ChIJG0wNUa_yjIgRcGWnUT7NaI0,"clothing_store, store, point_of_interest, establishment"
"Auburn, AL",clothing store,retail,448140,Citi Trends,"202 S Elm St Suite C, Tuskegee, AL 36083, USA",(334) 359-0939,https://locations.cititrends.com/al/tuskegee/202-s-elm-street.html,32.4208768,-85.6915112,4.2,57.0,ChIJVTB7ktZQjIgRcheiSj_PoPE,"clothing_store, shoe_store, store, point_of_interest, establishment"
"Auburn, AL",clothing store,retail,452210,T.J. Maxx,"2185 Tiger Town Pkwy, Opelika, AL 36801, USA",(334) 705-2912,https://tjmaxx.tjx.com/store/index.jsp,32.61775009999999,-85.4060047,4.3,639.0,ChIJuX2GMTvtjIgRRJROHa578w0,"department_store, jewelry_store, clothing_store, store, point_of_interest, establishment"
"Auburn, AL",clothing store,retail,448210,Behind the Glass,"168 E Magnolia Ave, Auburn, AL 36830, USA",(334) 826-1133,http://www.btgauburn.com/,32.606411,-85.4801572,4.6,37.0,ChIJPQ6uox3zjIgRcBbUq_KwCLs,"shoe_store, clothing_store, store, point_of_interest, establishment"
"Auburn, AL",clothing store,retail,448140,fab'rik Auburn,"140 N College St Apt 102, Auburn, AL 36830, USA",(334) 246-3301,https://fabrikstyle.com/,32.6077098,-85.4812717,4.2,22.0,ChIJvb6INrfzjIgRS9OmtFSXVeI,"clothing_store, store, point_of_interest, establishment"
"Auburn, AL",clothing store,retail,448210,Cato Fashions,"2380 Pepperell Pkwy, Opelika, AL 36801, USA",(334) 749-5362,https://stores.catofashions.com/al/opelika/2380-pepperell-parkway?utm_source=gmb&utm_medium=Yext&y_source=1_MjY1NjA2NDctNzE1LWxvY2F0aW9uLndlYnNpdGU%3D,32.639671,-85.4117046,4.3,62.0,ChIJ_bxfAMuSjIgRv7qHlHyxgsg,"shoe_store, clothing_store, store, point_of_interest, establishment"
"Auburn, AL",clothing store,retail,448140,New York Fashions,"106 1/2 S 8th St, Opelika, AL 36801, USA",(334) 749-7193,,32.6481503,-85.3787688,4.3,6.0,ChIJI9OXDzmTjIgRQPd5_lhifYo,"clothing_store, shoe_store, store, point_of_interest, establishment"
"Auburn, AL",clothing store,retail,448210,DICK'S Sporting Goods,"2718 Enterprise Dr, Opelika, AL 36801, USA",(334) 749-8123,https://stores.dickssportinggoods.com/al/opelika/702/?seo=localpack,32.6162825,-85.4103452,3.8,203.0,ChIJXYiOZjrtjIgRrMm491Clz9E,"shoe_store, clothing_store, bicycle_store, store, point_of_interest, establishment"
"Auburn, AL",clothing store,retail,448140,Elisabet Boutique,"124 N College St, Auburn, AL 36830, USA",(334) 209-2504,https://shopelisabetboutique.com/,32.6072227,-85.48153740000001,4.9,200.0,ChIJBYR0SxzzjIgRmSyeZ7DtPIM,"clothing_store, store, point_of_interest, establishment"
"Auburn, AL",clothing store,retail,448140,Charming Oaks,"123 N College St, Auburn, AL 36830, USA",(334) 329-7522,https://charming-oaks.com/,32.6072608,-85.4821501,3.8,47.0,ChIJOeH2RhzzjIgRuZv65a2FDYg,"clothing_store, store, point_of_interest, establishment"
"Auburn, AL",clothing store,retail,448140,M&M Clothing and more LLC,"1935 C, 1935 S College St, Auburn, AL 36832, USA",(334) 728-9364,,32.5693715,-85.4996204,5.0,13.0,ChIJb0ILj0DzjIgRUISfc2iPB8A,"clothing_store, store, point_of_interest, establishment"
"Auburn, AL",clothing store,retail,448140,Rally House Tiger Town,"2534 Enterprise Dr, Opelika, AL 36801, USA",(334) 275-4015,https://www.rallyhouse.com/stores/opelika/2534-enterprise-dr,32.6194196,-85.41099469999999,3.5,13.0,ChIJc1BrzwvtjIgRRFH8jSqhwm8,"clothing_store, store, point_of_interest, establishment"
"Auburn, AL",clothing store,retail,448210,Mountain High Outfitters,"339 S College St, Auburn, AL 36830, USA",(334) 246-3570,https://mountainhighoutfitters.com/,32.59975920000001,-85.4815239,4.6,112.0,ChIJ92ZZqQPzjIgR7JtOyBnqk8M,"shoe_store, clothing_store, point_of_interest, store, establishment"
"Auburn, AL",clothing store,retail,452210,Belk,"1627 Opelika Rd, Auburn, AL 36830, USA",(334) 821-1007,https://www.belk.com/store/belk-auburn-al/?StoreID=289,32.6267,-85.44622199999999,4.1,770.0,ChIJc_buja_yjIgRpo3UNsYcfFo,"department_store, shoe_store, home_goods_store, clothing_store, point_of_interest, store, establishment"
"Auburn, AL",clothing store,retail,448140,Palmetto Moon (Auburn/Opelika),"2127 Tiger Town Pkwy #320, Opelika, AL 36801, USA",(334) 203-0009,https://www.palmettomoononline.com/,32.6181503,-85.4051887,4.3,20.0,ChIJkYAqlFbtjIgRGNqU0-5g3JY,"clothing_store, point_of_interest, store, establishment"
"Auburn, AL",clothing store,retail,448140,Studio 3:19,"804 N Railroad Ave, Opelika, AL 36801, USA",(334) 203-1296,https://www.studio3-19.com/,32.6484915,-85.3799751,4.8,26.0,ChIJDdgoBzmTjIgRUdJXSZ6BVT4,"clothing_store, jewelry_store, shoe_store, point_of_interest, store, establishment"
"Auburn, AL",clothing store,retail,448140,G Q,"3790 Pepperell Pkwy, Opelika, AL 36801, USA",(334) 737-3311,,32.6334582,-85.43555549999999,4.6,47.0,ChIJaSayV1TtjIgRa-ORs8Q7bQc,"clothing_store, point_of_interest, store, establishment"
"Auburn, AL",clothing store,retail,448210,Cato Fashions,"3418 20th Ave, Valley, AL 36854, USA",(334) 768-2286,https://stores.catofashions.com/al/valley/3418-east-20th-avenue?utm_source=gmb&utm_medium=Yext&y_source=1_MjY1NjA1NjAtNzE1LWxvY2F0aW9uLndlYnNpdGU%3D,32.8380136,-85.1754887,4.2,38.0,ChIJBy2gRJCkjIgRWVVMzAIDr-g,"shoe_store, clothing_store, point_of_interest, store, establishment"
"Auburn, AL",clothing store,retail,448210,Rainbow Shops,"1627 Opelika Rd, Auburn, AL 36830, USA",(334) 821-2788,https://stores.rainbowshops.com/al/auburn/532/?utm_source=G&utm_medium=lpm&utm_campaign=RainbowShops,32.62698,-85.447355,4.2,31.0,ChIJ8_fuja_yjIgRZtFFbSKnU20,"jewelry_store, shoe_store, clothing_store, point_of_interest, store, establishment"
"Auburn, AL",clothing store,retail,448140,"The Locker Room Auburn, AL","175 E Magnolia Ave, Auburn, AL 36830, USA",(334) 321-4962,http://www.tlrclothiers.com/,32.60671250000001,-85.4800678,4.4,27.0,ChIJvcvzsR3zjIgR7rZ8Qeia66M,"clothing_store, point_of_interest, store, establishment"
"Auburn, AL",clothing store,retail,448140,Factory Connection,"401 Gilmer Ave, Tallassee, AL 36078, USA",(334) 283-5489,http://www.factory-connection.com/,32.5413384,-85.9032003,4.4,27.0,ChIJW420FTxHjIgRk7hZYIW-wfA,"clothing_store, shoe_store, home_goods_store, point_of_interest, store, establishment"
"Auburn, AL",clothing store,retail,448140,Ellie Clothing,"113 N College St, Auburn, AL 36830, USA",(334) 887-4226,https://ellieclothing.com/,32.607006,-85.4818993,4.9,74.0,ChIJmXIETxzzjIgRUdPM162Iezo,"clothing_store, point_of_interest, store, establishment"
"Auburn, AL",clothing store,retail,448140,Therapy Boutique,"150 E Magnolia Ave, Auburn, AL 36830, USA",(334) 821-3025,https://www.shoptherapyauburn.com/,32.6064089,-85.480519,4.5,30.0,ChIJL5uXpR3zjIgRlfGP481BQI8,"clothing_store, point_of_interest, store, establishment"
"Auburn, AL",clothing store,retail,448210,Academy Sports + Outdoors,"2325 Bent Creek Rd, Auburn, AL 36830, USA",(334) 466-5500,https://www.academy.com/storelocator/alabama/auburn/store-0162,32.6096282,-85.4272091,4.4,2000.0,ChIJY9kvjmbtjIgRygUYu1IZ9Ys,"shoe_store, clothing_store, point_of_interest, store, establishment"
"Auburn, AL",clothing store,retail,448140,Lily Jane Boutique,"1310 Opelika Rd Suite B & C, Auburn, AL 36830, USA",(334) 521-7103,http://www.lilyjaneboutique.com/,32.6210844,-85.4543393,4.8,16.0,ChIJZTyhhsbzjIgRbFlJvVb-TfQ,"clothing_store, point_of_interest, store, establishment"
"Auburn, AL",clothing store,retail,448210,Hibbett Sports,"1627 Opelika Rd Ste 14, Auburn, AL 36830, USA",(334) 821-8603,https://www.hibbett.com/storedetails/AL/Auburn/39?utm_source=gmblisting&utm_medium=organic,32.626145,-85.44648289999999,4.4,123.0,ChIJc_buja_yjIgR3WjHDrfsloY,"shoe_store, clothing_store, point_of_interest, store, establishment"
"Auburn, AL",clothing store,retail,452210,Target,"129 N College St, Auburn, AL 36830, USA",(334) 521-3903,https://www.target.com/sl/auburn-toomers-corner/3421,32.60753,-85.4819122,3.6,14.0,ChIJTafcWA3zjIgRM2dFWLiOamM,"department_store, electronics_store, shoe_store, furniture_store, home_goods_store, clothing_store, point_of_interest, store, establishment"
"Auburn, AL",clothing store,retail,448140,Pants Store Auburn,"138 S Gay St Suite 101, Auburn, AL 36830, USA",(334) 521-4300,http://www.pantsstore.com/,32.6053953,-85.4803517,4.9,19.0,ChIJHVA0icLzjIgR938G4AXXo9s,"clothing_store, point_of_interest, store, establishment"
"Auburn, AL",clothing store,retail,448140,Lavender Lane Clothing & Accessories,"3403 Pepperell Pkwy, Opelika, AL 36801, USA",(334) 740-9823,https://lavendarlaneclothing.com/,32.633556,-85.42869019999999,,,ChIJl1JMfYLtjIgR5BIg5gvfxlQ,"clothing_store, point_of_interest, store, establishment"
"Auburn, AL",clothing store,retail,443142,Roses Discount Store,"2580 Pepperell Pkwy, Opelika, AL 36801, USA",(334) 744-5298,https://www.rosesdiscountstores.com/,32.6386638,-85.41555040000001,3.3,6.0,ChIJQWdeL0OTjIgRQAb49cB0Oz8,"electronics_store, clothing_store, home_goods_store, store, point_of_interest, establishment"
"Auburn, AL",clothing store,retail,448140,Envy Salon and Boutique,"829 S Railroad Ave, Opelika, AL 36801, USA",(334) 749-3366,,32.6473202,-85.3798755,4.8,4.0,ChIJIWLmdDmTjIgREDQ5uFkU5OI,"clothing_store, store, point_of_interest, establishment"
"Auburn, AL",clothing store,retail,448210,The Atelier Auburn,"134 N College St, Auburn, AL 36830, USA",(334) 329-2877,https://theatelier.com/,32.6075452,-85.48153660000001,4.7,12.0,ChIJvV5_K0vzjIgR82w-AaqAIiw,"shoe_store, clothing_store, store, point_of_interest, establishment"
"Auburn, AL",clothing store,retail,448140,lululemon,"234 N Gay St Unit C1, Auburn, AL 36830, USA",(334) 769-2561,https://shop.lululemon.com/stores/us/auburn/auburn-pop-up?utm_source=organic&utm_medium=local_listings&utm_campaign=GBP,32.6093164,-85.4796775,3.7,19.0,ChIJRYtLwIDzjIgRDxhYbdRAg3M,"clothing_store, store, point_of_interest, establishment"
"Auburn, AL",clothing store,retail,448140,American Eagle,"1627 Opelika Rd Suite 49, Auburn, AL 36830, USA",(334) 821-4463,https://storelocations.ae.com/us/al/auburn/00355-1627-opelika-rd.html,32.626929,-85.447594,4.5,46.0,ChIJc_buja_yjIgR3zwsOpBllOc,"clothing_store, store, point_of_interest, establishment"
"Auburn, AL",clothing store,retail,452210,Kohl's,"2774 Enterprise Dr, Opelika, AL 36801, USA",(334) 745-2259,https://www.kohls.com/stores/al/opelika-1284.shtml?utm_source=google&utm_medium=organic&utm_campaign=local,32.6154355,-85.409872,4.3,704.0,ChIJXYiOZjrtjIgRtu_v2K1OpKA,"department_store, store, point_of_interest, establishment"
"Auburn, AL",clothing store,retail,448140,Scarlet & Gold,"1850 Shug Jordan Pkwy #103, Auburn, AL 36830, USA",(334) 209-0299,https://scarletandgoldshop.com/,32.6322613,-85.4953882,4.6,12.0,ChIJt29P3CTzjIgRE5WV4tgbjbA,"clothing_store, store, point_of_interest, establishment"
"Auburn, AL",clothing store,retail,448210,Hibbett Sports,"3418 20th Ave c, Valley, AL 36854, USA",(334) 768-0660,https://www.hibbett.com/storedetails/AL/Valley/389?utm_source=gmblisting&utm_medium=organic,32.8376981,-85.1754436,4.4,142.0,ChIJQz2gRJCkjIgRVef7x6IMtTA,"shoe_store, clothing_store, store, point_of_interest, establishment"
"Auburn, AL",clothing store,retail,448140,Lorianna,"1220 Fox Run Ave Suite #204, Opelika, AL 36801, USA",(334) 742-2024,,32.6506674,-85.35241839999999,5.0,16.0,ChIJdxgun6KUjIgRh28bRZ8x4CI,"clothing_store, store, point_of_interest, establishment"
"Auburn, AL",clothing store,retail,448140,DoeBoyz Clothing Company,"301 b, 301 Gautier St, Tuskegee, AL 36083, USA",,,32.4169453,-85.68911810000002,5.0,1.0,ChIJDaWQ4_1RjIgRPh4Hr8IEEDs,"clothing_store, store, point_of_interest, establishment"
"Auburn, AL",clothing store,retail,448140,shop modern days,"416 S Gay St, Auburn, AL 36830, USA",(334) 780-8977,https://shopmoderndays.com/,32.5980577,-85.4801956,,,ChIJ3_xB06TzjIgRQ2qOCDhonIs,"clothing_store, store, point_of_interest, establishment"
"Auburn, AL",clothing store,retail,448140,Curvy Couture Boutique,"3745 US-80, Phenix City, AL 36869, USA",(334) 540-9920,,32.4684561,-85.0646934,5.0,1.0,ChIJnxK-FbrPjIgRHKPM7zoyjKA,"clothing_store, store, point_of_interest, establishment"
"Auburn, AL",clothing store,retail,448140,"Plato's Closet - Auburn, AL","1550 Opelika Rd, Auburn, AL 36830, USA",(334) 887-0151,http://platoscloset.com/locations/auburn-al,32.623554,-85.4469824,3.6,345.0,ChIJRfPkvqXzjIgR730mu_QmB6Y,"clothing_store, store, point_of_interest, establishment"
"Auburn, AL",clothing store,retail,448140,Your Style Fashion,"1212 Gatewood Dr A6, Auburn, AL 36830, USA",(334) 209-1358,https://yourstyle.fashion/,32.6292752,-85.4514691,4.0,8.0,ChIJfbaldsbzjIgRlpMDWL3j7ag,"clothing_store, store, point_of_interest, establishment"
"Auburn, AL",clothing store,retail,448140,M Clothing,"12529 Lee Rd 379, Valley, AL 36854, USA",(334) 476-9974,https://mclothing.ueniweb.com/?utm_campaign=gmb,32.7253792,-85.1552341,2.5,2.0,ChIJ23m1v7u7jIgRjlATFMMycek,"clothing_store, store, point_of_interest, establishment"
"Auburn, AL",clothing store,retail,448210,City Gear,"3000 Pepperell Pkwy, Opelika, AL 36801, USA",(334) 741-8261,https://locations.dtlr.com/al/opelika/gateway-commons.html,32.6357981,-85.42390429999999,4.1,55.0,ChIJ4SMBZJOTjIgRTF_u9mHQARw,"shoe_store, clothing_store, store, point_of_interest, establishment"
"Auburn, AL",clothing store,retail,448140,J&M Bookstore,"115 S College St, Auburn, AL 36830, USA",(334) 887-7007,http://www.jmbooks.com/,32.6060008,-85.48154629999999,4.7,218.0,ChIJDY9Z_xzzjIgRh2uNR7uONJE,"clothing_store, store, point_of_interest, establishment"
"Auburn, AL",clothing store,retail,448140,The Mix Auburn,"152 AL-15, Auburn, AL 36830, USA",,https://www.shopatthemix.com/,32.6079059,-85.48153620000001,5.0,1.0,ChIJkYf95RTzjIgR2tXBCdwXWHc,"clothing_store, store, point_of_interest, establishment"
"Auburn, AL",clothing store,retail,448140,Kidz World,"1220 Fox Run Ave #117, Opelika, AL 36801, USA",(334) 705-8098,,32.6506956,-85.35250289999999,5.0,26.0,ChIJdxgun6KUjIgRLqPA3mGQMgI,"clothing_store, store, point_of_interest, establishment"
"Auburn, AL",convenience store,retail,445120,Station 14,"3050 Alabama Hwy 14 W, Auburn, AL 36832, USA",(334) 329-7575,https://www.facebook.com/TailgateGrill14/,32.6009236,-85.5417391,4.2,21.0,ChIJk9BmQ5b1jIgRX1ol0aj0cQc,"convenience_store, store, food, point_of_interest, establishment"
"Auburn, AL",convenience store,retail,445120,Marathon,"740 Opelika Rd, Auburn, AL 36830, USA",(334) 521-5191,,32.6162507,-85.46484099999999,4.1,24.0,ChIJHzA6T8LyjIgR8WoS1TJqbAE,"convenience_store, gas_station, store, food, point_of_interest, establishment"
"Auburn, AL",convenience store,retail,445120,Opelika Food Mart,"3700 Pepperell Pkwy, Opelika, AL 36801, USA",(334) 745-6100,https://www.order.store/store/opelika-food-mart/T3R9xdUwSdmHGZxWWEluYQ,32.6331687,-85.4328317,4.3,10.0,ChIJQ_a9g1TtjIgRwyx1PSyXFP4,"convenience_store, gas_station, store, food, point_of_interest, establishment"
"Auburn, AL",convenience store,retail,445120,Circle K,"2104 W Point Pkwy, Opelika, AL 36801, USA",(334) 744-5647,http://circlek.com/,32.6745867,-85.3330616,3.5,43.0,ChIJe2DrIvWUjIgR7lJxUDMUwaI,"convenience_store, store, food, point_of_interest, establishment"
"Auburn, AL",convenience store,retail,445120,Waverly Parkway Convenience Store & Deli,"1305 Fitzpatrick Ave, Opelika, AL 36801, USA",(334) 749-8014,,32.6470379,-85.3939534,5.0,5.0,ChIJHQ-PUiaTjIgRWgxj2xiS4Tk,"convenience_store, store, food, point_of_interest, establishment"
"Auburn, AL",convenience store,retail,445120,E & J's One Stop,"2874 Horseshoe Bend Rd, Dadeville, AL 36853, USA",(256) 825-6680,,32.8859439,-85.7710769,4.6,47.0,ChIJMcZXe5xwjIgRwSgjOTnQxJg,"convenience_store, gas_station, store, food, point_of_interest, establishment"
"Auburn, AL",convenience store,retail,445120,Lucky Stop 'N' Shop,"7152 Stage Rd, Auburn, AL 36832, USA",(334) 501-2038,,32.6012902,-85.6089133,4.9,13.0,ChIJ0xgXqX31jIgRgLHdedXQJ6M,"convenience_store, store, food, point_of_interest, establishment"
"Auburn, AL",convenience store,retail,445120,SUMMIT FOOD STORE,"1900 GA-18, West Point, GA 31833, USA",(706) 643-5559,,32.8762128,-85.1487692,3.6,69.0,ChIJzeTBejSkjIgR7Ntkg2BHIjI,"convenience_store, gas_station, store, food, point_of_interest, establishment"
"Auburn, AL",convenience store,retail,445120,Tiger Spirits Food Mart,"600 Webster Rd, Auburn, AL 36832, USA",(334) 501-8100,https://www.pointy.com/shops/usa/alabama/auburn/tiger-spirits-food-mart,32.5842565,-85.51820239999999,3.7,3.0,ChIJZWiPr4fzjIgRimpYmN_DD70,"convenience_store, liquor_store, store, food, point_of_interest, establishment"
"Auburn, AL",convenience store,retail,445120,Short Stop,"7633 Lee County Rd 240, Phenix City, AL 36870, USA",(334) 298-8708,,32.5011814,-85.12767269999999,4.2,22.0,ChIJa7CCrrrFjIgRoe7yrj3XBb4,"convenience_store, atm, finance, store, food, point_of_interest, establishment"
"Auburn, AL",convenience store,retail,445120,Store 18,"435 N Dean Rd, Auburn, AL 36830, USA",(334) 502-3418,,32.6140292,-85.4650571,4.0,1.0,ChIJlbrn2enyjIgR9KMmVGFAXAo,"convenience_store, gas_station, store, food, point_of_interest, establishment"
"Auburn, AL",convenience store,retail,445120,Store 72,"2300 Lee County Rd 72, Auburn, AL 36830, USA",(334) 821-7272,,32.657679,-85.5170914,2.3,4.0,ChIJg24xmaGMjIgR0a5j-eThCCs,"convenience_store, store, food, point_of_interest, establishment"
"Auburn, AL",convenience store,retail,445120,Weagle's One Stop,"2010 Crawford Rd, Opelika, AL 36804, USA",,,32.6002327,-85.3375437,4.3,18.0,ChIJxaCspG7rjIgRJpnPYqinFvw,"convenience_store, store, food, point_of_interest, establishment"
"Auburn, AL",convenience store,retail,445120,Speedway Grocery,"887 Tallapoosa St, Notasulga, AL 36866, USA",(334) 257-3004,,32.5662691,-85.6834002,4.5,8.0,ChIJyT4p6qdejIgRSh17xxEwRRk,"convenience_store, store, food, point_of_interest, establishment"
"Auburn, AL",convenience store,retail,445120,Sunlit,"101 W 8th St, West Point, GA 31833, USA",(706) 643-5959,https://www.facebook.com/pages/Sunlit/147789528573459,32.8764085,-85.1825885,4.0,23.0,ChIJk7UA9wykjIgRfhX1gE7sNFk,"convenience_store, gas_station, store, food, point_of_interest, establishment"
"Auburn, AL",convenience store,retail,445120,La-Z-Bee,"4184 Lee Rd 146, Auburn, AL 36830, USA",(334) 749-5346,,32.5700592,-85.41154069999999,3.8,31.0,ChIJb9OuNLntjIgRsmd7S52pr6s,"convenience_store, gas_station, store, food, point_of_interest, establishment"
"Auburn, AL",convenience store,retail,445120,Tiger's Den,"1791 Shug Jordan Pkwy, Auburn, AL 36830, USA",(334) 329-7080,,32.630978,-85.4985075,2.7,14.0,ChIJYyL2EzbzjIgRoBZraTGYrqU,"convenience_store, store, food, point_of_interest, establishment"
"Auburn, AL",convenience store,retail,445120,Tiger's Quick Stop,"18363 US-280, Dadeville, AL 36853, USA",(256) 825-5600,,32.8348767,-85.7575123,4.4,17.0,ChIJ79OrWa56jIgRTaWyv5Luu68,"convenience_store, store, food, point_of_interest, establishment"
"Auburn, AL",convenience store,retail,445120,Franklin food mart,"4654 pleasant, W Spring St, Tuskegee, AL 36083, USA",(334) 226-1648,,32.4417944,-85.7922292,4.1,7.0,ChIJp90lKqBPjIgRom4fuRQsHd4,"convenience_store, store, food, point_of_interest, establishment"
"Auburn, AL",convenience store,retail,445120,Valero - King Food Mart,"823 Crawford Rd, Opelika, AL 36804, USA",(334) 745-0797,https://www.valero.com/,32.6125941,-85.3566831,4.2,55.0,ChIJp65IGqHsjIgRDoM0azomllI,"convenience_store, food, point_of_interest, store, establishment"
"Auburn, AL",convenience store,retail,445120,Tri Mart,"2040 Lee Dr #137, Auburn, AL 36832, USA",(334) 887-6777,,32.5798256,-85.5225664,5.0,1.0,ChIJL_mEB3f0jIgRFa4ZYlFAJ0U,"convenience_store, gas_station, food, point_of_interest, store, establishment"
"Auburn, AL",convenience store,retail,445120,Circle K,"600 Shug Jordan Pkwy, Auburn, AL 36832, USA",(334) 887-8172,https://www.circlek.com/store-locator/US/auburn/600-shug-jordan-pkwy/2706703?utm_source=google&utm_medium=local&utm_campaign=google-local,32.5929877,-85.5060089,3.0,55.0,ChIJexDyIXbzjIgRjR6bEoaTplw,"convenience_store, atm, gas_station, meal_takeaway, cafe, finance, restaurant, food, point_of_interest, store, establishment"
"Auburn, AL",convenience store,retail,445120,Circle K,"2905 20th Ave, Valley, AL 36854, USA",(334) 768-4044,https://www.circlek.com/store-locator/US/valley/2905-20th-ave/2706691?utm_source=google&utm_medium=local&utm_campaign=google-local,32.845954,-85.18321399999999,4.1,18.0,ChIJpbnruYWkjIgRdAZOHATmlfM,"convenience_store, car_wash, food, point_of_interest, store, establishment"
"Auburn, AL",convenience store,retail,445120,Chevron,"1860 GA-18, West Point, GA 31833, USA",(706) 645-5535,https://www.chevronwithtechron.com/en_us/home/gas-station-near-me.html,32.8768687,-85.1502253,3.4,51.0,ChIJjfu19DSkjIgRWcHZPvDTQAU,"gas_station, convenience_store, food, point_of_interest, store, establishment"
"Auburn, AL",convenience store,retail,445120,QuikTrip,"3001 Gateway Dr, Opelika, AL 36804, USA",(334) 275-3007,https://locations.quiktrip.com/al/opelika/3001-gateway-dr?utm_source=gmb&utm_medium=yext&y_source=1_NTc2MTM4NTYtNzE1LWxvY2F0aW9uLndlYnNpdGU%3D,32.6141181,-85.39890129999999,4.1,70.0,ChIJncPSrCHtjIgRx2UYzcT8Q4Y,"gas_station, convenience_store, meal_takeaway, liquor_store, restaurant, food, point_of_interest, store, establishment"
"Auburn, AL",convenience store,retail,445120,Circle K,"2884 E University Dr, Auburn, AL 36830, USA",(334) 501-2010,https://www.circlek.com/store-locator/US/auburn/2884-e-university-dr/2701555?utm_source=google&utm_medium=local&utm_campaign=google-local,32.6372261,-85.47934250000002,3.4,34.0,ChIJpzg9pirzjIgROCqLbU6AVbE,"convenience_store, gas_station, food, point_of_interest, store, establishment"
"Auburn, AL",convenience store,retail,445120,Circle K,"603 US-29, Valley, AL 36854, USA",(334) 756-7090,https://www.circlek.com/store-locator/US/valley/603-us-hwy-29/2706680?utm_source=google&utm_medium=local&utm_campaign=google-local,32.8043163,-85.18008580000001,3.3,45.0,ChIJgQgDFVe7jIgRSq9J06d-Kw0,"convenience_store, gas_station, food, point_of_interest, store, establishment"
"Auburn, AL",convenience store,retail,445120,Farmville Mini-Mart,"7355 U.S. Hwy 280 W, Auburn, AL 36830, USA",(334) 821-4723,,32.6757741,-85.4861181,4.2,11.0,ChIJbwK-zvuMjIgRTu_4M3HRaJI,"convenience_store, gas_station, food, point_of_interest, store, establishment"
"Auburn, AL",convenience store,retail,445120,Store 34,"8202 Co Rd 34, Dadeville, AL 36853, USA",(256) 825-0190,,32.7702089,-85.7868452,3.7,7.0,ChIJO7u3Mm1vjIgRB3QCkrPV7vA,"convenience_store, food, point_of_interest, store, establishment"
"Auburn, AL",convenience store,retail,445120,Holiday Shores Grocery,"10323 Co Rd 34, Dadeville, AL 36853, USA",(256) 825-8157,,32.7658803,-85.8202723,4.5,13.0,ChIJ8d9_w-hujIgRC1SERZ5ZzH0,"convenience_store, food, point_of_interest, store, establishment"
"Auburn, AL",convenience store,retail,445120,Circle K,"302 E 10th St, West Point, GA 31833, USA",(706) 645-3402,https://www.circlek.com/store-locator/US/west-point/302-e-10th-st/2706675?utm_source=google&utm_medium=local&utm_campaign=google-local,32.8769684,-85.1766576,3.9,17.0,ChIJrdcHURKkjIgRMqTxN8Mw8zo,"convenience_store, atm, gas_station, meal_takeaway, cafe, finance, restaurant, food, point_of_interest, store, establishment"
"Auburn, AL",convenience store,retail,445120,MARATHON GAS STATION,"2352 Bent Creek Rd, Auburn, AL 36830, USA",,,32.6071152,-85.4305481,,,ChIJ10-YEADtjIgRrTqToKNWSPk,"convenience_store, food, point_of_interest, store, establishment"
"Auburn, AL",convenience store,retail,445120,Marathon,"1100 Columbus Pkwy, Opelika, AL 36804, USA",,https://www.marathonbrand.com/Stations/Station_Locator//,32.64405850000001,-85.3507662,3.0,13.0,ChIJW37RKaaUjIgRBYdNYe5ODdU,"gas_station, convenience_store, food, point_of_interest, store, establishment"
"Auburn, AL",convenience store,retail,445120,Circle K,"588 Fob James Dr, Valley, AL 36854, USA",(334) 756-6768,https://www.circlek.com/store-locator/US/valley/588-fob-james-dr/2706697?utm_source=google&utm_medium=local&utm_campaign=google-local,32.8203269,-85.21116730000001,2.9,43.0,ChIJvcjBcUijjIgR4x1IlB1Ckhc,"convenience_store, gas_station, food, point_of_interest, store, establishment"
"Auburn, AL",convenience store,retail,445120,Circle K,"101 N Gilmer Ave, Lanett, AL 36863, USA",(334) 644-8086,https://www.circlek.com/store-locator/US/lanett/101-n-gilmer-ave/2706695?utm_source=google&utm_medium=local&utm_campaign=google-local,32.868004,-85.187427,3.8,21.0,ChIJbeOPeXakjIgRsJOydbPGc3A,"convenience_store, atm, gas_station, finance, food, point_of_interest, store, establishment"
"Auburn, AL",convenience store,retail,445120,Chevron,"1101 Columbus Pkwy, Opelika, AL 36804, USA",(855) 285-9595,https://www.chevronwithtechron.com/station/,32.6433528,-85.3512446,3.8,20.0,ChIJxbJ4gqiUjIgRX_cazRvPtU0,"gas_station, convenience_store, point_of_interest, store, food, establishment"
"Auburn, AL",convenience store,retail,445120,The Corner Store,"2028 Lee County Rd 166, Opelika, AL 36804, USA",(334) 737-5202,,32.5624892,-85.3450733,4.0,7.0,ChIJJaN29j7rjIgRnanJLVSKz6g,"convenience_store, point_of_interest, store, food, establishment"
"Auburn, AL",convenience store,retail,445120,Circle K,"171 E Glenn Ave, Auburn, AL 36830, USA",(334) 887-5471,https://www.circlek.com/store-locator/US/auburn/171-e-glenn-ave/2706682?utm_source=google&utm_medium=local&utm_campaign=google-local,32.6093062,-85.4801111,2.6,23.0,ChIJB_Gadh7zjIgR1tpy8jRAs1A,"convenience_store, gas_station, point_of_interest, store, food, establishment"
"Auburn, AL",convenience store,retail,445120,MAPCO,"2154 E University Dr, Auburn, AL 36830, USA",(334) 821-6607,https://www.mapcorewards.com/,32.629148,-85.4526046,3.5,28.0,ChIJg1aiFbHyjIgRdDvYpBR1e9E,"convenience_store, gas_station, point_of_interest, store, food, establishment"
"Auburn, AL",convenience store,retail,445120,America's Freedom Fuels Inc #1 Liquor And Convenience Store,"3815 Opelika Rd, Phenix City, AL 36870, USA",(334) 378-3708,https://m.facebook.com/pages/Americas-Freedom-Fuels-and-Package-Store/134506923288418,32.5010154,-85.05893789999999,4.5,22.0,ChIJBSsabOTOjIgRAY3bv1w5A-w,"convenience_store, gas_station, liquor_store, atm, finance, point_of_interest, store, food, establishment"
"Auburn, AL",convenience store,retail,445120,R & D Grocery,"95 Lee Rd 11, Opelika, AL 36804, USA",(334) 745-2120,,32.5144613,-85.38327749999999,4.9,19.0,ChIJF_Abfu7ujIgRIsENJOzZ05A,"gas_station, convenience_store, point_of_interest, store, food, establishment"
"Auburn, AL",convenience store,retail,445120,Shell,"1900 GA-18, West Point, GA 31833, USA",(706) 643-5559,https://find.shell.com/us/fuel/12426006-1900-state-route-18/en_US,32.8763721,-85.1487045,2.7,18.0,ChIJP1N3xjSkjIgRKofKvqmA7e8,"gas_station, convenience_store, point_of_interest, store, food, establishment"
"Auburn, AL",convenience store,retail,445120,Wts Food Mart,"35 Tallapoosa St, Notasulga, AL 36866, USA",(334) 257-3992,,32.5620419,-85.6699797,,,ChIJQybeuPNcjIgRWs7ZVTNDU24,"convenience_store, point_of_interest, store, food, establishment"
"Auburn, AL",convenience store,retail,445120,Circle K,"3902 Pepperell Pkwy, Opelika, AL 36801, USA",(334) 745-7457,https://www.circlek.com/store-locator/US/opelika/3902-pepperell-pkwy/2723663?utm_source=google&utm_medium=local&utm_campaign=google-local,32.6299672,-85.4380718,3.5,17.0,ChIJVWjeAqryjIgRmimtDC7AvhA,"convenience_store, gas_station, atm, finance, point_of_interest, store, food, establishment"
"Auburn, AL",convenience store,retail,445120,JP Marathon - Opelika,"2103 Pepperell Pkwy, Opelika, AL 36801, USA",(334) 610-0337,http://www.jonespetroleum.com/locations,32.6375467,-85.4089352,2.8,13.0,ChIJyUCFq82SjIgRrTRixO22z_A,"gas_station, convenience_store, point_of_interest, store, food, establishment"
"Auburn, AL",convenience store,retail,445120,Murphy USA,"1717 S College St, Auburn, AL 36832, USA",(334) 502-7196,http://www.murphyusa.com/,32.571273,-85.49938399999999,4.1,96.0,ChIJZ-HUnL_zjIgRLvvLlbMOv2A,"gas_station, convenience_store, point_of_interest, store, food, establishment"
"Auburn, AL",convenience store,retail,445120,B & S Quick Stop,"10 Lovelady Rd, Tallassee, AL 36078, USA",(334) 257-3885,,32.6065146,-85.80367799999999,4.2,18.0,ChIJeRfyi_5CjIgRYBRIKab_aao,"convenience_store, point_of_interest, store, food, establishment"
"Auburn, AL",convenience store,retail,445120,Chevron,"8749 Co Rd 30, Shorter, AL 36075, USA",(334) 727-1234,https://www.chevron.com/,32.4258693,-85.8983504,3.4,25.0,ChIJfeDStVJIjIgRchNR43bWpLk,"gas_station, convenience_store, point_of_interest, store, food, establishment"
"Auburn, AL",convenience store,retail,445120,Circle K,"1200 Columbus Pkwy, Opelika, AL 36804, USA",(334) 749-8704,https://www.circlek.com/store-locator/US/opelika/1200-columbus-pkwy/2706690?utm_source=google&utm_medium=local&utm_campaign=google-local,32.644016,-85.34887540000001,2.8,88.0,ChIJS_y7AqaUjIgRXBO-HMci8Q0,"convenience_store, atm, finance, point_of_interest, store, food, establishment"
"Auburn, AL",convenience store,retail,445120,Circle K,"57 Lafayette St N, La Fayette, AL 36862, USA",(334) 864-7817,https://www.circlek.com/store-locator/US/lafayette/57-n-lafayette-st/2706688?utm_source=google&utm_medium=local&utm_campaign=google-local,32.900607,-85.401248,3.7,19.0,ChIJCcvemH6bjIgR_WX90qZe020,"convenience_store, gas_station, point_of_interest, store, food, establishment"
"Auburn, AL",convenience store,retail,445120,Buddy's Store,"709 Central Blvd, Tallassee, AL 36078, USA",(334) 283-2468,,32.5425958,-85.8746492,3.8,5.0,ChIJJbp158NGjIgR0-otikaLQtQ,"gas_station, convenience_store, point_of_interest, store, food, establishment"
"Auburn, AL",convenience store,retail,445120,Jet Pep,"608 Fob James Dr, Valley, AL 36854, USA",(334) 756-5000,http://jetpep.com/,32.8210642,-85.2118431,4.1,266.0,ChIJS_L3WzijjIgR32s9_KBxmRQ,"convenience_store, point_of_interest, store, food, establishment"
"Auburn, AL",convenience store,retail,445120,Shell,"1000 Avenue E, West Point, GA 31833, USA",(706) 643-0513,https://find.shell.com/us/fuel/10056513-1000-avenue-e/en_US,32.8770087,-85.17388799999999,3.8,31.0,ChIJ7SQGiBOkjIgRStkWkb3u06w,"gas_station, convenience_store, point_of_interest, store, food, establishment"
"Auburn, AL",convenience store,retail,445120,Sunoco,"300 Columbus Pkwy, Opelika, AL 36801, USA",(334) 737-1004,https://www.sunoco.com/locations/store/300-columbus-pkwy-opelika-al-0058334400,32.6438037,-85.36566359999999,3.6,10.0,ChIJC2-T-k-TjIgRV4WLXd3XwOU,"gas_station, convenience_store, point_of_interest, store, food, establishment"
"Auburn, AL",wholesale,retail,,SNEEDLOGISTICS(SLI#3),"1536 Tallassee Highway, Tallassee, AL 36078, USA",,,32.5186039,-85.8959356,,,ChIJA67HFQBHjIgRMOzzomqFTjo,"point_of_interest, establishment"
"Auburn, AL",wholesale,retail,,JTM Inc,"3745 US-80 C, Phenix City, AL 36870, USA",(334) 298-1974,,32.4689259,-85.0646678,5.0,2.0,ChIJ_aSA6YvPjIgRsQbp5vOSYUg,"food, point_of_interest, establishment"
"Auburn, AL",wholesale,retail,,Young's Plant Farm,"863 Airport Rd, Auburn, AL 36830, USA",(334) 821-3500,http://youngsplantfarm.com/,32.6137565,-85.4401725,4.5,27.0,ChIJTYOOnaHyjIgRb5cRkp3uxlA,"point_of_interest, establishment"
"Auburn, AL",wholesale,retail,,Quality Produce,"3616 3rd Ave, Opelika, AL 36801, USA",(334) 705-0053,,32.6321364,-85.4323691,4.8,9.0,ChIJsUnrhFPtjIgRvEIGGxjYm-8,"food, point_of_interest, establishment"
"Auburn, AL",wholesale,retail,,RUGLER,"1309 Gatewood Dr #508, Auburn, AL 36830, USA",(334) 350-8586,,32.6320912,-85.4529493,4.0,1.0,ChIJJ_WCibPyjIgRWstvpSj8Yts,"point_of_interest, establishment"
"Auburn, AL",wholesale,retail,,The H. T. Hackney Company,"519 Walker St, Opelika, AL 36801, USA",(334) 745-4564,http://www.hthackney.com/,32.6489185,-85.3565173,3.8,6.0,ChIJ527i9uKTjIgRPDGimyC8sMg,"food, point_of_interest, establishment"
"Auburn, AL",wholesale,retail,,Lexii's Nutty Creations,"404 Jordan Ave, Tallassee, AL 36078, USA",(334) 672-3856,,32.5313416,-85.89820499999999,5.0,7.0,ChIJr5H8BJtHjIgR7JjoclrLX-w,"food, point_of_interest, establishment"
"Auburn, AL",wholesale,retail,,Fern Ridge Collections,"4421 Pebble Shore Dr, Opelika, AL 36804, USA",(334) 737-0565,http://fernridgecollections.com/,32.5894551,-85.36431859999999,,,ChIJkaKUw4fsjIgRg_6DZ34f2y4,"point_of_interest, establishment"
"Auburn, AL",wholesale,retail,,"Halls Opelika, Inc.","1510 McCoy St, Opelika, AL 36801, USA",(334) 745-5754,https://hallsopelika.com/,32.6355181,-85.37178329999999,5.0,6.0,ChIJL1ddcEuTjIgRvwIrChR61dY,"point_of_interest, establishment"
"Auburn, AL",wholesale,retail,,ABC SELECT SPIRITS,"2220 Enterprise Dr, Opelika, AL 36801, USA",(334) 741-8081,http://www.alabcboard.gov/,32.6254006,-85.4096709,4.1,20.0,ChIJX1BteTrtjIgR3aKLJ7KEpZ4,"point_of_interest, establishment"
"Auburn, AL",wholesale,retail,,2 Latinos,"1515 2nd Ave suit 5, Opelika, AL 36801, USA",,,32.6415379,-85.3917034,,,ChIJ-UGCblaTjIgR4_Jij9uap4k,"point_of_interest, establishment"
"Auburn, AL",distributor,retail,,Premium beverage,"1511 1st Ave, Opelika, AL 36801, USA",(334) 745-4521,,32.6421921,-85.3884717,3.4,29.0,ChIJp-7fAy-TjIgRB3Etn-ZKe4U,"point_of_interest, establishment"
"Auburn, AL",distributor,retail,,Adams Beverages,"2800 Wyndham Industrial Dr, Opelika, AL 36804, USA",(334) 749-3488,http://www.adamsbeverages.net/,32.6174603,-85.3868566,4.5,41.0,ChIJVcLdJl-TjIgRWeJyineA7JE,"point_of_interest, establishment"
"Auburn, AL",distributor,retail,,B&B Beverage Management,"209 Alabama St, Auburn, AL 36832, USA",(334) 734-2468,https://beveragemgmt.com/,32.603693,-85.5119321,4.5,32.0,ChIJS7PHDjmTjIgRcms0iR0TgSU,"food, point_of_interest, establishment"
"Auburn, AL",distributor,retail,,Baker Distributing Company,"2515 E Glenn Ave, Auburn, AL 36830, USA",(334) 826-2250,http://www.bakerdist.com/,32.6113538,-85.4277973,3.1,9.0,ChIJ4ZlDz2ftjIgRqA8Y4Y2-0_Q,"point_of_interest, establishment"
"Auburn, AL",distributor,retail,445310,Party On Supply Shop,"750 Tallapoosa St, Notasulga, AL 36866, USA",(334) 257-2707,,32.5652691,-85.68119449999999,4.9,16.0,ChIJj7qGgqhejIgRoURgORtcedE,"liquor_store, home_goods_store, store, food, point_of_interest, establishment"
"Auburn, AL",distributor,retail,,AmiyahsLemonade,"1300 McCoy St, Opelika, AL 36801, USA",(706) 773-1606,,32.6380436,-85.3717693,,,ChIJaWfnacCjjIgRrI1iHFEPXYQ,"point_of_interest, establishment"
"Auburn, AL",distributor,retail,,Nalara,"309 Williamson Ave, Opelika, AL 36804, USA",(334) 737-3800,http://www.nalara.com/,32.6243099,-85.380212,3.9,49.0,ChIJlykU0MjsjIgRhg4_7pFuAMw,"storage, point_of_interest, establishment"
"Auburn, AL",distributor,retail,,"K & B Oil Supply, Inc","1405 1st Ave, Opelika, AL 36801, USA",(334) 741-7075,https://www.kboilsupply.com/,32.6435806,-85.3872052,4.6,11.0,ChIJAc0g6y-TjIgR_4TiSsZufVg,"point_of_interest, establishment"
"Auburn, AL",distributor,retail,,Johnstone Supply,"3195 Society Hill Rd, Opelika, AL 36804, USA",(334) 203-1797,https://www.johnstonesupply.com/store443,32.6119215,-85.3903807,5.0,8.0,ChIJs57Qq-DsjIgRCoYxCdPNcMQ,"point_of_interest, establishment"
"Auburn, AL",food distributor,retail,,AlaTrade Foods - Phenix City,"6 Downing Dr, Phenix City, AL 36869, USA",(334) 664-2300,http://www.alatrade.com/,32.3967329,-85.048743,2.4,130.0,ChIJPcaITu_QjIgRHswzXab3lR0,"food, point_of_interest, establishment"
"Auburn, AL",food distributor,retail,,Merchants Foodservice Salem Yard,"6627 AL-38, Opelika, AL 36804, USA",,,32.6167564,-85.2677078,3.0,2.0,ChIJhVTGoxzAjIgRgcFuRu9Mbeg,"food, point_of_interest, establishment"
"Auburn, AL",food distributor,retail,,John Soules Foods,"1135 Towel Ave, Valley, AL 36854, USA",(800) 338-4588,http://www.johnsoulesfoods.com/,32.7788339,-85.1765549,3.0,97.0,ChIJxTUmTZe7jIgR7NxqS4qXavc,"food, point_of_interest, establishment"
"Auburn, AL",food distributor,retail,,"Sims Foods, Inc.","21240 US-280, Dadeville, AL 36853, USA",(256) 825-0848,http://wicklespickles.com/,32.8144837,-85.71607259999999,4.4,10.0,ChIJVUil9itljIgRmRoINOTfnV8,"food, point_of_interest, establishment"
"Auburn, AL",food distributor,retail,,Coachs World Famous,"820 Cotswold Way, Auburn, AL 36832, USA",(334) 707-5418,,32.6268722,-85.53394399999999,,,ChIJZTlAJ7r1jIgRI2RJoKl2e8k,"food, point_of_interest, establishment"
"Auburn, AL",wholesale grocery,retail,445110,Terry's Grocery,"9209 Lee County 246, Smiths Station, AL 36877, USA",(334) 297-0981,http://terrysofsmithsstation.com/,32.509711,-85.073968,4.4,83.0,ChIJa2JrghjPjIgRgRL5ZPEB_Bw,"grocery_or_supermarket, supermarket, store, food, finance, point_of_interest, establishment"
"Auburn, AL",wholesale meat,retail,,The Steak Factory,"1413 Frederick Rd, Opelika, AL 36801, USA",(334) 734-0144,https://www.facebook.com/pages/category/Butcher-Shop/The-Steak-Factory-on-Frederick-Road-120120794710509/,32.6241371,-85.3953465,4.9,74.0,ChIJ6aWrUl7tjIgRnyTBep6XGRc,"food, point_of_interest, store, establishment"
"Auburn, AL",wholesale seafood,retail,,Mavs Seafood Market LLC,"10390 Co Rd 34, Dadeville, AL 36853, USA",(334) 312-2872,http://mavs-seafood-market-llc.square.site/,32.7664012,-85.8202445,5.0,6.0,ChIJU0gi4fRhZIgR29xfikrt1es,"point_of_interest, food, establishment"
"Auburn, AL",wholesale dairy,retail,722511,Dairy Queen Grill & Chill,"2019 Pepperell Pkwy, Opelika, AL 36801, USA",(334) 742-9500,https://bit.ly/3c9PHWj,32.6373992,-85.4071501,4.0,506.0,ChIJd8wahc2SjIgRyhMrastnadY,"bakery, restaurant, food, point_of_interest, store, establishment"
"Auburn, AL",wholesale dairy,retail,,Shady Grove Feed & More,"2063 Lee County Rd 177, Opelika, AL 36804, USA",(334) 363-0856,http://shady-grove-feed-more.jany.io/,32.6917844,-85.2947245,4.7,92.0,ChIJzRPXYMKVjIgRspo4GPZyZPQ,"store, point_of_interest, establishment"
