Location,Search Keyword,Segment,NAICS Code,Business Name,Address,Phone Number,Website,Latitude,Longitude,Rating,User Ratings,Place ID,Types
"Arab, AL",grocery store,retail,445110,Food City,"7200 US-431, Albertville, AL 35950, USA",(256) 744-7255,https://www.foodcity.com/stores/store-details/501/?utm_source=google&utm_medium=organic&utm_campaign=google-business&utm_content=501-grocery,34.2777866,-86.2042245,4.5,1303.0,ChIJC7To3U4DiogRRYxFd-Lyslg,"grocery_or_supermarket, supermarket, florist, bakery, store, point_of_interest, food, establishment"
"Arab, AL",grocery store,retail,445110,DG Market,"36405 AL-79, Cleveland, AL 35049, USA",(205) 762-0704,https://www.dollargeneral.com/store-directory/al/cleveland/7364,33.9856985,-86.58777549999999,3.9,394.0,ChIJYTGeGo-9iYgRacgicoHa2a8,"grocery_or_supermarket, drugstore, convenience_store, home_goods_store, store, health, point_of_interest, food, establishment"
"Arab, AL",grocery store,retail,452210,Walmart Supercenter,"626 Olive St SW, Cullman, AL 35055, USA",(256) 739-1664,https://www.walmart.com/store/670-cullman-al/?veh=seo_loc,34.1495662,-86.8414852,4.1,4733.0,ChIJf5mS10nKiYgRHH8YfbW0NfE,"department_store, hardware_store, electronics_store, bakery, furniture_store, grocery_or_supermarket, clothing_store, home_goods_store, store, point_of_interest, food, establishment"
"Arab, AL",grocery store,retail,445110,Warehouse Discount Groceries TownSquare,"1615 Town Square S W, Cullman, AL 35055, USA",(256) 739-4380,https://www.warehousediscountgroceries.com/store-locations/warehouse-discount-groceries-of-townsquare/?utm_source=gbp&utm_medium=organic,34.1619444,-86.8372222,4.4,801.0,ChIJ9TU6r4HLiYgRwaoaVct70c4,"grocery_or_supermarket, supermarket, store, point_of_interest, food, establishment"
"Arab, AL",grocery store,retail,445110,Foodland Plus,"313 Sand Mountain Dr, Albertville, AL 35950, USA",(256) 891-0390,https://www.foodlandgrocery.com/store-locations/albertville-foodland-plus/?utm_source=gbp&utm_medium=organic,34.264958,-86.2066016,4.5,1440.0,ChIJK4wyftQciogRxoMpooCAYY4,"grocery_or_supermarket, store, point_of_interest, food, establishment"
"Arab, AL",grocery store,retail,452210,Walmart Supercenter,"11610 Memorial Pkwy SW, Huntsville, AL 35803, USA",(256) 881-0581,https://www.walmart.com/store/434-huntsville-al/?veh=seo_loc,34.6158511,-86.5706988,3.9,3373.0,ChIJ0yphDkcNYogR6wxMhMMivAc,"department_store, hardware_store, electronics_store, bakery, furniture_store, grocery_or_supermarket, clothing_store, home_goods_store, store, point_of_interest, food, establishment"
"Arab, AL",grocery store,retail,445110,Warehouse Discount Groceries of Cullman 817,"5754 AL-157, Cullman, AL 35055, USA",(256) 739-4310,https://www.warehousediscountgroceries.com/store-locations/warehouse-discount-groceries-of-cullman/?utm_source=gbp&utm_medium=organic,34.2076473,-86.8709863,4.3,774.0,ChIJF_3ybIPMiYgRFKfbOFgwFRo,"grocery_or_supermarket, store, point_of_interest, food, establishment"
"Arab, AL",grocery store,retail,445110,DG Market,"872 Main St NE, Hanceville, AL 35077, USA",(256) 787-2468,https://www.dollargeneral.com/store-directory/al/hanceville/13195,34.0772891,-86.7813501,4.2,887.0,ChIJbxq2tlK2iYgRmPD1QeppTfQ,"grocery_or_supermarket, drugstore, convenience_store, home_goods_store, store, health, point_of_interest, food, establishment"
"Arab, AL",grocery store,retail,452210,Walmart Supercenter,"1450 N Brindlee Mountain Pkwy, Arab, AL 35016, USA",(256) 586-8168,https://www.walmart.com/store/306-arab-al/?veh=seo_loc,34.3417674,-86.50058279999999,3.9,2578.0,ChIJRYLP6J3miYgRQIWAypwSLuQ,"department_store, hardware_store, electronics_store, bakery, furniture_store, grocery_or_supermarket, clothing_store, home_goods_store, store, point_of_interest, food, establishment"
"Arab, AL",grocery store,retail,445110,Warehouse Discount Groceries of Hanceville,"780 Main St NE, Hanceville, AL 35077, USA",(256) 352-6245,https://www.warehousediscountgroceries.com/store-locations/warehouse-discount-groceries-of-hanceville/?utm_source=gbp&utm_medium=organic,34.0725,-86.77666669999999,4.4,916.0,ChIJcXDk4qu3iYgRXxOs9ihoURY,"grocery_or_supermarket, supermarket, store, point_of_interest, food, establishment"
"Arab, AL",grocery store,retail,452210,Walmart Supercenter,"11697 US-431, Guntersville, AL 35976, USA",(256) 878-0685,https://www.walmart.com/store/681-guntersville-al/?veh=seo_loc,34.2996711,-86.27897639999999,3.9,4077.0,ChIJA6DXLUL4iYgRPcDT8AHkhDs,"department_store, hardware_store, electronics_store, bakery, furniture_store, grocery_or_supermarket, clothing_store, home_goods_store, store, point_of_interest, food, establishment"
"Arab, AL",grocery store,retail,445110,Guntersville Foodland Plus,"14214 Southgate Plaza, Guntersville, AL 35976, USA",(256) 582-3470,https://www.foodlandgrocery.com/store-locations/guntersville-foodland-plus/?utm_source=gbp&utm_medium=organic,34.320854,-86.31056439999999,4.4,530.0,ChIJ0QwfxQn5iYgRazEGY01n2NU,"supermarket, grocery_or_supermarket, store, point_of_interest, food, establishment"
"Arab, AL",grocery store,retail,452210,Walmart Supercenter,"2453 2nd Ave E, Oneonta, AL 35121, USA",(205) 625-6474,https://www.walmart.com/store/315-oneonta-al/?veh=seo_loc,33.9710849,-86.4467212,4.0,2412.0,ChIJyWCFFLKRiYgRg3XKgnJJhAE,"department_store, hardware_store, electronics_store, bakery, furniture_store, grocery_or_supermarket, clothing_store, home_goods_store, store, point_of_interest, food, establishment"
"Arab, AL",grocery store,retail,445110,Publix Super Market at Cullman Shopping Center,"1104 Cullman Shopping Center NW, Cullman, AL 35055, USA",(256) 736-7000,https://www.publix.com/?setstorenumber=1503&utm_medium=maps&utm_source=extendednetwork&utm_content=psm_website_url,34.1814204,-86.8493743,4.6,1610.0,ChIJXWReqpfLiYgR7WcZbxRCtmI,"supermarket, florist, bakery, grocery_or_supermarket, liquor_store, store, point_of_interest, food, establishment"
"Arab, AL",grocery store,retail,445110,DG Market,"87000 US-278, Snead, AL 35952, USA",(256) 673-2670,https://www.dollargeneral.com/store-directory/al/snead/1671,34.1199524,-86.3967424,4.2,225.0,ChIJccQZjcPyiYgRiHg9lsoLPHY,"grocery_or_supermarket, drugstore, convenience_store, home_goods_store, store, health, point_of_interest, food, establishment"
"Arab, AL",grocery store,retail,445110,Arab Foodland,"137 N Brindlee Mountain Pkwy, Arab, AL 35016, USA",(256) 586-8625,https://www.foodlandgrocery.com/store-locations/arab-foodland/?utm_source=gbp&utm_medium=organic,34.3184599,-86.5046471,4.4,947.0,ChIJjSRCX37miYgR_hvaR0mrjqw,"grocery_or_supermarket, supermarket, store, point_of_interest, food, establishment"
"Arab, AL",grocery store,retail,445110,Boaz Foodland,"9464 AL-168, Boaz, AL 35957, USA",(256) 593-7206,https://www.foodlandgrocery.com/store-locations/boaz-foodland/?utm_source=gbp&utm_medium=organic,34.1979252,-86.17660339999999,4.3,515.0,ChIJ-anR6gkciogRft_It7tfUDE,"grocery_or_supermarket, supermarket, store, point_of_interest, food, establishment"
"Arab, AL",grocery store,retail,445110,DG Market,"11145 AL-74 E, Holly Pond, AL 35083, USA",(256) 297-3580,https://www.dollargeneral.com/store-directory/al/holly-pond/9190,34.1746354,-86.6110494,4.1,223.0,ChIJv4cdlJXBiYgRFPzEsxZnO-Y,"grocery_or_supermarket, drugstore, convenience_store, home_goods_store, store, health, point_of_interest, food, establishment"
"Arab, AL",grocery store,retail,445110,DG Market,"12575 US-431, Boaz, AL 35956, USA",(256) 803-0304,https://www.dollargeneral.com/store-directory/al/boaz/2774,34.1801309,-86.144126,4.3,397.0,ChIJUxiKOHcZiogRv6DgkLGioBg,"grocery_or_supermarket, drugstore, convenience_store, home_goods_store, store, health, point_of_interest, food, establishment"
"Arab, AL",grocery store,retail,445110,DG Market,"120 Wesley Ave N, Cullman, AL 35058, USA",(256) 507-9242,https://www.dollargeneral.com/store-directory/al/cullman/12143,34.2473195,-86.6826298,4.2,349.0,ChIJ9RYqnfTEiYgRpN2MPiqDw1A,"grocery_or_supermarket, drugstore, convenience_store, home_goods_store, store, health, point_of_interest, food, establishment"
"Arab, AL",grocery store,retail,452210,Walmart Supercenter,"1972 Hwy 431, Boaz, AL 35957, USA",(256) 593-0195,https://www.walmart.com/store/298-boaz-al/?veh=seo_loc,34.2147228,-86.153328,4.1,3830.0,ChIJV1PNlZcbiogR-xlDxiJ10-8,"department_store, hardware_store, electronics_store, bakery, furniture_store, grocery_or_supermarket, clothing_store, home_goods_store, store, point_of_interest, food, establishment"
"Arab, AL",grocery store,retail,445110,Piggly Wiggly,"250 AL-75 North, Albertville, AL 35950, USA",(256) 878-2075,https://www.pigglywiggly.com/,34.2780818,-86.2010675,4.3,847.0,ChIJy5_bQ9EciogR4nYBw_uM1bc,"grocery_or_supermarket, supermarket, store, point_of_interest, food, establishment"
"Arab, AL",grocery store,retail,445110,Warehouse Discount Groceries of Arab,"2250 N Brindlee Mountain Pkwy, Arab, AL 35016, USA",(256) 586-6567,https://www.warehousediscountgroceries.com/store-locations/warehouse-discount-groceries-of-arab/?utm_source=gbp&utm_medium=organic,34.357398,-86.5043367,4.5,694.0,ChIJB4zX1KXmiYgRBEoyIbQvomw,"grocery_or_supermarket, supermarket, store, point_of_interest, food, establishment"
"Arab, AL",grocery store,retail,445110,Publix Super Market at Mountain Cove Crossing,"12796 Bailey Cove Rd SE, Huntsville, AL 35803, USA",(256) 885-0002,https://www.publix.com/?setstorenumber=209&utm_medium=maps&utm_source=extendednetwork&utm_content=psm_website_url,34.622752,-86.53849230000002,4.6,960.0,ChIJfw49CZ0NYogR3Ua-puoOpDo,"supermarket, florist, bakery, grocery_or_supermarket, liquor_store, store, point_of_interest, food, establishment"
"Arab, AL",grocery store,retail,452210,Walmart Supercenter,"5601 AL-157, Cullman, AL 35058, USA",(256) 615-6667,https://www.walmart.com/store/7280-cullman-al/?veh=seo_loc,34.2042804,-86.8695501,4.1,4226.0,ChIJ7QJx54PMiYgRznBOQSpuaDg,"department_store, hardware_store, electronics_store, bakery, furniture_store, grocery_or_supermarket, clothing_store, home_goods_store, store, point_of_interest, food, establishment"
"Arab, AL",grocery store,retail,445110,Three Way Grocery,"5270 Martling Rd, Albertville, AL 35951, USA",(256) 660-1702,,34.345992,-86.1661306,4.4,151.0,ChIJvdYbtQ8EiogRvCVQjfOPkVo,"grocery_or_supermarket, atm, finance, store, point_of_interest, food, establishment"
"Arab, AL",grocery store,retail,445110,Piggly Wiggly,"1455 Sunset Dr, Guntersville, AL 35976, USA",(256) 582-2865,https://www.pigglywiggly.com/store-locations/alabama/,34.3524716,-86.31424,4.4,652.0,ChIJS1-vKDj5iYgR4l8du03dY2s,"grocery_or_supermarket, supermarket, store, point_of_interest, food, establishment"
"Arab, AL",grocery store,retail,445110,Food City,"7060 US-431, Owens Cross Roads, AL 35763, USA",(256) 809-1230,https://www.foodcity.com/stores/store-details/504/?utm_source=google&utm_medium=organic&utm_campaign=google-business&utm_content=504-grocery,34.6466763,-86.4788648,4.4,184.0,ChIJy_FFcQARYogR3dvUQy4ayX4,"grocery_or_supermarket, supermarket, florist, bakery, store, point_of_interest, food, establishment"
"Arab, AL",grocery store,retail,445110,Johnson's Giant Food,"1431 3rd St SW, Attalla, AL 35954, USA",(256) 538-7412,http://www.johnsonsgiantfood.com/,34.0061111,-86.1127778,4.6,1474.0,ChIJNY8AN7Q8iogR6vEv0qyGuaA,"grocery_or_supermarket, supermarket, store, point_of_interest, food, establishment"
"Arab, AL",grocery store,retail,445110,Publix Super Market at Guntersville Landing,"2300 Gunter Ave, Guntersville, AL 35976, USA",(256) 571-2501,https://www.publix.com/?setstorenumber=1462&utm_medium=maps&utm_source=extendednetwork&utm_content=psm_website_url,34.3338462,-86.3164911,4.7,1826.0,ChIJTXT15RL5iYgRhG-yC8JciyY,"supermarket, florist, bakery, grocery_or_supermarket, liquor_store, store, point_of_interest, food, establishment"
"Arab, AL",grocery store,retail,445120,Dollar General,"18 Gum Springs Cut Off Rd Rd, Hartselle, AL 35640, USA",(256) 502-4380,https://www.dollargeneral.com/store-directory/al/hartselle/18767,34.4468576,-86.8349643,4.4,220.0,ChIJMceQuOnViYgR3BexClf3PAM,"drugstore, convenience_store, grocery_or_supermarket, store, health, point_of_interest, food, establishment"
"Arab, AL",grocery store,retail,445110,Piggly Wiggly,"10339 AL-168, Boaz, AL 35957, USA",(256) 593-7312,https://www.pigglywiggly.com/,34.1994022,-86.1612289,4.3,725.0,ChIJAwEDI-wbiogRG1bu6rR9T2I,"grocery_or_supermarket, supermarket, store, point_of_interest, food, establishment"
"Arab, AL",grocery store,retail,445110,S & S Foods,"4340 Co Rd 216, Hanceville, AL 35077, USA",(256) 287-2663,https://www.ssfoods.net/,34.0440879,-86.8771311,4.6,726.0,ChIJCbm3oZS0iYgRZNFz5s4zj-M,"grocery_or_supermarket, supermarket, store, point_of_interest, food, establishment"
"Arab, AL",grocery store,retail,445120,Dollar General,"220 E Main St, Albertville, AL 35950, USA",(256) 803-0255,https://www.dollargeneral.com/store-directory/al/albertville/545,34.26715670000001,-86.2061267,4.0,384.0,ChIJUWmJA9IciogRn4GbW6skvzs,"drugstore, convenience_store, grocery_or_supermarket, store, health, point_of_interest, food, establishment"
"Arab, AL",grocery store,retail,445120,Dollar General,"31 Megan Ln, Cullman, AL 35057, USA",(256) 507-9195,https://www.dollargeneral.com/store-directory/al/cullman/10884,34.1067569,-86.8720776,4.2,366.0,ChIJvbuDSXu1iYgRIapJ6EVVZj0,"drugstore, convenience_store, grocery_or_supermarket, store, health, point_of_interest, food, establishment"
"Arab, AL",grocery store,retail,445120,Dollar General,"4397 Cathedral Caverns Hwy, Grant, AL 35747, USA",(256) 384-6755,https://www.dollargeneral.com/store-directory/al/grant/4136,34.5134281,-86.2603427,4.1,302.0,ChIJ4bpDo98BYogRRFdlz4Z8Myg,"drugstore, convenience_store, grocery_or_supermarket, store, health, point_of_interest, food, establishment"
"Arab, AL",grocery store,retail,445120,Dollar General,"1208 4th St SW, Cullman, AL 35055, USA",(256) 531-9055,https://www.dollargeneral.com/store-directory/al/cullman/9500,34.1714454,-86.8515998,4.2,372.0,ChIJ07FMI7vLiYgRsAi2rQaA4wQ,"drugstore, convenience_store, grocery_or_supermarket, store, health, point_of_interest, food, establishment"
"Arab, AL",grocery store,retail,445110,S&S Foods,"35 Camp Rd, Cleveland, AL 35049, USA",(205) 274-0456,http://www.ssfoods.net/,33.9866919,-86.58371079999999,4.6,894.0,ChIJnVSnHom9iYgReEfIrjojyYU,"grocery_or_supermarket, supermarket, liquor_store, store, point_of_interest, food, establishment"
"Arab, AL",grocery store,retail,445120,Dollar General,"909 Horton Rd, Albertville, AL 35950, USA",(256) 803-0236,https://www.dollargeneral.com/store-directory/al/albertville/19789,34.2572448,-86.2191575,4.4,246.0,ChIJebWIt2UdiogRVhH06h-kE6c,"drugstore, convenience_store, grocery_or_supermarket, store, health, point_of_interest, food, establishment"
"Arab, AL",grocery store,retail,445110,S & S Foods,"10675 US-278, Holly Pond, AL 35083, USA",(256) 796-9800,http://www.ssfoods.net/,34.1753634,-86.6191887,4.6,504.0,ChIJT2rhlJXBiYgRIbwFzHf8s3I,"grocery_or_supermarket, store, point_of_interest, food, establishment"
"Arab, AL",grocery store,retail,445110,J & S Groce,"2107 AL-205, Albertville, AL 35950, USA",(256) 878-9110,https://www.facebook.com/jsgrocery2404?ref=hl,34.2414757,-86.1764517,4.3,125.0,ChIJlxctmp0ciogRz7JnBRlLpcU,"grocery_or_supermarket, liquor_store, store, food, point_of_interest, establishment"
"Arab, AL",grocery store,retail,445120,Dollar General,"10188 US-431, New Hope, AL 35760, USA",(256) 715-6663,https://www.dollargeneral.com/store-directory/al/new-hope/1680,34.5481429,-86.432011,4.3,276.0,ChIJAdmgS0wPYogRqc5FDEZdaPk,"convenience_store, grocery_or_supermarket, drugstore, store, health, food, point_of_interest, establishment"
"Arab, AL",grocery store,retail,445120,Dollar General,"1600 3rd St SE, Cullman, AL 35055, USA",(256) 507-9109,https://www.dollargeneral.com/store-directory/al/cullman/11250,34.1817677,-86.8162057,4.2,364.0,ChIJ05hU7FzJiYgRVxF980EFA18,"convenience_store, grocery_or_supermarket, drugstore, store, health, food, point_of_interest, establishment"
"Arab, AL",grocery store,retail,445110,Good Hope Grocery,"2253 Co Rd 437, Cullman, AL 35057, USA",(256) 739-2591,http://www.facebook.com/GoodHopeGrocery,34.1086479,-86.8697212,4.4,101.0,ChIJv08jiHy1iYgR-lR5JHlf7qk,"grocery_or_supermarket, gas_station, liquor_store, store, restaurant, food, point_of_interest, establishment"
"Arab, AL",grocery store,retail,445120,Dollar General,"4445 Hwy 55 W, Eva, AL 35621, USA",(256) 507-9670,https://www.dollargeneral.com/store-directory/al/eva/7550,34.3318613,-86.7604312,4.3,224.0,ChIJj_UkTyfbiYgRrCb6VDQIw_M,"convenience_store, grocery_or_supermarket, drugstore, store, health, food, point_of_interest, establishment"
"Arab, AL",grocery store,retail,445110,Price Less IGA,"929 2nd Ave E, Oneonta, AL 35121, USA",(256) 875-3080,http://pricelessiga.com/,33.9554398,-86.46395489999999,4.3,716.0,ChIJIzisi_GQiYgReCH3qPoReic,"grocery_or_supermarket, bakery, supermarket, store, food, point_of_interest, establishment"
"Arab, AL",grocery store,retail,445120,Dollar General,"4340 US-278, Altoona, AL 35952, USA",(205) 624-0520,https://www.dollargeneral.com/store-directory/al/altoona/11201,34.067486,-86.3000776,4.3,279.0,ChIJy3hBFRGLiYgRFrQEkiL4X1M,"convenience_store, grocery_or_supermarket, drugstore, store, health, food, point_of_interest, establishment"
"Arab, AL",grocery store,retail,445110,Food Valu,"9405 AL-75, Douglas, AL 35964, USA",(256) 593-0151,http://douglasfoodvalu.com/,34.1694444,-86.33027779999999,4.4,380.0,ChIJ_c-HMAz0iYgRREqS_PAZDUU,"supermarket, grocery_or_supermarket, store, food, point_of_interest, establishment"
"Arab, AL",grocery store,retail,445120,Dollar General,"120 U.S. Hwy 278 W, Cullman, AL 35057, USA",(256) 507-9115,https://www.dollargeneral.com/store-directory/al/cullman/15211,34.1702068,-86.8813608,4.1,433.0,ChIJhZ8McZbLiYgRpuHDHS7cRXM,"convenience_store, grocery_or_supermarket, drugstore, store, health, food, point_of_interest, establishment"
"Arab, AL",grocery store,retail,445110,DG Market,"30 Hustleville Rd, Albertville, AL 35951, USA",(256) 812-6893,https://www.dollargeneral.com/store-directory/al/albertville/24095,34.3019704,-86.14466689999999,4.7,6.0,ChIJube8iwAFiogRyOizYxBcMhA,"grocery_or_supermarket, convenience_store, drugstore, home_goods_store, store, health, food, point_of_interest, establishment"
"Arab, AL",grocery store,retail,445120,Dollar General,"6091 Co Rd 747, Cullman, AL 35055, USA",(256) 507-9413,https://www.dollargeneral.com/store-directory/al/cullman/15179,34.177853,-86.7420896,4.2,387.0,ChIJJcTX493LiYgRAb38JIp9L7c,"convenience_store, grocery_or_supermarket, drugstore, store, health, food, point_of_interest, establishment"
"Arab, AL",grocery store,retail,445120,Dollar General,"50 Plemons Rd, Attalla, AL 35954, USA",(256) 344-0293,https://www.dollargeneral.com/store-directory/al/attalla/16338,34.1018119,-86.11404730000001,4.2,232.0,ChIJWwtDxHIYiogR8PQIhEn6ShY,"convenience_store, grocery_or_supermarket, drugstore, store, health, food, point_of_interest, establishment"
"Arab, AL",grocery store,retail,445120,Dollar General,"22325 US-431, Guntersville, AL 35976, USA",(256) 673-2145,https://www.dollargeneral.com/store-directory/al/guntersville/13445,34.4225366,-86.2643951,4.0,271.0,ChIJm45I7Y7_iYgRUKki5kE_WvY,"convenience_store, grocery_or_supermarket, drugstore, store, health, food, point_of_interest, establishment"
"Arab, AL",grocery store,retail,445120,V & W Food Mart,"19129 US Hwy 31, South Vinemont, AL 35179, USA",(256) 739-3911,,34.2425879,-86.86745789999999,4.4,176.0,ChIJkd3In_7MiYgR3jQzj9n-Nj8,"convenience_store, gas_station, grocery_or_supermarket, store, restaurant, food, point_of_interest, establishment"
"Arab, AL",grocery store,retail,445110,La Orquidea,"801 Baltimore Ave, Albertville, AL 35950, USA",(256) 891-4880,,34.2533286,-86.1939437,4.1,1110.0,ChIJzxKUFL8ciogR7YytObdGl5U,"grocery_or_supermarket, store, restaurant, food, point_of_interest, establishment"
"Arab, AL",grocery store,retail,445120,Dollar General,"31723 AL-35, Woodville, AL 35776, USA",(256) 756-4760,https://www.dollargeneral.com/store-directory/al/woodville/14041,34.618179,-86.2944346,4.2,313.0,ChIJb81j9NkCYogRWredBmZiAig,"convenience_store, grocery_or_supermarket, drugstore, store, health, food, point_of_interest, establishment"
"Arab, AL",grocery store,retail,445120,Dollar General,"70680 Main St, Blountsville, AL 35031, USA",(256) 803-0360,https://www.dollargeneral.com/store-directory/al/blountsville/9783,34.0996769,-86.5738197,4.0,211.0,ChIJ3eV2V1GViYgRr4Cn88LppEE,"convenience_store, grocery_or_supermarket, drugstore, store, health, food, point_of_interest, establishment"
"Arab, AL",grocery store,retail,445120,Dollar General,"37 Rocky Hollow Rd, Blountsville, AL 35031, USA",(205) 259-7591,https://www.dollargeneral.com/store-directory/al/blountsville/17567,34.1628869,-86.47539189999999,4.2,227.0,ChIJ76iz70PsiYgRdAHGugjNlvc,"convenience_store, grocery_or_supermarket, drugstore, store, health, food, point_of_interest, establishment"
"Arab, AL",grocery store,retail,445120,Dollar General,"41 Park Dr, Vinemont, AL 35179, USA",(256) 507-9230,https://www.dollargeneral.com/store-directory/al/vinemont/8701,34.2305394,-86.86214009999999,4.2,350.0,ChIJ_zcupP7MiYgRXaDCW2h51ys,"convenience_store, grocery_or_supermarket, drugstore, store, health, food, point_of_interest, establishment"
"Arab, AL",grocery store,retail,445120,Dollar General,"121 Co Rd 1435, Cullman, AL 35058, USA",(256) 531-9505,https://www.dollargeneral.com/store-directory/al/cullman/14825,34.2049876,-86.8276164,4.2,389.0,ChIJqVTfHNdZYogRSqaohHUq3mk,"convenience_store, grocery_or_supermarket, drugstore, store, health, food, point_of_interest, establishment"
"Arab, AL",indian grocery,retail,445110,Publix Super Market at Point Mallard Centre,"2934 Point Mallard Pkwy SE, Decatur, AL 35603, USA",(256) 351-5261,https://www.publix.com/?setstorenumber=1609&utm_medium=maps&utm_source=extendednetwork&utm_content=psm_website_url,34.5426762,-86.9203713,4.7,1148.0,ChIJEcEpzbiAYogRsAPpx0zs-a4,"supermarket, florist, bakery, grocery_or_supermarket, liquor_store, store, point_of_interest, food, establishment"
"Arab, AL",indian grocery,retail,445110,Walmart Neighborhood Market,"9020 Bailey Cove Rd SE, Huntsville, AL 35802, USA",(256) 970-6552,https://www.walmart.com/store/5716-huntsville-al/?veh=seo_loc,34.64732559999999,-86.5414875,4.4,980.0,ChIJQe4C3YcSYogRRZlURE8lxB0,"grocery_or_supermarket, department_store, supermarket, bakery, store, point_of_interest, food, establishment"
"Arab, AL",retail food,retail,,Marktplatz Cntr Sw,"1908 marketplatz Center SW, Cullman, AL 35055, USA",,,34.1504642,-86.8398644,4.4,634.0,ChIJsU3ejzbKiYgRyoJmjFJC8vw,"shopping_mall, point_of_interest, establishment"
"Arab, AL",retail food,retail,,AlaTrade Foods - Boaz,"695 Henderson Ave W, Boaz, AL 35957, USA",(256) 593-3152,http://www.alatrade.com/,34.219841,-86.18342419999999,2.7,101.0,ChIJ1a21_HsciogRXCKZK6UJ8Os,"food, store, point_of_interest, establishment"
"Arab, AL",retail food,retail,445110,Jim's Grocery,"839 New Hope Cedar Point Rd, New Hope, AL 35760, USA",(256) 723-4541,,34.5550058,-86.3716839,4.6,112.0,ChIJZ6sG3TEEYogRjXcYnNmz_6Y,"grocery_or_supermarket, food, store, point_of_interest, establishment"
"Arab, AL",retail food,retail,,King of the hill,"2234 Union Hill Rd, Union Grove, AL 35175, USA",(256) 758-5998,,34.4743833,-86.62183399999999,4.3,28.0,ChIJaQt0p3h1YogRtu-32sA5c5A,"store, point_of_interest, establishment"
"Arab, AL",retail food,retail,,Town Square,"1656 Town Square S W, Cullman, AL 35055, USA",,https://amzn.to/3EjxCFN,34.16053710000001,-86.8373313,4.1,793.0,ChIJR7ZVicvLiYgR22SNbRadoGo,"shopping_mall, point_of_interest, establishment"
"Arab, AL",retail food,retail,445110,Shaddix's Country Mall,"8482 Co Rd 1545, Cullman, AL 35058, USA",(256) 796-5085,,34.2937732,-86.71517659999999,4.6,154.0,ChIJ4RoFls7aiYgRH6efrI0K5FY,"grocery_or_supermarket, gas_station, food, store, point_of_interest, establishment"
"Arab, AL",retail food,retail,445310,Beverage Warehouse,"764 Cullman Rd, Arab, AL 35016, USA",(256) 586-0958,http://beverage-warehouse.edan.io/,34.3144673,-86.507576,4.4,222.0,ChIJAdOEfHDmiYgRfGc4_Ve9jpY,"liquor_store, store, point_of_interest, establishment"
"Arab, AL",retail food,retail,445310,Beverage Market,"3095 US-278, Altoona, AL 35952, USA",(205) 962-9577,,34.0719106,-86.321788,4.4,57.0,ChIJxZTFXxSLiYgRDE-Va8kq7io,"liquor_store, food, store, point_of_interest, establishment"
"Arab, AL",retail food,retail,445310,One Stop Beverages,"13375 Memorial Pkwy SW, Huntsville, AL 35803, USA",(256) 650-2023,,34.58729599999999,-86.5626776,4.4,94.0,ChIJn_sowBkNYogRsDbffj709R4,"liquor_store, store, point_of_interest, establishment"
"Arab, AL",retail food,retail,,Shoppes of Albertville,"Albertville, AL 35951, USA",(615) 370-0670,,34.2792826,-86.2061731,4.5,914.0,ChIJH1_bDC4DiogRkHv_9w-iw_w,"shopping_mall, point_of_interest, establishment"
"Arab, AL",retail food,retail,445110,Supermercado La Popular,"101 Sand Mountain Dr, Albertville, AL 35950, USA",(256) 878-5405,,34.2669992,-86.2053863,4.5,304.0,ChIJm7O9_c0ciogRXCS5ZjhcQOo,"supermarket, grocery_or_supermarket, food, store, point_of_interest, establishment"
"Arab, AL",retail food,retail,,CULLMAN SHOPPING CENTER,"1106 2nd Ave NW, Cullman, AL 35055, USA",,,34.1836355,-86.8501541,4.4,987.0,ChIJ5WeyGZfLiYgRSW2nKD5E2fo,"shopping_mall, point_of_interest, establishment"
"Arab, AL",retail food,retail,,Valley Bend,"2742 Carl T Jones Dr SE, Huntsville, AL 35802, USA",(877) 225-5337,https://valleybend.com/,34.676406,-86.5432368,4.4,3137.0,ChIJ0VX85fgSYogRJi0BWlqI4o0,"shopping_mall, point_of_interest, establishment"
"Arab, AL",retail food,retail,445120,Down Town Mini Mart,"300 N Main St, Boaz, AL 35957, USA",(256) 593-8003,,34.2013103,-86.1654405,4.7,26.0,ChIJx1Rte_IbiogRuzBbA2ezTWs,"convenience_store, gas_station, food, store, point_of_interest, establishment"
"Arab, AL",retail food,retail,445110,Food 4 Less,"4110 Hwy 231 B, Laceys Spring, AL 35754, USA",(256) 498-2869,https://shop.food4less.com/,34.4775791,-86.5730712,4.2,292.0,ChIJvYPO57AKYogR1bo_kBSybbc,"grocery_or_supermarket, supermarket, store, point_of_interest, food, establishment"
"Arab, AL",retail food,retail,,Madison Village Shopping Center,"9076 Madison Blvd, Madison, AL 35758, USA",(256) 665-8152,,34.6760673,-86.757672,4.2,999.0,ChIJVVZX9W1lYogRLWWb6ArjLME,"shopping_mall, point_of_interest, establishment"
"Arab, AL",retail food,retail,445110,Publix Super Market at The Shoppes at Redstone Square,"2286 Zierdt Rd, Huntsville, AL 35824, USA",(256) 774-3888,https://www.publix.com/?setstorenumber=1629&utm_medium=maps&utm_source=extendednetwork&utm_content=psm_website_url,34.6478474,-86.7198846,4.6,895.0,ChIJ5QYZ7d5vYogRT8RLC19k5Eo,"supermarket, florist, bakery, grocery_or_supermarket, liquor_store, store, point_of_interest, food, establishment"
"Arab, AL",retail food,retail,448210,DICK'S Sporting Goods,"2718 Carl T Jones Dr SE, Huntsville, AL 35802, USA",(256) 881-3212,https://stores.dickssportinggoods.com/al/huntsville/778/?seo=localpack,34.6764578,-86.54797219999999,4.0,267.0,ChIJMWs80OISYogRJ4TyC14Ipm8,"bicycle_store, shoe_store, clothing_store, store, point_of_interest, establishment"
"Arab, AL",retail food,retail,,Spencer Square,"8760 Madison Blvd, Madison, AL 35758, USA",,,34.6803716,-86.74653710000001,4.2,219.0,ChIJbwePBXxlYogRwclmR3fWa-k,"shopping_mall, point_of_interest, establishment"
"Arab, AL",retail food,retail,,Etowah Crossing Shopping Center,"952 Gilbert Ferry Rd SE, Attalla, AL 35954, USA",,,33.9977469,-86.0948693,4.2,655.0,ChIJmZLqhFQ7iogRXNN5o2LPGio,"shopping_mall, point_of_interest, establishment"
"Arab, AL",retail food,retail,445120,Akshar Discount Food,"14 AL-168, Horton, AL 35980, USA",(256) 593-4043,,34.1733967,-86.32326049999999,3.9,7.0,ChIJYdx32hD0iYgRcA1qNAdNmFM,"gas_station, convenience_store, store, point_of_interest, food, establishment"
"Arab, AL",retail food,retail,445310,Northside Beverage LLC,"1754 N Brindlee Mountain Pkwy, Arab, AL 35016, USA",(256) 586-2337,,34.3488441,-86.50347699999999,4.4,117.0,ChIJISqK46HmiYgR4ofwkEe-DMY,"liquor_store, store, point_of_interest, food, establishment"
"Arab, AL",retail food,retail,445120,Eastlake Beverage and Spirits,"3701 Lake Guntersville Park Dr, Guntersville, AL 35976, USA",(256) 582-1005,,34.3458645,-86.2771049,4.5,52.0,ChIJabukKzz5iYgR2wAuCYuByQ4,"convenience_store, liquor_store, store, point_of_interest, food, establishment"
"Arab, AL",retail food,retail,445120,Tienda Guatemex,"10737 AL-168, Boaz, AL 35957, USA",,,34.1989962,-86.1538929,3.8,4.0,ChIJk9_7HcIbiogRcXnP3g0OFTw,"convenience_store, store, point_of_interest, food, establishment"
"Arab, AL",retail food,retail,445310,Das Stahl Bierhaus,"7914 Memorial Pkwy SW Suite B2, Huntsville, AL 35802, USA",(256) 716-8372,http://shopdsb.com/,34.661236,-86.57135600000001,4.7,433.0,ChIJ01xsQMgSYogRrxmfT-XgdAk,"bar, liquor_store, store, restaurant, point_of_interest, food, establishment"
"Arab, AL",retail food,retail,,Main Street South Shopping Village,"7500 Memorial Pkwy SW, Huntsville, AL 35802, USA",,,34.6679891,-86.57410159999999,4.3,108.0,ChIJv_GYYM4SYogRPABzXve5D0E,"point_of_interest, establishment"
"Arab, AL",retail food,retail,445310,Catoma Package,"100 Co Rd 1435, Cullman, AL 35058, USA",(256) 734-8443,https://www.facebook.com/thebestliquorstoreincullman,34.2043074,-86.82679560000001,4.6,345.0,ChIJo-R81AbMiYgRFFH3xYjjnD8,"liquor_store, store, point_of_interest, establishment"
"Arab, AL",retail food,retail,,South Cullman Shopping Center,"1620 2nd Ave SW, Cullman, AL 35055, USA",,,34.1613224,-86.83442269999999,4.4,1319.0,ChIJ4Q5zSMzLiYgR0-_4u7WF9_0,"shopping_mall, point_of_interest, establishment"
"Arab, AL",retail food,retail,453910,Chambers Farm and Garden Supply,"404 Mcnabb Rd SW, Cullman, AL 35055, USA",(256) 734-3894,https://chambersfarmandgardensupply.com/,34.1716197,-86.8603523,4.7,257.0,ChIJo5ngoKfLiYgROp2Rb5lSNzQ,"florist, pet_store, general_contractor, store, point_of_interest, food, establishment"
"Arab, AL",retail food,retail,445120,Murphy USA,"11610 Memorial Pkwy SW, Huntsville, AL 35803, USA",(256) 880-5180,http://www.murphyusa.com/,34.6167743,-86.5688035,3.8,78.0,ChIJ0yphDkcNYogR2zECf5DJt4o,"gas_station, convenience_store, store, point_of_interest, food, establishment"
"Arab, AL",retail food,retail,445120,Shiloh Farms,"2780 Beulah Rd, Boaz, AL 35957, USA",(256) 281-9843,,34.2427222,-86.1445948,4.5,15.0,ChIJI5nOARobiogRY-S9em3Lt3g,"convenience_store, gas_station, store, point_of_interest, food, establishment"
"Arab, AL",clothing store,retail,452210,Marshalls,"2750 Carl T Jones Dr SE, Huntsville, AL 35802, USA",(256) 881-8131,https://www.marshalls.com/,34.674762,-86.54575,4.3,551.0,ChIJ0VX85fgSYogRdUYqLmFRrHE,"department_store, clothing_store, store, point_of_interest, establishment"
"Arab, AL",clothing store,retail,448140,Ross Dress for Less,"7360 US-431, Albertville, AL 35950, USA",(256) 878-0726,https://www.rossstores.com/,34.2793845,-86.2067168,4.3,564.0,ChIJCxnDXzMDiogRN5V7LZJKagc,"clothing_store, department_store, shoe_store, store, point_of_interest, establishment"
"Arab, AL",clothing store,retail,452210,T.J. Maxx,"1908 Marktplatz Center SW, Cullman, AL 35055, USA",(256) 736-5560,https://tjmaxx.tjx.com/store/index.jsp,34.1508612,-86.8390069,4.4,506.0,ChIJCX50Ob_LiYgRlVG-fbfQ-Ng,"department_store, jewelry_store, clothing_store, store, point_of_interest, establishment"
"Arab, AL",clothing store,retail,452210,Gabe's,"9076 Madison Blvd, Madison, AL 35758, USA",(256) 772-7272,https://location.gabesstores.com/gabes-343/,34.6760568,-86.7576978,4.2,26.0,ChIJufFLX4ZlYogRWuogCvte7C0,"department_store, shoe_store, clothing_store, store, point_of_interest, establishment"
"Arab, AL",clothing store,retail,448140,bealls,"1477 Sunset Dr, Guntersville, AL 35976, USA",(256) 571-1646,https://stores.bealls.com/al/guntersville/1477-sunset-drive,34.3521554,-86.3146182,4.4,84.0,ChIJeR9d3IP5iYgRRjEUqZLDv_E,"clothing_store, shoe_store, home_goods_store, store, point_of_interest, establishment"
"Arab, AL",clothing store,retail,452210,Target,"2750 Carl T Jones Dr SE Ste 7, Huntsville, AL 35802, USA",(256) 650-3491,https://www.target.com/sl/huntsville-south/1367,34.6732076,-86.54236,4.2,518.0,ChIJ0VX85fgSYogRn86utE9Z_XI,"department_store, shoe_store, electronics_store, furniture_store, clothing_store, home_goods_store, store, point_of_interest, establishment"
"Arab, AL",clothing store,retail,448140,Factory Connection,"1113 2nd Ave E, Oneonta, AL 35121, USA",(205) 274-0434,http://www.factory-connection.com/,33.9580803,-86.4630492,4.4,82.0,ChIJA3sh4KyRiYgRkJk4Nss0XOc,"clothing_store, shoe_store, home_goods_store, store, point_of_interest, establishment"
"Arab, AL",clothing store,retail,452210,T.J. Maxx,"7360 US-431, Albertville, AL 35950, USA",(256) 894-8107,https://tjmaxx.tjx.com/store/index.jsp,34.2790813,-86.20667949999999,4.4,751.0,ChIJO9lUFC4DiogRpuHdeyQLydA,"department_store, jewelry_store, clothing_store, store, point_of_interest, establishment"
"Arab, AL",clothing store,retail,448140,Ross Dress for Less,"1224 Cullman Shopping Center NW, Cullman, AL 35055, USA",(256) 736-9216,https://www.rossstores.com/,34.1832715,-86.8512985,4.3,615.0,ChIJ4zn4dJfLiYgRB6tpfbbKeCg,"clothing_store, department_store, shoe_store, store, point_of_interest, establishment"
"Arab, AL",clothing store,retail,448140,bealls,"2079 US-431, Boaz, AL 35957, USA",(256) 593-6723,https://stores.bealls.com/al/boaz/2079-us-highway-431,34.2150989,-86.1593982,4.6,141.0,ChIJ2QIgLZgbiogRLBiW2awy4E4,"clothing_store, shoe_store, home_goods_store, store, point_of_interest, establishment"
"Arab, AL",clothing store,retail,448140,Factory Connection,"14216 US-431, Guntersville, AL 35976, USA",(256) 582-8226,http://www.factory-connection.com/,34.3211691,-86.3107469,4.2,85.0,ChIJJ_XVYov_iYgRgKuVITxG4XY,"clothing_store, home_goods_store, store, point_of_interest, establishment"
"Arab, AL",clothing store,retail,448140,Factory Connection,"1537 US-431, Boaz, AL 35957, USA",(256) 593-5382,http://www.factory-connection.com/,34.2081341,-86.1545486,4.5,111.0,ChIJ__lVI74biogR8ZgtykQL7tA,"clothing_store, shoe_store, home_goods_store, store, point_of_interest, establishment"
"Arab, AL",clothing store,retail,448140,Factory Connection,"1621 Town Square S W, Cullman, AL 35055, USA",(256) 736-5631,http://www.factory-connection.com/,34.161794,-86.83806299999999,4.4,58.0,ChIJm3tDQcnLiYgRAyeJzTTxYRY,"clothing_store, store, point_of_interest, establishment"
"Arab, AL",clothing store,retail,448140,Duluth Trading Company,"100 Angry Beaver Wy, Madison, AL 35758, USA",(256) 850-0809,https://www.duluthtrading.com/locations/?StoreID=055&street-address=100%20Angry%20Beaver%20Way&city=Madison&srccode=WBGMB19,34.675113,-86.745919,4.5,876.0,ChIJY74cdNNV3YkRHH2YHGaC7pQ,"clothing_store, store, point_of_interest, establishment"
"Arab, AL",clothing store,retail,448140,Factory Connection,"145 N Brindlee Mountain Pkwy STE 7, Arab, AL 35016, USA",(256) 957-1692,http://www.factory-connection.com/,34.318849,-86.5046618,4.5,39.0,ChIJORw1RH7miYgRti7glPoEtRM,"clothing_store, shoe_store, home_goods_store, store, point_of_interest, establishment"
"Arab, AL",clothing store,retail,448140,Factory Connection,"7315 US-431, Albertville, AL 35950, USA",(256) 878-0026,http://www.factory-connection.com/,34.2763871,-86.20668359999999,4.5,43.0,ChIJCwEdky0DiogR_QHCgFGA6n0,"clothing_store, shoe_store, home_goods_store, store, point_of_interest, establishment"
"Arab, AL",clothing store,retail,448140,SHOP 5TH STREET LLC,"435 5th St SW, Arab, AL 35016, USA",(256) 640-3120,https://shop5thst.com/,34.3101819,-86.5008728,5.0,2.0,ChIJQ4Nxen3niYgRsB1iE8fg5HA,"clothing_store, store, point_of_interest, establishment"
"Arab, AL",clothing store,retail,448140,Amanda Grace Clothing and Boutique,"411 Fieldcrest St SW, Hartselle, AL 35640, USA",,,34.4055619,-86.9312562,,,ChIJE-ywM9oriIgRLZ2lObTJUXo,"clothing_store, store, point_of_interest, establishment"
"Arab, AL",clothing store,retail,448210,DICK'S Sporting Goods,"1106 Cullman Shopping Center NW, Cullman, AL 35055, USA",(256) 841-3534,https://stores.dickssportinggoods.com/al/cullman/1161/?seo=localpack,34.1820415,-86.8496182,3.8,382.0,ChIJF-MCOb_LiYgR70NOBuLfuYs,"bicycle_store, shoe_store, clothing_store, store, point_of_interest, establishment"
"Arab, AL",clothing store,retail,448210,Cato Fashions,"11700 Memorial Pkwy SW, Huntsville, AL 35803, USA",(256) 885-2016,https://stores.catofashions.com/al/huntsville/11700-s.-memorial-parkway?utm_source=gmb&utm_medium=Yext&y_source=1_MjY1NTk3NDktNzE1LWxvY2F0aW9uLndlYnNpdGU%3D,34.6141513,-86.56957,3.8,35.0,ChIJT5EbDUcNYogRTT9yubj3XJw,"shoe_store, clothing_store, store, point_of_interest, establishment"
"Arab, AL",clothing store,retail,448140,Palmetto Moon (Huntsville),"2750 Carl T Jones Dr SE Suite 600, Huntsville, AL 35802, USA",(256) 469-8740,http://www.palmettomoononline.com/,34.6745962,-86.54380640000001,4.9,16.0,ChIJjRoKHtMTYogRiVsMPKw3kdU,"clothing_store, shoe_store, store, point_of_interest, establishment"
"Arab, AL",clothing store,retail,448140,The Cotton Gin Boutique,"2750 Carl T Jones Dr SE Suite 1210, Huntsville, AL 35802, USA",(256) 801-8599,http://cottonginboutique.com/,34.6749787,-86.5453155,4.2,33.0,ChIJQZ35RPkSYogRHS0h66sCG88,"clothing_store, store, point_of_interest, establishment"
"Arab, AL",clothing store,retail,448210,Cato Fashions,"1916 Market Platz Center SW, Cullman, AL 35055, USA",(256) 734-0932,https://stores.catofashions.com/al/cullman/1916-market-platz-center-sw?utm_source=gmb&utm_medium=Yext&y_source=1_MjY1NTk5MzUtNzE1LWxvY2F0aW9uLndlYnNpdGU%3D,34.1504717,-86.83915619999999,4.2,66.0,ChIJCX50Ob_LiYgRyJX9IYKEx0Q,"shoe_store, clothing_store, store, point_of_interest, establishment"
"Arab, AL",clothing store,retail,448140,Dunham's Sports,"5940 US-431 Suite 100, Albertville, AL 35950, USA",(256) 891-6369,https://www.dunhamssports.com/store-details?storeID=238&city=ALBERTVILLE&state=AL,34.2649976,-86.18889879999999,4.0,199.0,ChIJ9al42rAciogRBXynrWnHrZk,"clothing_store, store, point_of_interest, establishment"
"Arab, AL",clothing store,retail,452210,Kohl's,"2775 Carl T Jones Dr SE, Huntsville, AL 35802, USA",(256) 883-8809,https://www.kohls.com/stores/al/huntsville-1438.shtml?utm_source=google&utm_medium=organic&utm_campaign=local,34.6748489,-86.53929219999999,4.2,893.0,ChIJfWYiJ_8SYogRVfzYtCKyur8,"department_store, store, point_of_interest, establishment"
"Arab, AL",clothing store,retail,448140,The Katie Grace Boutique,"113 Railroad St SW, Hartselle, AL 35640, USA",,http://www.shopkatiegrace.com/,34.4435095,-86.9334836,4.4,83.0,ChIJrU5ZrD5hYogRQ_YA_jZyq5Q,"clothing_store, store, point_of_interest, establishment"
"Arab, AL",clothing store,retail,448140,Dixie Duds and Decor,"300 2nd St SE, Cullman, AL 35055, USA",(256) 841-6444,http://www.dixiedudsanddecor.com/,34.177306,-86.8400542,4.2,30.0,ChIJd4JehjXLiYgRmwN_F3f5Vcs,"clothing_store, jewelry_store, store, point_of_interest, establishment"
"Arab, AL",clothing store,retail,452210,Belk,"1216 Cullman Shopping Center NW, Cullman, AL 35055, USA",(256) 734-8941,https://www.belk.com/store/belk-cullman-al/?StoreID=417,34.18259,-86.851035,4.2,903.0,ChIJ12O3HcnLiYgRUtqYz_68Bb8,"department_store, shoe_store, clothing_store, home_goods_store, store, point_of_interest, establishment"
"Arab, AL",clothing store,retail,448140,Vogue To Vintage,"5659 US-431, Albertville, AL 35950, USA",(256) 878-0516,https://www.voguetovintageboutique.com/,34.2597346,-86.18738359999999,4.5,32.0,ChIJd1nT6i0DiogRslbEa-CSklM,"clothing_store, store, point_of_interest, establishment"
"Arab, AL",clothing store,retail,448210,Cato Fashions,"11611 Highway 431 South, Guntersville, AL 35976, USA",(256) 878-2674,https://stores.catofashions.com/al/guntersville/11611-highway-431-south?utm_source=gmb&utm_medium=Yext&y_source=1_MjY1NjAxMzgtNzE1LWxvY2F0aW9uLndlYnNpdGU%3D,34.298652,-86.2764392,4.5,43.0,ChIJA6DXLUL4iYgRUg3HZnGzLKk,"shoe_store, clothing_store, store, point_of_interest, establishment"
"Arab, AL",clothing store,retail,448140,Shoefisticated,"101 Main St W, Hartselle, AL 35640, USA",(256) 773-1080,https://www.shoefisticated.com/,34.4440076,-86.9335037,4.4,17.0,ChIJLaGCbPIqiIgR9-agABtkEew,"clothing_store, store, point_of_interest, establishment"
"Arab, AL",clothing store,retail,448140,Nomadic Threads,"106 1st Ave NE, Cullman, AL 35055, USA",(256) 962-1789,https://nomadicthreadscullman.com/,34.1781266,-86.8432404,5.0,18.0,ChIJEba1mC_LiYgRt6vZmYDhvwg,"clothing_store, store, point_of_interest, establishment"
"Arab, AL",clothing store,retail,448140,Martin's Family Clothing,"1860 US-431, Boaz, AL 35957, USA",(256) 399-4997,https://www.martinsfc.com/,34.21293500000001,-86.15416049999999,3.3,4.0,ChIJJeltBgAbiogRx9176YuFf_c,"clothing_store, store, point_of_interest, establishment"
"Arab, AL",clothing store,retail,448140,Wild Thang,"1614 2nd Ave SW, Cullman, AL 35055, USA",(256) 737-9453,http://www.wildthanglingerie.com/,34.1621901,-86.8347577,4.2,137.0,ChIJUaIrUMzLiYgRWwy3e4R7aLc,"clothing_store, store, point_of_interest, establishment"
"Arab, AL",clothing store,retail,448140,Platform,"115 1st Ave NE, Cullman, AL 35055, USA",(256) 775-3722,http://www.platformcullman.com/,34.1783922,-86.84337459999999,4.5,16.0,ChIJwXY2jY7LiYgRZ8zxeSwbdEA,"clothing_store, store, point_of_interest, establishment"
"Arab, AL",clothing store,retail,448140,Jack's Western & Outdoor Wear,"114 Schwaiger Rd, Cullman, AL 35055, USA",(256) 739-3612,http://jackswestern.com/,34.1130518,-86.8648307,4.6,665.0,ChIJe0PqOX61iYgRqTmOaggx_OE,"clothing_store, shoe_store, store, point_of_interest, establishment"
"Arab, AL",clothing store,retail,448140,Wills Creek Clothing,"418 4th St NW, Attalla, AL 35954, USA",(256) 490-5369,http://www.willscreekclothing.com/,34.0226274,-86.0900037,5.0,2.0,ChIJJ49_9zg9iogROfF6rC5cyh8,"clothing_store, store, point_of_interest, establishment"
"Arab, AL",clothing store,retail,448210,Hibbett Sports,"7360 US-431 Ste 6, Albertville, AL 35950, USA",(256) 878-6002,https://www.hibbett.com/storedetails/AL/Albertville/1271?utm_source=gmblisting&utm_medium=organic,34.2793578,-86.2077834,4.0,90.0,ChIJpZOB2tMciogRrWr11aMOt2U,"shoe_store, clothing_store, store, point_of_interest, establishment"
"Arab, AL",clothing store,retail,452210,Walmart Supercenter,"973 Gilbert Ferry Rd SE, Attalla, AL 35954, USA",(256) 538-3811,https://www.walmart.com/store/316-attalla-al/?veh=seo_loc,33.9937374,-86.09368599999999,4.0,4092.0,ChIJo8sQLVM7iogR8nyVTPWdogw,"department_store, hardware_store, electronics_store, bakery, furniture_store, grocery_or_supermarket, clothing_store, home_goods_store, store, point_of_interest, food, establishment"
"Arab, AL",clothing store,retail,448210,Three Pears,"118 5th St SE, Cullman, AL 35055, USA",(256) 739-5577,,34.1737597,-86.83969549999999,4.5,12.0,ChIJgajqKsfLiYgRbiabNC_iQkM,"shoe_store, jewelry_store, clothing_store, store, point_of_interest, establishment"
"Arab, AL",clothing store,retail,452210,Walmart Supercenter,"330 Sutton Rd, Owens Cross Roads, AL 35763, USA",(256) 534-4140,https://www.walmart.com/store/5197-owens-cross-roads-al/?veh=seo_loc,34.6576415,-86.4854392,3.9,2418.0,ChIJiZ2AN5MRYogRYU-t9awTOfc,"department_store, hardware_store, electronics_store, bakery, furniture_store, grocery_or_supermarket, clothing_store, home_goods_store, store, point_of_interest, food, establishment"
"Arab, AL",clothing store,retail,452210,Belk,"11655 US Hwy 431 S, Guntersville, AL 35976, USA",(256) 891-1314,https://www.belk.com/store/belk-guntersville-al/?StoreID=348,34.2990684,-86.2773208,4.1,877.0,ChIJH-U0tkX4iYgRLBF6kRVrY7k,"department_store, shoe_store, clothing_store, home_goods_store, store, point_of_interest, establishment"
"Arab, AL",clothing store,retail,445120,Walgreens,"7155 US-431, Albertville, AL 35950, USA",(256) 878-4447,https://www.walgreens.com/locator/walgreens-7155+us+highway+431-albertville-al-35950/id=11279,34.2751137,-86.20439209999999,3.0,53.0,ChIJodg_WjIDiogRoS6zSZFr2Ag,"drugstore, convenience_store, clothing_store, store, health, point_of_interest, food, establishment"
"Arab, AL",clothing store,retail,445120,CVS,"1906 Cherokee Ave SW, Cullman, AL 35055, USA",(256) 775-8778,https://www.cvs.com/store-locator/cullman-al-pharmacies/1906-cherokee-ave-sw-cullman-al-35055/storeid=10416?WT.mc_id=LS_GOOGLE_FS_10416,34.1506442,-86.8445825,3.6,52.0,ChIJORJ47EjKiYgR-uTMiYWQILM,"drugstore, convenience_store, clothing_store, liquor_store, store, health, point_of_interest, food, establishment"
"Arab, AL",clothing store,retail,448140,Off The Rack Consignment Boutique,"2004 Byrd Spring Rd SW, Huntsville, AL 35802, USA",(256) 886-8304,https://www.offtherack256.com/,34.6659523,-86.57317760000001,4.6,115.0,ChIJVXtq7URrYogRKZAyaV4LGJ4,"clothing_store, store, point_of_interest, establishment"
"Arab, AL",clothing store,retail,445110,Big Lots,"14228 US-431, Guntersville, AL 35976, USA",(256) 571-0280,http://www.biglots.com/,34.3220858,-86.31048729999999,4.3,461.0,ChIJCeEj9Qn5iYgR5ReYW0mX1vQ,"grocery_or_supermarket, clothing_store, store, point_of_interest, food, establishment"
"Arab, AL",clothing store,retail,448210,Hibbett Sports,"1631 Town Square S W, Cullman, AL 35055, USA",(256) 775-3990,https://www.hibbett.com/storedetails/AL/Cullman/169?utm_source=gmblisting&utm_medium=organic,34.1614904,-86.8383654,4.2,110.0,ChIJ9TU6r4HLiYgRuplm2tL3aXE,"shoe_store, clothing_store, store, point_of_interest, establishment"
"Arab, AL",clothing store,retail,448210,Hibbett Sports,"11474 US-431, Guntersville, AL 35976, USA",(256) 891-2669,https://www.hibbett.com/storedetails/AL/Guntersville/341?utm_source=gmblisting&utm_medium=organic,34.3023303,-86.2772409,4.3,55.0,ChIJydL0f0H4iYgRuWQu7aDI58Y,"shoe_store, clothing_store, store, point_of_interest, establishment"
"Arab, AL",clothing store,retail,448140,JPosh Apparel,"103 Main St W, Hartselle, AL 35640, USA",(256) 502-9454,http://www.jposhapparel.com/,34.4440367,-86.93361390000001,5.0,1.0,ChIJE9O1ly0riIgR6qOzzLjRcP0,"clothing_store, store, point_of_interest, establishment"
"Arab, AL",clothing store,retail,448210,Allie and Me Boutique,"1070 US-431, Boaz, AL 35957, USA",(256) 281-9566,http://shopallieandme.com/,34.2019691,-86.1510772,4.7,21.0,ChIJZYGzJQkXiogRUjnX1iy2zxg,"shoe_store, jewelry_store, clothing_store, store, point_of_interest, establishment"
"Arab, AL",clothing store,retail,445120,Walgreens,"1400 Gunter Ave, Guntersville, AL 35976, USA",(256) 582-2513,https://www.walgreens.com/locator/walgreens-1400+gunter+ave-guntersville-al-35976/id=12911,34.3459696,-86.3041346,2.6,51.0,ChIJMwZlliP5iYgRH6qm2Du6OxE,"drugstore, convenience_store, clothing_store, store, health, point_of_interest, food, establishment"
"Arab, AL",convenience store,retail,445120,Dale's 1,"100 Arkadelphia Rd, Hanceville, AL 35077, USA",(256) 352-3199,https://m.facebook.com/dalesblackmountainbeverage,34.06669430000001,-86.7631286,4.1,123.0,ChIJv3nUnQq3iYgRow5HqwkDkc8,"convenience_store, liquor_store, gas_station, food, point_of_interest, store, establishment"
"Arab, AL",convenience store,retail,445120,Fairview Superette,"648 Wesley Ave N, Cullman, AL 35058, USA",(256) 796-6131,http://www.chevronwithtechron.com/stations/station-finder.aspx,34.2536491,-86.6887187,4.0,12.0,ChIJ10xQKu7EiYgRZxtAwx0ayPo,"gas_station, convenience_store, grocery_or_supermarket, car_repair, food, point_of_interest, store, establishment"
"Arab, AL",convenience store,retail,445120,Pier 69 Beverages,"3918 AL-69, Guntersville, AL 35976, USA",(256) 486-9213,,34.3637569,-86.3529021,3.8,16.0,ChIJbdf8dvb7iYgRf7J7EfEOtWA,"convenience_store, food, point_of_interest, store, establishment"
"Arab, AL",convenience store,retail,445120,Tucker's Grocery,"2201 AL-67 s, Somerville, AL 35670, USA",(256) 822-2000,,34.495318,-86.846373,3.8,23.0,ChIJE0V8YQ9_YogR01f1wCdaCck,"convenience_store, liquor_store, food, point_of_interest, store, establishment"
"Arab, AL",convenience store,retail,445120,Circle K,"11040 Memorial Pkwy SW, Huntsville, AL 35803, USA",(256) 883-6344,https://www.circlek.com/store-locator/US/huntsville/11040-memorial-pkwy-sw/2723734?utm_source=google&utm_medium=local&utm_campaign=google-local,34.6294602,-86.56792860000002,4.1,139.0,ChIJGRX4OzkNYogRBx_LZMb7sWc,"convenience_store, gas_station, atm, finance, food, point_of_interest, store, establishment"
"Arab, AL",convenience store,retail,445120,LAKESIDE PURE,"21850 US-431, Guntersville, AL 35976, USA",(256) 582-0809,,34.4162684,-86.2668389,3.7,13.0,ChIJlalJ0pr_iYgRRkDDTAZFvFY,"gas_station, convenience_store, food, point_of_interest, store, establishment"
"Arab, AL",convenience store,retail,445120,MAPCO Mart,"8873 US-431, Albertville, AL 35950, USA",(256) 891-0720,https://www.mapcorewards.com/,34.285154,-86.2316352,4.1,55.0,ChIJ8_JBCcYCiogRUNUbGIGGk1E,"convenience_store, gas_station, food, point_of_interest, store, establishment"
"Arab, AL",convenience store,retail,445120,Jiff-E-Mart,"183 College Ave, New Hope, AL 35760, USA",(256) 723-4227,,34.5390528,-86.3908658,4.4,16.0,ChIJ9_0G1nYGYogRI25esOzsc2E,"gas_station, convenience_store, food, point_of_interest, store, establishment"
"Arab, AL",convenience store,retail,445120,Circle K,"6001 AL-157, Cullman, AL 35058, USA",(256) 775-9016,"https://www.circlek.com/store-locator/US/cullman/6001-al-hwy-157/2704889?address=Cullman,%20Alabama%2035058,%20United%20States&lat=34.25&lng=-86.68&lang=en",34.2066678,-86.87535299999999,4.2,161.0,ChIJsQ0AaJzMiYgRuEvsZsF3bn0,"convenience_store, gas_station, food, point_of_interest, store, establishment"
"Arab, AL",convenience store,retail,445120,Circle K,"2242 US-431, Boaz, AL 35957, USA",(256) 593-1779,https://www.circlek.com/store-locator/US/boaz/2242-us-hwy-431/2723654?utm_source=google&utm_medium=local&utm_campaign=google-local,34.2178875,-86.1570673,3.6,70.0,ChIJ9_bDrpkbiogRIsroWfsMOyc,"convenience_store, gas_station, meal_takeaway, atm, finance, restaurant, food, point_of_interest, store, establishment"
"Arab, AL",convenience store,retail,445120,Sprint Mart,"172 AL-67, Decatur, AL 35603, USA",(800) 836-6662,https://www.sprintmart.com/,34.5300574,-86.9006014,4.8,21.0,ChIJF2N4tZR_YogREPhCZLdy5gs,"gas_station, convenience_store, food, point_of_interest, store, establishment"
"Arab, AL",convenience store,retail,445120,wavaho priceville,"732 AL-67, Decatur, AL 35603, USA",(256) 686-0808,,34.519937,-86.8872859,4.4,17.0,ChIJU0EZlix_YogRqAFaQjzqVoU,"convenience_store, gas_station, food, point_of_interest, store, establishment"
"Arab, AL",convenience store,retail,445120,MinitMan Food Stores,"813 Horton Rd, Albertville, AL 35950, USA",(256) 878-8498,,34.2586059,-86.2171803,4.5,4.0,ChIJ7W6yDCcdiogRiZpJEDAcuIE,"convenience_store, gas_station, food, point_of_interest, store, establishment"
"Arab, AL",convenience store,retail,445120,Grant Food Mart,"29538 US-431, Grant, AL 35747, USA",,,34.4590726,-86.3496582,4.0,2.0,ChIJNw7oj1kHYogRCTGIrcfpypU,"convenience_store, food, point_of_interest, store, establishment"
"Arab, AL",convenience store,retail,445120,Pure Gas Station Five Points Grocery,"205 Rosemont Ave NW, Cullman, AL 35055, USA",(256) 734-9825,,34.1778594,-86.8566343,4.7,18.0,ChIJkXA7JKLLiYgRopNgYIFwN1U,"convenience_store, gas_station, food, point_of_interest, store, establishment"
"Arab, AL",convenience store,retail,445120,MinitMan Food Stores,"687 AL-75 North, Albertville, AL 35950, USA",(256) 878-3659,,34.2815508,-86.19461299999999,4.7,3.0,ChIJ_TlvR0gDiogROVOsBBK6_N8,"convenience_store, gas_station, food, point_of_interest, store, establishment"
"Arab, AL",convenience store,retail,445120,Marathon Gas,"18562 John T Reid Pkwy, Scottsboro, AL 35768, USA",(256) 574-9990,https://www.marathonbrand.com/Stations/Station_Locator/,34.6217305,-86.0983978,3.8,87.0,ChIJwd3cAvjvYYgRKaubSyMsaB0,"gas_station, convenience_store, food, point_of_interest, store, establishment"
"Arab, AL",convenience store,retail,445120,MinitMan Food Stores,"172 AL-67, Decatur, AL 35603, USA",(256) 350-0656,,34.53013079999999,-86.9005031,3.7,3.0,ChIJ-6K_Syd-YogRs9LorSKIb5U,"convenience_store, gas_station, food, point_of_interest, store, establishment"
"Arab, AL",convenience store,retail,445120,Backwoods Grocery,"5400 Swearengin Rd, Scottsboro, AL 35769, USA",(256) 728-8664,,34.56756,-86.1793247,4.8,25.0,ChIJF6V4nGP5YYgReZD0mzb-GyA,"convenience_store, food, point_of_interest, store, establishment"
"Arab, AL",convenience store,retail,445120,dales market,"364 County Rd 222 Suite A, Cullman, AL 35055, USA",(256) 841-7150,,34.1306938,-86.8621122,5.0,4.0,ChIJzf70UWXLiYgRf-irnQn9n7c,"convenience_store, store, food, point_of_interest, establishment"
"Arab, AL",convenience store,retail,445120,New Hope Food Mart,"10122 US-431, New Hope, AL 35760, USA",(256) 723-4115,,34.5502916,-86.4335047,4.2,5.0,ChIJX7-XBUwPYogROXzzmizXOjg,"convenience_store, gas_station, store, food, point_of_interest, establishment"
"Arab, AL",convenience store,retail,445120,Don's Convenience Store,"1010 Cullman Rd, Arab, AL 35016, USA",(256) 586-1249,,34.3150506,-86.5132526,4.5,17.0,ChIJfdAxYm_miYgReKr2qBdqz1U,"convenience_store, store, food, point_of_interest, establishment"
"Arab, AL",convenience store,retail,445120,Dollar General,"15 N Brindlee Mountain Pkwy Pk, Arab, AL 35016, USA",(256) 673-2601,https://www.dollargeneral.com/store-directory/al/arab/2602,34.3153861,-86.5045896,4.2,515.0,ChIJPfTMvXnmiYgRjhAj6v5vjww,"drugstore, convenience_store, grocery_or_supermarket, health, store, food, point_of_interest, establishment"
"Arab, AL",convenience store,retail,445120,Circle K,"Buck Island Dr, Guntersville, AL 35976, USA",,,34.3933095,-86.27435799999999,3.9,25.0,ChIJ9ZXz-Gz_iYgRceIcJwslavU,"convenience_store, store, food, point_of_interest, establishment"
"Arab, AL",convenience store,retail,445120,Chevron Cleveland,"36320 AL-79, Cleveland, AL 35049, USA",(205) 274-4420,https://www.chevronwithtechron.com/station?address=84128,33.9847796,-86.586936,4.4,28.0,ChIJzSmEGo-9iYgR9IzvpzqaXfI,"convenience_store, gas_station, store, food, point_of_interest, establishment"
"Arab, AL",convenience store,retail,445120,Five Points Store& Cafe,"574 S Sauty Rd, Guntersville, AL 35976, USA",(256) 571-2666,https://m.facebook.com/murdock5points/,34.4476339,-86.17671700000001,3.7,6.0,ChIJcZ9akaoAiogRMlg1aWa1M78,"convenience_store, store, food, point_of_interest, establishment"
"Arab, AL",convenience store,retail,445120,High Point Grocery,"4239 Highpoint Rd, Albertville, AL 35950, USA",(256) 891-6155,,34.241552,-86.27868319999999,4.4,20.0,ChIJqUKqGLj3iYgRyRML1qQmJGg,"gas_station, convenience_store, store, food, point_of_interest, establishment"
"Arab, AL",convenience store,retail,445120,Texaco,"3266 AL-157, Cullman, AL 35055, USA",(256) 737-0255,https://www.texaco.com/content/texaco/en_us/home/find-a-station.html?/station/3266-HWY-157-CULLMAN-AL-35055-id302809,34.203749,-86.8279049,4.0,25.0,ChIJrUaeN1XJiYgRPObemiX56jI,"gas_station, convenience_store, store, food, point_of_interest, establishment"
"Arab, AL",convenience store,retail,445120,MinitMan Food Stores,"12985 Highway 431 South, 12985 US-431, Guntersville, AL 35976, USA",(256) 582-8877,,34.307798,-86.2966532,3.1,9.0,ChIJcTf6VE34iYgRIHMGxzMPiq4,"convenience_store, gas_station, store, food, point_of_interest, establishment"
"Arab, AL",convenience store,retail,445120,Shell,"1004 Florida Short Route US-431, Boaz, AL 35957, USA",(256) 593-4690,https://find.shell.com/us/fuel/10010305-1004-us-highway-431/en_US,34.2009614,-86.1507252,4.3,56.0,ChIJY7DzJcEbiogRFbXoepYZHjk,"gas_station, convenience_store, store, food, point_of_interest, establishment"
"Arab, AL",convenience store,retail,445120,Circle K,"8947 US-431, Owens Cross Roads, AL 35763, USA",(256) 725-3415,https://www.circlek.com/store-locator/US/owens-cross-roads/8947-us-hwy-431/2709065?utm_source=google&utm_medium=local&utm_campaign=google-local,34.5871605,-86.45047579999999,3.3,76.0,ChIJj5TKTAYPYogRaLUFu2ifMeE,"convenience_store, gas_station, store, food, point_of_interest, establishment"
"Arab, AL",convenience store,retail,445120,Brooksville Foodmart/Jet-pep,"81551 US-278, Blountsville, AL 35031, USA",(205) 429-4881,,34.1620062,-86.4744482,4.1,17.0,ChIJDZ3Fi0_siYgRNjDjOORqyEM,"convenience_store, gas_station, store, food, point_of_interest, establishment"
"Arab, AL",convenience store,retail,445120,MinitMan Food Stores,"1004 US-431, Boaz, AL 35957, USA",(256) 593-4690,,34.200998,-86.1507139,5.0,1.0,ChIJxRNRkIkLiogRSIwNtzKAsEo,"convenience_store, gas_station, store, food, point_of_interest, establishment"
"Arab, AL",convenience store,retail,445120,Stop N Save,"601 Baltimore Ave, Albertville, AL 35950, USA",(256) 878-1427,,34.257505,-86.1985394,4.6,5.0,ChIJHRZW78YciogR4IE6ou6jSq0,"convenience_store, gas_station, store, food, point_of_interest, establishment"
"Arab, AL",convenience store,retail,445120,MinitMan Food Stores,"11900 Memorial Pkwy SW, Huntsville, AL 35803, USA",(256) 882-2932,,34.61288510000001,-86.5678238,,,ChIJB8-D_jgNYogR2SWZt23xJgc,"convenience_store, gas_station, store, food, point_of_interest, establishment"
"Arab, AL",convenience store,retail,445310,1st Super Store,"12855 US-431, Boaz, AL 35956, USA",(256) 593-4345,,34.184085,-86.1456606,4.1,117.0,ChIJGwEILNgbiogR_LwiCToRUeQ,"liquor_store, gas_station, convenience_store, store, food, point_of_interest, establishment"
"Arab, AL",convenience store,retail,445120,Murphy USA,"624 Olive St SW, Cullman, AL 35055, USA",(256) 739-7143,http://www.murphyusa.com/,34.1508991,-86.8429414,4.1,67.0,ChIJK_XWKTLKiYgRTJIEw-KOhpY,"gas_station, convenience_store, store, food, point_of_interest, establishment"
"Arab, AL",convenience store,retail,445120,Murphy USA,"2040 Florida Short Route US-431, Boaz, AL 35957, USA",(256) 593-0975,http://www.murphyusa.com/,34.215953,-86.1565351,4.3,104.0,ChIJJ6AIKZgbiogRtTdK7vT9rhw,"gas_station, convenience_store, store, food, point_of_interest, establishment"
"Arab, AL",convenience store,retail,445120,Dollar General,"4240 Highpoint Rd, Albertville, AL 35950, USA",(256) 660-6340,https://www.dollargeneral.com/store-directory/al/albertville/15729,34.2421657,-86.27891799999999,4.3,292.0,ChIJ67WEJbj3iYgR2F4QIgA_zIs,"convenience_store, grocery_or_supermarket, drugstore, store, health, food, point_of_interest, establishment"
"Arab, AL",convenience store,retail,445120,Dollar General,"890 Fields Rd, Laceys Spring, AL 35754, USA",(256) 529-4168,https://www.dollargeneral.com/store-directory/al/laceys-spring/20320,34.559659,-86.5818899,4.3,186.0,ChIJt71JR5tzYogRxxZAf7xgKNA,"convenience_store, grocery_or_supermarket, drugstore, store, health, food, point_of_interest, establishment"
"Arab, AL",convenience store,retail,445120,Murphy USA,"1468 N Brindlee Mountain Pkwy, Arab, AL 35016, USA",(256) 216-4138,http://www.murphyusa.com/,34.3427908,-86.5025722,3.9,116.0,ChIJjahmFpzmiYgRxWSIjRIIqKY,"gas_station, convenience_store, store, food, point_of_interest, establishment"
"Arab, AL",convenience store,retail,445120,Dollar General,"5975 Co Rd 1763, Arab, AL 35016, USA",(256) 660-6082,https://www.dollargeneral.com/store-directory/al/arab/17468,34.2776721,-86.495114,4.6,120.0,ChIJ0w_LAafoiYgRc1CFL8bk3fs,"convenience_store, grocery_or_supermarket, drugstore, store, health, food, point_of_interest, establishment"
"Arab, AL",convenience store,retail,445120,Murphy USA,"11705 US-431, Guntersville, AL 35976, USA",(256) 891-1099,http://www.murphyusa.com/,34.3012452,-86.2794227,3.9,16.0,ChIJN1c1NUT4iYgR3hf9g5v7Gt4,"gas_station, convenience_store, store, food, point_of_interest, establishment"
"Arab, AL",convenience store,retail,445120,Dollar General,"105 2nd St SW, Garden City, AL 35070, USA",(256) 787-2080,https://www.dollargeneral.com/store-directory/al/garden-city/19783,34.0145433,-86.7490631,4.4,176.0,ChIJzdMYCCKxiYgRVZcOXGsxmoM,"convenience_store, grocery_or_supermarket, drugstore, store, health, food, point_of_interest, establishment"
"Arab, AL",convenience store,retail,445120,Dollar General,"8842 US-431, Albertville, AL 35950, USA",(256) 251-3199,https://www.dollargeneral.com/store-directory/al/albertville/20894,34.2857464,-86.2307254,4.1,143.0,ChIJA6s_hgwDiogRawv5nJgftxM,"convenience_store, grocery_or_supermarket, drugstore, store, health, food, point_of_interest, establishment"
"Arab, AL",convenience store,retail,445120,Dollar General,"4143 AL-36, Somerville, AL 35670, USA",(256) 502-5145,https://www.dollargeneral.com/store-directory/al/somerville/9874,34.4466086,-86.755898,4.2,336.0,ChIJc3EdfuzXiYgRgPJP7S9xiyM,"convenience_store, grocery_or_supermarket, drugstore, store, health, food, point_of_interest, establishment"
"Arab, AL",convenience store,retail,445120,Dollar General,"171 AL-69 S, Hanceville, AL 35077, USA",(256) 787-2121,https://www.dollargeneral.com/store-directory/al/hanceville/9554,34.052629,-86.8681002,4.1,404.0,ChIJj3QUffG0iYgROtVWQn8GKsI,"convenience_store, grocery_or_supermarket, drugstore, store, health, food, point_of_interest, establishment"
"Arab, AL",wholesale,retail,,Mitchell Grocery Corporation,"550 Railroad Ave, Albertville, AL 35950, USA",(256) 878-4211,http://mitchellgrocery.com/,34.27865,-86.2142135,3.4,363.0,ChIJJ3s18SkDiogR4Xo_Zl4p2rY,"food, point_of_interest, establishment"
"Arab, AL",distributor,retail,,Gulf Distributing of Alabama,"5860 Endeavor Way, Tanner, AL 35671, USA",,https://gulfdistributing.com/,34.6393874,-86.8991904,2.8,62.0,ChIJMYUx2vt9YogRAQrUzl5aKyE,"point_of_interest, establishment"
"Arab, AL",distributor,retail,,Walmart Distribution Center,"2200 7th Ave SW, Cullman, AL 35055, USA",(256) 739-0763,http://www.walmart.com/,34.1361682,-86.84560739999999,3.6,604.0,ChIJrYe7GUHKiYgRdmyUOf3UnH4,"storage, point_of_interest, establishment"
"Arab, AL",distributor,retail,,Adams Beverages Gadsden,"200 Jd Smith Dr, Attalla, AL 35954, USA",,,34.0012504,-86.11536459999999,4.3,14.0,ChIJLxxGBp8kiogRuCRCpbSRAMU,"point_of_interest, establishment"
"Arab, AL",distributor,retail,,Supreme Beverage Co Inc,"5860 Endeavor Way, Tanner, AL 35671, USA",(256) 534-1482,http://www.supremebeverage.com/,34.6395497,-86.8992201,4.0,34.0,ChIJAQAAAF9rYogRM_3_d_8wRG0,"point_of_interest, establishment"
"Arab, AL",distributor,retail,,Allied Crawford Inc,"208 Lee St SE, Attalla, AL 35954, USA",(256) 538-8210,,33.9889962,-86.11887349999999,2.7,14.0,ChIJjbkpdZ8iiogRpLwv-G6GKNg,"point_of_interest, establishment"
"Arab, AL",distributor,retail,,Buffalo Rock Co,"12738 AL-20, Madison, AL 35756, USA",(256) 837-3531,https://www.buffalorock.com/,34.654823,-86.81127219999999,3.8,62.0,ChIJ-6la3R1sYogRkzTmiU1UK4k,"point_of_interest, establishment"
"Arab, AL",distributor,retail,,Wittichen Supply Co,"501 Railroad Ave, Albertville, AL 35950, USA",(256) 878-0381,http://wittichen-supply.com/locations/albertville-store/,34.2764247,-86.21191449999999,4.5,15.0,ChIJnzKEkisDiogRGsR-naa13Mc,"home_goods_store, store, point_of_interest, establishment"
"Arab, AL",distributor,retail,445310,Windmill Beverages,"13136 Memorial Pkwy SW STE C, Huntsville, AL 35803, USA",(256) 882-1313,http://www.yelp.com/biz/windmill-beverages-huntsville,34.5887276,-86.5637124,4.4,323.0,ChIJ74Laj94MYogRBcvlFuy6OKo,"liquor_store, store, point_of_interest, establishment"
"Arab, AL",distributor,retail,445310,Windmill Beverages,"3764 Wall Triana Hwy SW # A, Madison, AL 35758, USA",(256) 464-0860,https://windmillbev.com/,34.6799297,-86.75235769999999,4.4,233.0,ChIJy0mvUW9lYogRHZQwLk8-iUE,"liquor_store, store, point_of_interest, establishment"
"Arab, AL",distributor,retail,445310,Vices Beverages at South Parkway,"4060 Memorial Pkwy SW, Huntsville, AL 35802, USA",(256) 882-7748,http://www.liquorstorehuntsville.com/,34.6792013,-86.577227,4.6,245.0,ChIJ-62lUtQSYogRPBTQVCg8wuA,"liquor_store, store, point_of_interest, establishment"
"Arab, AL",distributor,retail,,JTR Distributing,"134 Co Rd 1632, Cullman, AL 35058, USA",(256) 796-1148,,34.209491,-86.74508800000001,4.7,6.0,ChIJmWNLb1fPiYgRnXrD8kzQpy4,"point_of_interest, establishment"
"Arab, AL",distributor,retail,,Cullman Coca-Cola Bottling Company,"1145 Co Rd 437, Cullman, AL 35057, USA",(256) 734-0613,http://cocacolaunited.com/locations/cullman,34.1216241,-86.8577679,5.0,7.0,ChIJ18ao9HzKiYgR1BXdvqeoXQk,"point_of_interest, food, establishment"
"Arab, AL",distributor,retail,,Roze Distribution Inc,"1601 22nd St SE Ste 1, Cullman, AL 35055, USA",(256) 739-1426,https://www.rozedist.com/,34.139508,-86.81932359999999,4.3,12.0,ChIJx_J51ovJiYgRA-fagPr-Hwk,"point_of_interest, establishment"
"Arab, AL",distributor,retail,,A & J Steel Products,"110 Industrial Dr, Snead, AL 35952, USA",(205) 466-5636,http://www.aandjsteel.net/,34.1301083,-86.4095263,5.0,17.0,ChIJJfI-BMHyiYgRqU2y2z3aDoI,"point_of_interest, store, establishment"
"Arab, AL",distributor,retail,,Harris Metal,"4860 County Rd 222, Cullman, AL 35057, USA",(256) 708-4411,,34.107975,-86.926515,5.0,1.0,ChIJQZM1pD5LiIgR_UfDY2-U-xw,"point_of_interest, establishment"
"Arab, AL",distributor,retail,,Valco Distribution Co,"403 Henderson Ave W, Boaz, AL 35957, USA",(256) 593-6331,,34.2216015,-86.176885,4.3,8.0,ChIJn4riM38ciogRuFCDgTKe_m0,"point_of_interest, establishment"
"Arab, AL",distributor,retail,445310,Cabin Fever Beverages - Good Hope,"1536 Co Rd 437, Good Hope, AL 35055, USA",(256) 775-0076,http://cabinfeverbeverages.com/,34.1171612,-86.8626733,4.6,283.0,ChIJrR2-mYDKiYgR1qaodXjqwQs,"liquor_store, point_of_interest, store, establishment"
"Arab, AL",distributor,retail,,Coosa Valley Steel Co Inc,"3455 US-431, Attalla, AL 35954, USA",(256) 538-3734,https://cvsteel.com/,34.0568301,-86.1198649,3.3,7.0,ChIJrb0dAOYiiogRaDpa4zFxyEQ,"point_of_interest, establishment"
"Arab, AL",distributor,retail,,Warren Distribution,"127 Textile Ave, Albertville, AL 35950, USA",(256) 582-6888,,34.2479646,-86.1902165,4.4,101.0,ChIJfTR9epYciogR5opOIMMDZk0,"point_of_interest, establishment"
"Arab, AL",distributor,retail,445310,All American Beverage,"421 N Broad St #1727, Albertville, AL 35950, USA",(256) 660-1199,,34.2745995,-86.20503529999999,3.2,26.0,ChIJX4LQkDIDiogRn_xRps77rGs,"liquor_store, convenience_store, food, point_of_interest, store, establishment"
"Arab, AL",distributor,retail,,Hanceville Distribution Center,"439 Jochum Rd, Hanceville, AL 35077, USA",(256) 352-1000,https://www.bhamfast.com/locations/hanceville-al/,34.0341249,-86.7476382,4.9,7.0,ChIJHe5Js1m3iYgRtebrLMLKGbQ,"point_of_interest, establishment"
"Arab, AL",food distributor,retail,,Farm Fresh Foods,"245-269 Grimes Dr, Guntersville, AL 35976, USA",(256) 264-9180,https://www.fsis.usda.gov/inspection/fsis-inspected-establishments/farm-fresh-foods-llc,34.30881460000001,-86.2822041,3.0,159.0,ChIJXwiRT1v4iYgRpfUrnZ0Ku4g,"point_of_interest, establishment"
"Arab, AL",food distributor,retail,,Tyson Foods Inc,"67240 Main St, Blountsville, AL 35031, USA",(205) 429-2421,http://www.tyson.com/,34.0578824,-86.57854669999999,2.6,141.0,ChIJwzgdaym-iYgRetNbtUDoBKo,"food, point_of_interest, establishment"
"Arab, AL",food distributor,retail,,Tyson Foods-Main Entrance,"2281 Steele Station Rd, Gadsden, AL 35906, USA",(256) 413-6800,https://www.tysonfoods.com/,33.962156,-86.0784276,3.8,115.0,ChIJlQZSTSE7iogRrXsxBhdAm3U,"food, point_of_interest, establishment"
"Arab, AL",food distributor,retail,,G.A. Food Services,"516 Veterans Wy, Guntersville, AL 35976, USA",(888) 311-8003,,34.313099,-86.3077485,4.4,14.0,ChIJpW2TSn75iYgR-yx8Zt7_dIY,"food, point_of_interest, establishment"
"Arab, AL",food distributor,retail,,Natures Best Egg Co,"1400 Co Rd 1568, Cullman, AL 35058, USA",(256) 796-8818,,34.261248,-86.6467727,4.8,4.0,ChIJ9Q6c9mnDiYgR0zJwnh4FpMA,"food, point_of_interest, establishment"
"Arab, AL",food distributor,retail,,Tyson Foods Freight Entrance,"40535 AL-79, Blountsville, AL 35031, USA",(205) 429-2421,,34.0521233,-86.5754122,2.5,88.0,ChIJlWVnXoaViYgR9WeHbKOX4cs,"food, point_of_interest, establishment"
"Arab, AL",food distributor,retail,445110,Frito-Lay Inc,"114 Jetplex Cir, Madison, AL 35758, USA",(256) 464-0908,http://www.fritolay.com/,34.6688003,-86.7783815,4.9,8.0,ChIJQXE75x5lYogRNqKMSy8EcAg,"grocery_or_supermarket, food, store, point_of_interest, establishment"
"Arab, AL",food distributor,retail,,Hope Janitorial,"760 Co Rd 437, Cullman, AL 35055, USA",(256) 736-9944,,34.1269136,-86.8577066,4.4,7.0,ChIJkZpaf2PKiYgRbXfs1MDQS2s,"food, point_of_interest, establishment"
"Arab, AL",food distributor,retail,,Emmaus Foods LLC,"661 Railroad Ave, Albertville, AL 35951, USA",(256) 894-5934,http://www.emmausfoods.com/,34.2831174,-86.2159193,3.5,39.0,ChIJQcvwvSkDiogR4gjqQZpnkwQ,"food, point_of_interest, establishment"
"Arab, AL",food distributor,retail,,OK Foods 431,"5000 US-431, Albertville, AL 35950, USA",(256) 894-3339,,34.2532412,-86.1798036,2.9,43.0,ChIJJVg7bKEciogRJdBoDkVZI6o,"food, point_of_interest, establishment"
"Arab, AL",food distributor,retail,,Tyson Foods - Truck Entrance,"2283 Steele Station Rd, Gadsden, AL 35906, USA",(256) 413-6880,http://tysonfoods.com/,33.96209080000001,-86.08051610000001,1.0,1.0,ChIJid5_Gfo7iogRsqojVHng2ck,"food, point_of_interest, establishment"
"Arab, AL",food distributor,retail,,Lebons food store LLC,"1432 3rd St SW suite 3, Attalla, AL 35954, USA",,,34.0054598,-86.1115185,,,ChIJk-rW8awjiogRn2TE7TTw7Zw,"point_of_interest, establishment"
"Arab, AL",grocery wholesaler,retail,,Mitchell Grocery Corporation,"2320 George Wallace Dr, Albertville, AL 35951, USA",(256) 891-0496,,34.2926712,-86.2174072,3.9,13.0,ChIJL5Dkz98CiogRjur0opQQPOs,"point_of_interest, establishment"
"Arab, AL",grocery wholesaler,retail,445110,Thanh Hung super market Market,"8760 Madison Blvd B, Madison, AL 35758, USA",(256) 464-0944,,34.6803689,-86.74642829999999,4.4,521.0,ChIJoYrnCXxlYogRtYGd3umVKVk,"cafe, supermarket, grocery_or_supermarket, store, restaurant, food, point_of_interest, establishment"
"Arab, AL",grocery wholesaler,retail,445310,Sam's Club,"2235 National Blvd SW, Huntsville, AL 35803, USA",(256) 881-8186,https://www.samsclub.com/club/huntsville-al-sams-club/8107,34.6421312,-86.57238889999999,4.3,975.0,ChIJddTRx6gSYogR8M9PkuvySSQ,"liquor_store, electronics_store, store, food, point_of_interest, establishment"
"Arab, AL",wholesale grocery,retail,445110,Barrera Supermarket,"19294 AL-68, Crossville, AL 35962, USA",(256) 561-3639,https://www.facebook.com/share/1WeowB25Dw/?mibextid=wwXIfr,34.2688639,-86.0721066,4.4,84.0,ChIJGVDdKOAPiogRCqp1ECWiQCU,"grocery_or_supermarket, supermarket, food, store, point_of_interest, establishment"
"Arab, AL",wholesale meat,retail,,D&S Quality Beef,"2597 Co Rd 58, Albertville, AL 35951, USA",(256) 659-4417,,34.3767978,-86.05764669999999,4.9,29.0,ChIJI1XRmc0JiogRgINSAy1WKiQ,"food, point_of_interest, store, establishment"
"Arab, AL",wholesale meat,retail,,Arab Meat Market,"10 N Main St, Arab, AL 35016, USA",(256) 586-4811,https://www.facebook.com/arabmeatmarket/,34.3166696,-86.49530899999999,4.8,79.0,ChIJ594RJdfliYgRPN3HZ8UXohA,"food, point_of_interest, store, establishment"
"Arab, AL",wholesale meat,retail,,The Butcher Meat Co.,"149 Patton Dr, Cullman, AL 35058, USA",(256) 747-5416,https://butchermeatco.com/,34.2351158,-86.8633727,4.8,107.0,ChIJo1uVYV_NiYgRVUeuKFBdgoc,"food, point_of_interest, store, establishment"
"Arab, AL",wholesale meat,retail,,Brickyard Meats- Butcher Shop & Custom Processing,"257 Co Rd 471, Cullman, AL 35055, USA",(256) 739-6615,http://www.brickyardmeats.com/,34.1556332,-86.8710741,4.7,148.0,ChIJI8E1yf3KiYgR4n5IWF1_O78,"food, point_of_interest, store, establishment"
"Arab, AL",wholesale meat,retail,,Cullman Meat Processors,"3415 Hwy, 278w, 3415 U.S. Hwy 278 W, Cullman, AL 35057, USA",(256) 747-8004,http://www.cullmanmeatprocessors.com/,34.1928491,-86.9348615,4.1,9.0,ChIJg55P6PA1iIgRhA30Ze_SQpU,"food, point_of_interest, store, establishment"
"Arab, AL",wholesale meat,retail,,Brothers Processing,"551 Co Rd 485, Hanceville, AL 35077, USA",(205) 388-7049,,34.1187366,-86.8236154,4.3,55.0,ChIJjS07XQLKiYgRt7bIQP1tUHE,"food, point_of_interest, store, establishment"
"Arab, AL",wholesale seafood,retail,,A&V Seafood Market,"2000 Cecil Ashburn Dr SE #107, Huntsville, AL 35802, USA",(256) 883-7101,http://www.facebook.com/pages/AV-Seafood-Market/264229946943072?v=info,34.6714554,-86.53806999999999,4.7,197.0,ChIJDxYRo1cSYogRuj6L4qiMfQk,"food, point_of_interest, establishment"
"Arab, AL",wholesale seafood,retail,722511,Capeside Fish Company,"726 W Grand Ave, Rainbow City, AL 35906, USA",(256) 952-2793,http://capesidefish.com/,33.972701,-86.0553916,4.5,415.0,ChIJ5a-n6Ak7iogRgB0YVA_fdyI,"restaurant, food, point_of_interest, establishment"
"Arab, AL",wholesale seafood,retail,,Bragg's Fish Market,"1625 Henry St, Guntersville, AL 35976, USA",(256) 582-5996,,34.35062240000001,-86.31043729999999,4.7,155.0,ChIJi4VmHDr5iYgRKu0P-GMCo0A,"food, point_of_interest, establishment"
"Arab, AL",wholesale dairy,retail,,Dayspring Dairy - NOT OPEN TO THE PUBLIC,"212 Dogwood Dr, Gallant, AL 35972, USA",,http://dayspringdairy.com/,33.9834853,-86.2606763,5.0,15.0,ChIJrR2KjN6JiYgRYQkdycCo0SY,"food, point_of_interest, establishment"
"Arab, AL",wholesale dairy,retail,,Purity Dairies,"117 Jetplex Ln, Madison, AL 35758, USA",(256) 464-6959,,34.6715476,-86.7766901,4.0,11.0,ChIJWU-F9xtlYogRflsX6r6xQvg,"store, food, point_of_interest, establishment"
"Arab, AL",wholesale dairy,retail,,R W Huddleston Dairy Farm,"11 Co Rd 1720, Holly Pond, AL 35083, USA",,,34.239116,-86.6135139,4.0,3.0,ChIJq7KpMVbCiYgR2Bfsgky2kAQ,"point_of_interest, establishment"
"Arab, AL",wholesale dairy,retail,,Tucker Milling LLC,"85 Signal Point Rd, Guntersville, AL 35976, USA",(256) 582-2552,http://tuckermilling.com/,34.348827,-86.2697006,4.3,106.0,ChIJybZrXcH4iYgRuyCqF4vE4Jg,"point_of_interest, establishment"
"Arab, AL",wholesale dairy,retail,,Purity Dairies,"435 Mathis Mill Rd, Albertville, AL 35951, USA",(256) 878-5050,,34.2796821,-86.2096014,5.0,2.0,ChIJIcODSCIDiogRlCj6T7MTaA0,"point_of_interest, establishment"
"Arab, AL",produce wholesaler,retail,445110,D & D Produce (NON GMO FARM GROWN VEGETABLES),"11245 Memorial Pkwy SW, Huntsville, AL 35803, USA",,,34.636892,-86.56640569999999,4.0,3.0,ChIJxXpsVqcSYogRjgkRlZsD7OQ,"grocery_or_supermarket, store, food, point_of_interest, establishment"
