Location,Search Keyword,Segment,NAICS Code,Business Name,Address,Phone Number,Website,Latitude,Longitude,Rating,User Ratings,Place ID,Types
"Allgood, AL",ethnic store,retail,445110,Food Outlet Cost Plus 10% Tarrant,"2096 Springdale Ln, Birmingham, AL 35217, USA",(205) 808-1341,https://www.facebook.com/tarrantfoodoutlet/,33.5904847,-86.7668269,3.9,896.0,ChIJCQ053zsFiYgRYmbpT6i_jSI,"supermarket, grocery_or_supermarket, food, point_of_interest, store, establishment"
"Allgood, AL",ethnic store,retail,,Platinum Beauty,"2338 Center Point Pkwy, Center Point, AL 35215, USA",(205) 815-4545,,33.647747,-86.685204,4.5,304.0,ChIJfUEllMYOiYgRQR7lshkWEjk,"point_of_interest, store, establishment"
"Allgood, AL",grocery store,retail,445110,Publix Super Market at The Village at Moody,"2200 Village Dr, Moody, AL 35004, USA",(205) 640-3230,https://www.publix.com/?setstorenumber=1508&utm_medium=maps&utm_source=extendednetwork&utm_content=psm_website_url,33.5699514,-86.5175339,4.6,1423.0,ChIJ9UwNjApyiYgRNhg43ZZZPgg,"supermarket, florist, liquor_store, grocery_or_supermarket, bakery, food, point_of_interest, store, establishment"
"Allgood, AL",grocery store,retail,445110,Fresh Value Pell City,"1009 Martin St S, Pell City, AL 35128, USA",(205) 884-1001,https://pellcity.fresh-value.com/,33.5788603,-86.2765742,4.4,955.0,ChIJSRlMiOV9iYgRx3oWII22jw0,"grocery_or_supermarket, supermarket, food, point_of_interest, store, establishment"
"Allgood, AL",grocery store,retail,445110,Winn-Dixie,"1721 US-31, Fultondale, AL 35068, USA",(205) 841-2420,https://www.winndixie.com/,33.6124193,-86.7955116,4.3,1893.0,ChIJX-q9bvQEiYgRC1omsIUYhP4,"grocery_or_supermarket, food, point_of_interest, store, establishment"
"Allgood, AL",grocery store,retail,445110,Birmingham Food Giant 410,"1675 Center Point Pkwy, Birmingham, AL 35215, USA",(205) 520-5525,https://www.myfoodgiant.com/store-locations/birmingham-food-giant/?utm_source=gbp&utm_medium=organic,33.6324306,-86.68276759999999,4.2,715.0,ChIJRVk2mewOiYgRaqigGFPDCVc,"grocery_or_supermarket, supermarket, food, point_of_interest, store, establishment"
"Allgood, AL",grocery store,retail,445110,Johnson's Giant Food,"1431 3rd St SW, Attalla, AL 35954, USA",(256) 538-7412,http://www.johnsonsgiantfood.com/,34.0061111,-86.1127778,4.6,1474.0,ChIJNY8AN7Q8iogR6vEv0qyGuaA,"grocery_or_supermarket, supermarket, food, point_of_interest, store, establishment"
"Allgood, AL",grocery store,retail,445110,Publix Super Market at Magnolia City Place,"655 Fieldstown Rd, Gardendale, AL 35071, USA",(205) 608-4677,https://www.publix.com/?setstorenumber=1206&utm_medium=maps&utm_source=extendednetwork&utm_content=psm_website_url,33.6511977,-86.8222581,4.6,1778.0,ChIJDdOwI_YDiYgRGk4MN4Ga2xM,"supermarket, florist, liquor_store, grocery_or_supermarket, bakery, food, point_of_interest, store, establishment"
"Allgood, AL",grocery store,retail,445110,Winn-Dixie,"465 Main St, Trussville, AL 35173, USA",(205) 661-0026,https://www.winndixie.com/StoreDetails,33.6151349,-86.61803719999999,4.3,1371.0,ChIJVxgE6P0MiYgRxAWJO8Yr5XU,"grocery_or_supermarket, food, point_of_interest, store, establishment"
"Allgood, AL",grocery store,retail,445110,Fresh Value Trussville,"309 Main St A, Trussville, AL 35173, USA",(205) 655-4427,https://fresh-value.com/,33.6174514,-86.61093079999999,4.5,782.0,ChIJy00dNv0MiYgRKHGwrhRFGFA,"grocery_or_supermarket, supermarket, food, point_of_interest, store, establishment"
"Allgood, AL",grocery store,retail,445110,Publix Super Market at Cullman Shopping Center,"1104 Cullman Shopping Center NW, Cullman, AL 35055, USA",(256) 736-7000,https://www.publix.com/?setstorenumber=1503&utm_medium=maps&utm_source=extendednetwork&utm_content=psm_website_url,34.1814204,-86.8493743,4.6,1609.0,ChIJXWReqpfLiYgR7WcZbxRCtmI,"supermarket, florist, liquor_store, grocery_or_supermarket, bakery, food, point_of_interest, store, establishment"
"Allgood, AL",grocery store,retail,445110,Publix Super Market at South Park Center,"2040 Martin St S, Pell City, AL 35128, USA",(205) 338-3472,https://www.publix.com/?setstorenumber=1391&utm_medium=maps&utm_source=extendednetwork&utm_content=psm_website_url,33.5638215,-86.2676369,4.6,1358.0,ChIJSzLRaEx9iYgR73qgNtWCudc,"supermarket, florist, liquor_store, grocery_or_supermarket, bakery, food, point_of_interest, store, establishment"
"Allgood, AL",grocery store,retail,445110,Fresh Value Moody,"1001 Crossroads Plaza Dr, Moody, AL 35004, USA",(205) 635-0349,https://fresh-value.com/,33.592651,-86.4962491,4.4,238.0,ChIJEQqKYeNxiYgRaejoDcGHru4,"grocery_or_supermarket, food, point_of_interest, store, establishment"
"Allgood, AL",grocery store,retail,445110,Publix Super Market at The Shoppes at Deerfoot,"7272 Gadsden Hwy, Trussville, AL 35173, USA",(205) 661-1415,https://www.publix.com/?setstorenumber=1082&utm_medium=maps&utm_source=extendednetwork&utm_content=psm_website_url,33.6414061,-86.5798841,4.6,1273.0,ChIJNczKOktziYgRaDpWYDfDmjs,"supermarket, florist, liquor_store, grocery_or_supermarket, bakery, food, point_of_interest, store, establishment"
"Allgood, AL",grocery store,retail,445110,Walmart Neighborhood Market,"1916 Center Point Pkwy, Birmingham, AL 35215, USA",(205) 520-0269,https://www.walmart.com/store/5100-birmingham-al/?veh=seo_loc,33.6373694,-86.6844821,3.8,1756.0,ChIJEdzGqusOiYgRzJs8ERS0NyA,"grocery_or_supermarket, department_store, supermarket, bakery, food, point_of_interest, store, establishment"
"Allgood, AL",grocery store,retail,445110,ALDI,"1601 Morris Ave, Fultondale, AL 35068, USA",(855) 955-2534,https://stores.aldi.us/al/fultondale/1601-morris-ave?utm_source=google&utm_medium=local&utm_campaign=brand&utm_content=storepage_webclick,33.608213,-86.8016012,4.6,1268.0,ChIJ4xvUsZIEiYgRDteBkfP3ZnM,"supermarket, grocery_or_supermarket, food, point_of_interest, store, establishment"
"Allgood, AL",grocery store,retail,452210,Walmart Supercenter,"165 Vaughan Ln, Pell City, AL 35125, USA",(205) 338-5300,https://www.walmart.com/store/5113-pell-city-al/?veh=seo_loc,33.6092526,-86.2772823,3.9,4378.0,ChIJ753hIKB9iYgRDOVfPJWnq2U,"department_store, hardware_store, grocery_or_supermarket, electronics_store, furniture_store, bakery, clothing_store, home_goods_store, food, point_of_interest, store, establishment"
"Allgood, AL",grocery store,retail,445110,Food Outlet,"2210 Cogswell Avenue; Pell City, Alabama 35125, 2210 Cogswell Ave, Pell City, AL 35128, USA",(256) 238-1660,https://www.shopfoodoutlet.com/,33.5872748,-86.2816967,4.2,554.0,ChIJWfKcgRZ9iYgRaCf6i64-HIg,"grocery_or_supermarket, supermarket, food, point_of_interest, store, establishment"
"Allgood, AL",grocery store,retail,445110,Gardendale Foodland,"Valley Green Shopping Center, 1014 Main St, Gardendale, AL 35071, USA",(205) 631-0754,https://www.foodlandgrocery.com/store-locations/gardendale-foodland/?utm_source=gbp&utm_medium=organic,33.6530387,-86.8125704,4.4,626.0,ChIJ33OS0REEiYgR96i77wDIDys,"grocery_or_supermarket, food, point_of_interest, store, establishment"
"Allgood, AL",grocery store,retail,445110,Publix Super Market at Clay Marketplace,"5150 Old Springville Rd, Pinson, AL 35126, USA",(205) 815-5224,https://www.publix.com/?setstorenumber=1069&utm_medium=maps&utm_source=extendednetwork&utm_content=psm_website_url,33.6558792,-86.6470609,4.5,1796.0,ChIJYQXYVZgLiYgRnwmKbf_jF8w,"supermarket, florist, liquor_store, grocery_or_supermarket, bakery, food, point_of_interest, store, establishment"
"Allgood, AL",grocery store,retail,445110,Price Less IGA,"929 2nd Ave E, Oneonta, AL 35121, USA",(256) 875-3080,http://pricelessiga.com/,33.9554398,-86.46395489999999,4.3,716.0,ChIJIzisi_GQiYgReCH3qPoReic,"grocery_or_supermarket, supermarket, bakery, food, point_of_interest, store, establishment"
"Allgood, AL",grocery store,retail,445110,Piggly Wiggly Lincoln,"47870 US-78, Lincoln, AL 35096, USA",(205) 763-7112,https://bakerspigglywiggly.com/weekly-ads,33.6026043,-86.1153705,4.3,417.0,ChIJk8pxSdfRi4gR6CEyEHSScdE,"grocery_or_supermarket, food, point_of_interest, store, establishment"
"Allgood, AL",grocery store,retail,445110,DG Market,"36405 AL-79, Cleveland, AL 35049, USA",(205) 762-0704,https://www.dollargeneral.com/store-directory/al/cleveland/7364,33.9856985,-86.58777549999999,3.9,394.0,ChIJYTGeGo-9iYgRacgicoHa2a8,"grocery_or_supermarket, drugstore, convenience_store, home_goods_store, health, food, point_of_interest, store, establishment"
"Allgood, AL",grocery store,retail,445110,ALDI,"520 Gene Reed Rd, Birmingham, AL 35215, USA",(855) 955-2534,https://stores.aldi.us/al/birmingham/520-gene-reed-rd?utm_source=google&utm_medium=local&utm_campaign=brand&utm_content=storepage_webclick,33.5980561,-86.694402,4.4,902.0,ChIJdWsDsEkOiYgRuoJ7LLcNMp4,"supermarket, grocery_or_supermarket, food, point_of_interest, store, establishment"
"Allgood, AL",grocery store,retail,452210,Walmart Supercenter,"9248 Parkway E, Birmingham, AL 35206, USA",(205) 833-7676,https://www.walmart.com/store/762-birmingham-al/?veh=seo_loc,33.5901883,-86.7004457,3.8,5764.0,ChIJZXQWyzIOiYgR4FzAhr4dlGQ,"department_store, grocery_or_supermarket, electronics_store, bakery, hardware_store, furniture_store, home_goods_store, clothing_store, food, point_of_interest, store, establishment"
"Allgood, AL",grocery store,retail,445110,ALDI,"5485 Patrick Wy, Birmingham, AL 35235, USA",(855) 955-2534,https://stores.aldi.us/al/birmingham/5485-patrick-way?utm_source=google&utm_medium=local&utm_campaign=brand&utm_content=storepage_webclick,33.6103969,-86.62349669999999,4.6,639.0,ChIJtwy6dmAMiYgRcr9akFVedKI,"supermarket, grocery_or_supermarket, food, point_of_interest, store, establishment"
"Allgood, AL",grocery store,retail,445110,Food Giant Pinson,"6662 AL-75, Pinson, AL 35126, USA",(205) 681-7440,https://www.myfoodgiant.com/store-locations/pinson-food-giant/?utm_source=gbp&utm_medium=organic,33.6980741,-86.6821981,4.3,771.0,ChIJ5Uj_NQ0JiYgREb3-7PSlx00,"grocery_or_supermarket, supermarket, food, point_of_interest, store, establishment"
"Allgood, AL",grocery store,retail,445110,Lucky's Supermarket,"70670 Main St, Blountsville, AL 35031, USA",(205) 429-3265,https://www.shopmyluckys.com/weekly-ads,34.0994239,-86.57414299999999,4.2,348.0,ChIJ3eV2V1GViYgRWN1OBPriehc,"grocery_or_supermarket, supermarket, food, point_of_interest, store, establishment"
"Allgood, AL",grocery store,retail,445110,S & S Foods,"4340 Co Rd 216, Hanceville, AL 35077, USA",(256) 287-2663,https://www.ssfoods.net/,34.0440879,-86.8771311,4.6,726.0,ChIJCbm3oZS0iYgRZNFz5s4zj-M,"grocery_or_supermarket, supermarket, food, point_of_interest, store, establishment"
"Allgood, AL",grocery store,retail,452210,Walmart Supercenter,"626 Olive St SW, Cullman, AL 35055, USA",(256) 739-1664,https://www.walmart.com/store/670-cullman-al/?veh=seo_loc,34.1495662,-86.8414852,4.1,4733.0,ChIJf5mS10nKiYgRHH8YfbW0NfE,"department_store, grocery_or_supermarket, electronics_store, bakery, hardware_store, furniture_store, home_goods_store, clothing_store, food, point_of_interest, store, establishment"
"Allgood, AL",grocery store,retail,445110,DG Market,"11815 US-411, Odenville, AL 35120, USA",(659) 259-0778,https://www.dollargeneral.com/store-directory/al/odenville/25016,33.6624189,-86.42833940000001,4.8,10.0,ChIJpXeNKAB3iYgR1kx8Lsrx5yU,"grocery_or_supermarket, drugstore, convenience_store, home_goods_store, health, food, point_of_interest, store, establishment"
"Allgood, AL",grocery store,retail,445110,Meat Depot by Fresh Value,"1127 Huffman Rd, Center Point, AL 35215, USA",(205) 202-3718,,33.6098136,-86.6856079,4.2,290.0,ChIJv0X6zdoPiYgR2IvwwU2fwfQ,"grocery_or_supermarket, food, point_of_interest, store, establishment"
"Allgood, AL",grocery store,retail,445110,Piggly Wiggly Warrior,"415 Caldwell Dr, Warrior, AL 35180, USA",(205) 647-3241,http://russellpig.com/,33.8071938,-86.810434,4.4,1208.0,ChIJN1cdwHCpiYgR2f75hgbmmJo,"grocery_or_supermarket, food, point_of_interest, store, establishment"
"Allgood, AL",grocery store,retail,445110,ALDI,"1831 Cherokee Ave SW, Cullman, AL 35055, USA",(855) 955-2534,https://stores.aldi.us/al/cullman/1831-cherokee-ave-sw?utm_source=google&utm_medium=local&utm_campaign=brand&utm_content=storepage_webclick,34.153404,-86.84201399999999,4.4,968.0,ChIJ8fg-o0jKiYgR-tnyH0XPa28,"supermarket, grocery_or_supermarket, food, point_of_interest, store, establishment"
"Allgood, AL",grocery store,retail,445110,Warehouse Discount Groceries TownSquare,"1615 Town Square S W, Cullman, AL 35055, USA",(256) 739-4380,https://www.warehousediscountgroceries.com/store-locations/warehouse-discount-groceries-of-townsquare/?utm_source=gbp&utm_medium=organic,34.1619444,-86.8372222,4.4,801.0,ChIJ9TU6r4HLiYgRwaoaVct70c4,"grocery_or_supermarket, supermarket, food, point_of_interest, store, establishment"
"Allgood, AL",grocery store,retail,445110,Piggly Wiggly,"35771 US-231, Ashville, AL 35953, USA",(205) 594-3670,https://www.pigglywiggly.com/,33.8468895,-86.2736395,4.2,451.0,ChIJrcZM-0OHiYgRYgi_ifvO3zA,"grocery_or_supermarket, supermarket, food, point_of_interest, store, establishment"
"Allgood, AL",grocery store,retail,445110,Food Valu,"9405 AL-75, Douglas, AL 35964, USA",(256) 593-0151,http://douglasfoodvalu.com/,34.1694444,-86.33027779999999,4.4,380.0,ChIJ_c-HMAz0iYgRREqS_PAZDUU,"supermarket, grocery_or_supermarket, food, point_of_interest, store, establishment"
"Allgood, AL",grocery store,retail,452210,Walmart Supercenter,"890 Odum Rd, Gardendale, AL 35071, USA",(205) 631-8110,https://www.walmart.com/store/1201-gardendale-al/?veh=seo_loc,33.6471803,-86.8229535,3.8,5197.0,ChIJswwZCPUDiYgRYURorVVJYlY,"department_store, grocery_or_supermarket, electronics_store, bakery, hardware_store, furniture_store, home_goods_store, clothing_store, food, point_of_interest, store, establishment"
"Allgood, AL",grocery store,retail,445110,Hopper Family Market,"7467 AL-69 N, Cullman, AL 35058, USA",(256) 796-6500,https://www.hoppersfamilymarket.com/weekly-ad/,34.2461932,-86.6879091,4.5,369.0,ChIJ5cY-7_bEiYgRMqYMneRRs-I,"grocery_or_supermarket, supermarket, atm, finance, food, point_of_interest, store, establishment"
"Allgood, AL",grocery store,retail,445110,DG Market,"1200 Pinson Valley Pkwy, Birmingham, AL 35217, USA",(205) 558-6790,https://www.dollargeneral.com/store-directory/al/birmingham/4301,33.5814747,-86.7768589,4.1,500.0,ChIJu7x-0C8FiYgRtRgjAyDDxCM,"grocery_or_supermarket, drugstore, convenience_store, home_goods_store, health, food, point_of_interest, store, establishment"
"Allgood, AL",grocery store,retail,445110,Warehouse Discount Groceries of Cullman 817,"5754 AL-157, Cullman, AL 35055, USA",(256) 739-4310,https://www.warehousediscountgroceries.com/store-locations/warehouse-discount-groceries-of-cullman/?utm_source=gbp&utm_medium=organic,34.2076473,-86.8709863,4.3,774.0,ChIJF_3ybIPMiYgRFKfbOFgwFRo,"grocery_or_supermarket, food, point_of_interest, store, establishment"
"Allgood, AL",grocery store,retail,445110,DG Market,"872 Main St NE, Hanceville, AL 35077, USA",(256) 787-2468,https://www.dollargeneral.com/store-directory/al/hanceville/13195,34.0772891,-86.7813501,4.2,887.0,ChIJbxq2tlK2iYgRmPD1QeppTfQ,"grocery_or_supermarket, convenience_store, drugstore, home_goods_store, food, point_of_interest, health, store, establishment"
"Allgood, AL",grocery store,retail,452210,Walmart Supercenter,"8551 Whitfield Ave, Leeds, AL 35094, USA",(205) 699-0701,https://www.walmart.com/store/562-leeds-al/?veh=seo_loc,33.5621694,-86.5189736,3.8,3331.0,ChIJtfsQCWsWiYgRsLUhri7ayJ0,"department_store, bakery, hardware_store, furniture_store, home_goods_store, clothing_store, grocery_or_supermarket, food, point_of_interest, electronics_store, store, establishment"
"Allgood, AL",grocery store,retail,445110,DG Market,"87000 US-278, Snead, AL 35952, USA",(256) 673-2670,https://www.dollargeneral.com/store-directory/al/snead/1671,34.1199524,-86.3967424,4.2,225.0,ChIJccQZjcPyiYgRiHg9lsoLPHY,"grocery_or_supermarket, convenience_store, drugstore, home_goods_store, food, point_of_interest, health, store, establishment"
"Allgood, AL",grocery store,retail,452210,Walmart Supercenter,"5919 Trussville Crossings Pkwy, Birmingham, AL 35235, USA",(205) 661-1957,https://www.walmart.com/store/2713-birmingham-al/?veh=seo_loc,33.6391007,-86.6291684,3.8,4145.0,ChIJPzxW32YMiYgRbQLg8lPuiwA,"department_store, bakery, hardware_store, furniture_store, home_goods_store, clothing_store, grocery_or_supermarket, food, point_of_interest, electronics_store, store, establishment"
"Allgood, AL",grocery store,retail,452210,Walmart Supercenter,"2473 Hackworth Rd, Forestdale, AL 35214, USA",(205) 798-9721,https://www.walmart.com/store/1158-adamsville-al/?veh=seo_loc,33.5791572,-86.9243542,3.9,3459.0,ChIJJ_VSzcriiIgRqmQUQrtTEQo,"department_store, bakery, hardware_store, furniture_store, home_goods_store, clothing_store, grocery_or_supermarket, food, point_of_interest, electronics_store, store, establishment"
"Allgood, AL",grocery store,retail,445120,Dollar General,"2260 Brewster Rd, Birmingham, AL 35235, USA",(205) 558-6753,https://www.dollargeneral.com/store-directory/al/birmingham/11814,33.653232,-86.64926679999999,3.6,683.0,ChIJMxRyWg4MiYgRRQN4K6kvTUk,"convenience_store, drugstore, grocery_or_supermarket, food, point_of_interest, health, store, establishment"
"Allgood, AL",grocery store,retail,452210,Walmart Supercenter,"5601 AL-157, Cullman, AL 35058, USA",(256) 615-6667,https://www.walmart.com/store/7280-cullman-al/?veh=seo_loc,34.2042804,-86.8695501,4.1,4226.0,ChIJ7QJx54PMiYgRznBOQSpuaDg,"department_store, bakery, hardware_store, furniture_store, home_goods_store, clothing_store, grocery_or_supermarket, food, point_of_interest, electronics_store, store, establishment"
"Allgood, AL",grocery store,retail,452210,Walmart Supercenter,"973 Gilbert Ferry Rd SE, Attalla, AL 35954, USA",(256) 538-3811,https://www.walmart.com/store/316-attalla-al/?veh=seo_loc,33.9937374,-86.09368599999999,4.0,4092.0,ChIJo8sQLVM7iogR8nyVTPWdogw,"department_store, bakery, hardware_store, furniture_store, home_goods_store, clothing_store, grocery_or_supermarket, food, point_of_interest, electronics_store, store, establishment"
"Allgood, AL",grocery store,retail,452210,Walmart Supercenter,"160 Springville Sta Blvd, Springville, AL 35146, USA",(205) 467-6656,https://www.walmart.com/store/3386-springville-al/?veh=seo_loc,33.7796448,-86.43296509999999,4.2,2619.0,ChIJ9cjeviSdiYgROdAhYZWJFPo,"department_store, bakery, hardware_store, furniture_store, home_goods_store, clothing_store, grocery_or_supermarket, food, point_of_interest, electronics_store, store, establishment"
"Allgood, AL",grocery store,retail,452210,Target,"3489 Lowery Pkwy, Fultondale, AL 35068, USA",(205) 453-6032,https://www.target.com/sl/fultondale/2355,33.6059935,-86.8060124,4.2,331.0,ChIJmw8wqpQFiYgRQT6_ssn3wtA,"department_store, shoe_store, furniture_store, home_goods_store, clothing_store, point_of_interest, electronics_store, store, establishment"
"Allgood, AL",grocery store,retail,445110,Burton's Food Store,"5788 US-11, Springville, AL 35146, USA",(205) 467-7275,,33.7676542,-86.4773104,3.9,233.0,ChIJ30GciOudiYgRs0fcHsoR5eM,"grocery_or_supermarket, supermarket, food, point_of_interest, store, establishment"
"Allgood, AL",grocery store,retail,445110,Warehouse Discount Groceries of Hanceville,"780 Main St NE, Hanceville, AL 35077, USA",(256) 352-6245,https://www.warehousediscountgroceries.com/store-locations/warehouse-discount-groceries-of-hanceville/?utm_source=gbp&utm_medium=organic,34.0725,-86.77666669999999,4.4,916.0,ChIJcXDk4qu3iYgRXxOs9ihoURY,"grocery_or_supermarket, supermarket, food, point_of_interest, store, establishment"
"Allgood, AL",grocery store,retail,445110,S & S Foods,"10675 US-278, Holly Pond, AL 35083, USA",(256) 796-9800,http://www.ssfoods.net/,34.1753634,-86.6191887,4.6,504.0,ChIJT2rhlJXBiYgRIbwFzHf8s3I,"grocery_or_supermarket, food, point_of_interest, store, establishment"
"Allgood, AL",grocery store,retail,445110,Piggly Wiggly Clay,"6730 Deerfoot Pkwy, Pinson, AL 35126, USA",(205) 681-3639,https://www.russellpig.com/,33.6975202,-86.6075393,4.5,918.0,ChIJ_3zjsRsLiYgRZU3vXJogJNM,"grocery_or_supermarket, supermarket, food, point_of_interest, store, establishment"
"Allgood, AL",grocery store,retail,445120,Dollar General,"415 US-31, Warrior, AL 35180, USA",(205) 543-2610,https://www.dollargeneral.com/store-directory/al/warrior/1642,33.8085199,-86.81250179999999,3.9,249.0,ChIJ8U3rfXqpiYgRqwuKNCs9G3w,"convenience_store, drugstore, grocery_or_supermarket, food, point_of_interest, health, store, establishment"
"Allgood, AL",grocery store,retail,445120,Dollar General,"3194 New Castle Rd, Birmingham, AL 35217, USA",(205) 666-1281,https://www.dollargeneral.com/store-directory/al/birmingham/15423,33.6325284,-86.7845609,4.2,395.0,ChIJub6hnU0EiYgRxaCsU3VQMDY,"convenience_store, drugstore, grocery_or_supermarket, food, point_of_interest, health, store, establishment"
"Allgood, AL",grocery store,retail,445110,Food Barn,"43 Providence Rd, Ragland, AL 35131, USA",(205) 472-2178,,33.7446467,-86.1448798,4.5,254.0,ChIJYe7i39EsiogRnJ7rk7urSuo,"grocery_or_supermarket, supermarket, food, point_of_interest, store, establishment"
"Allgood, AL",grocery store,retail,445110,Mi Tierra Linda Supermarket (Manager Claudia),"2375 1st St NE, Center Point, AL 35215, USA",(205) 747-0573,https://mitierralindasm.com/,33.648702,-86.6818547,4.4,56.0,ChIJF_xIm6oPiYgR0c8pd3cM-UU,"supermarket, grocery_or_supermarket, food, point_of_interest, store, establishment"
"Allgood, AL",grocery store,retail,452210,Walmart Supercenter,"2453 2nd Ave E, Oneonta, AL 35121, USA",(205) 625-6474,https://www.walmart.com/store/315-oneonta-al/?veh=seo_loc,33.9710849,-86.4467212,4.0,2412.0,ChIJyWCFFLKRiYgRg3XKgnJJhAE,"department_store, bakery, hardware_store, furniture_store, home_goods_store, clothing_store, grocery_or_supermarket, food, point_of_interest, electronics_store, store, establishment"
"Allgood, AL",grocery store,retail,445120,Dollar General,"50944 US-231, Oneonta, AL 35121, USA",(205) 762-0975,https://www.dollargeneral.com/store-directory/al/oneonta/15419,33.9430831,-86.4148166,4.4,198.0,ChIJi26T3-CPiYgRydaMZmf7Zg4,"convenience_store, drugstore, grocery_or_supermarket, food, point_of_interest, health, store, establishment"
"Allgood, AL",indian grocery,retail,445110,B & S Grocery,"4360 Pinson Valley Pkwy, Birmingham, AL 35215, USA",(205) 854-6546,,33.6490138,-86.7211329,3.7,3.0,ChIJLfQxmzgPiYgRyIdXcw_iDy0,"grocery_or_supermarket, point_of_interest, food, store, establishment"
"Allgood, AL",indian grocery,retail,445110,Wilson's Grocery,"1200 5 Mile Rd, Birmingham, AL 35215, USA",(205) 854-6085,,33.6151832,-86.69945949999999,4.2,82.0,ChIJO9wK5FQOiYgROh6Kz9982jE,"grocery_or_supermarket, point_of_interest, food, store, establishment"
"Allgood, AL",indian grocery,retail,445120,Negron Grocery,"3597 Cherry Ave, Birmingham, AL 35214, USA",(205) 674-5633,,33.6175095,-86.9201464,4.8,68.0,ChIJYRiLaXP9iIgRefRgn6oz6_M,"convenience_store, point_of_interest, food, store, establishment"
"Allgood, AL",indian grocery,retail,445120,Mt Olive Groceries,"3340 Mt Olive Rd, Mt Olive, AL 35117, USA",(205) 285-5222,,33.6868679,-86.8727521,4.9,17.0,ChIJwfnccJcBiYgRbzWFQU9scp0,"convenience_store, point_of_interest, food, store, establishment"
"Allgood, AL",retail food,retail,445110,Lindas Surplus Grocery & Merchandise,"611 AL-160, Warrior, AL 35180, USA",(205) 647-0880,,33.8529304,-86.8172481,4.7,171.0,ChIJwdltLamuiYgR5dFN2t6JXm4,"grocery_or_supermarket, store, point_of_interest, food, establishment"
"Allgood, AL",retail food,retail,,Roebuck Shopping Center,"9118 Parkway E Ste 104, Birmingham, AL 35206, USA",,http://nuwearmen.com/,33.58590640000001,-86.7050534,3.9,1370.0,ChIJl0d7EJodiYgR2DuCAIUA13Y,"shopping_mall, point_of_interest, establishment"
"Allgood, AL",retail food,retail,445110,Center Point Shopping Center,"1671-1691 Center Point Pkwy, Center Point, AL 35215, USA",(561) 533-0344,https://in-rel.com/listings/center-point-shopping-center/,33.63251,-86.6826691,3.9,907.0,ChIJZVrOxsYOiYgRyHi_qX5txLo,"shopping_mall, grocery_or_supermarket, store, point_of_interest, food, establishment"
"Allgood, AL",retail food,retail,,Trussville Shopping Center,"5950 Chalkville Mountain Rd, Birmingham, AL 35235, USA",(205) 661-9495,https://www.mallsinamerica.com/alabama/trussville-shopping-center,33.6422123,-86.623784,4.3,1223.0,ChIJtwy6dmAMiYgReDAO7LJ6buE,"shopping_mall, point_of_interest, establishment"
"Allgood, AL",retail food,retail,,The Pinnacle,"5006 Pinnacle Sq Suite 104, Birmingham, AL 35235, USA",,http://pinnacletrussville.com/,33.6070716,-86.64061889999999,4.4,2618.0,ChIJrUHo-7YNiYgRKV0wBO5z_T4,"shopping_mall, point_of_interest, establishment"
"Allgood, AL",retail food,retail,,Etowah Crossing Shopping Center,"952 Gilbert Ferry Rd SE, Attalla, AL 35954, USA",,,33.9977469,-86.0948693,4.2,654.0,ChIJmZLqhFQ7iogRXNN5o2LPGio,"shopping_mall, point_of_interest, establishment"
"Allgood, AL",retail food,retail,,South Cullman Shopping Center,"1620 2nd Ave SW, Cullman, AL 35055, USA",,,34.1613224,-86.83442269999999,4.4,1319.0,ChIJ4Q5zSMzLiYgR0-_4u7WF9_0,"shopping_mall, point_of_interest, establishment"
"Allgood, AL",retail food,retail,,Homestead Village,"Patrick Wy, Birmingham, AL 35235, USA",,,33.6101082,-86.6248497,4.4,761.0,ChIJL8pEQ6kNiYgRpVN-FNTEu8Q,"shopping_mall, point_of_interest, establishment"
"Allgood, AL",retail food,retail,,Village Green Shopping Sq,"Valley Green Shopping Center, 1014 Main St, Gardendale, AL 35071, USA",,,33.653617,-86.81201829999999,4.2,499.0,ChIJ33OS0REEiYgRC8XeFMb6QZI,"shopping_mall, point_of_interest, establishment"
"Allgood, AL",retail food,retail,445110,Piggly Wiggly Altoona,"87354 US-278, Altoona, AL 35952, USA",(205) 466-7972,https://www.pigglywiggly.com/store-locations/alabama/,34.1165525,-86.39187849999999,4.3,339.0,ChIJp38BjcPyiYgR4sybOdoMeJQ,"grocery_or_supermarket, supermarket, store, point_of_interest, food, establishment"
"Allgood, AL",retail food,retail,445110,S&S Foods,"35 Camp Rd, Cleveland, AL 35049, USA",(205) 274-0456,http://www.ssfoods.net/,33.9866919,-86.58371079999999,4.6,894.0,ChIJnVSnHom9iYgReEfIrjojyYU,"grocery_or_supermarket, liquor_store, supermarket, store, point_of_interest, food, establishment"
"Allgood, AL",retail food,retail,,Magnolia City Place,"659 Fieldstown Rd, Gardendale, AL 35071, USA",,,33.6504588,-86.82389069999999,4.4,728.0,ChIJVVVZZfYDiYgRZwP_T0KExPI,"shopping_mall, point_of_interest, establishment"
"Allgood, AL",retail food,retail,445310,Beverage Market,"3095 US-278, Altoona, AL 35952, USA",(205) 962-9577,,34.0719106,-86.321788,4.4,57.0,ChIJxZTFXxSLiYgRDE-Va8kq7io,"liquor_store, store, point_of_interest, food, establishment"
"Allgood, AL",retail food,retail,,Trussville Promenade,"5919 Trussville Crossings Pkwy, Birmingham, AL 35235, USA",(914) 288-3330,https://www.acadiarealty.com/properties/search/property/218-trussville-promenade-birmingham?utm_source=extnet&utm_medium=yext,33.6391007,-86.6291684,4.4,3127.0,ChIJSfRxI2cMiYgRi3QRZrK7Rl4,"shopping_mall, point_of_interest, establishment"
"Allgood, AL",retail food,retail,,Marktplatz Cntr Sw,"1908 marketplatz Center SW, Cullman, AL 35055, USA",,,34.1504642,-86.8398644,4.4,634.0,ChIJsU3ejzbKiYgRyoJmjFJC8vw,"shopping_mall, point_of_interest, establishment"
"Allgood, AL",retail food,retail,445310,La Farre,"418 Main St, Trussville, AL 35173, USA",(205) 508-3978,https://lafarre.com/,33.6179475,-86.6151063,4.9,32.0,ChIJt_72RzkNiYgRjbXql4IXxIE,"liquor_store, grocery_or_supermarket, store, point_of_interest, food, establishment"
"Allgood, AL",retail food,retail,,AlaTrade Foods - Boaz,"695 Henderson Ave W, Boaz, AL 35957, USA",(256) 593-3152,http://www.alatrade.com/,34.219841,-86.18342419999999,2.7,101.0,ChIJ1a21_HsciogRXCKZK6UJ8Os,"food, point_of_interest, store, establishment"
"Allgood, AL",retail food,retail,453910,Chambers Farm and Garden Supply,"404 Mcnabb Rd SW, Cullman, AL 35055, USA",(256) 734-3894,https://chambersfarmandgardensupply.com/,34.1716197,-86.8603523,4.7,257.0,ChIJo5ngoKfLiYgROp2Rb5lSNzQ,"florist, pet_store, general_contractor, food, point_of_interest, store, establishment"
"Allgood, AL",retail food,retail,444130,Argo Hardware,"335 US-11, Trussville, AL 35173, USA",(205) 452-2139,http://www.argohardware.com/,33.698315,-86.52212899999999,4.6,215.0,ChIJmad9Gf0MiYgRnE7qbVrzGEU,"hardware_store, convenience_store, gas_station, clothing_store, food, point_of_interest, store, establishment"
"Allgood, AL",retail food,retail,445110,Supermercado La Popular,"101 Sand Mountain Dr, Albertville, AL 35950, USA",(256) 878-5405,,34.2669992,-86.2053863,4.5,304.0,ChIJm7O9_c0ciogRXCS5ZjhcQOo,"supermarket, grocery_or_supermarket, food, point_of_interest, store, establishment"
"Allgood, AL",retail food,retail,445120,J's Retail Sales,"255 Cook Springs Rd, Pell City, AL 35128, USA",(205) 338-3533,,33.5918655,-86.3982908,4.8,9.0,ChIJayl6tu16iYgRBNNyiNsAZnc,"convenience_store, food, point_of_interest, store, establishment"
"Allgood, AL",retail food,retail,,Town Square,"1656 Town Square S W, Cullman, AL 35055, USA",,https://amzn.to/3EjxCFN,34.16053710000001,-86.8373313,4.1,793.0,ChIJR7ZVicvLiYgR22SNbRadoGo,"shopping_mall, point_of_interest, establishment"
"Allgood, AL",retail food,retail,445110,Bent & Dent Store,"US-231, Pell City, AL 35125, USA",(205) 813-2508,,33.6224772,-86.28272229999999,4.2,193.0,ChIJfUYK47t9iYgRM3ymvNftQhI,"grocery_or_supermarket, food, point_of_interest, store, establishment"
"Allgood, AL",retail food,retail,445120,Morris Quick Mart,"8530 US-31, Morris, AL 35116, USA",(205) 543-6272,,33.7556621,-86.8151214,5.0,11.0,ChIJO2i4AEmpiYgR-cNUnxpU6hs,"convenience_store, food, point_of_interest, store, establishment"
"Allgood, AL",retail food,retail,,Treasures By Hea,"106 1st Ave S, Hanceville, AL 35077, USA",,https://www.facebook.com/113229380195878/,34.0144837,-86.748041,4.6,158.0,ChIJwbJqjcuxiYgR4psnPn8A_4o,"point_of_interest, store, establishment"
"Allgood, AL",retail food,retail,442110,Staples,"1905 Edwards Lake Rd, Birmingham, AL 35235, USA",(205) 661-3214,https://stores.staples.com/al/birmingham/1905-edwards-lake-road?cmpid=st_ll_goo&cid=LS:RETAIL:G&utm_source=google&utm_medium=organic&utm_campaign=Google_Business_Listing,33.595713,-86.64908799999999,4.1,118.0,ChIJH9lZZMINiYgRF9xOScJVJ0c,"furniture_store, home_goods_store, point_of_interest, electronics_store, store, establishment"
"Allgood, AL",retail food,retail,445110,DG Market,"1220 Patton Chapel Rd, Lincoln, AL 35096, USA",(256) 299-3320,https://www.dollargeneral.com/store-directory/al/lincoln/30705,33.631396,-86.10189,5.0,1.0,ChIJJ_gPStTRi4gRzuy4AvtG998,"grocery_or_supermarket, convenience_store, drugstore, home_goods_store, food, point_of_interest, health, store, establishment"
"Allgood, AL",retail food,retail,445120,Super Saver,"17373 AL-75, Remlap, AL 35133, USA",(205) 681-2351,,33.8165333,-86.60019249999999,4.2,19.0,ChIJ4cxYG8ChiYgRUMmj5JjOutQ,"gas_station, atm, convenience_store, food, point_of_interest, store, finance, establishment"
"Allgood, AL",retail food,retail,445120,Highland Super Stop,"12052747921, 1976 County Hwy 29, Oneonta, AL 35121, USA",(205) 274-7921,,33.9167345,-86.42568759999999,3.7,27.0,ChIJjzSRXdqaiYgRmqUALQzf4Ws,"convenience_store, atm, food, point_of_interest, store, finance, establishment"
"Allgood, AL",retail food,retail,445120,Down Town Mini Mart,"300 N Main St, Boaz, AL 35957, USA",(256) 593-8003,,34.2013103,-86.1654405,4.7,26.0,ChIJx1Rte_IbiogRuzBbA2ezTWs,"convenience_store, gas_station, food, point_of_interest, store, establishment"
"Allgood, AL",retail food,retail,722511,The Lunch Box,"237 1st Ave E, Oneonta, AL 35121, USA",(205) 274-4900,https://m.facebook.com/TheLunchBox2020/,33.9454747,-86.4748046,4.8,90.0,ChIJpYVQUIyRiYgRYgE4t7yjwlk,"meal_takeaway, restaurant, food, point_of_interest, establishment"
"Allgood, AL",retail food,retail,448140,Dunham's Sports,"5940 US-431 Suite 100, Albertville, AL 35950, USA",(256) 891-6369,https://www.dunhamssports.com/store-details?storeID=238&city=ALBERTVILLE&state=AL,34.2649976,-86.18889879999999,4.0,199.0,ChIJ9al42rAciogRBXynrWnHrZk,"clothing_store, point_of_interest, store, establishment"
"Allgood, AL",retail food,retail,445120,Tienda Guatemex,"10737 AL-168, Boaz, AL 35957, USA",,,34.1989962,-86.1538929,3.8,4.0,ChIJk9_7HcIbiogRcXnP3g0OFTw,"convenience_store, food, point_of_interest, store, establishment"
"Allgood, AL",retail food,retail,722511,Market & Eatery,"367 Head Dr, Cleveland, AL 35049, USA",(205) 456-0056,,33.9893355,-86.58265519999999,4.8,75.0,ChIJZX3h-1e9iYgRu59994kTuk4,"restaurant, food, point_of_interest, establishment"
"Allgood, AL",retail food,retail,444130,Ollie's Bargain Outlet,"5940 US-431 #600, Albertville, AL 35950, USA",(256) 891-5975,https://www.ollies.com/,34.2643742,-86.187862,4.4,1678.0,ChIJ9al42rAciogROocHo03pw7s,"hardware_store, book_store, furniture_store, home_goods_store, point_of_interest, store, establishment"
"Allgood, AL",retail food,retail,445120,Pitts Earney & Rodger Gas,"23710 AL-91, Hanceville, AL 35077, USA",(256) 352-5879,,34.0421625,-86.7821807,4.6,9.0,ChIJV_e82_uziYgRK5cXiUw0Pxc,"convenience_store, gas_station, food, point_of_interest, store, establishment"
"Allgood, AL",retail food,retail,444130,Tractor Supply Co.,"1608 2nd Ave E, Oneonta, AL 35121, USA",(205) 625-5110,https://www.tractorsupply.com/tsc/store_Oneonta-AL-35121_1629?utm_source=localgmblisting&utm_medium=organic,33.963752,-86.46109249999999,4.6,312.0,ChIJn8vMs_iQiYgRzPZmG16wKV4,"hardware_store, pet_store, home_goods_store, food, point_of_interest, store, establishment"
"Allgood, AL",retail food,retail,444130,Tractor Supply Co.,"2626 Decatur Hwy, Gardendale, AL 35071, USA",(205) 631-0766,https://www.tractorsupply.com/tsc/store_Gardendale-AL-35071_1987?utm_source=localgmblisting&utm_medium=organic,33.690781,-86.82028849999999,4.5,467.0,ChIJg664-8oGiYgR4u5iorJrMQ8,"hardware_store, pet_store, home_goods_store, food, point_of_interest, store, establishment"
"Allgood, AL",retail food,retail,444130,Ollie's Bargain Outlet,"5980 Chalkville Mountain Rd, Birmingham, AL 35235, USA",(205) 508-0053,https://www.ollies.com/,33.6417728,-86.62143689999999,4.3,487.0,ChIJ-cVpIYcNiYgRNvCBxntifRM,"hardware_store, book_store, furniture_store, home_goods_store, point_of_interest, store, establishment"
"Allgood, AL",retail food,retail,445310,Catoma Package,"100 Co Rd 1435, Cullman, AL 35058, USA",(256) 734-8443,https://www.facebook.com/thebestliquorstoreincullman,34.2043074,-86.82679560000001,4.6,345.0,ChIJo-R81AbMiYgRFFH3xYjjnD8,"liquor_store, point_of_interest, store, establishment"
"Allgood, AL",retail food,retail,445120,Murphy USA,"8559 Whitfield Ave, Leeds, AL 35094, USA",(205) 699-7005,http://www.murphyusa.com/,33.5623241,-86.52068009999999,4.0,64.0,ChIJoxeC3IxtiYgRyZja6gsbUJU,"gas_station, convenience_store, food, point_of_interest, store, establishment"
"Allgood, AL",retail food,retail,445310,ABC Select Spirits,"5100 E Lake Blvd, Birmingham, AL 35217, USA",(205) 841-9724,http://www.alabcboard.gov/,33.5655827,-86.7599836,4.4,89.0,ChIJWf3Zl7caiYgRicqjvqXl58E,"liquor_store, point_of_interest, store, establishment"
"Allgood, AL",retail food,retail,445120,Titan Mart,"41127 US-411, Ashville, AL 35953, USA",(205) 594-5781,,33.89734070000001,-86.11070219999999,4.5,11.0,ChIJixLmduwviogRKmUmQEeISqQ,"gas_station, convenience_store, food, point_of_interest, store, establishment"
"Allgood, AL",retail food,retail,,T & M Farm Supply,"11 Ashley St, Blountsville, AL 35031, USA",(205) 429-3276,,34.0804193,-86.5920585,4.9,60.0,ChIJob6dI-2_iYgRAGCojgKRk2c,"food, point_of_interest, store, establishment"
"Allgood, AL",retail food,retail,445120,Murphy USA,"624 Olive St SW, Cullman, AL 35055, USA",(256) 739-7143,http://www.murphyusa.com/,34.1508991,-86.8429414,4.1,67.0,ChIJK_XWKTLKiYgRTJIEw-KOhpY,"gas_station, convenience_store, food, point_of_interest, store, establishment"
"Allgood, AL",retail food,retail,452210,Kohl's,"5900 Chalkville Mountain Rd, Birmingham, AL 35235, USA",(205) 661-0580,https://www.kohls.com/stores/al/birmingham-658.shtml?utm_source=google&utm_medium=organic&utm_campaign=local,33.6456843,-86.627253,4.3,907.0,ChIJtwy6dmAMiYgRo97IcfteT20,"department_store, point_of_interest, store, establishment"
"Allgood, AL",clothing store,retail,448140,Ross Dress for Less,"1224 Cullman Shopping Center NW, Cullman, AL 35055, USA",(256) 736-9216,https://www.rossstores.com/,34.1832715,-86.8512985,4.3,615.0,ChIJ4zn4dJfLiYgRB6tpfbbKeCg,"clothing_store, shoe_store, department_store, store, point_of_interest, establishment"
"Allgood, AL",clothing store,retail,452210,T.J. Maxx,"2805 Dr John Haynes Dr, Pell City, AL 35125, USA",(659) 207-6189,http://www.tjmaxx.com/,33.605087,-86.277598,4.5,111.0,ChIJRYl8zGR9iYgRW0BmXds_8go,"department_store, jewelry_store, clothing_store, store, point_of_interest, establishment"
"Allgood, AL",clothing store,retail,448140,Citi Trends,"9120 Parkway E Suite #300, Birmingham, AL 35206, USA",(205) 561-0056,https://locations.cititrends.com/al/birmingham/9120-parkway-east.html,33.5867445,-86.7034984,4.0,183.0,ChIJUUoUNc0PiYgR6cMHKyb2MqE,"clothing_store, shoe_store, store, point_of_interest, establishment"
"Allgood, AL",clothing store,retail,448140,Martin's Family Clothing,"813 Martin St S, Pell City, AL 35128, USA",(205) 848-6001,http://www.martinsfc.com/,33.5797565,-86.2772792,3.9,134.0,ChIJIVwDgD99iYgRu9nQWR9zYNs,"clothing_store, store, point_of_interest, establishment"
"Allgood, AL",clothing store,retail,452210,T.J. Maxx,"655 Fieldstown Rd, Gardendale, AL 35071, USA",(205) 631-9039,https://tjmaxx.tjx.com/store/index.jsp,33.6497188,-86.8236972,4.2,764.0,ChIJQYc84WEQiYgR4y2n43R6gEA,"department_store, jewelry_store, clothing_store, store, point_of_interest, establishment"
"Allgood, AL",clothing store,retail,452210,Marshalls,"5929 Trussville Crossings Pkwy, Trussville, AL 35235, USA",(205) 655-7743,https://www.marshalls.com/,33.6391012,-86.62769879999999,4.3,589.0,ChIJPzxW32YMiYgRVGajYFViL9Q,"department_store, clothing_store, store, point_of_interest, establishment"
"Allgood, AL",clothing store,retail,448140,Ross Dress for Less,"3375 Lowery Pkwy, Fultondale, AL 35068, USA",(205) 841-3602,https://www.rossstores.com/,33.6030769,-86.8054504,4.2,1268.0,ChIJaUkwqJYEiYgRRT-Tso1cgyI,"clothing_store, shoe_store, department_store, store, point_of_interest, establishment"
"Allgood, AL",clothing store,retail,452210,T.J. Maxx,"1908 Marktplatz Center SW, Cullman, AL 35055, USA",(256) 736-5560,https://tjmaxx.tjx.com/store/index.jsp,34.1508612,-86.8390069,4.4,506.0,ChIJCX50Ob_LiYgRlVG-fbfQ-Ng,"department_store, jewelry_store, clothing_store, store, point_of_interest, establishment"
"Allgood, AL",clothing store,retail,448140,Ross Dress for Less,"5933 Trussville Crossings Pkwy, Center Point, AL 35235, USA",(205) 655-4183,https://www.rossstores.com/,33.6392827,-86.6272319,4.3,496.0,ChIJAyKjZmcMiYgRSq_uj8kO72E,"clothing_store, shoe_store, department_store, store, point_of_interest, establishment"
"Allgood, AL",clothing store,retail,448140,Ross Dress for Less,"2785 Dr John Haynes Dr, Pell City, AL 35125, USA",(659) 214-1031,https://www.rossstores.com/,33.6052599,-86.2776313,3.7,31.0,ChIJp3D_0jJ9iYgRl9RYuiEKmTQ,"clothing_store, shoe_store, department_store, store, point_of_interest, establishment"
"Allgood, AL",clothing store,retail,448140,Burlington,"1640 Gadsden Hwy, Birmingham, AL 35235, USA",(659) 444-1157,https://stores.burlington.com/al/trussville/1367/?utm_source=google&utm_medium=organic&utm_campaign=maps,33.6045249,-86.63898689999999,4.1,96.0,ChIJW77ARrgNiYgRDBSMSVX1VcA,"clothing_store, department_store, jewelry_store, home_goods_store, store, point_of_interest, establishment"
"Allgood, AL",clothing store,retail,448140,Factory Connection,"1621 Town Square S W, Cullman, AL 35055, USA",(256) 736-5631,http://www.factory-connection.com/,34.161794,-86.83806299999999,4.4,58.0,ChIJm3tDQcnLiYgRAyeJzTTxYRY,"clothing_store, store, point_of_interest, establishment"
"Allgood, AL",clothing store,retail,452210,T.J. Maxx,"1648 Gadsden Hwy, Birmingham, AL 35235, USA",(205) 661-2822,https://tjmaxx.tjx.com/store/index.jsp,33.604835,-86.63828099999999,4.3,783.0,ChIJETmiz-oNiYgRxBF9_sWRX3I,"department_store, jewelry_store, clothing_store, store, point_of_interest, establishment"
"Allgood, AL",clothing store,retail,448140,Citi Trends,"2000 Veterans Memorial Dr Suite 2, Birmingham, AL 35214, USA",(205) 396-2106,https://locations.cititrends.com/al/birmingham/2000-veterans-memrl-dr.html,33.5730184,-86.90804899999999,4.4,67.0,ChIJcSEpCaziiIgRV-HTlOHv_5M,"clothing_store, shoe_store, store, point_of_interest, establishment"
"Allgood, AL",clothing store,retail,448140,Factory Connection,"1537 US-431, Boaz, AL 35957, USA",(256) 593-5382,http://www.factory-connection.com/,34.2081341,-86.1545486,4.5,111.0,ChIJ__lVI74biogR8ZgtykQL7tA,"clothing_store, shoe_store, home_goods_store, store, point_of_interest, establishment"
"Allgood, AL",clothing store,retail,448140,Factory Connection,"1015 Martin St S, Pell City, AL 35128, USA",(205) 338-4200,http://www.factory-connection.com/,33.5793033,-86.27704709999999,4.5,51.0,ChIJhQN1zAFjiYgRDAvb84aTDvE,"clothing_store, home_goods_store, store, point_of_interest, establishment"
"Allgood, AL",clothing store,retail,448140,H&M,"6200 Grand River Blvd E Suite 216, Leeds, AL 35094, USA",(855) 466-7467,https://www2.hm.com/en_us/customer-service/shopping-at-hm/store-locator/usa/leeds/the-outlet-shop-of-grand-river/US0568.html?utm_source=google_location&utm_medium=organic&utm_content=US0568&utm_campaign=pi_USQ00AAU0AA004,33.5484907,-86.5958864,4.0,203.0,ChIJKVBbu3RtiYgRYvadGAtPtMY,"clothing_store, store, point_of_interest, establishment"
"Allgood, AL",clothing store,retail,448210,The Superior Shop,"9150 Parkway E Suite #300, Birmingham, AL 35206, USA",(205) 703-8966,http://www.thesuperiorshop.com/,33.587779,-86.7034733,4.2,19.0,ChIJVe2pyzIOiYgRAtP6XHzZzrY,"shoe_store, clothing_store, store, point_of_interest, establishment"
"Allgood, AL",clothing store,retail,448210,Rainbow Shops,"9158 Parkway E, Birmingham, AL 35206, USA",(205) 836-7003,https://stores.rainbowshops.com/al/birmingham/581/?utm_source=G&utm_medium=lpm&utm_campaign=RainbowShops,33.5876373,-86.70345180000001,3.4,76.0,ChIJ2wVeNc0PiYgRZlS7vx_ss3g,"shoe_store, jewelry_store, clothing_store, store, point_of_interest, establishment"
"Allgood, AL",clothing store,retail,448140,bealls,"613 Martin St N Ste 200, Pell City, AL 35125, USA",(205) 338-6521,https://stores.bealls.com/al/pell-city/613-martin-st-n,33.5946764,-86.2842545,4.4,307.0,ChIJtXqXUxB9iYgRbig6wZpkh0Y,"clothing_store, shoe_store, home_goods_store, store, point_of_interest, establishment"
"Allgood, AL",clothing store,retail,443142,Roses Discount Store,"9516 Parkway E, Birmingham, AL 35215, USA",(205) 961-4800,https://www.rosesdiscountstores.com/,33.596031,-86.69605899999999,3.8,19.0,ChIJ85Wsmm4PiYgRJy3u0mvPZzo,"electronics_store, clothing_store, home_goods_store, store, point_of_interest, establishment"
"Allgood, AL",clothing store,retail,448140,Old Navy,"2825 Dr John Haynes Dr, Pell City, AL 35125, USA",(205) 530-3202,https://oldnavy.gap.com/stores/al/pellcity/oldnavy-836.html,33.6052662,-86.276956,5.0,2.0,ChIJ5aTiME59iYgR4y29KkpZYXY,"clothing_store, store, point_of_interest, establishment"
"Allgood, AL",clothing store,retail,448210,Rainbow Shops,"1623 Forestdale Blvd, Forestdale, AL 35214, USA",(205) 791-6638,https://stores.rainbowshops.com/al/forestdale/883/?utm_source=G&utm_medium=lpm&utm_campaign=RainbowShops,33.5697552,-86.8986662,4.4,60.0,ChIJ2-2iaVcdiYgRxRD2ciXQ_aA,"shoe_store, jewelry_store, clothing_store, store, point_of_interest, establishment"
"Allgood, AL",clothing store,retail,448140,Brooks Brothers,"6200 Grand River Blvd E #692, Leeds, AL 35094, USA",(205) 702-4861,https://stores.brooksbrothers.com/brooks-brothers-bf537d9f916b,33.5493981,-86.5956995,4.6,66.0,ChIJf1a1Wb8SiYgRoxA-ZPtZfs8,"clothing_store, store, point_of_interest, establishment"
"Allgood, AL",clothing store,retail,448140,Factory Connection,"1113 2nd Ave E, Oneonta, AL 35121, USA",(205) 274-0434,http://www.factory-connection.com/,33.9580803,-86.4630492,4.4,82.0,ChIJA3sh4KyRiYgRkJk4Nss0XOc,"clothing_store, shoe_store, home_goods_store, store, point_of_interest, establishment"
"Allgood, AL",clothing store,retail,452210,Belk,"1216 Cullman Shopping Center NW, Cullman, AL 35055, USA",(256) 734-8941,https://www.belk.com/store/belk-cullman-al/?StoreID=417,34.18259,-86.851035,4.2,903.0,ChIJ12O3HcnLiYgRUtqYz_68Bb8,"department_store, shoe_store, clothing_store, home_goods_store, store, point_of_interest, establishment"
"Allgood, AL",clothing store,retail,448210,DTLR,"9146 Parkway E Suite #300, Birmingham, AL 35206, USA",(205) 833-0071,https://locations.dtlr.com/al/birmingham/roebuck-marketplace.html,33.5873563,-86.7039427,4.0,70.0,ChIJAabnyjIOiYgRfuxxWTu3Yj8,"shoe_store, clothing_store, store, point_of_interest, establishment"
"Allgood, AL",clothing store,retail,448140,Old Navy Outlet,"6200 Grand River Blvd E #718, Leeds, AL 35094, USA",(205) 699-6729,https://oldnavy.gap.com/stores/al/leeds/oldnavy-4516.html,33.5495583,-86.5967634,4.2,340.0,ChIJfWuKV78SiYgRZlidrTDN5FA,"clothing_store, store, point_of_interest, establishment"
"Allgood, AL",clothing store,retail,443142,Roses Express,"1948 Veterans Memorial Dr, Birmingham, AL 35214, USA",(205) 791-4505,https://www.rosesdiscountstores.com/,33.5719833,-86.90687559999999,4.3,57.0,ChIJKwEaNUMdiYgRTEkG6uX5evY,"electronics_store, clothing_store, home_goods_store, store, point_of_interest, establishment"
"Allgood, AL",clothing store,retail,448140,bealls,"2079 US-431, Boaz, AL 35957, USA",(256) 593-6723,https://stores.bealls.com/al/boaz/2079-us-highway-431,34.2150989,-86.1593982,4.6,141.0,ChIJ2QIgLZgbiogRLBiW2awy4E4,"clothing_store, shoe_store, home_goods_store, store, point_of_interest, establishment"
"Allgood, AL",clothing store,retail,452210,Belk,"5036 Pinnacle Sq, Trussville, AL 35235, USA",(205) 655-2694,https://www.belk.com/store/belk-trussville-al/?StoreID=349,33.608429,-86.638459,4.1,1330.0,ChIJY3XbYsgNiYgRjH9821An_Mc,"department_store, shoe_store, clothing_store, home_goods_store, store, point_of_interest, establishment"
"Allgood, AL",clothing store,retail,448140,Stella Boutique,"1226 Main St, Gardendale, AL 35071, USA",(205) 285-8780,http://www.shopstellaboutique.com/,33.656368,-86.8124598,4.1,22.0,ChIJu-fKJRAEiYgRX3lD5z2hN0g,"clothing_store, store, point_of_interest, establishment"
"Allgood, AL",clothing store,retail,448210,Mountain High Outfitters,"6200 Grand River Blvd E Suite 402, Leeds, AL 35094, USA",(205) 699-8264,http://mountainhighoutfitters.com/,33.549176,-86.5951486,4.3,117.0,ChIJs_OnVb8SiYgRmjzXPlpzJN4,"shoe_store, clothing_store, store, point_of_interest, establishment"
"Allgood, AL",clothing store,retail,448210,Cato Fashions,"1644 Gadsden Hwy, Trussville, AL 35173, USA",(205) 661-2989,https://stores.catofashions.com/al/trussville/1644-gadsden-highway?utm_source=gmb&utm_medium=Yext&y_source=1_MjY1NjAwOTQtNzE1LWxvY2F0aW9uLndlYnNpdGU%3D,33.6045943,-86.638638,4.6,66.0,ChIJ6f34GwANiYgREoFC7WQmTL4,"shoe_store, clothing_store, store, point_of_interest, establishment"
"Allgood, AL",clothing store,retail,448140,Tommy Hilfiger,"6200 Grand River Blvd E #702, Leeds, AL 35094, USA",(205) 699-7331,https://stores.tommy.com/al/leeds/189/?utm_source=gmb&utm_medium=organic&utm_campaign=local,33.5490866,-86.5963562,4.4,216.0,ChIJe8EULccSiYgRJCxkXPQdA0U,"clothing_store, store, point_of_interest, establishment"
"Allgood, AL",clothing store,retail,448140,J.Crew Factory,"6200 Grand River Blvd E Suite 730, Leeds, AL 35094, USA",(205) 699-5051,https://stores.factory.jcrew.com/us/al/leeds/6200-grand-river-blvd,33.5497577,-86.5968766,4.4,34.0,ChIJfRSKV78SiYgRLeFE5WCp6IE,"clothing_store, shoe_store, store, point_of_interest, establishment"
"Allgood, AL",clothing store,retail,448140,Vogue To Vintage,"5659 US-431, Albertville, AL 35950, USA",(256) 878-0516,https://www.voguetovintageboutique.com/,34.2597346,-86.18738359999999,4.5,32.0,ChIJd1nT6i0DiogRslbEa-CSklM,"clothing_store, store, point_of_interest, establishment"
"Allgood, AL",clothing store,retail,448140,Platform,"115 1st Ave NE, Cullman, AL 35055, USA",(256) 775-3722,http://www.platformcullman.com/,34.1783922,-86.84337459999999,4.5,16.0,ChIJwXY2jY7LiYgRZ8zxeSwbdEA,"clothing_store, store, point_of_interest, establishment"
"Allgood, AL",clothing store,retail,448210,Cato Fashions,"1916 Market Platz Center SW, Cullman, AL 35055, USA",(256) 734-0932,https://stores.catofashions.com/al/cullman/1916-market-platz-center-sw?utm_source=gmb&utm_medium=Yext&y_source=1_MjY1NTk5MzUtNzE1LWxvY2F0aW9uLndlYnNpdGU%3D,34.1504717,-86.83915619999999,4.2,66.0,ChIJCX50Ob_LiYgRyJX9IYKEx0Q,"shoe_store, clothing_store, store, point_of_interest, establishment"
"Allgood, AL",clothing store,retail,448140,U.G. Clothing Boutique ( Uptown Girls ),"1800 Cogswell Ave, Pell City, AL 35125, USA",(205) 814-1589,,33.585673,-86.28662299999999,4.5,17.0,ChIJQWV6ixd9iYgR-EBHHaIoL-c,"clothing_store, store, point_of_interest, establishment"
"Allgood, AL",clothing store,retail,448210,Cato Fashions,"655 Fieldstown Rd, Gardendale, AL 35071, USA",(205) 631-5048,https://stores.catofashions.com/al/gardendale/655-fieldstown-road?utm_source=gmb&utm_medium=Yext&y_source=1_MjY1NjAzODktNzE1LWxvY2F0aW9uLndlYnNpdGU%3D,33.6506965,-86.8225102,4.5,103.0,ChIJp0YqMvYDiYgRLUaKduKAVEI,"shoe_store, clothing_store, store, point_of_interest, establishment"
"Allgood, AL",clothing store,retail,448210,LOFT Outlet,"6200 Grand River Blvd E, Leeds, AL 35094, USA",(205) 699-1107,https://www.loft.com/store/outlet/al/leeds/6200-grand-river-blvd-east?y_source=1_MTk4MDQ2MC03MTUtbG9jYXRpb24ud2Vic2l0ZQ%3D%3D,33.5498703,-86.59697709999999,4.4,17.0,ChIJvaISV78SiYgRJtgeiEvFA_A,"shoe_store, jewelry_store, clothing_store, store, point_of_interest, establishment"
"Allgood, AL",clothing store,retail,448140,J K TAYLOR,"421 3rd Ave SE Suite 150, Cullman, AL 35055, USA",(256) 735-4380,http://www.shopjktaylor.com/,34.1745967,-86.83905419999999,4.4,10.0,ChIJgbe3AZfLiYgRW-G6SVimLiU,"clothing_store, store, point_of_interest, establishment"
"Allgood, AL",clothing store,retail,448140,Wills Creek Clothing,"418 4th St NW, Attalla, AL 35954, USA",(256) 490-5369,http://www.willscreekclothing.com/,34.0226274,-86.0900037,5.0,2.0,ChIJJ49_9zg9iogROfF6rC5cyh8,"clothing_store, store, point_of_interest, establishment"
"Allgood, AL",clothing store,retail,448140,"1971 Clothing, LLC","104 Watterson Pkwy, Trussville, AL 35173, USA",(205) 655-0013,http://www.1971clothing.com/,33.6149512,-86.60725509999999,4.7,14.0,ChIJFVZzMK8-iogRLJWEEw2lPRw,"clothing_store, store, point_of_interest, establishment"
"Allgood, AL",clothing store,retail,448140,Nomadic Threads,"106 1st Ave NE, Cullman, AL 35055, USA",(256) 962-1789,https://nomadicthreadscullman.com/,34.1781266,-86.8432404,5.0,18.0,ChIJEba1mC_LiYgRt6vZmYDhvwg,"clothing_store, store, point_of_interest, establishment"
"Allgood, AL",clothing store,retail,448140,Dixie Duds and Decor,"300 2nd St SE, Cullman, AL 35055, USA",(256) 841-6444,http://www.dixiedudsanddecor.com/,34.177306,-86.8400542,4.2,30.0,ChIJd4JehjXLiYgRmwN_F3f5Vcs,"clothing_store, jewelry_store, store, point_of_interest, establishment"
"Allgood, AL",clothing store,retail,448140,Sista tu Sista Boutique,"9433 Parkway E Suite C, Birmingham, AL 35215, USA",(205) 586-2572,http://sista-tu-sista.myshopify.com/,33.5926395,-86.6953029,4.9,13.0,ChIJS5jlFjoQiYgRNEXDa-SQRJU,"clothing_store, store, point_of_interest, establishment"
"Allgood, AL",clothing store,retail,448210,Cato Fashions,"87 Vaughan Ln, Pell City, AL 35125, USA",(205) 338-7460,https://stores.catofashions.com/al/pell-city/87-vaughn-lane?utm_source=gmb&utm_medium=Yext&y_source=1_MjY1NTk4ODctNzE1LWxvY2F0aW9uLndlYnNpdGU%3D,33.6102888,-86.277637,4.4,18.0,ChIJjyxmkRd9iYgRSG7oIHANB-I,"shoe_store, clothing_store, store, point_of_interest, establishment"
"Allgood, AL",clothing store,retail,448140,Amberson's Clothing,"109 S Main St, Boaz, AL 35957, USA",(256) 593-6032,,34.197903,-86.1649465,4.8,4.0,ChIJZZnN4fEbiogRhJ5sEoVlcPg,"clothing_store, store, point_of_interest, establishment"
"Allgood, AL",clothing store,retail,448140,Wild Thang,"1614 2nd Ave SW, Cullman, AL 35055, USA",(256) 737-9453,http://www.wildthanglingerie.com/,34.1621901,-86.8347577,4.2,137.0,ChIJUaIrUMzLiYgRWwy3e4R7aLc,"clothing_store, store, point_of_interest, establishment"
"Allgood, AL",clothing store,retail,448140,Blm Clothing,"410 Main St, Trussville, AL 35173, USA",(205) 567-2885,,33.6181117,-86.61431499999999,5.0,8.0,ChIJCxQaa_oNiYgRvEKE9NCJ3fk,"clothing_store, store, point_of_interest, establishment"
"Allgood, AL",clothing store,retail,448140,L & O Greek Specialties,"9532 Parkway E, Birmingham, AL 35215, USA",(205) 833-5222,https://www.logreek.com/,33.5967025,-86.69599149999999,4.5,115.0,ChIJbVadlDEFiYgR-GyeAvs2aqw,"clothing_store, store, point_of_interest, establishment"
"Allgood, AL",clothing store,retail,448210,Three Pears,"118 5th St SE, Cullman, AL 35055, USA",(256) 739-5577,,34.1737597,-86.83969549999999,4.5,12.0,ChIJgajqKsfLiYgRbiabNC_iQkM,"shoe_store, jewelry_store, clothing_store, store, point_of_interest, establishment"
"Allgood, AL",clothing store,retail,452210,The Southern,"214 1st Ave E, Oneonta, AL 35121, USA",(205) 274-2936,https://www.thesouthernonline.com/,33.9453956,-86.47544189999999,4.9,44.0,ChIJsXFYlJSQiYgR1HTnlUdI4oU,"department_store, clothing_store, store, point_of_interest, establishment"
"Allgood, AL",clothing store,retail,448210,Glitz & Glamour,"2007 Cogswell Ave, Pell City, AL 35125, USA",(205) 884-9050,http://glitznglamourpc.com/,33.5870456,-86.2846113,4.5,172.0,ChIJ3e9UOhR9iYgRme0J62RipEQ,"shoe_store, clothing_store, store, point_of_interest, establishment"
"Allgood, AL",clothing store,retail,448210,Allie and Me Boutique,"1070 US-431, Boaz, AL 35957, USA",(256) 281-9566,http://shopallieandme.com/,34.2019691,-86.1510772,4.7,21.0,ChIJZYGzJQkXiogRUjnX1iy2zxg,"shoe_store, jewelry_store, clothing_store, store, point_of_interest, establishment"
"Allgood, AL",clothing store,retail,452210,"Plato's Closet - Trussville, AL","1873 Gadsden Hwy, Birmingham, AL 35235, USA",(205) 655-5870,https://platoscloset.com/locations/birmingham-al/,33.6076235,-86.6289153,3.6,442.0,ChIJuaHDkMENiYgRhI4zwxW4ewo,"department_store, clothing_store, store, point_of_interest, establishment"
"Allgood, AL",clothing store,retail,448140,Jack's Western & Outdoor Wear,"114 Schwaiger Rd, Cullman, AL 35055, USA",(256) 739-3612,http://jackswestern.com/,34.1130518,-86.8648307,4.6,665.0,ChIJe0PqOX61iYgRqTmOaggx_OE,"clothing_store, shoe_store, store, point_of_interest, establishment"
"Allgood, AL",convenience store,retail,445120,Carson Village Convenience Store,"408 Carson Rd N, Birmingham, AL 35217, USA",(205) 520-5575,,33.6599232,-86.7196112,3.9,12.0,ChIJ_xSTjEkPiYgRGK7dto0G4QM,"convenience_store, food, point_of_interest, store, establishment"
"Allgood, AL",convenience store,retail,445120,Dale's 1,"100 Arkadelphia Rd, Hanceville, AL 35077, USA",(256) 352-3199,https://m.facebook.com/dalesblackmountainbeverage,34.06669430000001,-86.7631286,4.1,123.0,ChIJv3nUnQq3iYgRow5HqwkDkc8,"convenience_store, gas_station, liquor_store, food, point_of_interest, store, establishment"
"Allgood, AL",convenience store,retail,445120,QuikTrip,"685 Mineral Springs Rd, Pell City, AL 35125, USA",(205) 473-3640,http://www.quiktrip.com/,33.5987075,-86.3229211,4.0,48.0,ChIJI6rrFMR9iYgR0KpGMkdM6JI,"convenience_store, food, point_of_interest, store, establishment"
"Allgood, AL",convenience store,retail,445120,Pell City Friendly Store,"78 Cogswell Ave, Pell City, AL 35125, USA",,,33.588117,-86.31587239999999,4.6,5.0,ChIJ69E3Aut8iYgRFRMtcIFxIOA,"convenience_store, food, point_of_interest, store, establishment"
"Allgood, AL",convenience store,retail,445120,Fairview Superette,"648 Wesley Ave N, Cullman, AL 35058, USA",(256) 796-6131,http://www.chevronwithtechron.com/stations/station-finder.aspx,34.2536491,-86.6887187,4.0,12.0,ChIJ10xQKu7EiYgRZxtAwx0ayPo,"gas_station, convenience_store, grocery_or_supermarket, car_repair, food, point_of_interest, store, establishment"
"Allgood, AL",convenience store,retail,445120,Circle K,"232 Roebuck Plaza Dr, Birmingham, AL 35206, USA",(205) 833-5411,https://www.circlek.com/store-locator/US/birmingham/232-roebuck-plaza-dr/2723812?utm_source=google&utm_medium=local&utm_campaign=google-local,33.5907098,-86.7020675,2.4,30.0,ChIJp8vHycwPiYgRm-44ZWnMA0c,"convenience_store, gas_station, atm, cafe, finance, food, point_of_interest, store, establishment"
"Allgood, AL",convenience store,retail,445120,C Store on Parkway,"2480 Moody Pkwy, Moody, AL 35004, USA",(205) 640-3198,,33.5798796,-86.5083116,3.0,2.0,ChIJXXVxiNJziYgRYCrjfThYFW8,"convenience_store, food, point_of_interest, store, establishment"
"Allgood, AL",convenience store,retail,445120,Wayne's Package Store,"405 Warrior Jasper Rd, Warrior, AL 35180, USA",(205) 647-5029,,33.8118055,-86.8280212,4.4,558.0,ChIJjwILCNqriYgRwzxTesFqcYI,"convenience_store, food, point_of_interest, store, establishment"
"Allgood, AL",convenience store,retail,445120,RaceTrac,"606 Fieldstown Rd, Gardendale, AL 35071, USA",(404) 829-6411,https://www.racetrac.com/locations/alabama/gardendale/fieldstown?utm_source=google&utm_medium=organic&utm_campaign=gmb-listing,33.6530248,-86.8232207,3.2,207.0,ChIJb-pquPcDiYgRAOO2V5SwXGs,"gas_station, convenience_store, liquor_store, cafe, meal_takeaway, restaurant, food, point_of_interest, store, establishment"
"Allgood, AL",convenience store,retail,445120,Circle K,"6001 AL-157, Cullman, AL 35058, USA",(256) 775-9016,"https://www.circlek.com/store-locator/US/cullman/6001-al-hwy-157/2704889?address=Cullman,%20Alabama%2035058,%20United%20States&lat=34.25&lng=-86.68&lang=en",34.2066678,-86.87535299999999,4.2,161.0,ChIJsQ0AaJzMiYgRuEvsZsF3bn0,"convenience_store, gas_station, food, point_of_interest, store, establishment"
"Allgood, AL",convenience store,retail,445120,Marathon,"1640 Martin St N, Pell City, AL 35125, USA",(205) 338-9938,http://marathonoil.com/,33.6103002,-86.2805399,3.2,28.0,ChIJD9qRaaF9iYgReEf2fEAA0_c,"gas_station, convenience_store, food, point_of_interest, store, establishment"
"Allgood, AL",convenience store,retail,445120,Flash Market,"41 Springville Sta Blvd, Springville, AL 35146, USA",(205) 467-0701,http://flashmarkets.com/,33.7783346,-86.429447,3.5,4.0,ChIJQS31zySdiYgRSk7UcZfpJBY,"convenience_store, gas_station, food, point_of_interest, store, establishment"
"Allgood, AL",convenience store,retail,445120,Circle K,"199 Main St, Trussville, AL 35173, USA",(205) 655-7976,https://www.circlek.com/store-locator/US/trussville/199-main-st/2723827?utm_source=google&utm_medium=local&utm_campaign=google-local,33.6195906,-86.6079951,3.6,49.0,ChIJmTE02BwNiYgRIpubaaxBLEI,"convenience_store, gas_station, atm, finance, food, point_of_interest, store, establishment"
"Allgood, AL",convenience store,retail,445120,Circle K,"9401 Parkway E, Birmingham, AL 35215, USA",(205) 836-3941,https://www.circlek.com/store-locator/US/birmingham/9401-parkway-e/2723828?utm_source=google&utm_medium=local&utm_campaign=google-local,33.5912835,-86.6959962,3.6,88.0,ChIJcY8NpzYOiYgRQe2L53OeNM4,"convenience_store, gas_station, atm, finance, food, point_of_interest, store, establishment"
"Allgood, AL",convenience store,retail,445120,Chevron Ashville,"36594 US-231, Ashville, AL 35953, USA",(205) 594-3200,https://www.chevron.com/,33.8612133,-86.2856584,4.2,24.0,ChIJuRZ8rhqHiYgRj_VEohgBUXI,"gas_station, convenience_store, liquor_store, restaurant, food, point_of_interest, store, establishment"
"Allgood, AL",convenience store,retail,445120,Marathon Gas,"1125 Gadsden Hwy, Birmingham, AL 35235, USA",(205) 833-8118,https://www.marathonbrand.com/,33.5881982,-86.6555903,3.3,16.0,ChIJWTXPD-QNiYgRBHzLqKfBgbw,"gas_station, convenience_store, food, point_of_interest, store, establishment"
"Allgood, AL",convenience store,retail,445120,V & W Food Mart,"19129 US Hwy 31, South Vinemont, AL 35179, USA",(256) 739-3911,,34.2425879,-86.86745789999999,4.4,176.0,ChIJkd3In_7MiYgR3jQzj9n-Nj8,"convenience_store, gas_station, grocery_or_supermarket, restaurant, food, point_of_interest, store, establishment"
"Allgood, AL",convenience store,retail,445120,Park Avenue Stop-N-Go,"206 Park Ave, Moody, AL 35004, USA",(205) 640-6399,http://www.citgo.com/,33.58269860000001,-86.470058,4.8,15.0,ChIJufGr-cVxiYgRB6VJBC2uQzA,"convenience_store, gas_station, food, point_of_interest, store, establishment"
"Allgood, AL",convenience store,retail,445120,Rosa Market,"58485 US-231, Oneonta, AL 35121, USA",(205) 274-2025,https://splinternetmarketing.com/local-pros/alabama/oneonta/rosa-market/,33.9885736,-86.5116841,2.9,10.0,ChIJK5jPQsaWiYgRoEWP7tignTg,"gas_station, convenience_store, food, point_of_interest, store, establishment"
"Allgood, AL",convenience store,retail,445120,Crossroads Grocery,"3495 Warrior Jasper Rd, Warrior, AL 35180, USA",(205) 647-4701,,33.7619728,-86.9354039,3.7,104.0,ChIJaUFVWnxViIgRHbAum86ZD8M,"convenience_store, food, point_of_interest, store, establishment"
"Allgood, AL",convenience store,retail,445120,Lil Mart,"9887 US-411, Odenville, AL 35120, USA",(205) 640-5110,,33.6416707,-86.4448081,3.9,33.0,ChIJZ5E6JcRwiYgRMolN_pgBU3Y,"convenience_store, atm, food, point_of_interest, store, finance, establishment"
"Allgood, AL",convenience store,retail,445120,C C Food Mart,"1880 Edwards Lake Rd, Birmingham, AL 35235, USA",(205) 655-7676,,33.5988367,-86.64827749999999,3.7,3.0,ChIJ9Qdvn8MNiYgRq1_XROFZjdM,"convenience_store, gas_station, food, point_of_interest, store, establishment"
"Allgood, AL",convenience store,retail,445120,Korner Foodmart,"12 Polly Reed Rd NE, Center Point, AL 35215, USA",(205) 853-8999,,33.6349301,-86.68306249999999,5.0,2.0,ChIJbZ7pYusOiYgRvTWZBIU0k5I,"convenience_store, food, point_of_interest, store, establishment"
"Allgood, AL",convenience store,retail,445120,Circle K,"1403 Martin St N, Pell City, AL 35125, USA",(331) 251-7300,https://www.circlek.com/store-locator/US/pell-city/1403-martin-st-n/2704887,33.6034562,-86.28296879999999,3.8,56.0,ChIJeXvATth9iYgRNJhwfRB-yjc,"convenience_store, gas_station, food, point_of_interest, store, establishment"
"Allgood, AL",convenience store,retail,445120,Circle K,"6408 Old Springville Rd, Bradford, AL 35126, USA",(205) 681-3851,"https://www.circlek.com/store-locator?address=6410OldSpringvilleRoad,Pinson,Alabama35126,UnitedStates&lat=33.689885&lng=-86.621126",33.6898399,-86.62103359999999,3.8,30.0,ChIJl_JBi-ALiYgRAQO--dPihmE,"convenience_store, gas_station, food, point_of_interest, store, establishment"
"Allgood, AL",convenience store,retail,445120,Dollar General,"1642 Town Square S W, Cullman, AL 35055, USA",(256) 531-9491,https://www.dollargeneral.com/store-directory/al/cullman/2190,34.160132,-86.83701529999999,4.3,316.0,ChIJ9TU6r4HLiYgRWvajEfzLIFs,"convenience_store, drugstore, grocery_or_supermarket, food, point_of_interest, health, store, establishment"
"Allgood, AL",convenience store,retail,445310,CCs 2 Tobacco & Package Store,"21403 US-231, Ragland, AL 35131, USA",(205) 480-8660,https://www.facebook.com/profile.php?id=100094346487126,33.6544823,-86.2778013,4.4,44.0,ChIJIb4wV_h_iYgRksnw5xIx7v4,"liquor_store, convenience_store, grocery_or_supermarket, food, point_of_interest, store, establishment"
"Allgood, AL",convenience store,retail,445120,Chevron,"5981 Chalkville Mountain Rd, Birmingham, AL 35235, USA",(205) 655-5115,https://www.chevronwithtechron.com/,33.63921670000001,-86.6218672,2.8,26.0,ChIJqedeYmAMiYgRALS9xCBWke8,"gas_station, convenience_store, car_repair, food, point_of_interest, store, establishment"
"Allgood, AL",convenience store,retail,445120,High Point Grocery,"4239 Highpoint Rd, Albertville, AL 35950, USA",(256) 891-6155,,34.241552,-86.27868319999999,4.4,20.0,ChIJqUKqGLj3iYgRyRML1qQmJGg,"gas_station, convenience_store, food, point_of_interest, store, establishment"
"Allgood, AL",convenience store,retail,445120,Shell,"5347 Deerfoot Pkwy, Trussville, AL 35173, USA",(205) 655-5119,https://find.shell.com/us/fuel/12709726-5347-deerfoot-pkwy/en_US,33.656937,-86.57581780000001,3.9,93.0,ChIJDR6EdY1ziYgRq2P7bvjO0T0,"gas_station, convenience_store, food, point_of_interest, store, establishment"
"Allgood, AL",convenience store,retail,445120,Dollar General,"9088 Parkway E, Birmingham, AL 35206, USA",(205) 558-6585,https://www.dollargeneral.com/store-directory/al/birmingham/4110,33.5853039,-86.7056752,3.9,521.0,ChIJWZOkkdEPiYgRQRMhiPeneKQ,"convenience_store, drugstore, grocery_or_supermarket, food, point_of_interest, health, store, establishment"
"Allgood, AL",convenience store,retail,445120,Stuckey's Hayden,"7600 County Hwy 5, Hayden, AL 35079, USA",(205) 647-7043,,33.9103961,-86.86630269999999,4.3,25.0,ChIJW-uIdgutiYgRXCtxpVvR9eg,"convenience_store, food, point_of_interest, store, establishment"
"Allgood, AL",convenience store,retail,445120,MAPCO Mart,"45235 US-78, Lincoln, AL 35096, USA",(205) 763-9189,https://www.mapcorewards.com/,33.6052359,-86.16156079999999,4.0,40.0,ChIJya2nCSfRi4gRwn-aEcVipqI,"convenience_store, gas_station, food, point_of_interest, store, establishment"
"Allgood, AL",convenience store,retail,445120,Shell,"1880 Edwards Lake Rd, Birmingham, AL 35235, USA",(205) 655-7676,https://find.shell.com/us/fuel/10055297-1880-edwards-lake-rd/en_US,33.598885,-86.648297,3.9,92.0,ChIJF5pCnsMNiYgRrIsC3XBulcc,"gas_station, convenience_store, food, point_of_interest, store, establishment"
"Allgood, AL",convenience store,retail,445120,Locust Fork Grocery & Hardware/Marathon Petroleum,"30228 AL-79, Locust Fork, AL 35097, USA",(205) 681-9297,,33.9063775,-86.6169738,4.1,18.0,ChIJtWL1neCiiYgR9cqubUkmd-4,"gas_station, convenience_store, hardware_store, grocery_or_supermarket, food, point_of_interest, store, establishment"
"Allgood, AL",convenience store,retail,445120,Pure Gas Station Five Points Grocery,"205 Rosemont Ave NW, Cullman, AL 35055, USA",(256) 734-9825,,34.1778594,-86.8566343,4.7,18.0,ChIJkXA7JKLLiYgRopNgYIFwN1U,"convenience_store, gas_station, food, point_of_interest, store, establishment"
"Allgood, AL",convenience store,retail,445120,Dollar General,"1026 Main St, Gardendale, AL 35071, USA",(205) 285-3995,https://www.dollargeneral.com/store-directory/al/gardendale/4647,33.6539691,-86.8126783,4.0,314.0,ChIJ33OS0REEiYgREiYzlUWHtaw,"convenience_store, drugstore, grocery_or_supermarket, food, point_of_interest, health, store, establishment"
"Allgood, AL",convenience store,retail,445120,Dollar General,"4809 Phillips Dr, Gardendale, AL 35071, USA",(205) 831-5820,https://www.dollargeneral.com/store-directory/al/gardendale/13376,33.6421341,-86.84984000000001,4.3,174.0,ChIJ56CCobcDiYgRYXSfJJ9CNWw,"convenience_store, drugstore, grocery_or_supermarket, food, point_of_interest, health, store, establishment"
"Allgood, AL",convenience store,retail,445120,Chevron Decatur,"1130 Decatur Hwy, Gardendale, AL 35071, USA",(855) 285-9595,https://www.chevronwithtechron.com/station/,33.6550738,-86.81150129999999,3.9,11.0,ChIJSZAAsBoEiYgRkCk2uKxqHyE,"gas_station, convenience_store, car_repair, food, point_of_interest, store, establishment"
"Allgood, AL",convenience store,retail,445120,Dollar General,"2328 Center Point Rd, Birmingham, AL 35215, USA",(205) 718-8241,https://www.dollargeneral.com/store-directory/al/birmingham/3118,33.6471646,-86.6851253,3.8,120.0,ChIJIR8V4TUJiYgRGhVhu7svNZA,"convenience_store, drugstore, grocery_or_supermarket, health, store, point_of_interest, food, establishment"
"Allgood, AL",convenience store,retail,445120,Shell,"2251 Mt Olive Rd, Gardendale, AL 35071, USA",(205) 285-9470,https://find.shell.com/us/fuel/12709593-2251-mount-olive-rd/en_US,33.6732793,-86.83617079999999,4.1,83.0,ChIJX4eLiBsBiYgRHkOSJO9eQnA,"gas_station, convenience_store, store, point_of_interest, food, establishment"
"Allgood, AL",convenience store,retail,445120,Shell,"2143 Sweeney Hollow Rd, Birmingham, AL 35215, USA",(205) 853-3891,https://find.shell.com/us/fuel/10080195-2143-sweeney-hollow-rd/en_US,33.654584,-86.64796299999999,4.3,26.0,ChIJP6BK5g4MiYgRkzTzPpNQ1RA,"gas_station, convenience_store, store, point_of_interest, food, establishment"
"Allgood, AL",convenience store,retail,445120,Dollar General,"14165 US-411, Odenville, AL 35120, USA",(205) 360-0975,https://www.dollargeneral.com/store-directory/al/odenville/7970,33.6807459,-86.40234629999999,3.8,176.0,ChIJQ9hySeZ5iYgRitlfKBnOrqc,"convenience_store, drugstore, grocery_or_supermarket, health, store, point_of_interest, food, establishment"
"Allgood, AL",convenience store,retail,445120,Shell,"1120 N Chalkville Rd, Trussville, AL 35173, USA",(205) 655-4122,https://find.shell.com/us/fuel/10010448-1120-n-chalkville-rd/en_US,33.639347,-86.615304,3.2,145.0,ChIJ08ujpYwMiYgRjib1jVnrNiI,"gas_station, convenience_store, store, point_of_interest, food, establishment"
"Allgood, AL",convenience store,retail,445120,Chevron Springville,"480 Marietta Rd, Springville, AL 35146, USA",(855) 285-9595,https://www.chevronwithtechron.com/station/,33.7687482,-86.46762489999999,3.5,10.0,ChIJQeg2rqKdiYgRT2apmVah4Bc,"gas_station, convenience_store, store, point_of_interest, food, establishment"
"Allgood, AL",convenience store,retail,445120,Chevron,"42941 AL-75, Snead, AL 35952, USA",(205) 466-5620,https://www.chevronwithtechron.com/station/,34.1195838,-86.3960031,3.4,19.0,ChIJnasCBcHyiYgRD9gsptE53oE,"gas_station, convenience_store, car_repair, store, point_of_interest, food, establishment"
"Allgood, AL",convenience store,retail,445120,Dollar General,"47529 US-78, Lincoln, AL 35096, USA",(256) 474-2255,https://www.dollargeneral.com/store-directory/al/lincoln/4433,33.6041343,-86.12210859999999,3.8,388.0,ChIJey6gHLPRi4gRRCVAtxURCjI,"convenience_store, drugstore, grocery_or_supermarket, health, store, point_of_interest, food, establishment"
"Allgood, AL",convenience store,retail,445120,CVS,"6665 AL-75, Pinson, AL 35126, USA",(205) 681-9250,https://www.cvs.com/store-locator/pinson-al-pharmacies/6665-hwy-75-pinson-al-35126/storeid=4926?WT.mc_id=LS_GOOGLE_FS_4926,33.6968553,-86.67900829999999,3.3,59.0,ChIJWblykXIJiYgR8rjipGB2vWE,"drugstore, convenience_store, liquor_store, clothing_store, health, store, point_of_interest, food, establishment"
"Allgood, AL",convenience store,retail,445120,Burton's Food Store Aurora,"4755 AL-179, Boaz, AL 35956, USA",(256) 281-9085,,34.11653039999999,-86.1925218,4.3,22.0,ChIJm5InZT8fiogReyfF6IKemDU,"convenience_store, gas_station, store, point_of_interest, food, establishment"
"Allgood, AL",convenience store,retail,445120,Shell,"620 Decatur Hwy, Fultondale, AL 35068, USA",(205) 841-7145,https://find.shell.com/us/fuel/12709678-620-decatur-hwy/en_US,33.5923939,-86.80304749999999,3.8,119.0,ChIJS6Ma4mMFiYgRWxsUIfq-xY4,"gas_station, convenience_store, store, point_of_interest, food, establishment"
"Allgood, AL",convenience store,retail,445120,Dollar General,"1600 3rd St SE, Cullman, AL 35055, USA",(256) 507-9109,https://www.dollargeneral.com/store-directory/al/cullman/11250,34.1817677,-86.8162057,4.2,364.0,ChIJ05hU7FzJiYgRVxF980EFA18,"convenience_store, drugstore, grocery_or_supermarket, health, store, point_of_interest, food, establishment"
"Allgood, AL",convenience store,retail,445120,Chevron Pell City,"780 Mineral Springs Rd Ste 2, Pell City, AL 35125, USA",(205) 338-2371,http://www.chevronwithtechron.com/stations/station-finder.aspx,33.598832,-86.3214141,3.2,13.0,ChIJ3y0vQot8iYgRw_bGOKtEu1k,"gas_station, convenience_store, store, point_of_interest, food, establishment"
"Allgood, AL",convenience store,retail,445120,231 Quick Stop,"30637 US-231, Ashville, AL 35953, USA",(205) 594-5641,,33.781441,-86.2790649,4.2,38.0,ChIJc-3RWl6AiYgRDBOuDqA4xLY,"convenience_store, atm, finance, store, point_of_interest, food, establishment"
"Allgood, AL",convenience store,retail,445120,Melvin's Super Stop (Chevron),"9263 AL-79, Pinson, AL 35126, USA",(205) 680-1401,https://www.chevronwithtechron.com/en_us/home/gas-station-near-me.html?/station/13960-N-SANDARIO-RD-MARANA-AZ-856538913-id98062,33.7744581,-86.6835557,4.8,26.0,ChIJ7bKgLBWniYgR8PoAjhp8jpM,"gas_station, convenience_store, store, point_of_interest, food, establishment"
"Allgood, AL",convenience store,retail,445120,Store,"13895 Greensport Rd, Ashville, AL 35953, USA",(205) 594-3399,,33.8799289,-86.1130656,4.2,52.0,ChIJ7yohYMgviogRgkcXlj0SG90,"convenience_store, store, point_of_interest, food, establishment"
"Allgood, AL",wholesale,retail,,C&C Internet Plant Nursery,"4989 Mt Olive Rd, Gardendale, AL 35071, USA",,,33.7271769,-86.8771299,,,ChIJBxxU-TsBiYgR3SyKZ_AteX4,"point_of_interest, establishment"
"Allgood, AL",wholesale,retail,,Associated Grocers,"3600 Vanderbilt Rd, Birmingham, AL 35217, USA",(205) 841-6781,http://www.agsouth.com/,33.5569667,-86.7838917,2.7,304.0,ChIJpWxv7iAbiYgRdiXsc7pAEZI,"food, point_of_interest, establishment"
"Allgood, AL",wholesale,retail,,Forestwood Farms,"4101 Coalburg Rd, Birmingham, AL 35207, USA",(205) 252-4139,http://www.forestwood.com/,33.5607041,-86.8409887,3.2,27.0,ChIJVWqP_xYdiYgRGUPwlj16t0U,"food, point_of_interest, establishment"
"Allgood, AL",wholesale,retail,,Fieldstone Meats-Alabama Inc,"282 Fieldstone Rd, Oneonta, AL 35121, USA",(205) 625-3686,https://www.fsis.usda.gov/inspection/fsis-inspected-establishments/fieldstone-meats-alabama-inc.,33.934832,-86.4872917,4.2,20.0,ChIJS3weHqWQiYgRSJkslNVFX7o,"food, point_of_interest, establishment"
"Allgood, AL",distributor,retail,,Walmart Distribution Center,"2200 7th Ave SW, Cullman, AL 35055, USA",(256) 739-0763,http://www.walmart.com/,34.1361682,-86.84560739999999,3.6,604.0,ChIJrYe7GUHKiYgRdmyUOf3UnH4,"storage, point_of_interest, establishment"
"Allgood, AL",distributor,retail,,Adams Beverages Gadsden,"200 Jd Smith Dr, Attalla, AL 35954, USA",,,34.0012504,-86.11536459999999,4.3,14.0,ChIJLxxGBp8kiogRuCRCpbSRAMU,"point_of_interest, establishment"
"Allgood, AL",distributor,retail,,Red Diamond Coffee and Tea,"400 Park Ave, Moody, AL 35004, USA",(205) 577-4000,https://reddiamond.com/,33.5877,-86.4744348,4.6,115.0,ChIJeYi3aMFxiYgRVsnVd2BhHmU,"point_of_interest, food, establishment"
"Allgood, AL",distributor,retail,,The Distribution Point,"3242 Moody Pkwy, Moody, AL 35004, USA",(866) 837-2550,https://www.thedistributionpoint.com/,33.5983161,-86.4844284,4.6,27.0,ChIJ-2R_upBxiYgRJEXjnFkYu90,"point_of_interest, establishment"
"Allgood, AL",distributor,retail,,Roze Distribution Inc,"1601 22nd St SE Ste 1, Cullman, AL 35055, USA",(256) 739-1426,https://www.rozedist.com/,34.139508,-86.81932359999999,4.3,12.0,ChIJx_J51ovJiYgRA-fagPr-Hwk,"point_of_interest, establishment"
"Allgood, AL",distributor,retail,,Cullman Coca-Cola Bottling Company,"1145 Co Rd 437, Cullman, AL 35057, USA",(256) 734-0613,http://cocacolaunited.com/locations/cullman,34.1216241,-86.8577679,5.0,7.0,ChIJ18ao9HzKiYgR1BXdvqeoXQk,"point_of_interest, food, establishment"
"Allgood, AL",distributor,retail,,"Wood Fruitticher Grocery Co., Inc.","2900 Alton Rd, Birmingham, AL 35210, USA",(205) 836-9663,http://www.woodfruitticher.com/,33.5866797,-86.6544572,2.8,286.0,ChIJfY7EWeQNiYgRvKWqfxOvUlc,"point_of_interest, food, establishment"
"Allgood, AL",distributor,retail,,Mar Jac Distribution,"1421 Robinwood Cir, Birmingham, AL 35217, USA",(205) 841-7315,,33.6223882,-86.7371986,5.0,2.0,ChIJN2bS2X4PiYgRpr_4s-H5F0Y,"point_of_interest, food, establishment"
"Allgood, AL",distributor,retail,,A & J Steel Products,"110 Industrial Dr, Snead, AL 35952, USA",(205) 466-5636,http://www.aandjsteel.net/,34.1301083,-86.4095263,5.0,17.0,ChIJJfI-BMHyiYgRqU2y2z3aDoI,"point_of_interest, store, establishment"
"Allgood, AL",food distributor,retail,,Processor's Choice,"2465 US-78, Moody, AL 35004, USA",(800) 828-8096,https://processorschoice.com/,33.5718704,-86.4838537,4.8,37.0,ChIJqSocR-FxiYgRg69hGSVQPuY,"point_of_interest, food, establishment"
"Allgood, AL",food distributor,retail,,Lebons food store LLC,"1432 3rd St SW suite 3, Attalla, AL 35954, USA",,,34.0054598,-86.1115185,,,ChIJk-rW8awjiogRn2TE7TTw7Zw,"point_of_interest, establishment"
"Allgood, AL",food distributor,retail,,Tyson Foods Inc,"67240 Main St, Blountsville, AL 35031, USA",(205) 429-2421,http://www.tyson.com/,34.0578824,-86.57854669999999,2.6,141.0,ChIJwzgdaym-iYgRetNbtUDoBKo,"point_of_interest, food, establishment"
"Allgood, AL",food distributor,retail,,OK Foods 431,"5000 US-431, Albertville, AL 35950, USA",(256) 894-3339,,34.2532412,-86.1798036,2.9,43.0,ChIJJVg7bKEciogRJdBoDkVZI6o,"point_of_interest, food, establishment"
"Allgood, AL",food distributor,retail,,Tyson Foods-Main Entrance,"2281 Steele Station Rd, Gadsden, AL 35906, USA",(256) 413-6800,https://www.tysonfoods.com/,33.962156,-86.0784276,3.8,115.0,ChIJlQZSTSE7iogRrXsxBhdAm3U,"point_of_interest, food, establishment"
"Allgood, AL",food distributor,retail,,Forrest Hill Farms,"9551 Dads Hill Rd, Warrior, AL 35180, USA",,http://forresthillfarms.com/,33.8362327,-86.76943779999999,5.0,1.0,ChIJ2S9FgeqpiYgRwGROO-aLGzo,"home_goods_store, point_of_interest, food, store, establishment"
"Allgood, AL",food distributor,retail,448140,Golden Temple Trussville Health Foods & Boutique,"1110 N Chalkville Rd Suite 148, Trussville, AL 35173, USA",(205) 655-0353,https://goldentemplehealthfood.com/pages/trussville.html,33.6383431,-86.6149793,4.7,23.0,ChIJnRIYs4wMiYgR10nZ7JGRqA4,"clothing_store, health, point_of_interest, food, store, establishment"
"Allgood, AL",grocery wholesaler,retail,445110,Associated Grocers Cash & Carry,"3721 Ball St, Birmingham, AL 35234, USA",(205) 747-9218,http://www.agsouth.com/,33.55633530000001,-86.7838222,3.8,5.0,ChIJJaEEWCAbiYgREJAXeUicKfE,"grocery_or_supermarket, store, point_of_interest, food, establishment"
"Allgood, AL",wholesale grocery,retail,443142,MJ's Discount Warehouse,"7054 Gadsden Hwy, Trussville, AL 35173, USA",(205) 508-5261,http://www.facebook.com/mjdiscountwarehouse,33.6362627,-86.5847094,4.3,233.0,ChIJq1HFP8oMiYgRh_yZsCO_vPI,"electronics_store, furniture_store, home_goods_store, clothing_store, point_of_interest, store, establishment"
"Allgood, AL",wholesale grocery,retail,445110,Barrera Supermarket,"19294 AL-68, Crossville, AL 35962, USA",(256) 561-3639,https://www.facebook.com/share/1WeowB25Dw/?mibextid=wwXIfr,34.2688639,-86.0721066,4.4,84.0,ChIJGVDdKOAPiogRCqp1ECWiQCU,"grocery_or_supermarket, supermarket, food, point_of_interest, store, establishment"
"Allgood, AL",wholesale meat,retail,445110,Southeast Meat & Vegetable,"1751 Pinson Valley Pkwy Ste 105, Birmingham, AL 35217, USA",(205) 808-9923,,33.5851558,-86.7707219,4.3,155.0,ChIJH_byPjAFiYgRouJbWPwVk80,"grocery_or_supermarket, food, point_of_interest, store, establishment"
"Allgood, AL",wholesale meat,retail,,Brickyard Meats- Butcher Shop & Custom Processing,"257 Co Rd 471, Cullman, AL 35055, USA",(256) 739-6615,http://www.brickyardmeats.com/,34.1556332,-86.8710741,4.7,148.0,ChIJI8E1yf3KiYgR4n5IWF1_O78,"food, point_of_interest, store, establishment"
"Allgood, AL",wholesale meat,retail,,Royal Foods,"1904 16th Ave S, Pell City, AL 35128, USA",(205) 884-1040,http://royalfoodscompany.com/,33.5711563,-86.27671699999999,4.9,37.0,ChIJAabjR0h9iYgRL9zxpp8OP78,"food, point_of_interest, store, establishment"
"Allgood, AL",wholesale meat,retail,,The Butcher Meat Co.,"149 Patton Dr, Cullman, AL 35058, USA",(256) 747-5416,https://butchermeatco.com/,34.2351158,-86.8633727,4.8,107.0,ChIJo1uVYV_NiYgRVUeuKFBdgoc,"food, point_of_interest, store, establishment"
"Allgood, AL",wholesale seafood,retail,,Gulf Fresh Seafood Market,"96 25th Ave NE, Center Point, AL 35215, USA",(205) 290-0002,,33.6513328,-86.6823876,3.9,206.0,ChIJW8G6oTYZiYgRBBTR9it45kA,"point_of_interest, food, establishment"
"Allgood, AL",wholesale seafood,retail,,River Fish Market,"1928 Vanderbilt Rd, Birmingham, AL 35234, USA",(205) 251-5064,https://m.facebook.com/pages/River-Fish-Market/163917537000639,33.549462,-86.79027599999999,4.2,218.0,ChIJaznSXhcbiYgRbXrmTpFVMus,"point_of_interest, food, establishment"
"Allgood, AL",wholesale seafood,retail,722511,Highway 77 Fish Market Restaurant LLC,"74551 AL-77, Lincoln, AL 35096, USA",(205) 763-1430,,33.5766583,-86.12779479999999,4.7,743.0,ChIJ37iH4WbQi4gR-3DZg7heZOo,"restaurant, bar, point_of_interest, food, establishment"
"Allgood, AL",wholesale dairy,retail,,Dayspring Dairy - NOT OPEN TO THE PUBLIC,"212 Dogwood Dr, Gallant, AL 35972, USA",,http://dayspringdairy.com/,33.9834853,-86.2606763,5.0,15.0,ChIJrR2KjN6JiYgRYQkdycCo0SY,"food, point_of_interest, establishment"
"Allgood, AL",wholesale dairy,retail,,R W Huddleston Dairy Farm,"11 Co Rd 1720, Holly Pond, AL 35083, USA",,,34.239116,-86.6135139,4.0,3.0,ChIJq7KpMVbCiYgR2Bfsgky2kAQ,"point_of_interest, establishment"
"Allgood, AL",wholesale dairy,retail,,Graves Family Market,"40020 AL-75, Susan Moore, AL 35952, USA",(205) 466-3055,http://www.gravesfamilymarket.com/,34.0820421,-86.4191865,4.7,283.0,ChIJf2r4iKCSiYgRTBQ8vQ3vCj0,"point_of_interest, store, establishment"
"Allgood, AL",produce wholesaler,retail,722511,Hilltop Farms & Market,"1028 US-11, Trussville, AL 35173, USA",(205) 452-2563,http://www.hilltopfarmsargo.com/,33.707611,-86.5174865,4.6,90.0,ChIJjVZbFwB1iYgRLMHc-GOJYbM,"cafe, florist, bakery, general_contractor, restaurant, food, point_of_interest, store, establishment"
