Location,Search Keyword,Segment,NAICS Code,Business Name,Address,Phone Number,Website,Latitude,Longitude,Rating,User Ratings,Place ID,Types
"Bay Minette, AL",ethnic store,retail,,Simply Hair & Beauty,"3678 Airport Blvd, Mobile, AL 36608, USA",(251) 300-8236,http://beautysplus.com/,30.6768635,-88.1335622,5.0,244.0,ChIJF9cAujlNmogRrvR34nh9IjM,"store, point_of_interest, establishment"
"Bay Minette, AL",ethnic store,retail,445110,Rouses Market,"112 Saraland Loop, Saraland, AL 36571, USA",(251) 675-8124,https://www.rouses.com/,30.8249054,-88.0748507,4.6,1289.0,ChIJCd5wjo1WmogRr_Z82C1RO-o,"grocery_or_supermarket, liquor_store, supermarket, store, food, point_of_interest, establishment"
"Bay Minette, AL",ethnic store,retail,442110,World Market,"10200 Eastern Shore Blvd Suite 160, Spanish Fort, AL 36527, USA",(251) 626-9927,https://stores.worldmarket.com/al/spanish-fort/10200-eastern-shore-blvd.html,30.6643233,-87.8471249,4.5,300.0,ChIJXdMYjCNomogR01bid6yYjJQ,"furniture_store, clothing_store, grocery_or_supermarket, home_goods_store, store, food, point_of_interest, establishment"
"Bay Minette, AL",ethnic store,retail,448140,Stylish Diva Boutique,"312 Azalea Rd, Mobile, AL 36609, USA",(251) 408-9282,https://stylishdivaboutique.com/,30.6718992,-88.14999089999999,5.0,4.0,ChIJmRq6zTtNmogR29pSd89Rb1w,"clothing_store, store, point_of_interest, establishment"
"Bay Minette, AL",ethnic store,retail,445110,Rouses Market,"6729 Spanish Fort Blvd, Spanish Fort, AL 36527, USA",(251) 621-0552,https://www.rouses.com/,30.6714271,-87.90580779999999,4.5,1254.0,ChIJYU4G0xdDmogRDfJa3vwvYeA,"grocery_or_supermarket, liquor_store, supermarket, store, food, point_of_interest, establishment"
"Bay Minette, AL",ethnic store,retail,445110,7Spice Grocery and Grill,"3762 Airport Blvd, Mobile, AL 36608, USA",(251) 725-1177,,30.6766997,-88.1391926,4.6,1414.0,ChIJ4U42znJNmogR7SwH3iz_pSw,"grocery_or_supermarket, store, restaurant, food, point_of_interest, establishment"
"Bay Minette, AL",ethnic store,retail,445110,Bellens Soap Company,"3299 Joe Treadwell Dr, Mobile, AL 36606, USA",(251) 321-7796,http://www.bellenssoapcompany.com/,30.6722559,-88.121512,5.0,101.0,ChIJQ7of-fxNmogRYGE7GxLPljI,"grocery_or_supermarket, store, food, point_of_interest, establishment"
"Bay Minette, AL",ethnic store,retail,448140,Citi Trends,"1330 SpringHill Ave, Mobile, AL 36604, USA",(251) 301-1818,https://locations.cititrends.com/al/mobile/1330-springhill-avenue.html,30.6931757,-88.06746969999999,4.1,269.0,ChIJHyB_cCFOmogR7dtd5M0mqeI,"clothing_store, shoe_store, store, point_of_interest, establishment"
"Bay Minette, AL",ethnic store,retail,445110,Publix Super Market at Eastern Shore Commons,"10179 Eastern Shore Dr, Spanish Fort, AL 36527, USA",(251) 621-9065,https://www.publix.com/?setstorenumber=1400&utm_medium=maps&utm_source=extendednetwork&utm_content=psm_website_url,30.6739826,-87.8479742,4.6,1390.0,ChIJtXMhkiNomogRvqPJZZxfxn0,"supermarket, florist, liquor_store, bakery, grocery_or_supermarket, store, food, point_of_interest, establishment"
"Bay Minette, AL",grocery store,retail,445110,Rouses Market,"4350 Old Shell Rd, Mobile, AL 36608, USA",(251) 380-0020,https://www.rouses.com/,30.6992379,-88.14346979999999,4.5,1147.0,ChIJW1BAm2JNmogRj9jLnutmSV8,"grocery_or_supermarket, liquor_store, supermarket, store, food, point_of_interest, establishment"
"Bay Minette, AL",grocery store,retail,445110,Walmart Neighborhood Market,"1970 S University Blvd, Mobile, AL 36609, USA",(251) 666-3373,https://www.walmart.com/store/5098-mobile-al/?veh=seo_loc,30.6495543,-88.1623489,4.0,1112.0,ChIJ_9Qx-9ZMmogRbSRllG5rTcg,"grocery_or_supermarket, department_store, bakery, supermarket, store, food, point_of_interest, establishment"
"Bay Minette, AL",grocery store,retail,445110,Publix Super Market at Sunset Point,"4628 Airport Blvd, Mobile, AL 36608, USA",(251) 341-5727,https://www.publix.com/?setstorenumber=1404&utm_medium=maps&utm_source=extendednetwork&utm_content=psm_website_url,30.6767316,-88.16772329999999,4.6,2220.0,ChIJ2woSVrWym4gR-ZWeRSdWlPE,"supermarket, florist, liquor_store, bakery, grocery_or_supermarket, store, food, point_of_interest, establishment"
"Bay Minette, AL",grocery store,retail,445110,Greer's St. Louis Market,"260 St Louis St, Mobile, AL 36602, USA",(251) 305-4215,https://www.greers.com/?utm_source=google&utm_medium=organic&utm_campaign=st_louis_market,30.6936741,-88.0458534,4.6,401.0,ChIJ66prXqtPmogRdpiU3fm3gEM,"grocery_or_supermarket, liquor_store, bakery, supermarket, store, food, point_of_interest, establishment"
"Bay Minette, AL",grocery store,retail,452210,Walmart Supercenter,"101 E Interstate 65 Service Rd S, Mobile, AL 36606, USA",(251) 471-1105,https://www.walmart.com/store/991-mobile-al/?veh=seo_loc,30.684164,-88.1250228,3.8,6538.0,ChIJCRzSiJxNmogRi8eKn8TA08A,"department_store, electronics_store, bakery, grocery_or_supermarket, furniture_store, clothing_store, hardware_store, home_goods_store, store, food, point_of_interest, establishment"
"Bay Minette, AL",grocery store,retail,445110,Walmart Neighborhood Market,"2570 Government Blvd, Mobile, AL 36606, USA",(251) 586-6481,https://www.walmart.com/store/5740-mobile-al/?veh=seo_loc,30.66966699999999,-88.1039656,4.0,1784.0,ChIJRWWt98NNmogRM1qhn2_mqX8,"grocery_or_supermarket, department_store, bakery, supermarket, store, food, point_of_interest, establishment"
"Bay Minette, AL",grocery store,retail,445110,Rouses Market,"3075 US-98, Daphne, AL 36526, USA",(251) 270-5006,https://www.rouses.com/,30.6195858,-87.9076233,4.5,721.0,ChIJwfK_T39DmogRr2l2zC_U_cw,"grocery_or_supermarket, liquor_store, supermarket, store, food, point_of_interest, establishment"
"Bay Minette, AL",grocery store,retail,452210,Walmart Supercenter,"5245 Rangeline Service Rd, Mobile, AL 36619, USA",(251) 666-7972,https://www.walmart.com/store/866-mobile-al/?veh=seo_loc,30.5935642,-88.1628558,3.8,6569.0,ChIJMU2weFNKmogRNvJ9RoXN_Vk,"department_store, electronics_store, bakery, grocery_or_supermarket, furniture_store, clothing_store, hardware_store, home_goods_store, store, food, point_of_interest, establishment"
"Bay Minette, AL",grocery store,retail,445110,Walmart Neighborhood Market,"1300 N University Blvd, Mobile, AL 36618, USA",(251) 586-6227,https://www.walmart.com/store/4210-mobile-al/?veh=seo_loc,30.7171258,-88.16335120000001,4.1,1257.0,ChIJW7WoK7RSmogRJkgld2kUybQ,"grocery_or_supermarket, department_store, bakery, supermarket, store, food, point_of_interest, establishment"
"Bay Minette, AL",grocery store,retail,452210,Walmart Supercenter,"1095 Industrial Pkwy, Saraland, AL 36571, USA",(251) 675-8000,https://www.walmart.com/store/1212-saraland-al/?veh=seo_loc,30.7995566,-88.0969451,3.9,4716.0,ChIJ0SBf0RpUmogRVEuRw15SuyY,"department_store, electronics_store, bakery, grocery_or_supermarket, furniture_store, clothing_store, hardware_store, home_goods_store, store, food, point_of_interest, establishment"
"Bay Minette, AL",grocery store,retail,445110,DG Market,"3203 Dauphin Island Pkwy, Mobile, AL 36605, USA",(251) 308-6285,https://www.dollargeneral.com/store-directory/al/mobile/25322,30.605636,-88.074985,4.5,2.0,ChIJ9SlCK4tJmogRqF8SORwlwOM,"grocery_or_supermarket, convenience_store, drugstore, home_goods_store, store, health, food, point_of_interest, establishment"
"Bay Minette, AL",grocery store,retail,445110,Publix Super Market at Midtown Center,"100 N Florida St, Mobile, AL 36607, USA",(251) 471-4860,https://www.publix.com/?setstorenumber=1604&utm_medium=maps&utm_source=extendednetwork&utm_content=psm_website_url,30.692432,-88.0989731,4.7,1860.0,ChIJi5QGAvpNmogRtjd8xscgRBg,"supermarket, florist, liquor_store, bakery, grocery_or_supermarket, store, food, point_of_interest, establishment"
"Bay Minette, AL",grocery store,retail,445110,Piggly Wiggly Fairhope,"100 Plantation Pointe Rd, Fairhope, AL 36532, USA",(251) 928-0239,https://www.wedigthepig.com/fairhope/,30.5249497,-87.8841542,4.5,328.0,ChIJu1XDfm9AmogRo0_ieGuuS3I,"grocery_or_supermarket, atm, supermarket, finance, store, food, point_of_interest, establishment"
"Bay Minette, AL",grocery store,retail,445110,Publix Super Market at The Shoppes at Fairhope Village,"22530 US-98 Suite 100, Fairhope, AL 36532, USA",(251) 929-7355,https://www.publix.com/?setstorenumber=1265&utm_medium=maps&utm_source=extendednetwork&utm_content=psm_website_url,30.55559199999999,-87.8910044,4.6,817.0,ChIJSeZaxWU-mogRzhfgbUavvlw,"supermarket, florist, liquor_store, bakery, grocery_or_supermarket, store, food, point_of_interest, establishment"
"Bay Minette, AL",grocery store,retail,452210,Walmart Supercenter,"10040 Co Rd 48, Fairhope, AL 36532, USA",(251) 990-9006,https://www.walmart.com/store/4333-fairhope-al/?veh=seo_loc,30.522087,-87.84909050000002,4.0,2601.0,ChIJGyICTKZqmogRnGoB9_3osjU,"department_store, electronics_store, bakery, grocery_or_supermarket, furniture_store, clothing_store, hardware_store, home_goods_store, store, food, point_of_interest, establishment"
"Bay Minette, AL",grocery store,retail,445110,DG Market,"19160 US-90, Robertsdale, AL 36567, USA",(256) 660-6296,https://www.dollargeneral.com/store-directory/al/robertsdale/13394,30.5634808,-87.6974872,4.3,307.0,ChIJWScaC3hymogRYvwjaHWGo7o,"grocery_or_supermarket, convenience_store, drugstore, home_goods_store, store, health, food, point_of_interest, establishment"
"Bay Minette, AL",grocery store,retail,445110,Publix Super Market at Saraland Crossing,"21 Shell St, Saraland, AL 36571, USA",(251) 679-2995,https://www.publix.com/?setstorenumber=1650&utm_medium=maps&utm_source=extendednetwork&utm_content=psm_website_url,30.805539,-88.110512,4.7,1793.0,ChIJux9fZ61VmogRYR8nFwb3nUg,"supermarket, florist, liquor_store, bakery, grocery_or_supermarket, store, food, point_of_interest, establishment"
"Bay Minette, AL",grocery store,retail,445110,The Fresh Market,"3940 Airport Blvd A, Mobile, AL 36608, USA",(251) 344-8026,https://stores.thefreshmarket.com/al/mobile/42,30.677383,-88.14720799999999,4.4,660.0,ChIJsa-dv2pNmogRMitWe_NTE34,"grocery_or_supermarket, supermarket, bakery, point_of_interest, store, food, establishment"
"Bay Minette, AL",grocery store,retail,445110,Fulton Grocery,"1288 Dauphin Island Pkwy, Mobile, AL 36605, USA",(251) 308-3931,,30.6469655,-88.08944149999999,4.1,74.0,ChIJJY2v5YFOmogRrV2gN4LLmOY,"grocery_or_supermarket, point_of_interest, store, food, establishment"
"Bay Minette, AL",grocery store,retail,445110,Winn-Dixie,"187 Baldwin Square, Fairhope, AL 36532, USA",(251) 990-5188,https://www.winndixie.com/StoreDetails,30.5206623,-87.8847961,4.2,813.0,ChIJ8Z0UonpAmogRTLQtqUDdnMg,"grocery_or_supermarket, point_of_interest, store, food, establishment"
"Bay Minette, AL",grocery store,retail,445110,Tillman's corner AL Walmart,"5560 US-90, Theodore, AL 36582, USA",(251) 666-7972,http://walmart.com/,30.5936697,-88.1629138,4.2,185.0,ChIJBy0-gbO0m4gRFU-P_vR1ohM,"supermarket, grocery_or_supermarket, point_of_interest, store, food, establishment"
"Bay Minette, AL",grocery store,retail,452210,Walmart Supercenter,"27520 US-98, Daphne, AL 36526, USA",(251) 626-0923,https://www.walmart.com/store/934-daphne-al/?veh=seo_loc,30.6251411,-87.9049758,3.9,3296.0,ChIJEdIo5sdDmogRmhuYJEf_mYE,"department_store, hardware_store, electronics_store, bakery, grocery_or_supermarket, furniture_store, home_goods_store, clothing_store, point_of_interest, store, food, establishment"
"Bay Minette, AL",grocery store,retail,445110,Main Street Food Mart,"1117 W Main St, Prichard, AL 36610, USA",(251) 287-1837,,30.7387499,-88.0943828,4.1,136.0,ChIJJTpU-ytSmogREyhMDsgRgKA,"grocery_or_supermarket, point_of_interest, store, food, establishment"
"Bay Minette, AL",grocery store,retail,452210,Walmart Supercenter,"21141 AL-59, Robertsdale, AL 36567, USA",(251) 947-4424,https://www.walmart.com/store/6173-robertsdale-al/?veh=seo_loc,30.5321771,-87.71095,4.0,3241.0,ChIJJTk1c3BtmogROiCHyqGLuNU,"department_store, hardware_store, electronics_store, bakery, grocery_or_supermarket, furniture_store, home_goods_store, clothing_store, point_of_interest, store, food, establishment"
"Bay Minette, AL",grocery store,retail,452210,Target,"3150 Joe Treadwell Dr, Mobile, AL 36606, USA",(251) 471-9760,https://www.target.com/sl/bel-air/797,30.6712253,-88.12030530000001,4.2,294.0,ChIJGQpzsKFNmogRMpkHkzjc6jY,"department_store, electronics_store, shoe_store, furniture_store, home_goods_store, clothing_store, point_of_interest, store, establishment"
"Bay Minette, AL",grocery store,retail,445110,Publix Super Market at Planters Pointe Shopping Center,"9867 AL-104, Fairhope, AL 36532, USA",(251) 279-6001,https://www.publix.com/?utm_medium=maps&utm_source=google&utm_content=psm_google_override,30.546541,-87.8546019,4.7,290.0,ChIJhRMdaANrmogRn5E2R7RSoZE,"supermarket, liquor_store, florist, bakery, grocery_or_supermarket, point_of_interest, store, food, establishment"
"Bay Minette, AL",grocery store,retail,452210,Walmart Supercenter,"701 McMeans Ave, Bay Minette, AL 36507, USA",(251) 937-5558,https://www.walmart.com/store/2739-bay-minette-al/?veh=seo_loc,30.8860401,-87.79016089999999,3.8,1960.0,ChIJfRwkFg-KmogRSQJhlRrXr_I,"department_store, hardware_store, electronics_store, bakery, grocery_or_supermarket, furniture_store, home_goods_store, clothing_store, point_of_interest, store, food, establishment"
"Bay Minette, AL",grocery store,retail,445110,Powell's Grocery,"52825 AL-59, Stockton, AL 36579, USA",(251) 937-8495,,30.9946341,-87.8583366,4.3,142.0,ChIJyYpiRWGLmogR_ZPKOT02A7Q,"grocery_or_supermarket, point_of_interest, store, food, establishment"
"Bay Minette, AL",grocery store,retail,445120,Dollar General,"300 Azalea Rd, Mobile, AL 36609, USA",(251) 263-5056,https://www.dollargeneral.com/store-directory/al/mobile/6683,30.6732012,-88.1494877,3.8,428.0,ChIJC71EgBVNmogRuqQt07b83gQ,"drugstore, convenience_store, grocery_or_supermarket, point_of_interest, store, food, health, establishment"
"Bay Minette, AL",grocery store,retail,445110,Food-Champs,"2962 Dauphin Island Pkwy, Mobile, AL 36605, USA",(251) 471-9880,http://www.foodchampsmobile.com/,30.610792,-88.0752668,4.0,217.0,ChIJecN7CLROmogROX6P7bTEyt4,"grocery_or_supermarket, supermarket, atm, finance, point_of_interest, store, food, establishment"
"Bay Minette, AL",grocery store,retail,445120,Dollar General,"9785 US-43, Creola, AL 36525, USA",(251) 263-7617,https://www.dollargeneral.com/store-directory/al/creola/8251,30.896614,-88.039576,4.0,273.0,ChIJawqJom_4mogRznIfoL7Gvrk,"drugstore, convenience_store, grocery_or_supermarket, point_of_interest, store, food, health, establishment"
"Bay Minette, AL",grocery store,retail,445120,Dollar General,"2461 Island Rd, Mobile, AL 36605, USA",(251) 288-5830,https://www.dollargeneral.com/store-directory/al/mobile/15785,30.5507992,-88.09623660000001,4.2,358.0,ChIJUZ--FTFKmogRfGZnn_dGsyE,"drugstore, convenience_store, grocery_or_supermarket, point_of_interest, store, food, health, establishment"
"Bay Minette, AL",grocery store,retail,452210,Walmart Supercenter,"911 N Main St, Atmore, AL 36502, USA",(251) 368-1403,https://www.walmart.com/store/7247-atmore-al/?veh=seo_loc,31.0380188,-87.4947913,3.8,1715.0,ChIJy5ekUsl5kIgR38s3D51Gmto,"department_store, hardware_store, electronics_store, bakery, grocery_or_supermarket, furniture_store, home_goods_store, clothing_store, point_of_interest, store, food, establishment"
"Bay Minette, AL",grocery store,retail,445110,Loxley Piggly Wiggly,"1078 S Hickory St, Loxley, AL 36551, USA",(251) 929-9740,https://www.pigglywiggly.com/store-locations/alabama/,30.6204812,-87.7537763,4.4,1091.0,ChIJ1TmEzpRumogRjOJFoajjCEg,"grocery_or_supermarket, supermarket, point_of_interest, store, food, establishment"
"Bay Minette, AL",grocery store,retail,445120,Dollar General,"21797 A AL-59, Robertsdale, AL 36567, USA",(251) 308-0821,https://www.dollargeneral.com/store-directory/al/robertsdale/728,30.5426658,-87.7091903,4.2,313.0,ChIJx3rx4W9tmogRSreijrNFQPc,"drugstore, convenience_store, grocery_or_supermarket, point_of_interest, store, food, health, establishment"
"Bay Minette, AL",grocery store,retail,445110,VILLAGE MARKET,"116 Dunlap Cir, Prichard, AL 36610, USA",,,30.7517182,-88.07769259999999,4.0,13.0,ChIJN2Ht6vVRmogRkRZLsm_Fw7c,"grocery_or_supermarket, point_of_interest, store, food, establishment"
"Bay Minette, AL",grocery store,retail,445110,The Fresh Market,"6900 US-90 Suite 2, Daphne, AL 36526, USA",(251) 626-1422,https://stores.thefreshmarket.com/al/daphne/151,30.653944,-87.90397999999999,4.5,621.0,ChIJ-wXhpwhDmogRPXEpSH9WWow,"grocery_or_supermarket, supermarket, bakery, point_of_interest, store, food, establishment"
"Bay Minette, AL",grocery store,retail,445110,Walmart Neighborhood Market,"6350 Cottage Hill Rd, Mobile, AL 36609, USA",(251) 661-1717,https://www.walmart.com/store/4657-mobile-al/?veh=seo_loc,30.6415048,-88.18941919999999,4.0,729.0,ChIJoyAgkhezm4gRL1y6m06whNc,"grocery_or_supermarket, department_store, supermarket, bakery, food, point_of_interest, store, establishment"
"Bay Minette, AL",grocery store,retail,445110,Walmart Neighborhood Market,"6575 Airport Blvd, Mobile, AL 36608, USA",(251) 370-9845,https://www.walmart.com/store/4648-mobile-al/?veh=seo_loc,30.6781446,-88.1948341,4.2,1128.0,ChIJz14U_pKym4gRKvwPjbHM3g4,"grocery_or_supermarket, department_store, supermarket, bakery, food, point_of_interest, store, establishment"
"Bay Minette, AL",grocery store,retail,445110,Publix Super Market at Hillwood Shopping Center,"2370 Hillcrest Rd J, Mobile, AL 36695, USA",(251) 661-5361,https://www.publix.com/?setstorenumber=1436&utm_medium=maps&utm_source=extendednetwork&utm_content=psm_website_url,30.6410141,-88.1921227,4.6,1762.0,ChIJy3bvTxezm4gRHwsGLmj85Hk,"supermarket, florist, bakery, liquor_store, grocery_or_supermarket, food, point_of_interest, store, establishment"
"Bay Minette, AL",grocery store,retail,445120,Dollar General,"288 N Craft Hwy, Chickasaw, AL 36611, USA",(251) 263-4927,https://www.dollargeneral.com/store-directory/al/chickasaw/11711,30.766345,-88.0747694,4.2,442.0,ChIJaa7mC2pRmogRGBSh-U31gX4,"convenience_store, drugstore, grocery_or_supermarket, health, food, point_of_interest, store, establishment"
"Bay Minette, AL",grocery store,retail,445120,Dollar General,"811 Celeste Rd, Saraland, AL 36571, USA",(251) 263-5105,https://www.dollargeneral.com/store-directory/al/saraland/10008,30.8293932,-88.0915081,4.1,255.0,ChIJQbSniClUmogR7GGJfS5j2VA,"convenience_store, drugstore, grocery_or_supermarket, health, food, point_of_interest, store, establishment"
"Bay Minette, AL",grocery store,retail,445120,Dollar General,"23512 Co Rd 47, Perdido, AL 36562, USA",(251) 239-5785,https://www.dollargeneral.com/store-directory/al/perdido/11549,31.0038909,-87.6237496,4.2,186.0,ChIJETIJ4HuEmogRhxJHZimV-jA,"convenience_store, drugstore, grocery_or_supermarket, health, food, point_of_interest, store, establishment"
"Bay Minette, AL",grocery store,retail,445120,Dollar General,"30585A AL-225, Spanish Fort, AL 36527, USA",(251) 272-7310,https://www.dollargeneral.com/store-directory/al/spanish-fort/1632,30.6709317,-87.9078419,4.2,256.0,ChIJ8d1dFRZDmogRe1IzNValwJQ,"convenience_store, drugstore, grocery_or_supermarket, health, food, point_of_interest, store, establishment"
"Bay Minette, AL",grocery store,retail,445120,Dollar General,"25178 Brewer Rd, Robertsdale, AL 36567, USA",(334) 352-3128,https://www.dollargeneral.com/store-directory/al/robertsdale/17948,30.559955,-87.5948437,4.4,309.0,ChIJ-WS6Y1x0mogRqoZmVz1oWvE,"convenience_store, drugstore, grocery_or_supermarket, health, food, point_of_interest, store, establishment"
"Bay Minette, AL",grocery store,retail,445120,Dollar General,"26250 AL-181, Daphne, AL 36526, USA",(251) 288-5716,https://www.dollargeneral.com/store-directory/al/daphne/15264,30.6072952,-87.8515238,4.1,312.0,ChIJs97iKPxpmogRrVoo1wuy_ps,"convenience_store, drugstore, grocery_or_supermarket, health, food, point_of_interest, store, establishment"
"Bay Minette, AL",grocery store,retail,445120,Dollar General,"4850 Jack Springs Rd, Atmore, AL 36502, USA",(334) 521-8306,https://www.dollargeneral.com/store-directory/al/atmore/14720,31.08762,-87.54028090000001,3.9,243.0,ChIJJav2nth3kIgRAH1U7pxYGZI,"convenience_store, drugstore, grocery_or_supermarket, health, food, point_of_interest, store, establishment"
"Bay Minette, AL",grocery store,retail,445120,Dollar General,"13896 Roberts Rd, Chunchula, AL 36521, USA",(251) 263-9550,https://www.dollargeneral.com/store-directory/al/chunchula/20874,30.97897639999999,-88.1251502,3.9,74.0,ChIJrQYcZJ39mogR9oAJTmX7tbg,"convenience_store, drugstore, grocery_or_supermarket, health, food, point_of_interest, store, establishment"
"Bay Minette, AL",grocery store,retail,452210,Target,"1698 US-98, Daphne, AL 36526, USA",(251) 621-3540,https://www.target.com/sl/daphne/1274,30.6028747,-87.89593169999999,4.2,457.0,ChIJR9YP0X9BmogR1sj0QqiaRCs,"department_store, shoe_store, electronics_store, furniture_store, home_goods_store, clothing_store, point_of_interest, store, establishment"
"Bay Minette, AL",grocery store,retail,445110,DG Market,"1645 St Stephens Rd, Prichard, AL 36613, USA",(251) 263-6350,https://www.dollargeneral.com/store-directory/al/prichard/12205,30.7337793,-88.1023115,4.2,365.0,ChIJma7MXzBSmogReykdjfB67UM,"grocery_or_supermarket, convenience_store, drugstore, health, home_goods_store, food, point_of_interest, store, establishment"
"Bay Minette, AL",grocery store,retail,445120,Dollar General,"20593 Oakdale Dr, Robertsdale, AL 36567, USA",(251) 295-9390,https://www.dollargeneral.com/store-directory/al/robertsdale/20871,30.6264273,-87.6726135,4.3,166.0,ChIJg_015oRxmogRMSeF4nAW_-Q,"convenience_store, drugstore, grocery_or_supermarket, health, food, point_of_interest, store, establishment"
"Bay Minette, AL",grocery store,retail,445120,Dollar General,"3450 Hillcrest Rd, Mobile, AL 36695, USA",(251) 308-0730,https://www.dollargeneral.com/store-directory/al/mobile/10091,30.6186401,-88.1916897,4.0,376.0,ChIJr-BVGWazm4gRUQ4AGj_IrIs,"convenience_store, drugstore, grocery_or_supermarket, health, food, point_of_interest, store, establishment"
"Bay Minette, AL",grocery store,retail,445120,Dollar General,"909 US-31, Bay Minette, AL 36507, USA",(251) 239-5001,https://www.dollargeneral.com/store-directory/al/bay-minette/18945,30.8893403,-87.7629505,4.1,34.0,ChIJxYB6G9KJmogRo3X-Dbom7dk,"convenience_store, drugstore, grocery_or_supermarket, health, food, point_of_interest, store, establishment"
"Bay Minette, AL",grocery store,retail,445110,Publix Super Market at Magnolia Place,"27955 US-98 Ste 1, Daphne, AL 36526, USA",(251) 626-1305,https://www.publix.com/?setstorenumber=1362&utm_medium=maps&utm_source=extendednetwork&utm_content=psm_website_url,30.6311555,-87.9125739,4.7,1143.0,ChIJy-KT_5VDmogRWQ6jMliuETU,"supermarket, florist, bakery, liquor_store, grocery_or_supermarket, food, point_of_interest, store, establishment"
"Bay Minette, AL",grocery store,retail,445120,Dollar General,"5475 Moffett Rd, Mobile, AL 36618, USA",(251) 263-9472,https://www.dollargeneral.com/store-directory/al/mobile/13500,30.7251127,-88.16907929999999,4.1,329.0,ChIJIaLd0DStm4gRZEWDoQwt_B8,"convenience_store, drugstore, grocery_or_supermarket, health, food, point_of_interest, store, establishment"
"Bay Minette, AL",grocery store,retail,445120,Dollar General,"5955 W 9 Mile Rd, Pensacola, FL 32526, USA",(850) 494-8335,https://www.dollargeneral.com/store-directory/fl/pensacola/13138,30.5350678,-87.383248,4.1,319.0,ChIJkd4M0CeYkIgRTLm_wgCe4iE,"convenience_store, drugstore, grocery_or_supermarket, health, food, point_of_interest, store, establishment"
"Bay Minette, AL",grocery store,retail,445120,Dollar General,"41711 AL-225, Bay Minette, AL 36507, USA",(251) 239-5700,https://www.dollargeneral.com/store-directory/al/bay-minette/18118,30.8328741,-87.8617955,4.5,110.0,ChIJtToYC7NdmogRcUuIgiiGBTs,"convenience_store, drugstore, grocery_or_supermarket, health, food, point_of_interest, store, establishment"
"Bay Minette, AL",indian grocery,retail,445110,Star Bazaar Indian Supermarket,"3763 Airport Blvd, Mobile, AL 36608, USA",(251) 300-8105,,30.6755378,-88.1388085,4.9,33.0,ChIJQ9TdbQBNmogRKuLaxTCPnIs,"grocery_or_supermarket, store, food, point_of_interest, establishment"
"Bay Minette, AL",indian grocery,retail,445110,New Indian Grocery,"758 Downtowner Blvd, Mobile, AL 36609, USA",(251) 767-0999,,30.67345329999999,-88.14063449999999,4.1,21.0,ChIJkXn5P6tNmogRvvlM1JEftxM,"grocery_or_supermarket, store, food, point_of_interest, establishment"
"Bay Minette, AL",indian grocery,retail,445110,La Bendicion,"310 Azalea Rd, Mobile, AL 36609, USA",(251) 344-0907,https://www.facebook.com/profile.php?id=100088290974405&mibextid=LQQJ4d,30.6720874,-88.1498538,4.2,82.0,ChIJS3cThxVNmogRg15IwXz3hp8,"grocery_or_supermarket, store, food, point_of_interest, establishment"
"Bay Minette, AL",indian grocery,retail,445110,INTERNATIONAL MARKET,"851 Hillcrest Rd, Mobile, AL 36695, USA",(251) 229-6773,,30.6744172,-88.1898228,5.0,13.0,ChIJaebQjsGzm4gRJ7L8JzkwAv8,"grocery_or_supermarket, store, food, point_of_interest, establishment"
"Bay Minette, AL",indian grocery,retail,722511,Biryani Pot,"758 Downtowner Blvd, Mobile, AL 36609, USA",(251) 888-0999,http://www.biryanipotmobile.com/,30.6733946,-88.14063259999999,4.4,1151.0,ChIJCTJ9TL5NmogRsWAy1pDv4h4,"restaurant, food, point_of_interest, establishment"
"Bay Minette, AL",indian grocery,retail,445310,Food Pak International Foods,"5150 Old Shell Rd, Mobile, AL 36608, USA",(251) 341-1497,,30.6914993,-88.1608401,4.8,372.0,ChIJm_rC4VBNmogRk6G30StBGug,"liquor_store, grocery_or_supermarket, store, food, point_of_interest, establishment"
"Bay Minette, AL",indian grocery,retail,445120,Creek Travel Stores- Poarch,"4740 Jack Springs Rd, Atmore, AL 36502, USA",(251) 368-0088,https://creektravelstores.com/,31.0870256,-87.5381429,4.0,292.0,ChIJg8NNEGOdmogRXCaS_wtZjE4,"convenience_store, atm, finance, store, restaurant, food, point_of_interest, establishment"
"Bay Minette, AL",indian grocery,retail,445110,My Hoa Oriental Food Market,"454 Azalea Rd, Mobile, AL 36609, USA",(251) 345-0850,https://www.facebook.com/pages/My-Hoa-Oriental-Food-Market/151259684885594,30.6622311,-88.1513587,4.6,397.0,ChIJKcyoBCNNmogRnswhP0XC5k8,"grocery_or_supermarket, store, food, point_of_interest, establishment"
"Bay Minette, AL",indian grocery,retail,722511,Yak The Kathmandu Kitchen,"3210 Dauphin St, Mobile, AL 36606, USA",(251) 287-0115,https://thekathmandukitchen.com/,30.69087009999999,-88.1204983,4.0,631.0,ChIJ9X6feYVNmogRkDRDXwvk2zE,"meal_takeaway, bar, restaurant, food, point_of_interest, establishment"
"Bay Minette, AL",indian grocery,retail,445120,Creek Travel Stores- Atmore,"116 Poarch Rd, Atmore, AL 36502, USA",(251) 446-8801,http://www.creekindianenterprises.org/westminster/creek_convenience_store_atmore.html,31.1046669,-87.48070159999999,4.4,137.0,ChIJTU2Zh0B2kIgRzQw6Gh0qluk,"convenience_store, store, food, point_of_interest, establishment"
"Bay Minette, AL",retail food,retail,,DBN Food Mart,"854 Downtowner Blvd, Mobile, AL 36609, USA",,,30.6708253,-88.1405099,3.6,14.0,ChIJDVFoOxJNmogRcAXM4DVjiG8,"point_of_interest, store, food, establishment"
"Bay Minette, AL",retail food,retail,445110,Piggly Wiggly,"306 S University Blvd, Mobile, AL 36609, USA",(251) 725-9699,https://wedigthepig.com/university-blvd/,30.6742841,-88.1715292,4.7,249.0,ChIJacvrKOqzm4gRkVKA693avJk,"grocery_or_supermarket, point_of_interest, store, food, establishment"
"Bay Minette, AL",retail food,retail,445120,Quick Stop Grocery,"161 S Florida St, Mobile, AL 36606, USA",,,30.6816067,-88.1006778,4.6,7.0,ChIJW6JoT-9NmogRYCieeibXNmw,"convenience_store, point_of_interest, store, food, establishment"
"Bay Minette, AL",retail food,retail,,The Shoppes at Fairhope Village,"22530 US-98, Fairhope, AL 36532, USA",(404) 575-3200,,30.5554388,-87.89154239999999,4.4,356.0,ChIJDSvD3VRAmogR02p-Z784_9I,"shopping_mall, point_of_interest, establishment"
"Bay Minette, AL",retail food,retail,445110,Winn-Dixie,"5827-D US-90, Theodore, AL 36582, USA",(251) 653-5690,https://www.winndixie.com/StoreDetails,30.5535928,-88.1702638,4.2,1385.0,ChIJUSR0byy1m4gRmS9ohoDTla0,"grocery_or_supermarket, point_of_interest, store, food, establishment"
"Bay Minette, AL",retail food,retail,445120,Market Dauphin,"201 Dauphin St, Mobile, AL 36602, USA",(251) 415-9141,,30.691427,-88.04295719999999,3.2,20.0,ChIJ5eC-zdBPmogRPr8nhhZ4AqE,"convenience_store, point_of_interest, store, food, establishment"
"Bay Minette, AL",retail food,retail,445110,Your Thing Grocery,"1729 Katye St, Mobile, AL 36617, USA",(251) 457-5555,,30.7266858,-88.11429749999999,3.3,9.0,ChIJwzxUVkFSmogR7q9_HmAacqk,"grocery_or_supermarket, point_of_interest, store, food, establishment"
"Bay Minette, AL",retail food,retail,445120,Buc-ee's,"20403 Co Rd 68, Robertsdale, AL 36567, USA",(979) 238-6390,http://www.buc-ees.com/,30.6340152,-87.6768458,3.9,3762.0,ChIJTWySmxtxmogRuSFKlhOjX4s,"convenience_store, point_of_interest, store, food, establishment"
"Bay Minette, AL",retail food,retail,,Fountain Square,"2101 US-98, Daphne, AL 36526, USA",(251) 471-8000,https://www.catranisenterprises.com/fountain-square,30.6082895,-87.8997436,4.5,52.0,ChIJdUkimqVDmogRAFy6F5ARXIg,"shopping_mall, point_of_interest, establishment"
"Bay Minette, AL",retail food,retail,,Legacy Village at Spring Hill,"9 Du Rhu Dr, Mobile, AL 36608, USA",(251) 447-2352,http://www.shopdinelegacy.com/,30.6890093,-88.1314915,4.5,343.0,ChIJj8dYs3lNmogR5yNRmCAqWP4,"shopping_mall, point_of_interest, establishment"
"Bay Minette, AL",retail food,retail,,Gulfdale Plaza Shopping Ctr,"2962 Dauphin Island Pkwy, Mobile, AL 36605, USA",(404) 817-3772,http://www.dlcmgmt.com/,30.6108053,-88.0752622,4.0,638.0,ChIJoVLkBbROmogRi43gB7VdA8g,"shopping_mall, point_of_interest, establishment"
"Bay Minette, AL",retail food,retail,,Plantation Pointe,"84 Plantation Pointe Rd, Fairhope, AL 36532, USA",,,30.5243351,-87.8841791,4.5,232.0,ChIJR5vbiG9AmogRFY-D23Ez-O8,"shopping_mall, point_of_interest, establishment"
"Bay Minette, AL",retail food,retail,,Town West Village,"5701m Moffett Rd, Mobile, AL 36618, USA",,,30.728115,-88.17327879999999,4.4,156.0,ChIJl-VoWTGtm4gRNNbwZDKdrq8,"shopping_mall, point_of_interest, establishment"
"Bay Minette, AL",retail food,retail,,Spanish Fort Center,"26000 Bass Pro Dr, Spanish Fort, AL 36527, USA",(251) 263-0451,https://spanishfortcenter.com/,30.6588735,-87.90360419999999,4.5,1009.0,ChIJVVVlZgVDmogRZfzxvMuMr3Q,"shopping_mall, point_of_interest, establishment"
"Bay Minette, AL",retail food,retail,,Springdale,"3250 Airport Blvd, Mobile, AL 36606, USA",(610) 215-7939,https://properties.brixmor.com/p/retail-real-estate/Mobile-AL-36606/springdale?utm_source=gmb&utm_medium=Yext,30.678411,-88.124181,4.1,3154.0,ChIJ-zT5HplNmogRsekBWkWwc40,"shopping_mall, point_of_interest, establishment"
"Bay Minette, AL",retail food,retail,,Skyland Shopping Center,"3976 Government Blvd, Mobile, AL 36693, USA",(251) 471-8000,https://www.catranisenterprises.com/skyland-shopping-center,30.6386367,-88.14130689999999,4.3,663.0,ChIJNZLWq-9MmogRvOhZx6k7M78,"point_of_interest, establishment"
"Bay Minette, AL",retail food,retail,,Jubilee Square,"Jubilee Mall Shopping Center, 6850 US-90, Daphne, AL 36526, USA",,,30.6538581,-87.9037503,4.4,2681.0,ChIJsXs8AwRDmogRozk8Xa0U89Q,"shopping_mall, point_of_interest, establishment"
"Bay Minette, AL",retail food,retail,,Midtown Shopping Center,"3055 Dauphin St, Mobile, AL 36606, USA",,,30.6890849,-88.11637259999999,4.2,884.0,ChIJuVSLRY5NmogRjtCSfeI0wWQ,"shopping_mall, point_of_interest, establishment"
"Bay Minette, AL",retail food,retail,,Gamers N Geeks,"5701 Moffett Rd n, Mobile, AL 36618, USA",(251) 725-6640,http://gamersngeeks.com/,30.7280864,-88.1733898,4.7,696.0,ChIJU6yn5oSym4gRGKuYfwYxcsM,"store, point_of_interest, establishment"
"Bay Minette, AL",retail food,retail,,Tom Thumb Deli,"34661 AL-59, Stapleton, AL 36578, USA",(251) 580-0660,,30.7305025,-87.7930437,4.1,363.0,ChIJiVXnVmZmmogRbE6TybXorIw,"gas_station, point_of_interest, establishment"
"Bay Minette, AL",retail food,retail,445120,The Corner Store,"Highpoint Blvd, Prichard, AL 36613, USA",(251) 287-0826,,30.7637792,-88.1573745,4.9,7.0,ChIJx96b5zlTmogRbX-lWJXKV1Y,"convenience_store, store, food, point_of_interest, establishment"
"Bay Minette, AL",retail food,retail,,pOpshelf,"3787 Airport Blvd, Mobile, AL 36608, USA",(251) 265-7130,https://www.popshelf.com/store/23520,30.67544779999999,-88.13971370000002,4.5,431.0,ChIJ62S8ovhNmogRwemWXz7zG74,"home_goods_store, store, food, point_of_interest, establishment"
"Bay Minette, AL",retail food,retail,,Cloverleaf Plaza Shopping Center,"5451 Halls Mill Rd, Mobile, AL 36619, USA",,,30.5906076,-88.16755599999999,4.0,1112.0,ChIJX-uDuUxLmogRFRkBg6dNyzo,"shopping_mall, point_of_interest, establishment"
"Bay Minette, AL",retail food,retail,,Spanish Fort Shopping Center,"Spanish Fort Blvd, Spanish Fort, AL 36527, USA",(251) 625-0060,,30.6676314,-87.9117212,4.4,631.0,ChIJBZPJiBRDmogRlmoIttxx3bw,"shopping_mall, point_of_interest, establishment"
"Bay Minette, AL",retail food,retail,,Pinebrook Shopping Center,"3964 Airport Blvd, Mobile, AL 36608, USA",(251) 343-4000,http://www.pinebrookmobile.com/,30.6768947,-88.1502225,4.3,1293.0,ChIJtcmTZUBNmogRtINlWhgeds8,"shopping_mall, point_of_interest, establishment"
"Bay Minette, AL",retail food,retail,445310,Jordans Package Store,"1453 St Stephens Rd, Mobile, AL 36603, USA",(251) 217-7180,,30.6956909,-88.0707991,4.0,77.0,ChIJw58ENCBOmogRCuqtKWz60Oo,"liquor_store, store, point_of_interest, establishment"
"Bay Minette, AL",retail food,retail,,Eastern Shore Centre,"30500 AL-181, Spanish Fort, AL 36527, USA",(251) 625-0060,http://www.easternshorecentre.com/,30.6693486,-87.849159,4.4,3534.0,ChIJtb_fpyFomogRymNeEsU0fAI,"shopping_mall, point_of_interest, establishment"
"Bay Minette, AL",retail food,retail,,Eastern Shore Plaza,"10200 Eastern Shore Blvd, Spanish Fort, AL 36527, USA",(251) 625-0060,http://www.easternshorecentre.com/,30.6643257,-87.8478317,4.4,932.0,ChIJXdMYjCNomogR9WIGn2OvLfg,"shopping_mall, point_of_interest, establishment"
"Bay Minette, AL",retail food,retail,,Bay Minette Plaza,"615 D'Olive St, Bay Minette, AL 36507, USA",,,30.8783812,-87.78115369999999,4.0,649.0,ChIJXVAf_gaKmogR_9ptQJsL-nc,"shopping_mall, point_of_interest, establishment"
"Bay Minette, AL",retail food,retail,,Shoppes at Bel Air,"3299 Joe Treadwell Dr, Mobile, AL 36606, USA",(251) 478-1893,http://shoppesatbelair.com/,30.6737635,-88.12240820000001,4.1,5406.0,ChIJNZCmvKNNmogR3ymSBR8Mqns,"shopping_mall, point_of_interest, establishment"
"Bay Minette, AL",retail food,retail,442110,World Market,"3250 Airport Blvd Unit 110, Mobile, AL 36606, USA",(251) 439-6585,https://stores.worldmarket.com/al/mobile/3250-airport-blvd.html,30.6792775,-88.12472749999999,4.6,159.0,ChIJZYpJioNNmogRmN4nflDR-Zc,"furniture_store, clothing_store, grocery_or_supermarket, home_goods_store, store, food, point_of_interest, establishment"
"Bay Minette, AL",retail food,retail,445110,Twisted Lime Market,"2501 Hand Ave, Bay Minette, AL 36507, USA",(251) 494-0424,https://twistedlimemarket.com/,30.91032959999999,-87.7876888,4.8,85.0,ChIJl3L9NeWLmogRICifkXd1Vhw,"grocery_or_supermarket, store, food, point_of_interest, establishment"
"Bay Minette, AL",retail food,retail,,Spring Hill Village Shopping Center,"4358 Old Shell Rd, Mobile, AL 36608, USA",,http://thevillageofspringhill.com/,30.6990375,-88.14340969999999,4.4,834.0,ChIJLXKRCGJNmogR4jW1cX9tpuM,"shopping_mall, point_of_interest, establishment"
"Bay Minette, AL",retail food,retail,445120,Murphy USA,"150 Springdale Blvd, Mobile, AL 36606, USA",(251) 479-9695,http://www.murphyusa.com/,30.6825674,-88.12384709999999,3.4,99.0,ChIJr75TQZlNmogRt6UwI8Tbv5E,"gas_station, convenience_store, store, food, point_of_interest, establishment"
"Bay Minette, AL",retail food,retail,,Regency square,"Mobile, AL 36608, USA",,,30.6752452,-88.1732021,4.3,528.0,ChIJnVut8cmym4gRtiLYJntW_1g,"shopping_mall, point_of_interest, establishment"
"Bay Minette, AL",retail food,retail,,Festival Centre,"3725 Airport Blvd, Mobile, AL 36608, USA",,https://google.com/url?q=https://business.google.com/website_shared/launch_bw.html?f=https://amzn.to/4k03izw,30.6727301,-88.1365321,4.1,1837.0,ChIJrwPgU3NNmogRViOFvo-mETs,"shopping_mall, point_of_interest, establishment"
"Bay Minette, AL",retail food,retail,722511,Cracker Barrel Old Country Store,"30227 Eastern Shore Ct, Spanish Fort, AL 36527, USA",(251) 621-4826,https://www.crackerbarrel.com/Locations/States/al/spanish-fort/557/?utm_source=google&utm_medium=maps&utm_campaign=crackerbarrelurl,30.6650187,-87.8512934,4.1,3886.0,ChIJWbxAUyFomogR-H5VS0Z_ksw,"meal_takeaway, store, restaurant, food, point_of_interest, establishment"
"Bay Minette, AL",retail food,retail,722511,Pizzeria Delphina at the Insider Food Hall,"518 Dauphin St, Mobile, AL 36602, USA",(251) 458-1100,https://www.facebook.com/delphinapizza/,30.6896646,-88.0485917,4.5,834.0,ChIJtYkgVtdPmogRNzyDjVcVcxc,"restaurant, food, point_of_interest, establishment"
"Bay Minette, AL",retail food,retail,445120,Pilot Travel Center,"6109 US-43, Satsuma, AL 36572, USA",(251) 679-6260,https://locations.pilotflyingj.com/us/al/satsuma/6109-us-43-south,30.8727989,-88.0469468,4.1,1826.0,ChIJ9cSJLNJXmogRtpTtC-NsSDU,"convenience_store, gas_station, store, food, point_of_interest, establishment"
"Bay Minette, AL",retail food,retail,445120,Murphy USA,"1970-B S University Blvd, Mobile, AL 36609, USA",(251) 665-2380,http://www.murphyusa.com/,30.6507702,-88.1615861,4.2,23.0,ChIJiYFxktZMmogRryqk1XS_KYs,"gas_station, convenience_store, store, food, point_of_interest, establishment"
"Bay Minette, AL",retail food,retail,445120,Love's Travel Stop,"2600 W I-65 Service Rd N, Whistler, AL 36612, USA",(251) 330-2991,https://www.loves.com/locations/624,30.742008,-88.1108383,3.7,584.0,ChIJk2RkjEpSmogRuMlumBsHJBw,"convenience_store, gas_station, store, food, point_of_interest, establishment"
"Bay Minette, AL",retail food,retail,722511,Cracker Barrel Old Country Store,"43 E Interstate 65 Service Rd S, Mobile, AL 36606, USA",(251) 473-6761,https://www.crackerbarrel.com/Locations/States/al/mobile/94/?utm_source=google&utm_medium=maps&utm_campaign=crackerbarrelurl,30.6857806,-88.12590929999999,4.1,3340.0,ChIJfYtvoaFNmogRiads6DY5chM,"meal_takeaway, store, restaurant, food, point_of_interest, establishment"
"Bay Minette, AL",retail food,retail,445120,Circle K,"410 D'Olive St, Bay Minette, AL 36507, USA",(251) 937-8482,https://www.circlek.com/store-locator/US/bay-minette/410-d-olive-st/2721572?utm_source=google&utm_medium=local&utm_campaign=google-local,30.8808619,-87.7788119,3.9,20.0,ChIJJVa3owGKmogRAKT7MlDBvzI,"convenience_store, gas_station, atm, finance, store, food, point_of_interest, establishment"
"Bay Minette, AL",retail food,retail,445110,Greer's CashSaver,"710 McMeans Ave, Bay Minette, AL 36507, USA",(251) 937-8315,https://www.greers.com/?utm_source=google&utm_medium=organic&utm_campaign=cashsaver_mcmeans_ave,30.8857869,-87.7866458,4.4,725.0,ChIJC1IMgw-KmogR4435m4EhQRI,"grocery_or_supermarket, liquor_store, bakery, supermarket, store, food, point_of_interest, establishment"
"Bay Minette, AL",retail food,retail,445120,Love's Travel Stop,"126 E Flying K Rd, Loxley, AL 36551, USA",(251) 964-2090,https://www.loves.com/locations/206,30.6543738,-87.7595359,4.0,851.0,ChIJ55ChsSNvmogRe40otyKhuy0,"convenience_store, gas_station, store, food, point_of_interest, establishment"
"Bay Minette, AL",retail food,retail,,The Bel Air Mall,"3201 Airport Blvd, Mobile, AL 36606, USA",,https://shoppesatbelair.com/,30.6734719,-88.1221178,4.1,657.0,ChIJndtqxbxNmogRDh0e42vfU9g,"shopping_mall, point_of_interest, establishment"
"Bay Minette, AL",retail food,retail,722511,Cracker Barrel Old Country Store,"88 Shell St, Saraland, AL 36571, USA",(251) 679-3830,https://www.crackerbarrel.com/Locations/States/al/saraland/761/?utm_source=google&utm_medium=maps&utm_campaign=crackerbarrelurl,30.8063595,-88.10507199999999,4.0,2571.0,ChIJ9bD0lxZUmogRfyGmDIleNOI,"meal_takeaway, store, restaurant, food, point_of_interest, establishment"
"Bay Minette, AL",retail food,retail,445120,Diamonds Convenience Store,"1318 Congress St, Mobile, AL 36603, USA",(251) 436-8016,,30.6956122,-88.0659721,5.0,8.0,ChIJg-54ziBOmogRomXFntSvbUw,"convenience_store, store, food, point_of_interest, establishment"
"Bay Minette, AL",clothing store,retail,452210,Gabe's,"4001 Government Blvd, Mobile, AL 36693, USA",(251) 252-0366,https://gabesstores.com/,30.6346402,-88.14112449999999,4.3,42.0,ChIJ1QT2zNFNmogRjd9rXs_VTm0,"department_store, shoe_store, clothing_store, point_of_interest, store, establishment"
"Bay Minette, AL",clothing store,retail,448140,Ross Dress for Less,"1310 Tingle Cir E, Mobile, AL 36606, USA",(251) 478-1376,https://www.rossstores.com/,30.6535443,-88.116193,4.1,681.0,ChIJc-LQ5ZhNmogReaqm_WcaTfA,"clothing_store, department_store, shoe_store, point_of_interest, store, establishment"
"Bay Minette, AL",clothing store,retail,452210,Marshalls,"3250 Airport Blvd, Mobile, AL 36606, USA",(251) 479-1544,https://www.marshalls.com/,30.677601,-88.1225587,4.2,545.0,ChIJ34d2yphNmogRU6nF6YUgLbY,"department_store, clothing_store, point_of_interest, store, establishment"
"Bay Minette, AL",clothing store,retail,452210,T.J. Maxx,"6850 US-90, Daphne, AL 36526, USA",(251) 621-1402,https://tjmaxx.tjx.com/store/index.jsp,30.652845,-87.906613,4.3,605.0,ChIJL_4C2AVDmogR7C4TCJKrAe4,"department_store, jewelry_store, clothing_store, point_of_interest, store, establishment"
"Bay Minette, AL",clothing store,retail,448140,Burlington,"3250 Airport Blvd Suite F-1, Mobile, AL 36606, USA",(251) 220-3952,https://stores.burlington.com/al/mobile/312/?utm_source=google&utm_medium=organic&utm_campaign=maps,30.6796538,-88.12380019999999,3.7,278.0,ChIJ96PB95dNmogRYaVH_2HbuQ0,"clothing_store, department_store, jewelry_store, home_goods_store, point_of_interest, store, establishment"
"Bay Minette, AL",clothing store,retail,448140,Citi Trends,"3969 Cottage Hill Rd, Mobile, AL 36693, USA",(251) 436-1675,https://locations.cititrends.com/al/mobile/3969-cottage-hill-rd.html,30.65168329999999,-88.1407242,4.1,326.0,ChIJmzSKWR1NmogRjJYKNB_Uaxc,"clothing_store, shoe_store, point_of_interest, store, establishment"
"Bay Minette, AL",clothing store,retail,448140,Old Navy,"1310 Tingle Cir E D, Mobile, AL 36606, USA",(251) 295-9317,https://oldnavy.gap.com/stores/al/mobile/oldnavy-3015.html,30.6535443,-88.116193,4.1,608.0,ChIJle2xM7NNmogRuLW4sdcogFg,"clothing_store, point_of_interest, store, establishment"
"Bay Minette, AL",clothing store,retail,452210,T.J. Maxx,"3940B Airport Blvd, Mobile, AL 36608, USA",(251) 380-1508,https://tjmaxx.tjx.com/store/index.jsp,30.6772125,-88.1469206,4.3,825.0,ChIJsa-dv2pNmogR3Xr0v5V4LJk,"department_store, jewelry_store, clothing_store, point_of_interest, store, establishment"
"Bay Minette, AL",clothing store,retail,448140,Ross Dress for Less,"10200 Eastern Shore Blvd, Spanish Fort, AL 36527, USA",(251) 447-0351,https://www.rossstores.com/,30.6642604,-87.8478243,4.1,631.0,ChIJXdMYjCNomogRM-ciW6C5WPo,"clothing_store, department_store, shoe_store, point_of_interest, store, establishment"
"Bay Minette, AL",clothing store,retail,448140,bealls,"96 Saraland Loop, Saraland, AL 36571, USA",(251) 675-2187,https://stores.bealls.com/al/saraland/96-saraland-loop,30.8240604,-88.0750503,4.5,275.0,ChIJUef-cJJWmogR7DZSGI_5JEM,"clothing_store, shoe_store, home_goods_store, point_of_interest, store, establishment"
"Bay Minette, AL",clothing store,retail,448210,Rainbow Shops,"3014 SpringHill Ave, Mobile, AL 36607, USA",(251) 478-5008,https://stores.rainbowshops.com/al/mobile/803/?utm_source=G&utm_medium=lpm&utm_campaign=RainbowShops,30.70103199999999,-88.111802,4.4,82.0,ChIJtS4zCnVSmogRbey0Gj_tv4E,"jewelry_store, shoe_store, clothing_store, point_of_interest, store, establishment"
"Bay Minette, AL",clothing store,retail,448140,Citi Trends,"141 Lindberg Ave, Atmore, AL 36502, USA",(251) 301-1614,https://locations.cititrends.com/al/atmore/141-lindberg-ave.html,31.00668019999999,-87.4895657,4.1,71.0,ChIJVdEAFwl5kIgRUbX980yl9TI,"clothing_store, shoe_store, point_of_interest, store, establishment"
"Bay Minette, AL",clothing store,retail,448140,Old Navy,"10200 Eastern Shore Blvd Suite 150, Spanish Fort, AL 36527, USA",(251) 621-1037,https://oldnavy.gap.com/stores/al/spanishfort/oldnavy-3380.html,30.6642501,-87.8474616,4.2,173.0,ChIJXdMYjCNomogRZVFwyipAO3Y,"clothing_store, point_of_interest, store, establishment"
"Bay Minette, AL",clothing store,retail,448140,Citi Trends,"2601 Dauphin Island Pkwy #10, Mobile, AL 36605, USA",(251) 436-1649,https://locations.cititrends.com/al/mobile/2601-dauphin-island-parkway.html,30.6198893,-88.07512659999999,4.1,151.0,ChIJveyxkLlOmogRKPewj6i_BKs,"clothing_store, shoe_store, point_of_interest, store, establishment"
"Bay Minette, AL",clothing store,retail,448140,bealls,"3250 Airport Blvd Suite E21, Mobile, AL 36606, USA",(251) 473-3412,https://stores.bealls.com/al/mobile/3250-airport-blvd,30.678024,-88.1227461,4.4,90.0,ChIJwywWjO5NmogRV9l3Nm0eAV8,"clothing_store, shoe_store, home_goods_store, point_of_interest, store, establishment"
"Bay Minette, AL",clothing store,retail,448140,Burgundy Apparel Inc,"410 Bel Air Blvd s5, Mobile, AL 36606, USA",(251) 471-3002,,30.6731429,-88.11837009999999,4.6,39.0,ChIJc2iXweZNmogRq8dui9tHTFc,"clothing_store, point_of_interest, store, establishment"
"Bay Minette, AL",clothing store,retail,448140,America's Thrift Stores & Donation Center,"5441 Hwy 90 West, Mobile, AL 36619, USA",(251) 602-1483,http://www.americasthrift.com/,30.5887189,-88.16772100000001,4.0,552.0,ChIJffhMOEtLmogRouC9SvqFZgs,"clothing_store, point_of_interest, store, establishment"
"Bay Minette, AL",clothing store,retail,452210,Dillard's,"3300 Joe Treadwell Dr, Mobile, AL 36606, USA",(251) 471-1551,https://www.dillards.com/stores/alabama/shoppes-at-bel-air-mobile/0241,30.6741909,-88.12428279999999,4.3,1340.0,ChIJI9zfJaJNmogROFbas2Pm3yc,"department_store, shoe_store, home_goods_store, clothing_store, point_of_interest, store, establishment"
"Bay Minette, AL",clothing store,retail,448210,Academy Sports + Outdoors,"3725 Airport Blvd, Mobile, AL 36608, USA",(251) 380-5340,https://www.academy.com/storelocator/alabama/mobile/store-0065,30.6713691,-88.136487,4.2,1697.0,ChIJrwPgU3NNmogRjjsTZADgAwY,"shoe_store, clothing_store, point_of_interest, store, establishment"
"Bay Minette, AL",clothing store,retail,448140,H&M,"3452 Joe Treadwell Dr, Mobile, AL 36606, USA",(855) 466-7467,https://www2.hm.com/en_us/customer-service/shopping-at-hm/store-locator/usa/mobile/the-shoppes-at-bel-air/US0543.html?utm_source=google_location&utm_medium=organic&utm_content=US0543&utm_campaign=pi_USQ00AAU0AA004,30.6744027,-88.1240053,4.1,96.0,ChIJRbWkHqJNmogRdRdZHbOxe9M,"clothing_store, point_of_interest, store, establishment"
"Bay Minette, AL",clothing store,retail,448210,Rainbow Shops,"5440 US-90, Mobile, AL 36619, USA",(251) 644-5655,https://stores.rainbowshops.com/al/mobile/578/?utm_source=G&utm_medium=lpm&utm_campaign=RainbowShops,30.586886,-88.17136599999999,3.9,8.0,ChIJh6ybxTK1m4gRhohWHut4WwY,"shoe_store, jewelry_store, clothing_store, point_of_interest, store, establishment"
"Bay Minette, AL",clothing store,retail,448140,Citi Trends,"416 N Craft Hwy Unit A, Chickasaw, AL 36611, USA",(251) 301-5837,https://locations.cititrends.com/al/chickasaw/416-n--craft-hwy.html,30.7715759,-88.0739739,4.3,113.0,ChIJ7RPXWEFRmogRPYC0USldwtg,"clothing_store, shoe_store, point_of_interest, store, establishment"
"Bay Minette, AL",clothing store,retail,452210,Belk,"3201 Joe Treadwell Dr, Mobile, AL 36606, USA",(251) 470-5400,https://www.belk.com/store/belk-mobile-al/?StoreID=549,30.6742021,-88.1203723,4.3,1460.0,ChIJ34d2yphNmogR0B3FoUcVCBs,"department_store, shoe_store, clothing_store, point_of_interest, store, establishment"
"Bay Minette, AL",clothing store,retail,448140,Versona,"3245 Joe Treadwell Dr, Mobile, AL 36606, USA",(251) 478-0090,https://stores.shopversona.com/al/mobile/3245-bel-air-mall?utm_source=gmb&utm_medium=Yext&y_source=1_MjY1NjA5MDQtNzE1LWxvY2F0aW9uLndlYnNpdGU%3D,30.67449379999999,-88.1225011,4.4,56.0,ChIJAQAAAOxNmogRXr2MMUylCqo,"clothing_store, point_of_interest, store, establishment"
"Bay Minette, AL",clothing store,retail,448210,The Mix,"9 Du Rhu Dr Suite #345, Mobile, AL 36608, USA",(251) 298-9137,https://shopatthemix.com/,30.6885364,-88.1313129,3.6,14.0,ChIJh0nAtuBNmogROzS7RR72Ce8,"shoe_store, jewelry_store, clothing_store, point_of_interest, store, establishment"
"Bay Minette, AL",clothing store,retail,448210,CK Collection,"320 Fairhope Ave, Fairhope, AL 36532, USA",(251) 990-9001,http://www.ckcollection.com/,30.522709,-87.904136,3.9,23.0,ChIJw9mnUoVAmogRGRhnNFu0wmc,"shoe_store, clothing_store, point_of_interest, store, establishment"
"Bay Minette, AL",clothing store,retail,448140,LACED,"3000 SpringHill Ave, Mobile, AL 36607, USA",(251) 725-1922,,30.70078,-88.1116219,4.0,29.0,ChIJG8AxE3VSmogR7lmDXAdw4jY,"clothing_store, point_of_interest, store, establishment"
"Bay Minette, AL",clothing store,retail,448140,Buckle,"3216 Joe Treadwell Dr Suite C15, Mobile, AL 36606, USA",(251) 473-3736,https://local.buckle.com/al/mobile/clothing-370.html?utm_source=Google&utm_medium=Maps&utm_campaign=Google+Places,30.6743111,-88.121482,4.4,67.0,ChIJiTsCmqFNmogRHIxo5CsolXo,"clothing_store, shoe_store, point_of_interest, store, establishment"
"Bay Minette, AL",clothing store,retail,448140,SWAY,"324 Fairhope Ave, Fairhope, AL 36532, USA",(251) 990-2282,http://swayfairhope.com/,30.522747,-87.904005,4.6,16.0,ChIJMzMhApBAmogRdBSZKqL9O1I,"clothing_store, point_of_interest, store, establishment"
"Bay Minette, AL",clothing store,retail,448140,Naman's Department Store,"204-206 Dauphin St, Mobile, AL 36602, USA",(251) 433-3893,,30.69150059999999,-88.0432356,4.3,43.0,ChIJDSQb09BPmogRYGTLBYIlZDE,"clothing_store, point_of_interest, store, establishment"
"Bay Minette, AL",clothing store,retail,448140,rue21,"3424 Joe Treadwell Dr Suite F - 1, Mobile, AL 36606, USA",(251) 473-3321,https://stores.rue21.com/al/mobile/3424-bel-air-mall.html?utm_source=gmb&utm_medium=localsearch&utm_campaign=1565,30.6728193,-88.1214287,4.1,72.0,ChIJc5BJ_KJNmogR2-iiV4KqjiU,"clothing_store, shoe_store, jewelry_store, point_of_interest, store, establishment"
"Bay Minette, AL",clothing store,retail,452210,Dillard's,"10101 Eastern Shore Blvd, Spanish Fort, AL 36527, USA",(251) 621-2257,https://www.dillards.com/stores/alabama/eastern-shore-centre-spanish-fort/0239,30.667207,-87.849126,4.2,602.0,ChIJeyYBkiNomogRK_RzZHZLElw,"department_store, shoe_store, home_goods_store, clothing_store, point_of_interest, store, establishment"
"Bay Minette, AL",clothing store,retail,448140,Coastal Outfitters,"6850 US-90 #8, Daphne, AL 36526, USA",(251) 621-3257,http://www.coastal-outfitters.com/,30.6542128,-87.9067014,4.0,73.0,ChIJXdMYjCNomogRo0Z_XBMTaZU,"clothing_store, point_of_interest, store, establishment"
"Bay Minette, AL",clothing store,retail,448140,7 SOUTH,"7 S Section St, Fairhope, AL 36532, USA",(251) 270-7298,http://7southshop.com/,30.5226623,-87.9028697,4.6,46.0,ChIJ1Zxa9Y9AmogRQqCvQlJFfcQ,"clothing_store, point_of_interest, store, establishment"
"Bay Minette, AL",clothing store,retail,448140,Cat's Meow,"395 Fairhope Ave, Fairhope, AL 36532, USA",(251) 990-0061,http://www.catsmeowfairhope.com/,30.5231791,-87.9031218,4.4,30.0,ChIJL6ASjI9AmogRXhPtX-EFFtk,"clothing_store, point_of_interest, store, establishment"
"Bay Minette, AL",clothing store,retail,448140,The Pink Velvet Boutique,"30500 AL-181 Suite #313, Spanish Fort, AL 36527, USA",(251) 408-9800,http://thepinkvelvetboutique.com/,30.6680244,-87.8488173,4.7,14.0,ChIJdZhcw2ZpmogRYw-bH67MUVc,"clothing_store, point_of_interest, store, establishment"
"Bay Minette, AL",clothing store,retail,448140,Hemline Mobile,"4356 Old Shell Rd, Mobile, AL 36608, USA",(251) 287-6875,https://shophemlinemobile.com/,30.698595,-88.1422916,4.7,45.0,ChIJVQdgbmJNmogR61jFdxezPJ0,"clothing_store, point_of_interest, store, establishment"
"Bay Minette, AL",clothing store,retail,448210,Shoe Station,"741 Hillcrest Rd, Mobile, AL 36695, USA",(251) 341-0585,https://stores.shoestation.com/al/mobile/shoe-store-mobile-al-5015.html?utm_source=google&utm_medium=listing&utm_content=5015&utm_campaign=AL&utm_keyword=Mobile,30.6762607,-88.18982109999999,4.2,806.0,ChIJu_6xKJWym4gRr2xG4zT8Oi8,"shoe_store, clothing_store, point_of_interest, store, establishment"
"Bay Minette, AL",clothing store,retail,448140,The Fairhope Store,"323 De La Mare Ave, Fairhope, AL 36532, USA",(251) 928-0108,https://www.thefairhopestore.com/?utm_source=gmb&utm_medium=organic,30.5223964,-87.90348999999999,4.8,40.0,ChIJpZCXXIVAmogRuLyvwO5dOY4,"clothing_store, store, point_of_interest, establishment"
"Bay Minette, AL",clothing store,retail,448140,East Bay Clothiers,"39 N Section St, Fairhope, AL 36532, USA",(251) 928-6848,http://www.eastbayclothiers.com/,30.5243373,-87.90315299999999,4.7,6.0,ChIJGWspwo9AmogRm3aGzDhpGJE,"clothing_store, store, point_of_interest, establishment"
"Bay Minette, AL",clothing store,retail,448140,THREADS - SUITS & MORE,"3116 Airport Blvd, Mobile, AL 36606, USA",(251) 308-8159,http://www.threadsonline.com/,30.67679009999999,-88.11829619999999,4.9,509.0,ChIJaxsolZdNmogRcgDhz2XFHHY,"clothing_store, store, point_of_interest, establishment"
"Bay Minette, AL",clothing store,retail,448140,Earthbound Trading Co.,"3299 Bel Air Blvd, Mobile, AL 36606, USA",(251) 378-9133,https://www.earthboundtrading.com/locations,30.6738087,-88.1212853,4.5,35.0,ChIJReWqwzZNmogR7CMYrHsvl9A,"clothing_store, store, point_of_interest, establishment"
"Bay Minette, AL",clothing store,retail,448210,DICK'S Sporting Goods,"6850 US-90, Daphne, AL 36526, USA",(251) 621-0031,https://stores.dickssportinggoods.com/al/daphne/617/?seo=localpack,30.6537233,-87.906685,3.9,239.0,ChIJsXs8AwRDmogRXw-AntKmyeg,"shoe_store, clothing_store, bicycle_store, store, point_of_interest, establishment"
"Bay Minette, AL",clothing store,retail,448210,Hibbett Sports,"5451 Halls Mill Rd Suite 19, Mobile, AL 36619, USA",(251) 602-0637,https://www.hibbett.com/storedetails/AL/Mobile/284?utm_source=gmblisting&utm_medium=organic,30.5918709,-88.1664121,3.9,219.0,ChIJvdZ_fVFLmogRrmodyQSkuOU,"shoe_store, clothing_store, store, point_of_interest, establishment"
"Bay Minette, AL",clothing store,retail,448140,B darlin,"30500 AL-181 #222, Spanish Fort, AL 36527, USA",(251) 209-9206,https://shopbdarlin.com/,30.6714467,-87.8493031,4.4,16.0,ChIJN5I6Ah9omogRZVw7CllmPsQ,"clothing_store, store, point_of_interest, establishment"
"Bay Minette, AL",clothing store,retail,448140,Utopia,"300 Fairhope Ave b, Fairhope, AL 36532, USA",(251) 928-9294,,30.5228946,-87.9046347,4.7,20.0,ChIJo_XqoJpAmogRGoeowWIaAi0,"clothing_store, store, point_of_interest, establishment"
"Bay Minette, AL",clothing store,retail,448140,D & K Suit Discounters,"1714 West Interstate 65 Service Rd S, Mobile, AL 36693, USA",(251) 665-7350,https://www.dnkmobile.com/,30.6547397,-88.124532,4.6,321.0,ChIJ7XVS3atNmogRZ4RLoyCXl8I,"clothing_store, store, point_of_interest, establishment"
"Bay Minette, AL",clothing store,retail,448210,City Gear,"5451 Halls Mill Rd Suite 10 SUITE 200, Mobile, AL 36619, USA",(251) 402-8661,https://locations.dtlr.com/la/lakecharles/oak-park-square.html,30.58979619999999,-88.1673285,4.3,90.0,ChIJA6Qcj7SGO4YRu0NPZuo2wyY,"shoe_store, clothing_store, store, point_of_interest, establishment"
"Bay Minette, AL",clothing store,retail,448210,Cato Fashions,"5451 Halls Mill Rd, Mobile, AL 36619, USA",(251) 666-8707,https://stores.catofashions.com/al/mobile/5451-halls-mill-road?utm_source=gmb&utm_medium=Yext&y_source=1_MjY1NjAzMDQtNzE1LWxvY2F0aW9uLndlYnNpdGU%3D,30.5916327,-88.1663973,4.2,73.0,ChIJvdZ_fVFLmogR5eXxG1tAMxI,"shoe_store, clothing_store, store, point_of_interest, establishment"
"Bay Minette, AL",clothing store,retail,448140,So So Shanel,"3990 Government Blvd, Mobile, AL 36693, USA",,,30.63849459999999,-88.1414149,4.3,19.0,ChIJu47K4P9NmogR6fmeseZqIGc,"clothing_store, store, point_of_interest, establishment"
"Bay Minette, AL",clothing store,retail,448210,Just IN - Men's Fashions,"2994 SpringHill Ave, Mobile, AL 36607, USA",(251) 471-4261,,30.70052,-88.110903,4.5,90.0,ChIJ7V3DanVSmogRgIl28rsq1FA,"shoe_store, clothing_store, store, point_of_interest, establishment"
"Bay Minette, AL",clothing store,retail,448210,Rainbow Shops,"3299 Joe Treadwell Dr, Mobile, AL 36606, USA",(251) 478-1806,https://stores.rainbowshops.com/al/mobile/1110/?utm_source=G&utm_medium=lpm&utm_campaign=RainbowShops,30.67395569999999,-88.1233961,4.8,4.0,ChIJb1CB07FNmogRIVJp-yCOeUI,"shoe_store, jewelry_store, clothing_store, store, point_of_interest, establishment"
"Bay Minette, AL",clothing store,retail,448140,Sadies,"405 Fairhope Ave, Fairhope, AL 36532, USA",(251) 929-3222,https://sadiesoffairhope.com/,30.5231533,-87.90259859999999,4.0,10.0,ChIJb1YIUoVAmogR92Z8nXQabRE,"clothing_store, store, point_of_interest, establishment"
"Bay Minette, AL",clothing store,retail,448140,Simply 10,"3038 A SpringHill Ave, Mobile, AL 36607, USA",(251) 308-8498,http://simply10.com/,30.7004441,-88.11179709999999,4.3,132.0,ChIJcVgQqXVSmogR2MBXhgkutW8,"clothing_store, store, point_of_interest, establishment"
"Bay Minette, AL",clothing store,retail,448140,Urban Emporium LLC,"260 Dauphin St, Mobile, AL 36602, USA",(251) 441-8044,http://www.urbanemporiummobile.com/,30.6911166,-88.0443243,4.7,79.0,ChIJBwEsMtFPmogR9sMAO4NACEk,"clothing_store, store, point_of_interest, establishment"
"Bay Minette, AL",clothing store,retail,448140,N. Harvell Mens Clothier,"1775 Old Shell Rd, Mobile, AL 36604, USA",(251) 529-1412,https://m.facebook.com/nharvellmens/,30.6887528,-88.0808179,4.8,27.0,ChIJB8ikdPpNmogRZcsexIaOZzs,"clothing_store, store, point_of_interest, establishment"
"Bay Minette, AL",clothing store,retail,448140,The Vault Sports Apparel,"205 Dauphin St, Mobile, AL 36602, USA",(251) 415-0166,http://www.thevaultmobile.com/,30.6913637,-88.0431299,4.3,15.0,ChIJX0IR0tBPmogRYOWvVwh1NEk,"clothing_store, store, point_of_interest, establishment"
"Bay Minette, AL",clothing store,retail,448140,The Colony Shop Inc,"27 S Section St, Fairhope, AL 36532, USA",(251) 928-8172,http://www.thecolonyshopfairhope.com/,30.5222421,-87.90289,4.4,7.0,ChIJIUDmXYVAmogRhNnkVC3TUWM,"clothing_store, store, point_of_interest, establishment"
"Bay Minette, AL",convenience store,retail,445120,Jimmy's Convenience Store & Liquor,"2309 Costarides St, Mobile, AL 36617, USA",(256) 417-8113,,30.6998081,-88.0923625,4.8,13.0,ChIJb7mKOgBSmogREJ9mthMaMVU,"convenience_store, food, point_of_interest, store, establishment"
"Bay Minette, AL",convenience store,retail,445120,Quik Pik,"2311 St Stephens Rd, Mobile, AL 36617, USA",(251) 456-3098,,30.7181775,-88.08408829999999,3.8,42.0,ChIJn0pACfNRmogR_EhUDAavx50,"convenience_store, grocery_or_supermarket, food, point_of_interest, store, establishment"
"Bay Minette, AL",convenience store,retail,445120,CEFCO Convenience Store,"2704 SpringHill Ave, Mobile, AL 36607, USA",(251) 476-7887,https://www.cefcostores.com/,30.6972806,-88.10405279999999,2.8,30.0,ChIJxcviDvZNmogRVnF6cOMt5NY,"convenience_store, atm, gas_station, meal_takeaway, liquor_store, cafe, finance, restaurant, food, point_of_interest, store, establishment"
"Bay Minette, AL",convenience store,retail,445120,Viking Convenience and Liquor Store,"2551 Halls Mill Rd, Mobile, AL 36606, USA",,,30.6554118,-88.10201029999999,3.9,20.0,ChIJD_gmrM1NmogRnmkNz4UoaQI,"convenience_store, liquor_store, food, point_of_interest, store, establishment"
"Bay Minette, AL",convenience store,retail,445120,4 Way Food Mart,"2166 Wagner St, Mobile, AL 36617, USA",(251) 459-0232,,30.7073707,-88.0917394,3.6,7.0,ChIJuUQ-7gJSmogRVUPSguuqs6Y,"convenience_store, food, point_of_interest, store, establishment"
"Bay Minette, AL",convenience store,retail,445120,Two Lion Store,"763 Summerville St, Mobile, AL 36617, USA",(251) 457-8636,,30.7143127,-88.0943106,4.4,10.0,ChIJEUoWDhxSmogRaD1sh7eobCM,"convenience_store, atm, gas_station, finance, food, point_of_interest, store, establishment"
"Bay Minette, AL",convenience store,retail,445120,Circle K,"28685 N Main St, Daphne, AL 36526, USA",(251) 626-4947,https://www.circlek.com/store-locator/US/daphne/28685-n-main-st/2704164?utm_source=google&utm_medium=local&utm_campaign=google-local,30.64300089999999,-87.9108868,4.0,67.0,ChIJ4__1PKNDmogRj-iYbCdpQVI,"convenience_store, atm, finance, food, point_of_interest, store, establishment"
"Bay Minette, AL",convenience store,retail,445120,Chickasaw Food Mart,"Handi Corner Shopping Center, 157 W Lee St, Chickasaw, AL 36611, USA",(251) 456-6406,,30.7669785,-88.0860891,4.6,15.0,ChIJGc-ioGBRmogRRxlN0enYu3M,"convenience_store, gas_station, food, point_of_interest, store, establishment"
"Bay Minette, AL",convenience store,retail,445120,Circle K,"901 Forest Ave, Saraland, AL 36571, USA",(251) 675-2180,https://www.circlek.com/store-locator/US/saraland/901-forrest-rd/2708251?utm_source=google&utm_medium=local&utm_campaign=google-local,30.829853,-88.09285799999999,4.3,76.0,ChIJT-RfYilUmogRwBEC5rDTlwI,"convenience_store, atm, finance, food, point_of_interest, store, establishment"
"Bay Minette, AL",convenience store,retail,445120,Chevron,"139 S Sage Ave, Mobile, AL 36606, USA",(251) 471-1099,https://www.chevronwithtechron.com/station/139-S-Sage-Ave-Mobile-AL-36606-id211954,30.6833285,-88.1144286,3.7,10.0,ChIJNdRt15NNmogRNbnlm2KfFnY,"gas_station, convenience_store, food, point_of_interest, store, establishment"
"Bay Minette, AL",convenience store,retail,445120,MLK Grocery Store,"508 N Dr Martin L King Jr Dr, Prichard, AL 36610, USA",(251) 259-5354,,30.7393978,-88.0778283,4.8,4.0,ChIJRVxCYJxRmogRFpwHo_slsxA,"convenience_store, food, point_of_interest, store, establishment"
"Bay Minette, AL",convenience store,retail,445120,Toots Convenience Store,"2000 Barretts Ln B, Mobile, AL 36617, USA",(251) 461-6387,,30.7185077,-88.0907725,4.7,3.0,ChIJL9mQgMhTmogRY4Ir0MEJy00,"convenience_store, food, point_of_interest, store, establishment"
"Bay Minette, AL",convenience store,retail,445120,CEFCO Convenience Store,"22772 US-98, Fairhope, AL 36532, USA",(251) 990-5406,https://www.cefcostores.com/,30.5567859,-87.8928459,3.5,24.0,ChIJ-3Gi1zufWBQRzDYcQ-kPe_o,"convenience_store, atm, gas_station, meal_takeaway, liquor_store, cafe, finance, restaurant, food, point_of_interest, store, establishment"
"Bay Minette, AL",convenience store,retail,445120,Broadstreet Food Mart,"501 S Broad St, Mobile, AL 36603, USA",(251) 338-9821,,30.6769538,-88.05371749999999,3.6,15.0,ChIJVY3KrTVOmogRHGzsMVzqwdc,"convenience_store, food, point_of_interest, store, establishment"
"Bay Minette, AL",convenience store,retail,445120,Mother's Finest,"450 Houston St, Mobile, AL 36606, USA",(251) 479-9667,,30.6743579,-88.08165989999999,4.2,5.0,ChIJoYWKt3JOmogRNoQLDCw15No,"convenience_store, gas_station, food, point_of_interest, store, establishment"
"Bay Minette, AL",convenience store,retail,445120,M J's Express,"1751 Riverside Dr, Mobile, AL 36605, USA",(251) 479-9262,,30.6048806,-88.0799299,4.7,7.0,ChIJ-32WW01JmogRPpqbqW_bUUo,"convenience_store, gas_station, food, point_of_interest, store, establishment"
"Bay Minette, AL",convenience store,retail,445120,Kelvins convenience store,"225 Rylands St, Mobile, AL 36603, USA",(251) 786-9801,,30.6960854,-88.06805469999999,,,ChIJYx_KsiFPmogRAfcQ85ICEyk,"convenience_store, clothing_store, food, point_of_interest, store, establishment"
"Bay Minette, AL",convenience store,retail,445120,Tes Convenience/Gas Station,"2957 Old Shell Rd, Mobile, AL 36607, USA",(251) 476-0720,,30.69626319999999,-88.1143196,5.0,2.0,ChIJA7vvKIpNmogRNmWX2zd1N-8,"convenience_store, gas_station, food, point_of_interest, store, establishment"
"Bay Minette, AL",convenience store,retail,445120,Grab-N-Go Convenience Store,"Mobile, AL 36604, USA",,,30.6936039,-88.067201,,,ChIJVxiQEyFOmogRT1VzrDkpi3Q,"convenience_store, store, food, point_of_interest, establishment"
"Bay Minette, AL",convenience store,retail,445120,K Shop,"1254 Montlimar Dr, Mobile, AL 36609, USA",(251) 460-9090,,30.6632286,-88.1338689,3.4,5.0,ChIJk8JWGgZNmogR8PkiKG9HUmY,"convenience_store, gas_station, store, food, point_of_interest, establishment"
"Bay Minette, AL",convenience store,retail,445120,Super Stop 3,"2061 St Stephens Rd, Mobile, AL 36617, USA",(251) 725-0754,,30.7111078,-88.0812416,,,ChIJOw2VPvBRmogR016tJdjEq_A,"convenience_store, store, food, point_of_interest, establishment"
"Bay Minette, AL",convenience store,retail,445120,Super Xpress,"257 W Lee St, Mobile, AL 36611, USA",(251) 725-6226,,30.7669146,-88.0888243,3.6,23.0,ChIJZ6IMdWBRmogRWyMCocF9kGc,"convenience_store, atm, gas_station, liquor_store, meal_takeaway, finance, store, restaurant, food, point_of_interest, establishment"
"Bay Minette, AL",convenience store,retail,445120,Shell,"1260 Government St, Mobile, AL 36604, USA",(251) 433-1795,https://find.shell.com/us/fuel/12670782-1260-government-st/en_US,30.6827425,-88.0660439,4.4,126.0,ChIJIzdBcDxOmogRdW6H5JewwsE,"gas_station, convenience_store, store, food, point_of_interest, establishment"
"Bay Minette, AL",convenience store,retail,445120,Chevron,"2504 US-98, Daphne, AL 36526, USA",(251) 621-9881,https://www.chevronwithtechron.com/station/,30.6151547,-87.9031873,3.4,20.0,ChIJw6CJxdVDmogRn7mqVD_qbUk,"gas_station, convenience_store, store, food, point_of_interest, establishment"
"Bay Minette, AL",convenience store,retail,445120,Shell,"750 Azalea Rd, Mobile, AL 36693, USA",(251) 666-1817,https://find.shell.com/us/fuel/10010406-750-azalea-rd/en_US,30.652656,-88.14018999999999,3.9,59.0,ChIJw7o-Xh1NmogRMQxfUdPvHPM,"gas_station, convenience_store, store, food, point_of_interest, establishment"
"Bay Minette, AL",convenience store,retail,445120,Flagship Convenience Store,"Loxley, AL 36551, USA",(251) 964-5020,,30.6479335,-87.7611204,5.0,1.0,ChIJC0VgQpRumogRNfEq5wpo71Q,"convenience_store, gas_station, store, food, point_of_interest, establishment"
"Bay Minette, AL",convenience store,retail,445120,Bebo's Springhill Market,"3614 Old Shell Rd, Mobile, AL 36608, USA",(251) 344-2326,https://www.beboscarwash.com/spring-hill-market.html,30.6988508,-88.1256217,4.3,12.0,ChIJm6kIZ39SmogRMqtoG-wHAww,"convenience_store, gas_station, store, food, point_of_interest, establishment"
"Bay Minette, AL",convenience store,retail,445120,Speedway,"29636 AL-59, Loxley, AL 36551, USA",(251) 960-0015,https://www.speedway.com/locations/AL/Loxley/29636-State-Highway-59,30.6557,-87.75994969999999,3.7,121.0,ChIJX8TSpzxvmogRQLFsj3tsfS4,"gas_station, convenience_store, store, food, point_of_interest, establishment"
"Bay Minette, AL",convenience store,retail,445120,Walmart Fuel,"1300 N University Blvd, Mobile, AL 36618, USA",(251) 586-6227,https://www.walmart.com/store/4210-mobile-al/fuel-convenience?veh=seo_loc,30.7168808,-88.16453489999999,4.2,139.0,ChIJdytN1rJSmogRipIbLmNMqh0,"gas_station, atm, convenience_store, finance, store, food, point_of_interest, establishment"
"Bay Minette, AL",convenience store,retail,445120,Dollar General,"11668 US-31, Spanish Fort, AL 36527, USA",(251) 308-5557,https://www.dollargeneral.com/store-directory/al/daphne/22168,30.6763215,-87.8242435,4.1,40.0,ChIJN8fRyzZpmogRf6cJHokIhuE,"convenience_store, drugstore, grocery_or_supermarket, health, store, food, point_of_interest, establishment"
"Bay Minette, AL",convenience store,retail,445120,Dollar General,"207 Saraland Blvd, Saraland, AL 36571, USA",(251) 263-7224,https://www.dollargeneral.com/store-directory/al/saraland/730,30.8268081,-88.06999689999999,4.3,247.0,ChIJl7o4r5RWmogRcED_QfW1o-g,"convenience_store, drugstore, grocery_or_supermarket, health, store, food, point_of_interest, establishment"
"Bay Minette, AL",convenience store,retail,445120,Flash Market,"617 Celeste Rd, Saraland, AL 36571, USA",(251) 675-0990,,30.8290277,-88.0862023,3.5,8.0,ChIJ7zBkh4RWmogRAGZB4mX1mEM,"convenience_store, gas_station, store, food, point_of_interest, establishment"
"Bay Minette, AL",convenience store,retail,445120,Summit Food Store Gas,"404 N Section St, Fairhope, AL 36532, USA",(251) 928-1911,,30.5328593,-87.9015249,2.0,4.0,ChIJYVRe3oxAmogR3BlULPZ39NE,"convenience_store, store, food, point_of_interest, establishment"
"Bay Minette, AL",convenience store,retail,445120,Shell,"4601 St Stephens Rd, Prichard, AL 36613, USA",(251) 452-2189,https://find.shell.com/us/fuel/10004054-4601-saint-stephens-rd/en_US,30.7655924,-88.1297252,4.4,25.0,ChIJ_2t9kApTmogRMXQPIaGe2As,"gas_station, convenience_store, store, food, point_of_interest, establishment"
"Bay Minette, AL",convenience store,retail,445120,FASTOP,"627 Shelton Beach Rd, Saraland, AL 36571, USA",(251) 338-9033,,30.814261,-88.088312,4.1,50.0,ChIJv57pl59WmogRL_0YIhApl_0,"gas_station, convenience_store, store, food, point_of_interest, establishment"
"Bay Minette, AL",convenience store,retail,445120,Circle K,"3500 Knollwood Dr, Mobile, AL 36693, USA",(251) 602-0216,https://www.circlek.com/store-locator/US/mobile/3500-knollwood-dr/2706764?utm_source=google&utm_medium=local&utm_campaign=google-local,30.6178895,-88.1671863,3.3,26.0,ChIJ74eFXK1MmogRjYNBe3GeZ4g,"convenience_store, gas_station, atm, finance, store, food, point_of_interest, establishment"
"Bay Minette, AL",convenience store,retail,445120,Circle K,"26072 AL-181, Daphne, AL 36526, USA",(256) 287-5733,https://www.circlek.com/store-locator/US/daphne/26072-state-hwy-181/2707035,30.6040757,-87.8517887,3.6,42.0,ChIJx7-fmX5pmogRJ8ihFv0ojwo,"convenience_store, store, food, point_of_interest, establishment"
"Bay Minette, AL",convenience store,retail,445120,CROSSROADS CONVENIENCE,"41851 AL-225, Bay Minette, AL 36507, USA",(251) 937-3217,,30.8349148,-87.8620467,4.4,22.0,ChIJmRBTEdNfmogRZAb7soybJ2c,"convenience_store, atm, finance, store, food, point_of_interest, establishment"
"Bay Minette, AL",convenience store,retail,445120,CEFCO Convenience Store,"29626 AL-181, Daphne, AL 36526, USA",(251) 626-1631,https://www.cefcostores.com/,30.6562858,-87.8529245,2.5,34.0,ChIJH-GHgShomogRDc0pSs0TB70,"convenience_store, gas_station, liquor_store, atm, meal_takeaway, cafe, finance, store, restaurant, food, point_of_interest, establishment"
"Bay Minette, AL",convenience store,retail,445120,USA FOOD MART,"2909 SpringHill Ave, Mobile, AL 36607, USA",,,30.6990511,-88.1099638,4.0,21.0,ChIJFSJGpwROmogRtrbCPtDT3PA,"gas_station, convenience_store, store, food, point_of_interest, establishment"
"Bay Minette, AL",convenience store,retail,445120,St Stephen's Food Mart,"1651 St Stephens Rd c, Prichard, AL 36610, USA",(251) 456-7857,,30.7341782,-88.10244519999999,3.4,5.0,ChIJSSK6XzBSmogRzGqIO7dP6lQ,"convenience_store, store, food, point_of_interest, establishment"
"Bay Minette, AL",convenience store,retail,445120,Walgreens,"3948 Airport Blvd, Mobile, AL 36608, USA",(251) 345-3394,https://www.walgreens.com/locator/walgreens-3948+airport+blvd-mobile-al-36608/id=1777,30.6765413,-88.14793329999999,2.0,177.0,ChIJeZgasGpNmogRXoiQp7Uo4s4,"drugstore, convenience_store, clothing_store, store, health, food, point_of_interest, establishment"
"Bay Minette, AL",convenience store,retail,445120,Chevron,"29805 AL-181, Daphne, AL 36526, USA",(251) 625-3018,https://www.chevronwithtechron.com/station/,30.659709,-87.8527694,3.1,36.0,ChIJrbQHfyhomogRIyzbTXelPoo,"gas_station, convenience_store, store, food, point_of_interest, establishment"
"Bay Minette, AL",convenience store,retail,445120,Circle K,"314 W Lee St, Chickasaw, AL 36611, USA",(251) 330-1616,https://www.circlek.com/store-locator/US/chickasaw/314-w-lee-st/2721579?utm_source=google&utm_medium=local&utm_campaign=google-local,30.7675057,-88.091285,2.3,45.0,ChIJrWBVC-BTmogRwK5OitFwMFU,"convenience_store, car_wash, store, food, point_of_interest, establishment"
"Bay Minette, AL",convenience store,retail,445120,Circle K,"1395 N University Blvd Ste B, Mobile, AL 36608, USA",(251) 344-3356,https://www.circlek.com/store-locator/US/mobile/1395-n-university-blvd-ste-b/2705997?utm_source=google&utm_medium=local&utm_campaign=google-local,30.71789,-88.164259,2.5,32.0,ChIJufw1zbVSmogR1mo5yh6afq8,"convenience_store, gas_station, store, food, point_of_interest, establishment"
"Bay Minette, AL",convenience store,retail,445120,CEFCO Convenience Store,"558 Salco Rd, Axis, AL 36505, USA",(251) 257-5236,https://cefcostores.com/location/cefco-441-axis-al/,30.96929549999999,-88.0280825,3.3,13.0,ChIJi8wQJur5mogRdR5crpMeqwU,"convenience_store, gas_station, liquor_store, atm, meal_takeaway, cafe, finance, store, restaurant, food, point_of_interest, establishment"
"Bay Minette, AL",convenience store,retail,445120,Robertsdale chevron,"19040 US-90, Robertsdale, AL 36567, USA",(251) 947-4176,https://www.chevronwithtechron.com/station/19040-Hwy-90-Robertsdale-AL-36567-id379844,30.5634819,-87.69946399999999,3.9,12.0,ChIJpSLQDaltmogRwMQeKGUBx24,"gas_station, convenience_store, store, food, point_of_interest, establishment"
"Bay Minette, AL",convenience store,retail,445120,Circle K,"26467 AL-59, Loxley, AL 36551, USA",(251) 964-8834,https://www.circlek.com/store-locator/US/loxley/26467-hwy-59/2705999?utm_source=google&utm_medium=local&utm_campaign=google-local,30.6101255,-87.7502006,3.4,34.0,ChIJhzta_5pumogRJFT0UJBjL1o,"convenience_store, gas_station, store, food, point_of_interest, establishment"
"Bay Minette, AL",convenience store,retail,445120,Chevron,"27601 Co Rd 64, Robertsdale, AL 36567, USA",(251) 960-1193,http://www.chevronwithtechron.com/stations/station-finder.aspx,30.627514,-87.615482,4.4,13.0,ChIJz9NIAnZtmogRScoUpDKV0DY,"gas_station, convenience_store, store, food, point_of_interest, establishment"
"Bay Minette, AL",convenience store,retail,445120,Shell,"29279 US-98, Daphne, AL 36526, USA",(251) 621-6901,https://find.shell.com/us/fuel/10010325-29279-us-highway-98/en_US,30.6513747,-87.9129992,3.9,95.0,ChIJpZhbwwpDmogRhym6enXoVy8,"gas_station, convenience_store, store, food, point_of_interest, establishment"
"Bay Minette, AL",convenience store,retail,445120,Dollar General,"3300 S Hickory St, Loxley, AL 36551, USA",(251) 308-0847,https://www.dollargeneral.com/store-directory/al/loxley/7395,30.6172076,-87.75370579999999,4.2,274.0,ChIJ878aRZdumogRRoTeAoXUplI,"convenience_store, drugstore, grocery_or_supermarket, store, health, food, point_of_interest, establishment"
"Bay Minette, AL",wholesale,retail,,Shop to Surprise,"601 Bel Air Blvd Suite 312, Mobile, AL 36606, USA",(251) 283-3168,https://shoptosurprise.com/,30.669595,-88.1176278,5.0,2.0,ChIJAQDAYrtNmogRmy98vORRbJI,"point_of_interest, establishment"
"Bay Minette, AL",wholesale,retail,,Capitol City Produce,"23759 Co Rd 64, Robertsdale, AL 36567, USA",(866) 568-2009,http://www.capitolcityproduce.com/,30.6280673,-87.6189967,3.5,12.0,ChIJHQ9GnxFxmogRCr-FRC4_JkE,"food, point_of_interest, establishment"
"Bay Minette, AL",wholesale,retail,,Flowers Baking Co New Orleans La Llc 207,"4500 S Hickory St, Loxley, AL 36551, USA",(251) 964-7811,https://flowersfoods.com/bakery-outlet-stores/,30.613581,-87.75271599999999,5.0,1.0,ChIJq8CjQJdumogRL0B5X3TjMvE,"food, point_of_interest, establishment"
"Bay Minette, AL",wholesale,retail,,Royal Lagoon Seafood Inc,"5208 Mobile S St, Theodore, AL 36582, USA",(800) 844-6972,http://www.royallagoonseafood.com/,30.5808853,-88.1619317,4.7,16.0,ChIJu8Rj9TZLmogR4SOaxSNwooI,"food, point_of_interest, establishment"
"Bay Minette, AL",wholesale,retail,,Carrington Foods Co,"200 Jacintoport Blvd, Saraland, AL 36571, USA",(251) 675-9700,http://carringtonfoods.com/,30.804487,-88.06700099999999,3.4,28.0,ChIJMWoTisZWmogR735zgUnUSrg,"food, point_of_interest, establishment"
"Bay Minette, AL",wholesale,retail,,Pilkington North America Inc,"912 Lakeside Dr, Mobile, AL 36693, USA",(800) 284-7995,https://epremierecom.us.pilkington.com/,30.6501144,-88.1297987,4.0,8.0,ChIJP5oDAQBNmogRBM_LQQ-_BE0,"point_of_interest, establishment"
"Bay Minette, AL",wholesale,retail,,Malek Distribution,"779 Lakeside Dr B, Mobile, AL 36693, USA",(251) 901-6034,https://shelfdepotstore.com/,30.6542876,-88.12753719999999,5.0,6.0,ChIJKVeSrFtNmogRgX7o4_cEtEI,"point_of_interest, establishment"
"Bay Minette, AL",wholesale,retail,,"Deer River Seafood, LLC","7622 Deer River Rd, Theodore, AL 36582, USA",(251) 404-2119,,30.5337792,-88.1048368,3.0,2.0,ChIJ09mapxZKmogRMQ-5G8Jl2_A,"food, point_of_interest, establishment"
"Bay Minette, AL",wholesale,retail,444130,Gorman,"5237 Halls Mill Rd, Mobile, AL 36619, USA",(251) 661-7161,,30.6042779,-88.1585645,4.5,17.0,ChIJ4fOjlldLmogRoHWjnXaTaMk,"hardware_store, store, point_of_interest, establishment"
"Bay Minette, AL",wholesale,retail,,Flowerwood Nursery Inc,"15315 Kelly Rd, Loxley, AL 36551, USA",(251) 964-5122,https://www.flowerwood.com/,30.6438465,-87.7601548,3.5,15.0,ChIJWZluAtlumogR4XMAR0nmk1g,"point_of_interest, establishment"
"Bay Minette, AL",wholesale,retail,,Marys Anti Wrinkle Oil,"2415 Gulf Dr, Mobile, AL 36605, USA",(251) 367-2236,,30.654631,-88.09813609999999,5.0,1.0,ChIJcU6gPORNmogRWB_yoElW6YQ,"point_of_interest, establishment"
"Bay Minette, AL",wholesale,retail,,Gulf Coast Fitness Service,"5766 I 10 Industrial Pkwy N, Theodore, AL 36582, USA",(251) 345-4455,http://www.gulfcoastfitnessservice.com/,30.5691295,-88.17568179999999,4.0,4.0,ChIJl8J3c4O1m4gRKIFutZXpOz0,"point_of_interest, establishment"
"Bay Minette, AL",wholesale,retail,,Peacosh Store,"264 Cherokee St, Mobile, AL 36606, USA",(207) 831-0230,,30.6747058,-88.08515709999999,,,ChIJ1y0dU9lPmogRAw3ZRcyXBBo,"point_of_interest, establishment"
"Bay Minette, AL",wholesale,retail,,"Cutting Edge Automotive Solutions, LLC","22703 Racine St, Robertsdale, AL 36567, USA",(855) 839-2626,http://www.ceasusa.com/,30.5559459,-87.71336070000001,4.4,14.0,ChIJOZWAoY1BmogR9evGnfQZMfI,"point_of_interest, establishment"
"Bay Minette, AL",wholesale,retail,,Mobile Pallet Liquidators LLC,"2601 Dauphin Island Pkwy, Mobile, AL 36605, USA",(251) 374-9362,http://mobilepalletliquidators.com/,30.6195542,-88.07432299999999,5.0,2.0,ChIJ9671WpVNmogRYV5pQm4Cuc0,"point_of_interest, establishment"
"Bay Minette, AL",wholesale,retail,445120,Ice Cream Warehouse,"2944 McVay Dr N, Mobile, AL 36606, USA",(251) 476-6604,http://www.icecreamwarehouse.com/,30.6503972,-88.1126861,4.3,11.0,ChIJn1CVG0tMmogRUcGw9ett_A0,"convenience_store, store, food, point_of_interest, establishment"
"Bay Minette, AL",wholesale,retail,,Tommy Parker,"151 Fly Creek Ave, Fairhope, AL 36532, USA",(800) 503-3331,http://www.tommyparkerdiamonds.com/,30.5547423,-87.8915426,5.0,11.0,ChIJp_Ggd9ZHLoYRO-ccFN40vpI,"jewelry_store, store, point_of_interest, establishment"
"Bay Minette, AL",wholesale,retail,,Armstrong McCall Professional Beauty Supply,"28600 US-98 Suite B, Daphne, AL 36526, USA",(251) 375-1783,https://www.armstrongmccall.com/,30.6415747,-87.91148249999999,4.0,7.0,ChIJD-jpBaJDmogRz05wF48reKQ,"point_of_interest, establishment"
"Bay Minette, AL",wholesale,retail,,Flowerwood Nursery Inc,"6470 Dauphin Island Pkwy, Mobile, AL 36605, USA",(251) 443-6540,http://www.flowerwood.com/,30.5587239,-88.096513,5.0,3.0,ChIJwedIrCtKmogRYfTLjuJQ9tM,"point_of_interest, establishment"
"Bay Minette, AL",wholesale,retail,,ChemStation Gulf Coast,"29896 Co Rd 49, Loxley, AL 36551, USA",(251) 690-7554,http://www.chemstation.com/,30.6605496,-87.7583109,3.7,3.0,ChIJMfzGvfVOmogRLOrRrFCAPdk,"point_of_interest, establishment"
"Bay Minette, AL",wholesale,retail,,"General Insulation Company, Inc.","5155 Mobile S St Bldg 5, Theodore, AL 36582, USA",(205) 203-0230,http://www.generalinsulation.com/,30.5793405,-88.16029150000001,5.0,2.0,ChIJBTWB4qQbiYgR1Ed33tYhldU,"point_of_interest, store, establishment"
"Bay Minette, AL",wholesale,retail,445310,Sam's Club,"601 E Interstate 65 Service Rd S, Mobile, AL 36606, USA",(251) 479-1346,https://www.samsclub.com/club/mobile-al-sams-club/8102,30.67899969999999,-88.1228512,4.1,1403.0,ChIJfYtvoaFNmogRVcLzE2Jf4AU,"liquor_store, electronics_store, food, point_of_interest, store, establishment"
"Bay Minette, AL",wholesale,retail,448140,NT Lingerie Theodore,"6095 Old Pascagoula Rd, Theodore, AL 36582, USA",(251) 665-0014,https://ntlingerie.com/,30.580532,-88.18298399999999,4.8,147.0,ChIJYZYnI_pMmogR0VGiL4gRXfk,"clothing_store, point_of_interest, store, establishment"
"Bay Minette, AL",wholesale,retail,442110,ProSource of Mobile,"1558 West Interstate 65 Service Rd S, Mobile, AL 36693, USA",(251) 202-3670,https://www.prosourcewholesale.com/showrooms/al-prosource-of-mobile?utm_source=GBP&utm_medium=Organic,30.6572472,-88.12587099999999,4.7,41.0,ChIJFbxYHgBNmogR4dZrwiZ_hnQ,"furniture_store, general_contractor, home_goods_store, point_of_interest, store, establishment"
"Bay Minette, AL",wholesale,retail,,"Plant Development Services, Inc","17325 Co Rd 68, Loxley, AL 36551, USA",(251) 964-6778,https://plantdevelopment.com/,30.6337528,-87.726706,5.0,6.0,ChIJDdqgwVpumogRgZGVHKohJlE,"point_of_interest, establishment"
"Bay Minette, AL",wholesale,retail,,Azalea Coffee Services,"206-D South, Saraland Blvd, Saraland, AL 36571, USA",(251) 675-9178,,30.817491,-88.06894140000001,5.0,1.0,ChIJ0WdPQ7FWmogRceAQRyjmQus,"cafe, food, point_of_interest, store, establishment"
"Bay Minette, AL",wholesale,retail,,Sassy Crown Co.,"1455 Montlimar Dr, Mobile, AL 36609, USA",(251) 604-3844,https://www.sassycrownco.com/,30.6606661,-88.1305055,,,ChIJxRNwDf9NmogRh7OxxM9UHmM,"jewelry_store, point_of_interest, store, establishment"
"Bay Minette, AL",wholesale,retail,,Waters Nursery,"19823 Donnie Waters Rd, Robertsdale, AL 36567, USA",(251) 947-6033,http://www.watersnursery.com/,30.5781469,-87.6848134,5.0,4.0,ChIJP-cQrfptmogRadmZCQK0ypw,"point_of_interest, establishment"
"Bay Minette, AL",wholesale,retail,,Loxley Mini Liquidation Outlet LLC.,"25845 AL-59, Loxley, AL 36551, USA",(251) 964-0944,https://www.facebook.com/share/oRdk9aCvkJcDL7Hs/?mibextid=JRoKGi.,30.6016309,-87.7376745,4.4,45.0,ChIJ-8-4DoBumogRlazaLg9-k8c,"finance, point_of_interest, establishment"
"Bay Minette, AL",wholesale,retail,,Bimbo Bakeries USA,"5237 Halls Mill Rd Suite V-B, Mobile, AL 36619, USA",(800) 984-0989,http://www.bimbobakeriesusa.com/,30.6036396,-88.1610233,,,ChIJedSw7KRLmogRH6dBF6GN8Ak,"food, point_of_interest, establishment"
"Bay Minette, AL",wholesale,retail,,ABC Supply Co. Inc.,"2170 Main St, Mobile, AL 36617, USA",(251) 456-6000,https://www.abcsupply.com/locations/location?BranchNumber=153,30.7339622,-88.1138544,4.4,47.0,ChIJJeDRsEhSmogRCP68QmFysgU,"point_of_interest, store, establishment"
"Bay Minette, AL",wholesale,retail,,Flowers Baking Co New Orleans La Llc 206,"3216 Moffett Rd, Mobile, AL 36607, USA",,,30.703232,-88.11640899999999,,,ChIJidEY23ZSmogRSrdXEIK4hMc,"food, point_of_interest, establishment"
"Bay Minette, AL",wholesale,retail,,Flowerwood Nursery Inc,"8001 N Magnolia St, Loxley, AL 36551, USA",(251) 964-6780,https://flowerwood.com/,30.6425715,-87.7587137,2.8,5.0,ChIJhR9-AsNumogRN_ba85jXZzw,"point_of_interest, establishment"
"Bay Minette, AL",wholesale,retail,,St Peter Projects,"50 S Church St Suite B, Fairhope, AL 36532, USA",,https://www.stpetersfishnet.com/,30.5220392,-87.9053477,,,ChIJX-zd949AmogR8wow6RDauiI,"food, point_of_interest, establishment"
"Bay Minette, AL",wholesale,retail,,M&A Supply Company Inc. Mobile,"3700 Demetropolis Rd, Mobile, AL 36693, USA",(800) 273-3949,http://www.masupplycompany.com/,30.6140232,-88.15776059999999,4.5,15.0,ChIJyc3k8qVMmogRCYSw-APbc-A,"point_of_interest, establishment"
"Bay Minette, AL",wholesale,retail,,Andrews Household Bundles,"13111 Carrie Ln, Loxley, AL 36551, USA",(251) 229-2047,https://andrews-household-bundles.ueniweb.com/?utm_campaign=gmb,30.6493353,-87.79930879999999,,,ChIJxe8gexNpmogR-PC2IA5W4II,"point_of_interest, establishment"
"Bay Minette, AL",distributor,retail,,"Gulf Distributing Company of Mobile, L.L.C.","3378 Moffett Rd, Mobile, AL 36607, USA",(251) 476-9600,https://gulfdistributing.com/,30.7064211,-88.1194804,3.6,107.0,ChIJaeUcg3BSmogRzeyvIj18JJY,"point_of_interest, establishment"
"Bay Minette, AL",distributor,retail,,Kimberly Clark Corp PickUp Gate,"200 Bay Bridge Rd, Mobile, AL 36610, USA",(251) 330-3000,,30.7323946,-88.0767616,2.5,67.0,ChIJO6nZ-lJQmogRcGL3sf4ZmCA,"point_of_interest, establishment"
"Bay Minette, AL",distributor,retail,,Budweiser Busch Distributing,"16430 Black Devine Rd, Loxley, AL 36551, USA",(251) 964-5086,,30.6103974,-87.7431034,4.0,34.0,ChIJQRmvwIVumogR4whIwUdPdtk,"point_of_interest, establishment"
"Bay Minette, AL",distributor,retail,,Budweiser Busch,"1050 East Interstate 65 Service Rd N, Mobile, AL 36617, USA",(251) 476-4311,https://www.budbusch.com/,30.71147449999999,-88.1204901,4.1,65.0,ChIJEzACa2VSmogRJwDHoNlQfrg,"point_of_interest, establishment"
"Bay Minette, AL",distributor,retail,,Buffalo Rock Co,"2100 Michigan Ave, Mobile, AL 36615, USA",(251) 432-7534,https://www.buffalorock.com/locations/mobile/,30.6436559,-88.07855219999999,3.7,35.0,ChIJ2b3s_45OmogRD63X6vIOgY8,"point_of_interest, establishment"
"Bay Minette, AL",distributor,retail,,O'Reilly Auto Parts Distribution Center,"120 Jacintoport Blvd, Saraland, AL 36571, USA",(251) 675-3437,https://www.oreillyauto.com/,30.8027229,-88.0645141,3.9,78.0,ChIJqV9LE8dWmogRq51GgoARaz8,"point_of_interest, establishment"
"Bay Minette, AL",distributor,retail,,Sabel Steel,"6051 US-90, Theodore, AL 36582, USA",(251) 653-1911,https://www.sabelsteel.com/,30.5363396,-88.1832886,2.0,12.0,ChIJ36CxlTG1m4gRXiPIZ9Pap74,"point_of_interest, establishment"
"Bay Minette, AL",distributor,retail,,Mobile Coca-Cola Bottling Company UNITED,"5300 Coca Cola Rd, Mobile, AL 36619, USA",(251) 666-2410,https://cocacolaunited.com/locations/mobile/,30.58715119999999,-88.1636841,3.9,80.0,ChIJa4djT7W0m4gRuAec9OKN8rg,"point_of_interest, establishment"
"Bay Minette, AL",distributor,retail,,Steel Warehouse,"100 Industrial Park Dr, Mt Vernon, AL 36560, USA",(251) 829-4968,https://www.steelwarehouse.com/Locations/Alabama.aspx,31.1347942,-88.0040817,2.3,6.0,ChIJubclDF3vmogRLpUkYNdFQtQ,"point_of_interest, establishment"
"Bay Minette, AL",distributor,retail,,Ginger & Spice,"Located Inside Great Day Latte, 10 S Conception St, Mobile, AL 36602, USA",,https://gingerspicelife.com/,30.6909953,-88.04299499999999,4.6,32.0,ChIJ25Km3e9PmogREh4WF_IyYw8,"point_of_interest, establishment"
"Bay Minette, AL",distributor,retail,,Hill & Brooks Coffees & Teas,"3278 Halls Mill Rd, Mobile, AL 36606, USA",(251) 476-1234,https://hillandbrooks.com/,30.6432496,-88.1158674,4.9,35.0,ChIJ2WlndU9MmogRVpC2btChtDA,"point_of_interest, establishment"
"Bay Minette, AL",distributor,retail,,Gulf Distributing,"3218 Crichton St, Mobile, AL 36607, USA",,https://gulfdistributing.com/gulfdistributingofmobile/,30.70768,-88.118526,5.0,1.0,ChIJzXnELABTmogRoVbiFL6Lu3c,"storage, point_of_interest, establishment"
"Bay Minette, AL",distributor,retail,,Bay Steel Corp.,"5600 Todd Acres Dr, Mobile, AL 36619, USA",(251) 214-0967,http://www.baysteelcorp.com/,30.5790443,-88.14988009999999,5.0,6.0,ChIJn0hzs0JRmogRzVUMrb7xIIQ,"point_of_interest, establishment"
"Bay Minette, AL",distributor,retail,,Riley-Stuart Supply Co.,"601 Western Dr, Mobile, AL 36607, USA",(251) 471-4361,https://www.southalabamabrick.com/,30.7089873,-88.11569320000001,3.8,52.0,ChIJ1yXj5XFSmogR8b2q6HwRXF4,"point_of_interest, establishment"
"Bay Minette, AL",distributor,retail,,Tarpon Paper Company,"26655 Railroad Ave, Loxley, AL 36551, USA",(251) 338-4017,,30.6130067,-87.74387759999999,5.0,1.0,ChIJZXfWdo9umogRNNzngKFzDnI,"point_of_interest, establishment"
"Bay Minette, AL",distributor,retail,,Community Coffee Company Distribution,"5237 Halls Mill Rd Bldg P, Mobile, AL 36619, USA",(800) 525-5583,https://www.communitycoffee.com/forbusiness/mobile-coffee-service,30.6050982,-88.15951190000001,3.9,7.0,ChIJKdEQh1dLmogRgRIrQLBvvuo,"food, point_of_interest, establishment"
"Bay Minette, AL",distributor,retail,,Diversified Foods & Seasonings,"5213 Hamilton Blvd, Theodore, AL 36582, USA",(800) 914-2382,https://diversified-foods.com/,30.5527447,-88.16485999999999,3.3,60.0,ChIJp_RHudNKmogRQhGPaC0wFjk,"point_of_interest, establishment"
"Bay Minette, AL",distributor,retail,,Baker Distributing Company,"350 Western Dr, Mobile, AL 36607, USA",(251) 476-2263,http://www.bakerdist.com/,30.7040599,-88.114359,4.5,8.0,ChIJRx4jBHRSmogRdwzWJpviCP0,"point_of_interest, establishment"
"Bay Minette, AL",distributor,retail,,Bay Paper Co,"1 Bay Paper Dr, Mobile, AL 36607, USA",(251) 476-9791,http://baypaper.com/,30.6995752,-88.1174626,4.0,20.0,ChIJRQ3ryHdSmogRGMHLGTz7DUQ,"point_of_interest, establishment"
"Bay Minette, AL",distributor,retail,,Cane Brew,"2109 US-31, Bay Minette, AL 36507, USA",(251) 202-2262,https://canebrew.com/?variant=47476350812448,30.848518,-87.774174,4.8,24.0,ChIJAd0BXS9jmogRHJQDVCSe46o,"food, point_of_interest, establishment"
"Bay Minette, AL",distributor,retail,445310,Star Liquor Store in Saraland Al,"8A Saraland Blvd N, Saraland, AL 36571, USA",(251) 217-7954,https://starliquorsaraland.com/,30.822336,-88.0700683,5.0,476.0,ChIJHwWGT4RXmogRPwga9-RV7F4,"liquor_store, bar, store, food, point_of_interest, establishment"
"Bay Minette, AL",distributor,retail,445310,Cottage Hill Package Store,"6376 Cottage Hill Rd, Mobile, AL 36609, USA",(251) 660-0166,https://cottagehillpackage.com/,30.6413637,-88.1903943,4.5,444.0,ChIJPwzIoBezm4gRmftOr-deB8E,"liquor_store, store, food, point_of_interest, establishment"
"Bay Minette, AL",distributor,retail,,Robertsdale Coca-Cola Bottling Company UNITED,"17430 AL-104, Robertsdale, AL 36567, USA",(251) 947-5977,https://cocacolaunited.com/locations/robertsdale/,30.5450735,-87.7265501,4.9,8.0,ChIJ_a57jw9tmogRjKWbQSjPsa4,"point_of_interest, establishment"
"Bay Minette, AL",distributor,retail,,"The McPherson Companies, Inc","429 South Hoyle Ave, Bay Minette, AL 36507, USA",(888) 802-7500,http://www.mcphersonoil.com/,30.8753718,-87.76965589999999,4.1,8.0,ChIJ71cM8v2JmogRwsAHWNnFOXY,"point_of_interest, establishment"
"Bay Minette, AL",distributor,retail,,"Dees Paper Company, a Division of Imperial Dade","1551 Azalea Rd, Mobile, AL 36693, USA",(251) 666-4885,http://www.cbfulfillment.com/,30.6276329,-88.1314362,4.5,8.0,ChIJIb1y5YpMmogRpq8tN4bQMCc,"point_of_interest, establishment"
"Bay Minette, AL",food distributor,retail,,Fairhope Brewing - Mobile,"656 St Louis St, Mobile, AL 36602, USA",(251) 724-2033,https://www.fairhopebrewing.com/,30.6915778,-88.05184349999999,4.8,40.0,ChIJTYiyj7RPmogRLOXGWHMUa2c,"food, point_of_interest, establishment"
"Bay Minette, AL",food distributor,retail,,Ren Seafood. Work,"1201 W I-65 Service Rd N, Mobile, AL 36618, USA",(251) 501-7500,,30.7135334,-88.1225051,3.1,17.0,ChIJHeYVZoxTmogRIM7MYltvG-U,"storage, point_of_interest, establishment"
"Bay Minette, AL",food distributor,retail,,G.A. Food Services,"5571 US-43, Satsuma, AL 36572, USA",(800) 852-2211,https://gafoods.com/,30.8525108,-88.0579286,2.8,4.0,ChIJ9XbqUjlXmogRqNYB13LMSnc,"food, point_of_interest, establishment"
"Bay Minette, AL",food distributor,retail,,Americold Logistics Mobile,"2201 Perimeter Rd, Mobile, AL 36605, USA",(251) 432-3556,https://www.americold.com/,30.6428703,-88.08226189999999,3.7,37.0,ChIJtTYMoYVOmogR8qjRRNaAino,"storage, point_of_interest, establishment"
"Bay Minette, AL",food distributor,retail,445110,American Foods Inc,"131 New Jersey St, Mobile, AL 36603, USA",(251) 433-2528,,30.6732981,-88.04218399999999,4.9,7.0,ChIJZ4CU67dPmogRIsbOrwm4Ono,"grocery_or_supermarket, store, food, point_of_interest, establishment"
"Bay Minette, AL",food distributor,retail,,Bay Vending,"Mobile, AL 36605, USA",(251) 689-9350,https://bayvendingllc.com/,30.5943893,-88.08030509999999,1.0,1.0,ChIJ_____09JmogRuyPBt_VN7XY,"point_of_interest, establishment"
"Bay Minette, AL",grocery wholesaler,retail,445110,"RSVP RESTORATION, VENUES, & VALUES OF THE PEOPLE AND THEIR PROPERTIES","217 Lott Rd, Prichard, AL 36613, USA",(251) 320-2153,,30.7653846,-88.12908180000001,,,ChIJS69Pm0ZTmogRydBpd7iJDrE,"supermarket, grocery_or_supermarket, store, food, point_of_interest, establishment"
"Bay Minette, AL",grocery wholesaler,retail,445110,Country Wagon Farm Market,"9347 Spanish Fort Blvd, Spanish Fort, AL 36527, USA",(251) 626-9300,https://countrywagonfarmmarket.com/,30.6771405,-87.8633821,4.8,61.0,ChIJjebYeqNCmogRfWG1Bj-C_YU,"bakery, grocery_or_supermarket, store, food, point_of_interest, establishment"
"Bay Minette, AL",grocery wholesaler,retail,445110,Aisproducts,"5271 Noble Ln, Mobile, AL 36619, USA",(251) 391-2049,,30.5896488,-88.16385559999999,,,ChIJj2X9LT1LmogRRWkn74gTeq4,"supermarket, grocery_or_supermarket, store, food, point_of_interest, establishment"
"Bay Minette, AL",grocery wholesaler,retail,,Jimenez Produce,"23141 Rubens Ln, Robertsdale, AL 36567, USA",(251) 262-2607,https://jimenezproduce.com/,30.5624864,-87.7186565,5.0,1.0,ChIJRZI3UgttmogROevUhte31hc,"food, point_of_interest, establishment"
"Bay Minette, AL",grocery wholesaler,retail,,Cal-Maine Foods,"22600 Hazen Rd, Robertsdale, AL 36567, USA",(251) 946-2000,https://www.calmainefoods.com/,30.5544947,-87.535279,4.5,6.0,ChIJ9-jGqKifkIgRXJjDGLSAKBY,"food, point_of_interest, establishment"
"Bay Minette, AL",grocery wholesaler,retail,445110,SK FOOD MART 2 LLC DBA MORRACAN MARKET,"1300 Arlington St, Mobile, AL 36605, USA",,,30.6611187,-88.0685208,4.0,4.0,ChIJs8yvObdPmogREGw6LDf3SH0,"grocery_or_supermarket, store, food, point_of_interest, establishment"
"Bay Minette, AL",wholesale grocery,retail,445110,Cash & Carry,"114 N Craft Hwy, Chickasaw, AL 36611, USA",(251) 338-2957,,30.76218209999999,-88.0736163,4.5,288.0,ChIJOeZbkmtRmogRIGlWqvEvMX8,"grocery_or_supermarket, point_of_interest, store, food, establishment"
"Bay Minette, AL",wholesale grocery,retail,445110,Lil' Brian's Produce,"5830 US-90, Theodore, AL 36582, USA",(251) 653-0912,https://m.facebook.com/lilbriansproducemarket/,30.5537061,-88.1724741,4.5,1125.0,ChIJp4dWIyy1m4gRu2gtphygTH4,"grocery_or_supermarket, point_of_interest, store, food, establishment"
"Bay Minette, AL",wholesale grocery,retail,445110,B&H Food Store,"2204 Halls Mill Rd, Mobile, AL 36606, USA",(251) 479-0676,https://wedigthepig.com/bh-food-store/,30.6623483,-88.0959434,4.2,88.0,ChIJG0b13-VNmogRpAR8rzNH9B4,"grocery_or_supermarket, point_of_interest, store, food, establishment"
"Bay Minette, AL",wholesale grocery,retail,445110,Big Charlies Produce,"2243 Halls Mill Rd, Mobile, AL 36606, USA",(251) 479-9799,,30.6582353,-88.0975825,4.8,25.0,ChIJRfpM3tBNmogRPxOBIiUr_Qo,"grocery_or_supermarket, point_of_interest, store, food, establishment"
"Bay Minette, AL",wholesale meat,retail,,Mosley's Meat Market,"4678 Airport Blvd, Mobile, AL 36608, USA",(251) 344-5764,http://www.mosleysmeats.com/,30.6764839,-88.17228469999999,4.5,113.0,ChIJFx4o97Wym4gRWFzbsAUO5Jo,"store, food, point_of_interest, establishment"
"Bay Minette, AL",wholesale meat,retail,,Hall-Namie Packing Company Inc,"210 Iroquois St, Chickasaw, AL 36611, USA",(251) 457-3321,,30.7601049,-88.08736739999999,4.8,18.0,ChIJHbaKy2NRmogRPT7SLF-D51A,"food, point_of_interest, establishment"
"Bay Minette, AL",wholesale meat,retail,,Perdido River Farms,"5535 Poarch Rd, Atmore, AL 36502, USA",(251) 368-0826,https://perdidoriverfarms.com/home/,31.1089175,-87.55311449999999,4.8,21.0,ChIJRcWjEqKdmogRE8386PxW92s,"food, point_of_interest, establishment"
"Bay Minette, AL",wholesale meat,retail,,"Farm Fresh Meats, Inc","22057 AL-59, Robertsdale, AL 36567, USA",(251) 947-7385,https://www.farmfreshmeatsal.com/,30.5464863,-87.70873499999999,4.6,167.0,ChIJ62d_bndtmogRWy4kPFLPNgA,"store, food, point_of_interest, establishment"
"Bay Minette, AL",wholesale meat,retail,445110,Lad & Dad's Steak & Seafood Market,"3319 Demetropolis Rd #4640, Mobile, AL 36693, USA",(251) 666-6610,http://www.ladanddads.com/,30.6208174,-88.15651539999999,4.5,84.0,ChIJUbRk-rpMmogR-J_RFZwfS8Y,"grocery_or_supermarket, store, food, point_of_interest, establishment"
"Bay Minette, AL",wholesale meat,retail,,Meatblock Highway 45,"4501 St Stephens Rd, Eight Mile, AL 36613, USA",(251) 725-0368,,30.7635065,-88.12721479999999,4.6,272.0,ChIJ0QwX6aBTmogR3c5uw6hNlw4,"store, food, point_of_interest, establishment"
"Bay Minette, AL",wholesale meat,retail,,Mosley's Fine Meat,"699 US-98, Daphne, AL 36526, USA",(251) 626-1942,http://www.mosleysmeats.com/,30.5867762,-87.8993253,4.6,97.0,ChIJGTMjTHFBmogR6JO2RdAf3ac,"store, food, point_of_interest, establishment"
"Bay Minette, AL",wholesale meat,retail,,3 Arrows Boutique Butcher,"8495 Spanish Fort Blvd Suite 102, Spanish Fort, AL 36527, USA",(251) 459-0289,,30.6733464,-87.87747399999999,4.9,37.0,ChIJq6p6wMFCmogRvcLlTNvS1uw,"store, food, point_of_interest, establishment"
"Bay Minette, AL",wholesale meat,retail,,Perdido River Meats,"490 Atmosphere Rd, Atmore, AL 36502, USA",(251) 446-5080,https://perdidoriverfarms.com/meat-processing-facility/,31.0884905,-87.5350346,4.7,14.0,ChIJuYLuP3V3kIgRqYCK8DYMnVg,"store, food, point_of_interest, establishment"
"Bay Minette, AL",wholesale seafood,retail,,P & L Seafood,"2200 Fairway Dr, Mobile, AL 36606, USA",(251) 471-0081,,30.6631137,-88.09429709999999,4.4,535.0,ChIJMTZ5Q9dNmogR-vDNdnXMpjs,"food, point_of_interest, establishment"
"Bay Minette, AL",wholesale seafood,retail,,Trans Gulf Seafood,"710 S Broad St, Mobile, AL 36603, USA",(251) 432-8819,,30.6726705,-88.0550878,4.5,135.0,ChIJS4V6PEpOmogRtiPouHiPisM,"food, point_of_interest, establishment"
"Bay Minette, AL",wholesale seafood,retail,722511,Mudbugs-D.I.P. Seafood,"1870 Dauphin Island Pkwy, Mobile, AL 36605, USA",(251) 479-0123,,30.632388,-88.08932310000002,4.4,401.0,ChIJ07rHMZ5OmogRQ9-QgRZG-mg,"restaurant, food, point_of_interest, establishment"
"Bay Minette, AL",wholesale dairy,retail,,Borden Dairy Co of Alabama - Mobile,"416 S Craft Hwy, Prichard, AL 36610, USA",(251) 456-3381,,30.7274549,-88.0784473,4.1,48.0,ChIJXyy9mpFRmogRcABYm5JqQT8,"point_of_interest, establishment"
"Bay Minette, AL",wholesale dairy,retail,,Fidler Farms,"20225 Bohemian Hall Rd #3127, Silverhill, AL 36576, USA",(251) 979-6887,https://fidlerfarms.net/,30.5202542,-87.7849176,4.7,77.0,ChIJ0VS6ccdsmogR8psfMJDldXU,"point_of_interest, establishment"
"Bay Minette, AL",produce wholesaler,retail,445110,Peturis Family Farm LLC,"24395 Co Rd 49, Loxley, AL 36551, USA",(251) 945-5171,,30.5819352,-87.7760984,4.6,8.0,ChIJ2WgZSIZsmogRcFSyAo-jTRw,"grocery_or_supermarket, food, point_of_interest, store, establishment"
