Location,Search Keyword,Segment,NAICS Code,Business Name,Address,Phone Number,Website,Latitude,Longitude,Rating,User Ratings,Place ID,Types
"Ardmore, AL",ethnic store,retail,445110,Grace Tropical,"5085 Moores Mill Rd, Huntsville, AL 35811, USA",(256) 851-0060,,34.79348160000001,-86.536732,4.4,169.0,ChIJUcsDrhJrYogRODQJIl4XNx4,"grocery_or_supermarket, food, store, point_of_interest, establishment"
"Ardmore, AL",ethnic store,retail,445110,European Market,"2745 Bob Wallace Ave SW # B, Huntsville, AL 35805, USA",(256) 882-7710,https://m.facebook.com/pages/category/Supermarket/European-Market-215257571867625/,34.7106867,-86.6025171,4.7,302.0,ChIJ6eW21LdsYogRWd-1chqCmZU,"grocery_or_supermarket, food, store, point_of_interest, establishment"
"Ardmore, AL",ethnic store,retail,445110,Johnson's Foodtown,"414 Mill St, Pulaski, TN 38478, USA",(931) 363-4314,https://www.johnsonsfoods.net/,35.1976428,-87.03970029999999,4.7,720.0,ChIJERuSU5QCY4gRtWb_6_7kwTs,"grocery_or_supermarket, food, store, point_of_interest, establishment"
"Ardmore, AL",ethnic store,retail,445110,Jamos Grocery,"504 Jordan Ln NW, Huntsville, AL 35805, USA",(256) 536-1171,,34.7264738,-86.62667700000002,4.6,160.0,ChIJ7ahtk3hsYogRSH9K4FJlvTc,"grocery_or_supermarket, food, store, point_of_interest, establishment"
"Ardmore, AL",ethnic store,retail,445110,Far East Market,"8108 Memorial Pkwy SW, Huntsville, AL 35802, USA",(256) 883-1577,,34.6584207,-86.5701883,4.7,515.0,ChIJ1c5_AbgSYogRztUg1iEaPfI,"grocery_or_supermarket, food, store, point_of_interest, establishment"
"Ardmore, AL",ethnic store,retail,445110,Choi's Oriental Food & Gifts,"402 Jordan Ln NW, Huntsville, AL 35805, USA",(256) 533-9118,http://chois-gifts.jany.io/,34.72437960000001,-86.62716139999999,4.3,55.0,ChIJRxA1InlsYogRFVZv7faGlq0,"grocery_or_supermarket, food, store, point_of_interest, establishment"
"Ardmore, AL",ethnic store,retail,445110,Thanh Hung super market Market,"8760 Madison Blvd B, Madison, AL 35758, USA",(256) 464-0944,,34.6803689,-86.74642829999999,4.4,521.0,ChIJoYrnCXxlYogRtYGd3umVKVk,"cafe, supermarket, grocery_or_supermarket, restaurant, food, store, point_of_interest, establishment"
"Ardmore, AL",ethnic store,retail,445110,Far East Super Market,"7193 Hwy 72 W, Madison, AL 35758, USA",(256) 325-8868,,34.7549801,-86.716349,4.6,377.0,ChIJhf63feloYogRTGaj9P-Sa3g,"grocery_or_supermarket, food, store, point_of_interest, establishment"
"Ardmore, AL",ethnic store,retail,445110,Trader Joe's,"1100 Mid City Dr, Huntsville, AL 35806, USA",(256) 890-7156,https://locations.traderjoes.com/al/huntsville/785/?utm_source=gmb&utm_medium=organic&utm_campaign=local,34.74003769999999,-86.6653528,4.7,1363.0,ChIJq7HpzahpYogRWlEKva3WDNg,"grocery_or_supermarket, supermarket, liquor_store, health, food, store, point_of_interest, establishment"
"Ardmore, AL",ethnic store,retail,445110,La Colonial Supermercado y Taqueria,"1222 Jordan Ln NW, Huntsville, AL 35816, USA",(256) 536-1445,https://qrco.de/LaColonial,34.7408843,-86.627288,4.4,685.0,ChIJZd6-DJtrYogRP084iI0VqVg,"supermarket, grocery_or_supermarket, restaurant, food, store, point_of_interest, establishment"
"Ardmore, AL",grocery store,retail,445110,Kroger,"2110 NW Oakwood Ave, Huntsville, AL 35810, USA",(256) 536-0715,https://www.kroger.com/stores/grocery/al/huntsville/kroger-oakwood-ave-huntsville/026/00508?cid=loc_02600508_gmb,34.7506754,-86.60070510000001,4.0,851.0,ChIJ3-NWYBVrYogRXWOLEZQ_G54,"grocery_or_supermarket, food, store, point_of_interest, establishment"
"Ardmore, AL",grocery store,retail,445110,Publix Super Market at The Pinnacle at Providence,"1660 Old Monrovia Rd NW, Huntsville, AL 35806, USA",(256) 430-5443,https://www.publix.com/?setstorenumber=1612&utm_medium=maps&utm_source=extendednetwork&utm_content=psm_website_url,34.75825,-86.6802535,4.6,1515.0,ChIJKzAnDHJpYogRSSa5T2LejIw,"supermarket, liquor_store, bakery, grocery_or_supermarket, food, florist, store, point_of_interest, establishment"
"Ardmore, AL",grocery store,retail,445110,Publix Super Market at Piedmont Point Shopping Center,"4851 Whitesburg Dr B, Huntsville, AL 35802, USA",(256) 650-2390,https://www.publix.com/?setstorenumber=574&utm_medium=maps&utm_source=extendednetwork&utm_content=psm_website_url,34.6927721,-86.5659925,4.6,1493.0,ChIJ5fYCSjsTYogRtofyFU2y7i4,"supermarket, liquor_store, bakery, grocery_or_supermarket, food, florist, store, point_of_interest, establishment"
"Ardmore, AL",grocery store,retail,445110,Kroger,"4579 Wall Triana Hwy, Madison, AL 35758, USA",(256) 461-0914,https://www.kroger.com/stores/grocery/al/madison/midtown-marketplace/026/00605?cid=loc_02600605_gmb,34.7081911,-86.74837269999999,4.3,1075.0,ChIJobM70oxlYogRBVS__gryQeA,"grocery_or_supermarket, food, store, point_of_interest, establishment"
"Ardmore, AL",grocery store,retail,445110,Publix Super Market at Twickenham Square,"310 Pelham Ave SW, Huntsville, AL 35801, USA",(256) 534-2330,https://www.publix.com/?setstorenumber=1451&utm_medium=maps&utm_source=extendednetwork&utm_content=psm_website_url,34.723465,-86.5838893,4.6,1609.0,ChIJKd18s6tsYogRJxePTY91B_c,"supermarket, liquor_store, bakery, grocery_or_supermarket, food, florist, store, point_of_interest, establishment"
"Ardmore, AL",grocery store,retail,445110,Kroger,"8404 Memorial Pkwy SW, Huntsville, AL 35802, USA",(256) 881-5696,https://www.kroger.com/stores/grocery/al/huntsville/logan-square/026/00849?cid=loc_02600849_gmb,34.6566466,-86.57129959999999,4.1,422.0,ChIJJ9lsMbgSYogRM5xAg-Uw_AM,"grocery_or_supermarket, food, store, point_of_interest, establishment"
"Ardmore, AL",grocery store,retail,445110,Kroger,"7090 Hwy 72 W, Huntsville, AL 35806, USA",(256) 726-0600,https://www.kroger.com/stores/grocery/al/huntsville/watercress/026/00677?cid=loc_02600677_gmb,34.756971,-86.7118354,4.3,1201.0,ChIJC6OhiehoYogR-WLK3eNji9s,"grocery_or_supermarket, food, store, point_of_interest, establishment"
"Ardmore, AL",grocery store,retail,445110,Publix Super Market at Hampton Cove Center,"6707 US-431, Owens Cross Roads, AL 35763, USA",(256) 512-0990,https://www.publix.com/?setstorenumber=573&utm_medium=maps&utm_source=extendednetwork&utm_content=psm_website_url,34.6588607,-86.4811038,4.6,1177.0,ChIJ_1y6G5URYogRTn3v4z5cpfU,"supermarket, liquor_store, bakery, grocery_or_supermarket, food, florist, store, point_of_interest, establishment"
"Ardmore, AL",grocery store,retail,445110,Kroger,"6070 Moores Mill Rd, Huntsville, AL 35811, USA",(256) 852-5770,https://www.kroger.com/stores/grocery/al/huntsville/kroger-moores-mill-road-huntsville/026/00517?cid=loc_02600517_gmb,34.800475,-86.5348703,4.2,698.0,ChIJ7azKnZwVYogRxHorruVjXAA,"grocery_or_supermarket, food, store, point_of_interest, establishment"
"Ardmore, AL",grocery store,retail,445110,Publix Super Market at Eastside Junction,"22031 US-72, Athens, AL 35613, USA",(256) 230-2076,https://www.publix.com/?setstorenumber=1203&utm_medium=maps&utm_source=extendednetwork&utm_content=psm_website_url,34.78386649999999,-86.9297583,4.7,1587.0,ChIJ8RPISvaKYogRihI2XgzW_5A,"supermarket, liquor_store, bakery, grocery_or_supermarket, food, florist, store, point_of_interest, establishment"
"Ardmore, AL",grocery store,retail,445110,Publix Super Market at Midtown Centre,"165 US-31, Athens, AL 35611, USA",(256) 771-5662,https://www.publix.com/?utm_medium=maps&utm_source=google&utm_content=psm_google_override,34.8045439,-86.9522906,4.7,835.0,ChIJ_xeEhV6LYogRH7tBs00cwqU,"supermarket, liquor_store, bakery, grocery_or_supermarket, food, florist, store, point_of_interest, establishment"
"Ardmore, AL",grocery store,retail,445110,Publix Super Market at The Shops at Pine Grove,"7129 Wall Triana Hwy, Madison, AL 35757, USA",(256) 722-3786,https://www.publix.com/?setstorenumber=1642&utm_medium=maps&utm_source=extendednetwork&utm_content=psm_website_url,34.7930009,-86.746994,4.7,845.0,ChIJpTSy5NZnYogRYvf9KWRI054,"supermarket, liquor_store, bakery, grocery_or_supermarket, food, florist, store, point_of_interest, establishment"
"Ardmore, AL",grocery store,retail,445110,Walmart Neighborhood Market,"2305 Jordan Ln SW, Huntsville, AL 35805, USA",(256) 755-3080,https://www.walmart.com/store/5925-huntsville-al/?veh=seo_loc,34.7133651,-86.62552029999999,4.1,2008.0,ChIJ4RSdgWRsYogRuZeYevO_WjM,"grocery_or_supermarket, supermarket, bakery, department_store, food, store, point_of_interest, establishment"
"Ardmore, AL",grocery store,retail,445110,Publix Super Market at Village Shoppes of Madison,"12070 County Line Rd C, Madison, AL 35756, USA",(256) 230-2626,https://www.publix.com/?setstorenumber=1185&utm_medium=maps&utm_source=extendednetwork&utm_content=psm_website_url,34.7305227,-86.78795389999999,4.6,1210.0,ChIJMfOiGSpkYogRthc7iFwkrJI,"supermarket, liquor_store, bakery, grocery_or_supermarket, food, florist, store, point_of_interest, establishment"
"Ardmore, AL",grocery store,retail,445120,Dollar General,"28848 AL-53, Ardmore, AL 35739, USA",(251) 239-6747,https://www.dollargeneral.com/store-directory/al/ardmore/31134,34.9831382,-86.8108807,,,ChIJnTzNXSBbYogRJ1SnxHm8kOs,"drugstore, convenience_store, grocery_or_supermarket, health, food, store, point_of_interest, establishment"
"Ardmore, AL",grocery store,retail,445110,Publix Super Market at Harvest Square,"5850 AL-53, Harvest, AL 35749, USA",(256) 851-5958,https://www.publix.com/?setstorenumber=1218&utm_medium=maps&utm_source=extendednetwork&utm_content=psm_website_url,34.8463872,-86.7102812,4.6,1479.0,ChIJvxM2H_FCYogR9YnZCViUYDo,"supermarket, liquor_store, bakery, grocery_or_supermarket, food, florist, store, point_of_interest, establishment"
"Ardmore, AL",grocery store,retail,445110,Publix Super Market at Clift Farm,"417 John Henry Way, Madison, AL 35757, USA",(256) 325-0540,https://www.publix.com/?setstorenumber=1726&utm_medium=maps&utm_source=extendednetwork&utm_content=psm_website_url,34.752182,-86.7627182,4.7,1078.0,ChIJ81XfYYZnYogRYW1ry1jtTZU,"supermarket, liquor_store, bakery, grocery_or_supermarket, food, florist, store, point_of_interest, establishment"
"Ardmore, AL",grocery store,retail,445110,Walmart Neighborhood Market,"9020 Bailey Cove Rd SE, Huntsville, AL 35802, USA",(256) 970-6552,https://www.walmart.com/store/5716-huntsville-al/?veh=seo_loc,34.64732559999999,-86.5414875,4.4,980.0,ChIJQe4C3YcSYogRRZlURE8lxB0,"grocery_or_supermarket, supermarket, bakery, department_store, food, store, point_of_interest, establishment"
"Ardmore, AL",grocery store,retail,445110,Food City,"3608 Governors Dr SW, Huntsville, AL 35805, USA",(256) 361-0053,https://www.foodcity.com/stores/store-details/506/?utm_source=google&utm_medium=organic&utm_campaign=google-business&utm_content=506-grocery,34.7207265,-86.6158009,4.1,75.0,ChIJdZuFbu5tYogR0r-ARKYtTYA,"grocery_or_supermarket, supermarket, bakery, food, florist, store, point_of_interest, establishment"
"Ardmore, AL",grocery store,retail,452210,Walmart Supercenter,"1011 US Hwy 72 E, Athens, AL 35611, USA",(256) 230-2981,https://www.walmart.com/store/661-athens-al/?veh=seo_loc,34.7886356,-86.9589462,3.8,4943.0,ChIJL9YFN3OLYogR0dWmIHN8GlY,"department_store, hardware_store, bakery, electronics_store, furniture_store, grocery_or_supermarket, clothing_store, home_goods_store, food, store, point_of_interest, establishment"
"Ardmore, AL",grocery store,retail,445110,Kroger,"8855 Hwy 72 W, Madison, AL 35758, USA",(256) 870-4350,https://www.kroger.com/stores/grocery/al/madison/kroger-county-line-rd/026/00606?cid=loc_02600606_gmb,34.7445579,-86.78492630000001,3.6,153.0,ChIJLyKvJqxnYogRJWUPBPEtsak,"grocery_or_supermarket, store, point_of_interest, food, establishment"
"Ardmore, AL",grocery store,retail,452210,Walmart Supercenter,"8650 Madison Blvd, Madison, AL 35758, USA",(256) 461-7403,https://www.walmart.com/store/2690-madison-al/?veh=seo_loc,34.6838836,-86.74116590000001,3.9,4230.0,ChIJKdJl2YBvYogRNmtRALRfvq4,"department_store, hardware_store, electronics_store, bakery, furniture_store, grocery_or_supermarket, clothing_store, home_goods_store, store, point_of_interest, food, establishment"
"Ardmore, AL",grocery store,retail,445110,DG Market,"3700 J, Blue Spring Rd NW, Huntsville, AL 35810, USA",(256) 469-1270,https://www.dollargeneral.com/store-directory/al/huntsville/9813,34.7705408,-86.5972997,4.0,739.0,ChIJ6UdIet9qYogR8-JhhDxvJrw,"grocery_or_supermarket, drugstore, convenience_store, home_goods_store, store, health, point_of_interest, food, establishment"
"Ardmore, AL",grocery store,retail,452210,Walmart Supercenter,"3031 Memorial Pkwy SW, Huntsville, AL 35801, USA",(256) 536-2870,https://www.walmart.com/store/375-huntsville-al/?veh=seo_loc,34.7032897,-86.5858078,3.9,4987.0,ChIJGXOkbrZsYogR4jsAZfyuYik,"department_store, hardware_store, electronics_store, bakery, furniture_store, grocery_or_supermarket, clothing_store, home_goods_store, store, point_of_interest, food, establishment"
"Ardmore, AL",grocery store,retail,452210,Walmart Supercenter,"2200 Sparkman Dr NW, Huntsville, AL 35810, USA",(256) 852-2236,https://www.walmart.com/store/433-huntsville-al/?veh=seo_loc,34.7652795,-86.5925703,3.8,4382.0,ChIJ9y5kUCRrYogRrB3rwCvMtc8,"department_store, hardware_store, electronics_store, bakery, furniture_store, grocery_or_supermarket, clothing_store, home_goods_store, store, point_of_interest, food, establishment"
"Ardmore, AL",grocery store,retail,452210,Walmart Supercenter,"8580 Hwy 72 W, Madison, AL 35758, USA",(256) 716-6951,https://www.walmart.com/store/5703-madison-al/?veh=seo_loc,34.7509002,-86.77359000000001,4.0,3542.0,ChIJjS5XbWlmYogRDIrSpWveMTM,"department_store, hardware_store, electronics_store, bakery, furniture_store, grocery_or_supermarket, clothing_store, home_goods_store, store, point_of_interest, food, establishment"
"Ardmore, AL",grocery store,retail,445110,Hometown Grocery,"608 S Jefferson St, Athens, AL 35611, USA",(256) 233-4511,https://www.hometowngroceryathens.com/,34.79646960000001,-86.9735158,4.5,885.0,ChIJ6UXYH2aLYogRglQX-gdh0cU,"grocery_or_supermarket, supermarket, store, point_of_interest, food, establishment"
"Ardmore, AL",grocery store,retail,452210,Walmart Supercenter,"1224 Huntsville Hwy, Fayetteville, TN 37334, USA",(931) 433-3010,https://www.walmart.com/store/314-fayetteville-tn/?veh=seo_loc,35.1366138,-86.5645201,4.0,2080.0,ChIJS11bDcZJYogRgWXJ1qft8Ac,"department_store, hardware_store, electronics_store, bakery, furniture_store, grocery_or_supermarket, clothing_store, home_goods_store, store, point_of_interest, food, establishment"
"Ardmore, AL",grocery store,retail,452210,Walmart Supercenter,"6140A University Dr NW, Huntsville, AL 35806, USA",(256) 837-7272,https://www.walmart.com/store/332-huntsville-al/?veh=seo_loc,34.7470017,-86.67574549999999,3.8,4230.0,ChIJWTBFRkFpYogRMtBQLtGnWbQ,"department_store, hardware_store, electronics_store, bakery, furniture_store, grocery_or_supermarket, clothing_store, home_goods_store, store, point_of_interest, food, establishment"
"Ardmore, AL",grocery store,retail,452210,Walmart Supercenter,"14595 US-231 431 N, Hazel Green, AL 35750, USA",(256) 828-0486,https://www.walmart.com/store/6878-hazel-green-al/?veh=seo_loc,34.9458823,-86.57465280000001,4.1,3511.0,ChIJZxvMnoc4YogRJrFnHdWR8sY,"department_store, hardware_store, electronics_store, bakery, furniture_store, grocery_or_supermarket, clothing_store, home_goods_store, store, point_of_interest, food, establishment"
"Ardmore, AL",grocery store,retail,445110,Dollar General Market,"8466 Old Madison Pike, Madison, AL 35758, USA",(256) 464-2690,https://www.dollargeneral.com/store-directory/al/madison/12010,34.7072579,-86.7404164,4.3,681.0,ChIJvWqAs2JvYogRYOvmuzBjhrs,"grocery_or_supermarket, drugstore, convenience_store, home_goods_store, store, health, point_of_interest, food, establishment"
"Ardmore, AL",grocery store,retail,452210,Walmart Supercenter,"2165 Winchester Rd NE, Huntsville, AL 35811, USA",(256) 716-6773,https://www.walmart.com/store/7324-huntsville-al/?veh=seo_loc,34.8199386,-86.49267569999999,4.0,2327.0,ChIJXyBLUPk9YogRt0BuP2uc6UM,"department_store, hardware_store, electronics_store, bakery, furniture_store, grocery_or_supermarket, clothing_store, home_goods_store, store, point_of_interest, food, establishment"
"Ardmore, AL",grocery store,retail,445110,Food City,"7060 US-431, Owens Cross Roads, AL 35763, USA",(256) 809-1230,https://www.foodcity.com/stores/store-details/504/?utm_source=google&utm_medium=organic&utm_campaign=google-business&utm_content=504-grocery,34.6466763,-86.4788648,4.4,184.0,ChIJy_FFcQARYogR3dvUQy4ayX4,"grocery_or_supermarket, supermarket, florist, bakery, store, point_of_interest, food, establishment"
"Ardmore, AL",grocery store,retail,445110,Hometown Grocery,"100 US-31, Athens, AL 35613, USA",(256) 232-2194,https://www.hometowngroceryathens.com/,34.8020401,-86.9537811,4.4,363.0,ChIJ4ROvqSKLYogRwOdDl7K9Zo8,"grocery_or_supermarket, atm, supermarket, finance, store, point_of_interest, food, establishment"
"Ardmore, AL",grocery store,retail,445110,Walmart Neighborhood Market,"7140 Wall Triana Hwy, Madison, AL 35757, USA",(256) 970-6193,https://www.walmart.com/store/7342-madison-al/?veh=seo_loc,34.7931342,-86.7505942,4.2,1276.0,ChIJl5ynitxnYogRjrL31SsV7jg,"grocery_or_supermarket, department_store, supermarket, bakery, store, point_of_interest, food, establishment"
"Ardmore, AL",grocery store,retail,452210,Walmart Supercenter,"330 Sutton Rd, Owens Cross Roads, AL 35763, USA",(256) 534-4140,https://www.walmart.com/store/5197-owens-cross-roads-al/?veh=seo_loc,34.6576415,-86.4854392,3.9,2418.0,ChIJiZ2AN5MRYogRYU-t9awTOfc,"department_store, hardware_store, electronics_store, bakery, furniture_store, grocery_or_supermarket, clothing_store, home_goods_store, store, point_of_interest, food, establishment"
"Ardmore, AL",grocery store,retail,445110,Publix Super Market at Winchester Plaza,"2246 Winchester Rd NE, Huntsville, AL 35811, USA",(256) 851-5807,https://www.publix.com/?setstorenumber=1126&utm_medium=maps&utm_source=extendednetwork&utm_content=psm_website_url,34.8162043,-86.4896808,4.7,1086.0,ChIJQ6IBGfo9YogRBZ71nLr5eoA,"supermarket, florist, bakery, grocery_or_supermarket, liquor_store, store, point_of_interest, food, establishment"
"Ardmore, AL",grocery store,retail,445110,Publix Super Market at The Shoppes at Redstone Square,"2286 Zierdt Rd, Huntsville, AL 35824, USA",(256) 774-3888,https://www.publix.com/?setstorenumber=1629&utm_medium=maps&utm_source=extendednetwork&utm_content=psm_website_url,34.6478474,-86.7198846,4.6,895.0,ChIJ5QYZ7d5vYogRT8RLC19k5Eo,"supermarket, florist, bakery, grocery_or_supermarket, liquor_store, store, point_of_interest, food, establishment"
"Ardmore, AL",grocery store,retail,445110,The Fresh Market,"4800 Whitesburg Dr, Huntsville, AL 35802, USA",(256) 880-9042,https://stores.thefreshmarket.com/al/huntsville/83,34.691982,-86.570239,4.5,612.0,ChIJCdcJOSUTYogR1mHmTambciA,"grocery_or_supermarket, supermarket, bakery, store, point_of_interest, food, establishment"
"Ardmore, AL",grocery store,retail,452210,Walmart Supercenter,"1655 W College St, Pulaski, TN 38478, USA",(931) 363-7618,https://www.walmart.com/store/238-pulaski-tn/?veh=seo_loc,35.2014522,-87.06039659999999,3.9,2384.0,ChIJp9GX_soCY4gRZSnVXThkcW0,"department_store, hardware_store, electronics_store, bakery, furniture_store, grocery_or_supermarket, clothing_store, home_goods_store, store, point_of_interest, food, establishment"
"Ardmore, AL",grocery store,retail,445110,Food City,"150 Old Gurley Rd NE, Huntsville, AL 35811, USA",(256) 361-2113,https://www.foodcity.com/stores/store-details/505/?utm_source=google&utm_medium=organic&utm_campaign=google-business&utm_content=505-grocery,34.7703046,-86.535855,4.4,120.0,ChIJDy-ZBAAVYogRNZaJV0EEXOQ,"grocery_or_supermarket, supermarket, bakery, food, florist, store, point_of_interest, establishment"
"Ardmore, AL",grocery store,retail,445110,Publix Super Market at Market at Hays Farm,"9040 Memorial Pkwy SW, Huntsville, AL 35802, USA",(256) 650-6086,https://www.publix.com/?setstorenumber=1785&utm_medium=maps&utm_source=extendednetwork&utm_content=psm_website_url,34.6485856,-86.5687942,4.6,876.0,ChIJyym69GsTYogRd5y5r-dyWQ8,"supermarket, liquor_store, bakery, grocery_or_supermarket, food, florist, store, point_of_interest, establishment"
"Ardmore, AL",grocery store,retail,445110,Publix Super Market at Flint Crossing Market Place,"12290 Hwy 231/431 N, Meridianville, AL 35759, USA",(256) 804-4042,https://www.publix.com/?setstorenumber=2042&utm_medium=maps&utm_source=extendednetwork&utm_content=psm_website_url,34.8710096,-86.5693338,4.6,1035.0,ChIJge9cmG8_YogRvu1KPoU4sts,"supermarket, liquor_store, bakery, grocery_or_supermarket, food, florist, store, point_of_interest, establishment"
"Ardmore, AL",grocery store,retail,445110,DG Market,"312 Ardmore Hwy, Fayetteville, TN 37334, USA",(931) 240-0299,https://www.dollargeneral.com/store-directory/tn/fayetteville/31059,35.0911308,-86.58727859999999,4.5,2.0,ChIJEzE8vwdLYogRQ_9um2Lq9ME,"grocery_or_supermarket, drugstore, convenience_store, home_goods_store, health, food, store, point_of_interest, establishment"
"Ardmore, AL",grocery store,retail,445110,Dollar General Market,"1416 Huntsville Hwy, Fayetteville, TN 37334, USA",(931) 532-0315,https://www.dollargeneral.com/store-directory/tn/fayetteville/9809,35.1294528,-86.5645097,4.4,432.0,ChIJwf0MWW41YogRDDejA_qap-I,"grocery_or_supermarket, drugstore, convenience_store, home_goods_store, health, food, store, point_of_interest, establishment"
"Ardmore, AL",grocery store,retail,445120,Everyday Market,"4811 University Dr NW, Huntsville, AL 35816, USA",(256) 721-1832,,34.7368203,-86.6536769,3.7,23.0,ChIJp3PeAftrYogRkuScX_Ob_x0,"convenience_store, grocery_or_supermarket, food, store, point_of_interest, establishment"
"Ardmore, AL",grocery store,retail,445110,Dollar General Market,"26119 Main St, Ardmore, TN 38449, USA",(423) 617-0592,https://www.dollargeneral.com/store-directory/tn/ardmore/9828,34.9950713,-86.85274489999999,4.2,675.0,ChIJkf4IetdZYogRqtEEz7scEO8,"grocery_or_supermarket, drugstore, convenience_store, home_goods_store, health, food, store, point_of_interest, establishment"
"Ardmore, AL",grocery store,retail,452210,Target,"8207 Hwy 72 W, Madison, AL 35758, USA",(256) 690-5890,https://www.target.com/sl/madison/2816,34.7488201,-86.7562505,4.0,422.0,ChIJU6gp6hZmYogRClU2amILlBI,"department_store, shoe_store, electronics_store, furniture_store, clothing_store, home_goods_store, store, point_of_interest, establishment"
"Ardmore, AL",grocery store,retail,445110,Publix Super Market at Madison Commons Shopping Center,"350 Hughes Rd, Madison, AL 35758, USA",(256) 464-3422,https://www.publix.com/?setstorenumber=1638&utm_medium=maps&utm_source=extendednetwork&utm_content=psm_website_url,34.7081158,-86.74380819999999,4.7,942.0,ChIJVaO8iNplYogRW_ySn7YBaVs,"supermarket, liquor_store, bakery, grocery_or_supermarket, food, florist, store, point_of_interest, establishment"
"Ardmore, AL",grocery store,retail,445110,Publix Super Market at Madison Centre,"8000 Madison Blvd Ste A, Madison, AL 35758, USA",(256) 461-1860,https://www.publix.com/?setstorenumber=598&utm_medium=maps&utm_source=extendednetwork&utm_content=psm_website_url,34.6917453,-86.71837590000001,4.6,1133.0,ChIJZW2BdgxvYogRDco9iFv-NlA,"supermarket, liquor_store, bakery, grocery_or_supermarket, food, florist, store, point_of_interest, establishment"
"Ardmore, AL",grocery store,retail,445110,Star Super Market - Huntsville,"702 Pratt Ave NE, Huntsville, AL 35801, USA",(256) 534-4509,https://www.huntsvillestarmarket.com/?utm_source=cumulus&utm_medium=onlinepresence&utm_campaign=gbp,34.7385965,-86.5763211,4.5,807.0,ChIJySFfPrIUYogRi8WZ0aEri0Y,"supermarket, pharmacy, grocery_or_supermarket, health, food, store, point_of_interest, establishment"
"Ardmore, AL",grocery store,retail,445110,Bama Store,"2310 University Dr NW, Huntsville, AL 35816, USA",(256) 715-7994,,34.7384898,-86.60504350000001,4.4,36.0,ChIJj0dmr2hrYogRRgPfise1uuY,"grocery_or_supermarket, food, store, point_of_interest, establishment"
"Ardmore, AL",grocery store,retail,445110,Hi & Bye Food & Deli,"2214 Clinton Ave W, Huntsville, AL 35805, USA",,,34.7240979,-86.6005557,4.1,59.0,ChIJUwmmKqBsYogRjVr8mnmPh9M,"grocery_or_supermarket, food, store, point_of_interest, establishment"
"Ardmore, AL",grocery store,retail,445120,DGX,"132A Greene St SE, Huntsville, AL 35801, USA",(256) 701-8353,https://www.dollargeneral.com/store-directory/al/huntsville/23148,34.7330875,-86.584873,4.1,21.0,ChIJOdIMDlhrYogRN5CLYjsQsxI,"convenience_store, drugstore, grocery_or_supermarket, health, food, store, point_of_interest, establishment"
"Ardmore, AL",grocery store,retail,445110,Griner's Supermarket,"14470 US-231 #431, Hazel Green, AL 35750, USA",(256) 828-5618,,34.9409875,-86.5709952,4.5,349.0,ChIJ1-rz_YU4YogRHQUjQgxj52w,"grocery_or_supermarket, supermarket, food, store, point_of_interest, establishment"
"Ardmore, AL",grocery store,retail,445120,Richland Trace Market,"19326 US-64, Pulaski, TN 38478, USA",(931) 363-0591,,35.2126014,-87.109661,4.4,221.0,ChIJJW3unKUdY4gRalu_qeW5gAs,"convenience_store, atm, grocery_or_supermarket, food, store, point_of_interest, finance, establishment"
"Ardmore, AL",grocery store,retail,445120,Dollar General,"4710 University Dr NW, Huntsville, AL 35816, USA",(256) 384-1890,https://www.dollargeneral.com/store-directory/al/huntsville/8520,34.7371123,-86.6485574,3.8,241.0,ChIJLyEUmPFrYogRgv-k5oRdAAw,"drugstore, convenience_store, grocery_or_supermarket, health, food, store, point_of_interest, establishment"
"Ardmore, AL",grocery store,retail,445120,Dollar General,"6201 Old Madison Pike Nw, Huntsville, AL 35806, USA",(256) 666-4427,https://www.dollargeneral.com/store-directory/al/huntsville/19364,34.7126324,-86.6586537,4.1,352.0,ChIJh-k1-tBtYogRNT3jJJszYpI,"drugstore, convenience_store, grocery_or_supermarket, health, food, store, point_of_interest, establishment"
"Ardmore, AL",grocery store,retail,445110,EL PATRÓN SUPERMARKET,"4008 Holmes Ave NW, Huntsville, AL 35816, USA",(256) 517-8085,,34.7278763,-86.62891959999999,4.4,261.0,ChIJee7LI21rYogRH56ulItXQyo,"supermarket, grocery_or_supermarket, food, store, point_of_interest, establishment"
"Ardmore, AL",grocery store,retail,445120,Dollar General,"2900A SW Triana Blvd Ste, Huntsville, AL 35805, USA",(256) 469-1167,https://www.dollargeneral.com/store-directory/al/huntsville/7127,34.7098871,-86.61050689999999,4.2,469.0,ChIJZf4XBJJsYogRhmkGcgNE4Ls,"drugstore, convenience_store, grocery_or_supermarket, health, food, store, point_of_interest, establishment"
"Ardmore, AL",indian grocery,retail,445110,Indian Bazaar,"4320 University Dr NW suite h, Huntsville, AL 35816, USA",(256) 585-1467,,34.735855,-86.6343899,4.3,189.0,ChIJ1fXaECtrYogRbJPaXwhN8jw,"grocery_or_supermarket, food, store, point_of_interest, establishment"
"Ardmore, AL",indian grocery,retail,445110,INDIA SPICES,"13487 Hatchett Rd E, Madison, AL 35757, USA",(256) 206-8101,,34.7504212,-86.7887945,4.4,39.0,ChIJY_WLFABnYogRE0MEjwsyMj8,"grocery_or_supermarket, food, store, point_of_interest, establishment"
"Ardmore, AL",indian grocery,retail,445110,India Mart,"4925 University Dr NW UNIT 154, Huntsville, AL 35816, USA",(256) 874-6290,,34.7363794,-86.656337,4.8,47.0,ChIJR5u23_hrYogRPUfFJRXkWwE,"grocery_or_supermarket, food, store, point_of_interest, establishment"
"Ardmore, AL",indian grocery,retail,445310,Beverage Depot Spirits,"6396 University Dr NW, Huntsville, AL 35806, USA",(256) 721-9363,https://shop.beveragedepotspirits.com/,34.747,-86.6858231,4.4,282.0,ChIJrXABzz5pYogRhJEvjsGICbw,"liquor_store, store, point_of_interest, establishment"
"Ardmore, AL",indian grocery,retail,,Indians Retreat (Food Truck Court),"15800 E Limestone Rd, Athens, AL 35613, USA",(256) 559-6060,https://www.facebook.com/profile.php?id=61576692924515,34.7850975,-86.8323176,5.0,6.0,ChIJQaaprCRhYogROkQ2WBgFFzE,"food, point_of_interest, establishment"
"Ardmore, AL",indian grocery,retail,445110,Mediterranean Foods and Grocery,"4320 University Dr NW, Huntsville, AL 35816, USA",(256) 429-9030,https://about.me/MediterraneanFoodsandGrocery,34.7358407,-86.63397549999999,4.7,26.0,ChIJvXSYojRrYogRXJLdIZsJjiI,"grocery_or_supermarket, food, store, point_of_interest, establishment"
"Ardmore, AL",indian grocery,retail,445110,Whole Foods Market,"2501 Memorial Pkwy SW, Huntsville, AL 35801, USA",(256) 801-3741,https://www.wholefoodsmarket.com/stores/huntsville?utm_source=google&utm_medium=organic&utm_campaign=listings,34.71227,-86.5898733,4.4,1895.0,ChIJw5FRvbpsYogRvS4DqczjxRY,"grocery_or_supermarket, liquor_store, supermarket, food, health, store, point_of_interest, establishment"
"Ardmore, AL",indian grocery,retail,445120,Heritage Food Mart,"25020 Thach Rd, Elkmont, AL 35620, USA",(256) 423-2244,,34.9191653,-86.8741069,4.1,117.0,ChIJt-wD1q9YYogR7yb3xwXOBgU,"convenience_store, food, store, point_of_interest, establishment"
"Ardmore, AL",indian grocery,retail,722511,Chai Samosa,"13487 Hatchett Rd E, Madison, AL 35757, USA",(256) 206-8101,,34.7504163,-86.78873630000001,4.8,14.0,ChIJfY8XHQBnYogRDWe9nA4fbEE,"restaurant, food, point_of_interest, establishment"
"Ardmore, AL",retail food,retail,445120,Express Food Mart,"2119 Clinton Ave W, Huntsville, AL 35805, USA",(256) 489-6864,,34.7243777,-86.5988361,4.3,9.0,ChIJre5oNqBsYogRsMj_xT5z5L8,"convenience_store, food, store, point_of_interest, establishment"
"Ardmore, AL",retail food,retail,445110,Harvest Shop Rite,"1820 Nick Davis Rd, Harvest, AL 35749, USA",(256) 837-7912,,34.8057739,-86.7797954,4.6,25.0,ChIJp7VQneJnYogRFOWyJa1YT-o,"grocery_or_supermarket, food, store, point_of_interest, establishment"
"Ardmore, AL",retail food,retail,445120,Toney Discount Food Mart,"9869 Pulaski Pike Unit A and B, Toney, AL 35773, USA",(256) 828-5511,,34.9001449,-86.6720079,4.1,109.0,ChIJjWGCRPdDYogRjPklx2pfQcI,"convenience_store, food, store, point_of_interest, establishment"
"Ardmore, AL",retail food,retail,722511,MidCity District,"5909 University Dr, Huntsville, AL 35806, USA",(256) 489-4157,http://www.midcitydistrict.com/,34.74001,-86.6644532,4.7,984.0,ChIJwX0mopppYogRZdPpZ0BcDKU,"shopping_mall, cafe, restaurant, food, store, point_of_interest, establishment"
"Ardmore, AL",retail food,retail,445110,Sprouts Farmers Market,"US 72 West, 7504 Hwy 72 W Suite A-3, Madison, AL 35758, USA",(256) 203-8334,https://sprouts.com/store/al/madison/huntsville-madison,34.7582225,-86.72929219999999,4.5,809.0,ChIJo2l5HpdoYogRhwq_mytgHB4,"grocery_or_supermarket, supermarket, health, food, store, point_of_interest, establishment"
"Ardmore, AL",retail food,retail,445110,B & S Grocery,"21171 Elkton Rd, Athens, AL 35614, USA",(256) 444-0309,,34.8598676,-86.92964099999999,3.4,125.0,ChIJww0mdA_1YogRXtunieJOF7s,"grocery_or_supermarket, food, store, point_of_interest, establishment"
"Ardmore, AL",retail food,retail,,North Madison Corners Shopping Center,"7950 Hwy 72 W, Madison, AL 35758, USA",,,34.753892,-86.74801430000001,4.3,378.0,ChIJSeIVbCJmYogROrn6mOHsWa4,"shopping_mall, point_of_interest, establishment"
"Ardmore, AL",retail food,retail,,Enterprise Plaza,"6140 University Dr NW, Huntsville, AL 35806, USA",,,34.7456136,-86.6759243,4.1,1871.0,ChIJh0WvwUZpYogRAlwWGmclxRs,"shopping_mall, point_of_interest, establishment"
"Ardmore, AL",retail food,retail,445110,Gordon Food Service Store,"4710 University Dr, Huntsville, AL 35816, USA",(256) 517-8145,https://gfsstore.com/?utm_source=gmb&utm_medium=yext,34.737278,-86.64707829999999,4.2,249.0,ChIJY21zQthrYogRYf8oaMGKIs0,"grocery_or_supermarket, food, store, point_of_interest, establishment"
"Ardmore, AL",retail food,retail,445120,Toney's Food Mart (Hank's),"11856 Pulaski Pike, Toney, AL 35773, USA",(256) 828-1001,,34.9328179,-86.7131977,4.6,52.0,ChIJ9-X0xu1EYogRUhZ2rPTtiec,"convenience_store, gas_station, grocery_or_supermarket, food, store, point_of_interest, establishment"
"Ardmore, AL",retail food,retail,,Oakwood Shopping Center,"2501 NW Oakwood Ave, Huntsville, AL 35810, USA",,,34.7489158,-86.60865849999999,4.3,403.0,ChIJsT-lLW1rYogR_w7qa5x8Kio,"shopping_mall, point_of_interest, establishment"
"Ardmore, AL",retail food,retail,452210,HomeGoods,"5850 University Dr NW, Huntsville, AL 35806, USA",(256) 830-6817,http://www.homegoods.com/,34.7418144,-86.6647625,4.5,667.0,ChIJaStes1lpYogR5EFippS9sNE,"department_store, furniture_store, home_goods_store, store, point_of_interest, establishment"
"Ardmore, AL",retail food,retail,445110,B&k grocery,"14998 Brownsferry Rd, Athens, AL 35611, USA",(256) 233-4141,http://b-k-grocery.jany.io/,34.7489728,-87.0384278,4.2,99.0,ChIJI2OhMOeNYogRzA8sSrryoXg,"grocery_or_supermarket, food, store, point_of_interest, establishment"
"Ardmore, AL",retail food,retail,448210,DICK'S Sporting Goods,"2718 Carl T Jones Dr SE, Huntsville, AL 35802, USA",(256) 881-3212,https://stores.dickssportinggoods.com/al/huntsville/778/?seo=localpack,34.6764578,-86.54797219999999,4.0,267.0,ChIJMWs80OISYogRJ4TyC14Ipm8,"bicycle_store, shoe_store, clothing_store, store, point_of_interest, establishment"
"Ardmore, AL",retail food,retail,,The Shops at Merchants Walk,"2400 Commerce Ct SW, Huntsville, AL 35801, USA",,http://shopmerchantswalk.com/,34.712039,-86.589201,4.4,711.0,ChIJMyH-6bBsYogRPB2XXz7q1Eo,"shopping_mall, point_of_interest, establishment"
"Ardmore, AL",retail food,retail,,The Shoppes of Madison,"8141 Hwy 72 W, Madison, AL 35758, USA",(615) 370-0670,https://amzn.to/3PJuuFM,34.749375,-86.7565352,4.4,1719.0,ChIJjbNgmxZmYogR41nwsSZC6IY,"shopping_mall, point_of_interest, establishment"
"Ardmore, AL",retail food,retail,445310,Windmill Beverages,"5190 Moores Mill Rd, Huntsville, AL 35811, USA",(256) 859-6241,http://www.windmillbev.com/,34.797588,-86.5355616,4.4,236.0,ChIJv5ckEJwVYogR0yX7w176auA,"liquor_store, store, point_of_interest, establishment"
"Ardmore, AL",retail food,retail,445120,Elkmont Food Mart,"18848 Upper Fort Hampton Rd, Elkmont, AL 35620, USA",(256) 732-9504,,34.9286649,-86.973618,4.2,16.0,ChIJ-VN3uLD2YogRIDsTc9Bxh38,"convenience_store, gas_station, store, point_of_interest, food, establishment"
"Ardmore, AL",retail food,retail,,River Oak Shopping Center,"1202 Huntsville Hwy, Fayetteville, TN 37334, USA",(859) 335-9663,http://bcwoodproperties.propertycapsule.com/properties/riveroakshoppingcenter/#plans,35.1389835,-86.5664793,4.3,391.0,ChIJNYU_Wmk1YogRiDB59h5kDGQ,"shopping_mall, point_of_interest, establishment"
"Ardmore, AL",retail food,retail,445110,L&S Food Market,"29970 Ardmore Ave, Ardmore, AL 35739, USA",(256) 423-3700,,34.9835058,-86.84573759999999,4.4,413.0,ChIJDzvghMNZYogRS0GXNOTXTd8,"grocery_or_supermarket, supermarket, store, point_of_interest, food, establishment"
"Ardmore, AL",retail food,retail,722511,Domaine South,"200 West Side Square, Huntsville, AL 35801, USA",(256) 759-9952,http://www.domainesouth.com/,34.7300038,-86.5863201,4.7,552.0,ChIJd-882FFrYogRmRScblug6MI,"restaurant, bar, liquor_store, store, point_of_interest, food, establishment"
"Ardmore, AL",retail food,retail,445120,THE VILLAGE MART,"21651 AL-99, Athens, AL 35614, USA",(256) 230-0500,http://www.citgo.com/,34.8582761,-87.047513,3.5,21.0,ChIJsXX6kZHyYogRB_7OrZjR524,"convenience_store, gas_station, store, point_of_interest, food, establishment"
"Ardmore, AL",retail food,retail,445110,Halsey Grocery,"401 Lanier Rd, Madison, AL 35758, USA",(256) 772-9691,http://www.halseyfoodservice.com/,34.6927258,-86.74018679999999,4.1,31.0,ChIJx0wC_n1vYogRGCvmH0ZXUWc,"grocery_or_supermarket, store, point_of_interest, food, establishment"
"Ardmore, AL",retail food,retail,445120,Twice Daily,"1721 Trigreen Dr, Athens, AL 35611, USA",(256) 203-9790,https://twicedaily.com/locations/1721-trigreen-dr-athens-al/,34.8189609,-86.9431584,3.0,14.0,ChIJjyFcWs-LYogRG9-8hBL3UGE,"convenience_store, store, point_of_interest, food, establishment"
"Ardmore, AL",retail food,retail,445110,Yardee Caribbean Grocery,"2590 Sparkman Dr NW #A, Huntsville, AL 35810, USA",(256) 417-5583,,34.7637765,-86.59818,4.7,58.0,ChIJsTLg2JdrYogRF7DPZPixx44,"grocery_or_supermarket, store, point_of_interest, food, establishment"
"Ardmore, AL",retail food,retail,,High Ground Hobbies and Cafe,"13381 Hatchett Rd W, Madison, AL 35757, USA",(256) 262-4308,https://www.highgroundhobbies.com/,34.7493526,-86.7900172,4.9,338.0,ChIJFX0GcXJnYogRlq73sU06DVo,"store, point_of_interest, establishment"
"Ardmore, AL",retail food,retail,445120,Downtown Store - Elkmont Food Market,"25380 Railroad St, Elkmont, AL 35620, USA",(256) 732-9504,,34.9287431,-86.9737092,4.7,44.0,ChIJ1-SvuLD2YogRf_qAZm3vrf8,"convenience_store, store, point_of_interest, food, establishment"
"Ardmore, AL",retail food,retail,445110,Fayetteville Liquidation Center,"115 Elk Ave N, Fayetteville, TN 37334, USA",(931) 298-4050,,35.1527344,-86.56895109999999,4.7,93.0,ChIJGfoEza01YogR-FeuEHPHAU8,"supermarket, grocery_or_supermarket, store, point_of_interest, food, establishment"
"Ardmore, AL",retail food,retail,722511,One Stop Shop,"18461 AL-99, Athens, AL 35614, USA",(256) 444-1113,https://onestopshopathens.com/,34.8247903,-87.0090385,4.5,64.0,ChIJd7dvNHGNYogR-kpLDZvUopU,"gas_station, store, restaurant, point_of_interest, food, establishment"
"Ardmore, AL",retail food,retail,,Spencer Square,"8760 Madison Blvd, Madison, AL 35758, USA",,,34.6803716,-86.74653710000001,4.2,219.0,ChIJbwePBXxlYogRwclmR3fWa-k,"shopping_mall, point_of_interest, establishment"
"Ardmore, AL",retail food,retail,,Athens Plaza,"100 US-31, Athens, AL 35611, USA",,,34.8018405,-86.9536114,4.3,347.0,ChIJNfhz3ReLYogR2GywHEVaxx4,"shopping_mall, point_of_interest, establishment"
"Ardmore, AL",retail food,retail,445110,Ragland Bros Retail Co Inc,"2836 Dug Hill Rd, Huntsville, AL 35811, USA",(256) 859-3774,,34.76320219999999,-86.4728937,,,ChIJn-YEoPYWYogRHJ59s1g6i0I,"grocery_or_supermarket, store, food, point_of_interest, establishment"
"Ardmore, AL",retail food,retail,,MidTown Centre,"104 US-31, Athens, AL 35611, USA",,,34.8047341,-86.95220119999999,4.6,82.0,ChIJ019YLFaLYogRuZbBBYchS2g,"shopping_mall, point_of_interest, establishment"
"Ardmore, AL",retail food,retail,445310,Das Stahl Bierhaus,"7914 Memorial Pkwy SW Suite B2, Huntsville, AL 35802, USA",(256) 716-8372,http://shopdsb.com/,34.661236,-86.57135600000001,4.7,433.0,ChIJ01xsQMgSYogRrxmfT-XgdAk,"bar, liquor_store, store, restaurant, food, point_of_interest, establishment"
"Ardmore, AL",retail food,retail,445120,Jin's Market,"600 Jordan Ln NW #5, Huntsville, AL 35816, USA",(256) 539-4241,,34.7277368,-86.62674570000001,4.8,16.0,ChIJiXfmBzhrYogRu7m2yK2nXM0,"convenience_store, store, food, point_of_interest, establishment"
"Ardmore, AL",retail food,retail,,Main Street South Shopping Village,"7500 Memorial Pkwy SW, Huntsville, AL 35802, USA",,,34.6679891,-86.57410159999999,4.3,108.0,ChIJv_GYYM4SYogRPABzXve5D0E,"point_of_interest, establishment"
"Ardmore, AL",retail food,retail,,Huntsville West Shopping Center,"4710 University Dr NW, Huntsville, AL 35816, USA",,http://huntsvillewest.com/,34.7372558,-86.64670799999999,4.2,1015.0,ChIJKxucTdVrYogRaTTe2p5gw0Y,"shopping_mall, point_of_interest, establishment"
"Ardmore, AL",retail food,retail,,Parkway Place,"2801 Memorial Pkwy SW, Huntsville, AL 35801, USA",(256) 361-0836,https://www.parkwayplacemall.com/,34.7074264,-86.58738799999999,4.3,3787.0,ChIJ1f88X7ZsYogRkyAq7hPWhR0,"shopping_mall, atm, finance, point_of_interest, establishment"
"Ardmore, AL",retail food,retail,,University Place Shopping Centre,"6125 University Dr NW, Huntsville, AL 35806, USA",,http://www.pokealohahuntsville.com/,34.7431263,-86.6760797,4.3,1515.0,ChIJ9U2n-FdpYogRjOLNPI93VjY,"shopping_mall, point_of_interest, establishment"
"Ardmore, AL",retail food,retail,,Bridge Street Town Centre,"365 The Brg St NW, Huntsville, AL 35806, USA",(256) 428-2022,https://www.bridgestreethuntsville.com/,34.7183682,-86.67392559999999,4.6,9567.0,ChIJZ5yiGrtuYogRHhE_i_dQGOk,"shopping_mall, point_of_interest, establishment"
"Ardmore, AL",retail food,retail,445120,Bethel Grocery,"27972 Bethel Rd, Elkmont, AL 35620, USA",(256) 423-3670,https://bethelgro.net/,34.9330812,-86.82005319999999,4.4,143.0,ChIJ3Tj9FmdZYogRnqvnVN3TWtw,"convenience_store, store, food, point_of_interest, establishment"
"Ardmore, AL",retail food,retail,445120,Jiffy Food Store,"1202 Market St W, Athens, AL 35611, USA",(256) 232-6915,,34.806037,-86.9834594,4.0,247.0,ChIJyb9qYaCMYogR2H5v1oHfW_w,"convenience_store, gas_station, store, food, point_of_interest, establishment"
"Ardmore, AL",retail food,retail,445120,Clements Mini Mart,"7697 US-72, Athens, AL 35611, USA",(256) 729-6700,,34.8031623,-87.1841001,4.4,33.0,ChIJuUtxcR6VYogRsVADNmJVmBo,"convenience_store, gas_station, store, food, point_of_interest, establishment"
"Ardmore, AL",retail food,retail,445310,"The Open Bottle - Madison, AL","7061 Hwy 72 W, Huntsville, AL 35806, USA",(256) 801-8990,http://www.obhsv.com/,34.753613,-86.7115396,4.6,621.0,ChIJH3zlG7RpYogR6UTKT68SSyk,"liquor_store, bar, store, food, point_of_interest, establishment"
"Ardmore, AL",retail food,retail,,Westbury Square,"975 Airport Rd SW, Huntsville, AL 35802, USA",,https://google.com/url?q=https://business.google.com/website_shared/launch_bw.html?f=https://amzn.to/3DsqRBj,34.6901092,-86.57695,4.3,1190.0,ChIJZXJOSywTYogRRtmYGdP6J28,"shopping_mall, point_of_interest, establishment"
"Ardmore, AL",retail food,retail,445120,Kent Kwik,"1371 Bryson Rd, Ardmore, TN 38449, USA",(931) 468-0601,https://kentkwik.com/,35.0833333,-86.8825,4.1,1910.0,ChIJBzd6MgtWYogRzIWp8_7CkZk,"gas_station, convenience_store, store, restaurant, food, point_of_interest, establishment"
"Ardmore, AL",retail food,retail,445120,The Store,"20420 Upper Fort Hampton Rd, Elkmont, AL 35620, USA",(256) 732-4514,,34.9353041,-86.9508231,4.8,16.0,ChIJN9J12_L2YogR0ZP-73ogXKA,"convenience_store, grocery_or_supermarket, store, food, point_of_interest, establishment"
"Ardmore, AL",retail food,retail,,pOpshelf,"6275 University Dr NW Ste 7A, Huntsville, AL 35806, USA",(256) 384-3346,https://www.popshelf.com/store/23946,34.7439784,-86.6833248,4.6,115.0,ChIJ31qewidpYogRQ7hEooYixmI,"home_goods_store, store, food, point_of_interest, establishment"
"Ardmore, AL",clothing store,retail,448140,Ross Dress for Less,"6275 University Dr NW, Huntsville, AL 35806, USA",(256) 922-0187,https://www.rossstores.com/,34.7411355,-86.6795751,4.2,976.0,ChIJS2ocSkZpYogRfuBgLsyXCuE,"clothing_store, department_store, shoe_store, store, point_of_interest, establishment"
"Ardmore, AL",clothing store,retail,448140,Burlington,"6275 University Dr NW, Huntsville, AL 35806, USA",(256) 971-0970,https://stores.burlington.com/al/huntsville/400/?utm_source=google&utm_medium=organic&utm_campaign=maps,34.7411178,-86.6801068,3.6,717.0,ChIJFwvZgUZpYogRHpBKG8iyRhM,"clothing_store, department_store, jewelry_store, home_goods_store, store, point_of_interest, establishment"
"Ardmore, AL",clothing store,retail,452210,Marshalls,"2750 Carl T Jones Dr SE, Huntsville, AL 35802, USA",(256) 881-8131,https://www.marshalls.com/,34.674762,-86.54575,4.3,551.0,ChIJ0VX85fgSYogRdUYqLmFRrHE,"department_store, clothing_store, store, point_of_interest, establishment"
"Ardmore, AL",clothing store,retail,452210,T.J. Maxx,"975 Airport Rd SW, Huntsville, AL 35802, USA",(256) 880-6829,https://tjmaxx.tjx.com/store/index.jsp,34.6898085,-86.578065,4.3,886.0,ChIJ0y4eSywTYogR6PWwdMAL4AQ,"department_store, jewelry_store, clothing_store, store, point_of_interest, establishment"
"Ardmore, AL",clothing store,retail,448140,Citi Trends,"1201 N Memorial Pkwy, Huntsville, AL 35801, USA",(256) 444-6766,https://locations.cititrends.com/al/huntsville/1201-n-memorial-parkway.html,34.7427687,-86.60468829999999,4.3,245.0,ChIJf7v--2lrYogRknX4SuoqIlA,"clothing_store, shoe_store, store, point_of_interest, establishment"
"Ardmore, AL",clothing store,retail,448140,bealls,"605 US Hwy 72 W, Athens, AL 35611, USA",(256) 233-4545,https://stores.bealls.com/al/athens/605-us-highway-72-w,34.7882362,-86.97507859999999,4.4,304.0,ChIJoR4nbHuLYogRXR2BNLHIGj8,"clothing_store, shoe_store, home_goods_store, store, point_of_interest, establishment"
"Ardmore, AL",clothing store,retail,448140,Ross Dress for Less,"975 Airport Rd SW Unit Ii, Huntsville, AL 35802, USA",(256) 885-4488,https://www.rossstores.com/,34.6900482,-86.5766525,3.9,89.0,ChIJwRYN0jsTYogRT26fKqgMRr4,"clothing_store, department_store, shoe_store, store, point_of_interest, establishment"
"Ardmore, AL",clothing store,retail,452210,Marshalls,"7950 Hwy 72 W, Madison, AL 35758, USA",(256) 726-9054,https://www.marshalls.com/,34.7540804,-86.74770459999999,4.3,676.0,ChIJS2ocSkZpYogRQR24Gn18go8,"department_store, clothing_store, store, point_of_interest, establishment"
"Ardmore, AL",clothing store,retail,452210,T.J. Maxx,"7696 Hwy 72 W, Madison, AL 35757, USA",(256) 217-2990,https://tjmaxx.tjx.com/store/index.jsp,34.7570491,-86.7368572,4.2,969.0,ChIJW1KPyp5oYogRww2BNK38B-w,"department_store, jewelry_store, clothing_store, store, point_of_interest, establishment"
"Ardmore, AL",clothing store,retail,448140,Ross Dress for Less,"8213 Hwy 72 W, Madison, AL 35758, USA",(256) 430-2752,https://www.rossstores.com/,34.7491022,-86.7581529,4.2,715.0,ChIJQzjr_GVmYogRZzbbmQBWC8k,"clothing_store, department_store, shoe_store, store, point_of_interest, establishment"
"Ardmore, AL",clothing store,retail,448140,H&M,"340 The Brg St NW, Huntsville, AL 35806, USA",(855) 466-7467,https://www2.hm.com/en_us/customer-service/shopping-at-hm/store-locator/usa/huntsville/bridge-street-town-centre/US0273.html?utm_source=google_location&utm_medium=organic&utm_content=US0273&utm_campaign=pi_USQ00AAU0AA004,34.7173909,-86.67313589999999,4.0,322.0,ChIJf3RhgbpuYogR2tP8D0UAuTs,"clothing_store, store, point_of_interest, establishment"
"Ardmore, AL",clothing store,retail,448140,Old Navy,"301 The Bridge St Suite 111, Huntsville, AL 35806, USA",(256) 217-5416,https://oldnavy.gap.com/stores/al/huntsville/oldnavy-5038.html,34.7152365,-86.6737074,3.9,435.0,ChIJ_Res4rpuYogR6gHJw6ZGlos,"clothing_store, store, point_of_interest, establishment"
"Ardmore, AL",clothing store,retail,448210,Rainbow Shops,"6275 University Dr, Huntsville, AL 35806, USA",(256) 971-8969,https://stores.rainbowshops.com/al/huntsville/1090/?utm_source=G&utm_medium=lpm&utm_campaign=RainbowShops,34.7425088,-86.6800682,4.0,153.0,ChIJ-UHQfzhpYogR-B1mWw0ASSY,"shoe_store, jewelry_store, clothing_store, store, point_of_interest, establishment"
"Ardmore, AL",clothing store,retail,452210,T.J. Maxx,"1061 Kelli Dr, Athens, AL 35611, USA",(256) 877-5681,http://www.tjmaxx.com/,34.784129,-86.9361022,3.9,37.0,ChIJ5w43Fl2LYogRLoRIn2D2WrM,"department_store, jewelry_store, clothing_store, store, point_of_interest, establishment"
"Ardmore, AL",clothing store,retail,448140,Anthropologie,"345 The Brg St NW, Huntsville, AL 35806, USA",(256) 327-8470,https://www.anthropologie.com/stores/bridge-st-town-centre-huntsville?utm_medium=organic&utm_source=google&utm_campaign=local&utm_content=506,34.7172871,-86.67374459999999,4.3,118.0,ChIJ_Res4rpuYogRokpBGrjfQwo,"clothing_store, furniture_store, home_goods_store, store, point_of_interest, establishment"
"Ardmore, AL",clothing store,retail,448140,bealls,"1338 Huntsville Hwy, Fayetteville, TN 37334, USA",(931) 297-5038,https://stores.bealls.com/tn/fayetteville/1338-huntsville-hwy,35.1307675,-86.5642046,4.6,64.0,ChIJ3ZuPeCM1YogRH01X00O07fo,"clothing_store, shoe_store, home_goods_store, store, point_of_interest, establishment"
"Ardmore, AL",clothing store,retail,452210,Target,"6275 University Dr NW, Huntsville, AL 35806, USA",(256) 922-0189,https://www.target.com/sl/huntsville-west/1346,34.7411366,-86.68154559999999,4.3,691.0,ChIJS2ocSkZpYogRsNEhH2nd0C8,"department_store, shoe_store, electronics_store, clothing_store, furniture_store, home_goods_store, store, point_of_interest, establishment"
"Ardmore, AL",clothing store,retail,448210,Academy Sports + Outdoors,"2900 Memorial Pkwy SW, Huntsville, AL 35801, USA",(256) 539-1133,https://www.academy.com/storelocator/alabama/huntsville/store-0265,34.7061159,-86.59094759999999,4.4,2424.0,ChIJT-jttPFtYogRwYrCGO6nfns,"shoe_store, clothing_store, store, point_of_interest, establishment"
"Ardmore, AL",clothing store,retail,452210,Target,"2750 Carl T Jones Dr SE Ste 7, Huntsville, AL 35802, USA",(256) 650-3491,https://www.target.com/sl/huntsville-south/1367,34.6732076,-86.54236,4.2,518.0,ChIJ0VX85fgSYogRn86utE9Z_XI,"department_store, shoe_store, electronics_store, clothing_store, furniture_store, home_goods_store, store, point_of_interest, establishment"
"Ardmore, AL",clothing store,retail,448210,Altar'd State Bridge Street,"315 The Bridge St #125, Huntsville, AL 35806, USA",(256) 327-8725,https://www.altardstate.com/?utm_source=google&utm_medium=organic&utm_campaign=website-link,34.7161043,-86.6734887,4.4,97.0,ChIJS5R7_bpuYogR8QnxuOKbUZY,"shoe_store, jewelry_store, clothing_store, store, point_of_interest, establishment"
"Ardmore, AL",clothing store,retail,448140,Citi Trends,"627 US Hwy 72 W, Athens, AL 35611, USA",(256) 444-6399,https://locations.cititrends.com/al/athens/627-us-hwy-72-w.html,34.7885093,-86.97735589999999,4.0,56.0,ChIJR111k4uLYogRqn6VdPiMpRA,"clothing_store, shoe_store, store, point_of_interest, establishment"
"Ardmore, AL",clothing store,retail,448140,Citi Trends,"4710 University Dr Suite #L-02, Huntsville, AL 35816, USA",(256) 991-0554,https://locations.cititrends.com/al/huntsville/4710-university-dr.html,34.7374785,-86.6477227,3.7,96.0,ChIJLyEUmPFrYogRH-OR2AJkjGQ,"clothing_store, shoe_store, store, point_of_interest, establishment"
"Ardmore, AL",clothing store,retail,448140,bealls,"6275 University Dr NW # 6, Huntsville, AL 35806, USA",(256) 971-0023,https://stores.bealls.com/al/huntsville/6275-university-dr-nw,34.7448074,-86.6836075,4.5,244.0,ChIJZYe4QwtpYogRoqDsu2dJJm4,"clothing_store, shoe_store, home_goods_store, store, point_of_interest, establishment"
"Ardmore, AL",clothing store,retail,448210,Mountain High Outfitters,"920 Bob Wallace Ave SW #319, Huntsville, AL 35801, USA",(256) 384-3220,https://mountainhighoutfitters.com/,34.7118389,-86.5885091,4.5,132.0,ChIJGUPu5LBsYogR_DnCgsznm6Y,"shoe_store, clothing_store, store, point_of_interest, establishment"
"Ardmore, AL",clothing store,retail,452210,Dillard's,"2801 Memorial Pkwy SW, Huntsville, AL 35801, USA",(256) 551-0179,https://www.dillards.com/stores/alabama/parkway-place-huntsville/0460,34.7061559,-86.5864434,4.3,1674.0,ChIJGXOkbrZsYogRMnol_SFexHo,"department_store, shoe_store, clothing_store, home_goods_store, store, point_of_interest, establishment"
"Ardmore, AL",clothing store,retail,452210,Kohl's,"7630 Hwy 72 W, Madison, AL 35758, USA",(256) 722-0728,https://www.kohls.com/stores/al/madison-559.shtml?utm_source=google&utm_medium=organic&utm_campaign=local,34.7575659,-86.7348906,4.2,1745.0,ChIJGZAhb5loYogR2WWx9snpaYw,"department_store, store, point_of_interest, establishment"
"Ardmore, AL",clothing store,retail,448140,Oxford Street Menswear,"Town Center, 320 The Bridge St #100, Huntsville, AL 35806, USA",(256) 704-2010,https://oxfordstreetmw.com/,34.715998,-86.67279479999999,4.4,224.0,ChIJRWA25LpuYogRFSFla0lIed4,"clothing_store, store, point_of_interest, establishment"
"Ardmore, AL",clothing store,retail,448140,America's Thrift Stores & Donation Center,"2009 Drake Ave SW, Huntsville, AL 35801, USA",(938) 238-2360,https://americasthrift.com/,34.7032359,-86.5900642,4.2,262.0,ChIJoSn4JINtYogRSPcW8SA0XmM,"clothing_store, store, point_of_interest, establishment"
"Ardmore, AL",clothing store,retail,448140,Charlotte Russe,"2801 Memorial Pkwy SW, Huntsville, AL 35801, USA",(256) 539-9115,https://charlotterusse.com/pages/store-locator,34.70753699999999,-86.586981,3.4,102.0,ChIJGXOkbrZsYogRzhrGleakYoE,"clothing_store, shoe_store, store, point_of_interest, establishment"
"Ardmore, AL",clothing store,retail,448140,Buckle,"365 The Brg St NW Suite 117, Huntsville, AL 35806, USA",(256) 327-5458,https://local.buckle.com/al/huntsville/clothing-486.html?utm_source=Google&utm_medium=Maps&utm_campaign=Google+Places,34.7184429,-86.6738678,4.4,117.0,ChIJ-QdBBbtuYogRhkKN32DEJbU,"clothing_store, shoe_store, store, point_of_interest, establishment"
"Ardmore, AL",clothing store,retail,448210,Dress Up Huntsville,"The Shops at Merchants Walk, 920 Bob Wallace Ave SW #317, Huntsville, AL 35801, USA",(256) 585-2829,http://shopdressup.com/,34.7119782,-86.58856039999999,4.1,33.0,ChIJaffUcbFsYogR0kwmLO5ZP60,"shoe_store, clothing_store, store, point_of_interest, establishment"
"Ardmore, AL",clothing store,retail,448210,LOFT,"340 The Brg St NW, Huntsville, AL 35806, USA",(256) 327-8300,https://www.loft.com/store/al/huntsville/340-the-bridge-street?y_source=1_MTY0MjM4My03MTUtbG9jYXRpb24ud2Vic2l0ZQ%3D%3D,34.7176631,-86.6732609,4.5,35.0,ChIJZ5yiGrtuYogRc4crc4t6peU,"shoe_store, jewelry_store, clothing_store, store, point_of_interest, establishment"
"Ardmore, AL",clothing store,retail,448210,Monkee's of Huntsville,"933 Bob Wallace Ave SW #213, Huntsville, AL 35801, USA",(256) 439-8125,https://monkeesofhuntsville.com/,34.7100351,-86.58911479999999,4.8,43.0,ChIJpePyMm1tYogR5_BTDTcOSCY,"shoe_store, clothing_store, store, point_of_interest, establishment"
"Ardmore, AL",clothing store,retail,448140,Urban Closet Boutique,"2022 Jordan Ln NW D, Huntsville, AL 35816, USA",(256) 337-0821,,34.7513963,-86.6351524,4.8,5.0,ChIJFatFN29rYogR7zvaEBZvpFo,"clothing_store, store, point_of_interest, establishment"
"Ardmore, AL",clothing store,retail,448140,Duluth Trading Company,"100 Angry Beaver Wy, Madison, AL 35758, USA",(256) 850-0809,https://www.duluthtrading.com/locations/?StoreID=055&street-address=100%20Angry%20Beaver%20Way&city=Madison&srccode=WBGMB19,34.675113,-86.745919,4.5,876.0,ChIJY74cdNNV3YkRHH2YHGaC7pQ,"clothing_store, store, point_of_interest, establishment"
"Ardmore, AL",clothing store,retail,448210,Mountain High Outfitters,"325 The Bridge St, Huntsville, AL 35806, USA",(256) 327-8438,https://mountainhighoutfitters.com/,34.715998,-86.674026,4.3,207.0,ChIJ_Res4rpuYogRthrI5C0eho4,"shoe_store, clothing_store, store, point_of_interest, establishment"
"Ardmore, AL",clothing store,retail,448140,Romans Fashion,"1222 Jordan Ln NW Suite A, Huntsville, AL 35816, USA",(256) 533-2006,,34.7409086,-86.6277592,4.6,175.0,ChIJZd6-DJtrYogRonGypXFTfho,"clothing_store, store, point_of_interest, establishment"
"Ardmore, AL",clothing store,retail,448140,Buckle,"2801 Memorial Pkwy SW Suite 281, Huntsville, AL 35801, USA",(256) 518-9855,https://local.buckle.com/al/huntsville/clothing-312.html?utm_source=Google&utm_medium=Maps&utm_campaign=Google+Places,34.7067512,-86.5870987,4.5,72.0,ChIJGXOkbrZsYogRHAXbqBQcEEQ,"clothing_store, shoe_store, store, point_of_interest, establishment"
"Ardmore, AL",clothing store,retail,448140,Windsor,"2801 Memorial Pkwy SW, Huntsville, AL 35801, USA",(888) 495-4957,https://www.windsorstore.com/pages/al-huntsville-parkway-place-mall,34.7070786,-86.5872816,3.9,15.0,ChIJL0ItMI1tYogRz13Bess5i-o,"clothing_store, shoe_store, jewelry_store, store, point_of_interest, establishment"
"Ardmore, AL",clothing store,retail,452210,Belk,"2801 Memorial Pkwy SW, Huntsville, AL 35801, USA",(256) 551-4200,https://www.belk.com/store/belk-huntsville-al--parkway/?StoreID=607,34.708417,-86.58809699999999,4.2,1811.0,ChIJGXOkbrZsYogRueW18-T8o4c,"department_store, shoe_store, clothing_store, home_goods_store, store, point_of_interest, establishment"
"Ardmore, AL",clothing store,retail,452210,Kohl's,"2775 Carl T Jones Dr SE, Huntsville, AL 35802, USA",(256) 883-8809,https://www.kohls.com/stores/al/huntsville-1438.shtml?utm_source=google&utm_medium=organic&utm_campaign=local,34.6748489,-86.53929219999999,4.2,893.0,ChIJfWYiJ_8SYogRVfzYtCKyur8,"department_store, store, point_of_interest, establishment"
"Ardmore, AL",clothing store,retail,448210,DICK'S Sporting Goods,"6890-A Governor's Dr W, Huntsville, AL 35806, USA",(256) 801-3766,https://stores.dickssportinggoods.com/al/huntsville/1207/?seo=localpack,34.7141537,-86.6769606,4.0,329.0,ChIJ8cCxAbtuYogRTrSuXWnUTOU,"bicycle_store, shoe_store, clothing_store, store, point_of_interest, establishment"
"Ardmore, AL",clothing store,retail,448140,Athleta,"300 The Bridge St #140, Huntsville, AL 35806, USA",(256) 585-3900,https://athleta.gap.com/stores/al/huntsville/athleta-486.html,34.7157969,-86.6728313,4.5,15.0,ChIJhWIQuqVvYogRjZ1n-aqTVC0,"clothing_store, store, point_of_interest, establishment"
"Ardmore, AL",clothing store,retail,443142,Roses Discount Store,"200 NW Oakwood Ave #G, Huntsville, AL 35811, USA",(256) 536-3305,https://www.rosesdiscountstores.com/,34.7481765,-86.5811937,3.7,50.0,ChIJM3zS5TVrYogR-NaW-P_PbdQ,"electronics_store, clothing_store, home_goods_store, store, point_of_interest, establishment"
"Ardmore, AL",clothing store,retail,448140,Pants Store Huntsville,"301 Pelham Ave SW, Huntsville, AL 35801, USA",(256) 417-6523,https://pantsstore.com/,34.7231412,-86.5830488,3.9,39.0,ChIJYfTAqatsYogR0SYPNJYeLTU,"clothing_store, shoe_store, store, point_of_interest, establishment"
"Ardmore, AL",clothing store,retail,448140,Plato's Closet - Huntsville,"4851 Whitesburg Dr, Huntsville, AL 35802, USA",(256) 213-9777,https://platoscloset.com/locations/huntsville-al/,34.6921529,-86.5663464,3.6,286.0,ChIJ5fYCSjsTYogRgXuwJDv3jq4,"clothing_store, store, point_of_interest, establishment"
"Ardmore, AL",clothing store,retail,448140,lululemon,"365 The Bridge St Building 330, Suite 110, Huntsville, AL 35806, USA",(256) 904-5914,https://shop.lululemon.com/stores/us/huntsville/merchants-walk?utm_source=organic&utm_medium=local_listings&utm_campaign=GBP,34.7167889,-86.67335469999999,4.0,99.0,ChIJaffUcbFsYogRcGmkOGdmhEI,"clothing_store, store, point_of_interest, establishment"
"Ardmore, AL",clothing store,retail,448140,Hemline Huntsville,"4800 Whitesburg Dr Suite 38, Huntsville, AL 35802, USA",(256) 585-3258,https://shophemlinehuntsville.com/,34.6919822,-86.5702393,4.6,32.0,ChIJr5cp1m0TYogRkIXbRjSxRu4,"clothing_store, store, point_of_interest, establishment"
"Ardmore, AL",clothing store,retail,448210,Brighton,"350 The Brg St NW, Huntsville, AL 35806, USA",(256) 327-8380,https://www.brighton.com/pages/store-huntsville-al-340092?utm_source=google&utm_medium=maps&utm_campaign=BR340092,34.7181234,-86.6731894,4.4,38.0,ChIJQUGaGrtuYogRPRJ9nGIpH9k,"shoe_store, jewelry_store, clothing_store, store, point_of_interest, establishment"
"Ardmore, AL",clothing store,retail,448140,Raising Grace Clothing,"100 Retriever Run, Hazel Green, AL 35750, USA",(352) 601-0124,,34.9352331,-86.5666588,,,ChIJJ2Txg505YogRs_3iAVT1J4c,"clothing_store, store, point_of_interest, establishment"
"Ardmore, AL",clothing store,retail,448140,Factory Connection,"100 US-31 S, Athens, AL 35611, USA",(256) 232-7955,http://www.factory-connection.com/,34.8025805,-86.95409579999999,4.4,78.0,ChIJy7HfaHCLYogRi2eCelnT-s4,"clothing_store, shoe_store, home_goods_store, store, point_of_interest, establishment"
"Ardmore, AL",clothing store,retail,448210,Shades Sunglasses and Casual Apparel,"335 The Bridge St Suite 167, Huntsville, AL 35806, USA",(256) 945-7565,http://shadessunglasses.com/,34.7162482,-86.6741373,4.0,67.0,ChIJrZySXbpuYogRBDZ07PiyKCg,"shoe_store, clothing_store, store, point_of_interest, establishment"
"Ardmore, AL",clothing store,retail,448210,francesca's,"340 The Brg St NW, Huntsville, AL 35806, USA",(256) 382-8023,https://www.francescas.com/,34.717816,-86.6733101,3.5,28.0,ChIJS5R7_bpuYogRkTnvM9KFUhk,"shoe_store, jewelry_store, clothing_store, store, point_of_interest, establishment"
"Ardmore, AL",clothing store,retail,448140,Shoe Fly,"975 Airport Rd SW # M, Huntsville, AL 35802, USA",(256) 881-0002,https://shoeflyclothing.com/,34.690007,-86.5773585,4.5,26.0,ChIJXxJnty0TYogRQnrXqLqX-bo,"clothing_store, store, point_of_interest, establishment"
"Ardmore, AL",clothing store,retail,452210,Belk,"445 The Brg St NW, Huntsville, AL 35806, USA",(256) 722-2400,https://www.belk.com/store/belk-huntsville-al--bridge-street/?StoreID=423,34.7168416,-86.675558,4.2,1403.0,ChIJGdP5GlppYogR68MSpuN-c5M,"department_store, shoe_store, clothing_store, home_goods_store, store, point_of_interest, establishment"
"Ardmore, AL",clothing store,retail,448210,REI,"1035 Mid City Dr, Huntsville, AL 35806, USA",(256) 430-4424,https://www.rei.com/stores/huntsville?y_source=1_MTQ1MTY1NjYtNzE1LWxvY2F0aW9uLndlYnNpdGU%3D,34.7385221,-86.6668588,4.5,259.0,ChIJa_ytVaJpYogRsXWzx7luwHE,"bicycle_store, shoe_store, clothing_store, store, point_of_interest, establishment"
"Ardmore, AL",clothing store,retail,448140,Roosevelt & Co.,"114 Clinton Ave E #102, Huntsville, AL 35801, USA",(256) 203-2440,http://rooseveltandco.com/,34.7313636,-86.5862156,4.9,52.0,ChIJ9_fYsVZrYogRntfVVshHRuY,"clothing_store, store, point_of_interest, establishment"
"Ardmore, AL",convenience store,retail,445120,Circle K BB,"801 Governors Dr SW Mapco #7558, Huntsville, AL 35801, USA",(256) 801-2537,,34.7197242,-86.5915405,2.7,65.0,ChIJSQ2z6jFtYogRfBO7LVtsjao,"convenience_store, store, food, point_of_interest, establishment"
"Ardmore, AL",convenience store,retail,445120,Circle K,"6278 University Dr, Huntsville, AL 35806, USA",(256) 837-2186,https://www.circlek.com/store-locator/US/huntsville/6278-university-dr/2723677?utm_source=google&utm_medium=local&utm_campaign=google-local,34.74604619999999,-86.68229290000001,3.4,152.0,ChIJs5U1ST9pYogRqsNHk6f46NQ,"convenience_store, gas_station, atm, meal_takeaway, finance, store, restaurant, food, point_of_interest, establishment"
"Ardmore, AL",convenience store,retail,445120,Kent Kwik,"2844 Huntsville Hwy, Fayetteville, TN 37334, USA",(931) 438-0424,https://kentkwik.com/,35.0638212,-86.5718378,4.3,95.0,ChIJUZkSRho2YogRZ51AMSNQEic,"gas_station, convenience_store, store, food, point_of_interest, establishment"
"Ardmore, AL",convenience store,retail,445120,Twice Daily,"2001 Winchester Rd NE, Huntsville, AL 35811, USA",(256) 629-6010,http://www.twicedaily.com/,34.814469,-86.4999084,3.0,33.0,ChIJwbVZz8w_YogRWKiPP9cnd2Y,"convenience_store, gas_station, liquor_store, cafe, store, restaurant, food, point_of_interest, establishment"
"Ardmore, AL",convenience store,retail,445120,Papa Jack's,"306 Andrew Jackson Way NE, Huntsville, AL 35801, USA",(256) 534-8898,,34.7394511,-86.5764068,3.8,10.0,ChIJ1yQcNrIUYogROoDW3PL0wD8,"convenience_store, store, food, point_of_interest, establishment"
"Ardmore, AL",convenience store,retail,445120,Shell Food Mart,"12056 US-231 431 N, Meridianville, AL 35759, USA",(256) 828-9253,https://find.shell.com/us/fuel/10010395-12056-highway-231-431-n/en_US,34.863217,-86.57076339999999,5.0,2.0,ChIJQbRK43k_YogR0m_PRVSKrvE,"convenience_store, gas_station, atm, finance, store, food, point_of_interest, establishment"
"Ardmore, AL",convenience store,retail,445120,Circle K,"1582 US-72, Huntsville, AL 35811, USA",(256) 746-8197,http://www.mapcorewards.com/,34.7731615,-86.5371569,3.4,162.0,ChIJucaeyKsVYogRMWCmaIBtgu8,"gas_station, convenience_store, store, restaurant, food, point_of_interest, establishment"
"Ardmore, AL",convenience store,retail,445120,Circle K,"540 Jordan Ln NW, Huntsville, AL 35805, USA",(256) 536-8556,https://www.circlek.com/store-locator/US/huntsville/540-jordan-lane-nw/2723684?utm_source=google&utm_medium=local&utm_campaign=google-local,34.727194,-86.62697399999999,3.1,62.0,ChIJwZEoonhsYogRuZZlkF7Mru4,"convenience_store, atm, meal_takeaway, finance, store, restaurant, food, point_of_interest, establishment"
"Ardmore, AL",convenience store,retail,445120,Super Value Grocery,"8286 Wall Triana Hwy, Harvest, AL 35749, USA",(256) 830-5506,,34.8304857,-86.7494857,4.4,81.0,ChIJb-Rl1k9dYogRGvetWlic-C0,"convenience_store, supermarket, grocery_or_supermarket, store, food, point_of_interest, establishment"
"Ardmore, AL",convenience store,retail,445120,Northside Store,"5160 Blue Spring Rd NW, Huntsville, AL 35810, USA",(256) 859-9989,,34.7925084,-86.5980371,,,ChIJ2cAJh8BqYogR8qLuExM-VdM,"convenience_store, store, food, point_of_interest, establishment"
"Ardmore, AL",convenience store,retail,445120,TWICE DAILY,"8426 Hwy 72 W, Madison, AL 35758, USA",(938) 222-0225,https://www.twicedaily.com/location/twice-daily-115-graphics-drive/,34.7497639,-86.76670299999999,3.5,27.0,ChIJFSoXwjZnYogR4wnK709qU-M,"convenience_store, store, food, point_of_interest, establishment"
"Ardmore, AL",convenience store,retail,445120,(Circle S Food Store Inc,"3726 Blue Spring Rd NW, Huntsville, AL 35810, USA",(256) 859-5817,,34.77212129999999,-86.59849009999999,4.0,2.0,ChIJT2zVmN9qYogRQx7vsslxJvw,"convenience_store, store, food, point_of_interest, establishment"
"Ardmore, AL",convenience store,retail,445120,Corner Market,"16540 W College St, Pulaski, TN 38478, USA",(931) 424-7192,,35.2054949,-87.0632892,3.9,341.0,ChIJEWxxuDQdY4gRRnSuZ5TYoKs,"convenience_store, store, food, point_of_interest, establishment"
"Ardmore, AL",convenience store,retail,445120,Circle K,"271 US-31, Athens, AL 35611, USA",(256) 233-8363,https://www.circlek.com/store-locator/US/athens/271-us-hwy-31-n/2704393,34.8063984,-86.9505863,3.9,140.0,ChIJ15dlb5yLYogR-WVdEvcM0AI,"convenience_store, gas_station, store, food, point_of_interest, establishment"
"Ardmore, AL",convenience store,retail,445120,Kent Kwik,"1638 Huntsville Hwy, Fayetteville, TN 37334, USA",(931) 438-8905,https://kentkwik.com/,35.12371359999999,-86.56536779999999,5.0,1.0,ChIJX_mKuGg1YogRJ-j493stFhE,"gas_station, convenience_store, store, food, point_of_interest, establishment"
"Ardmore, AL",convenience store,retail,445120,Hi & Bye,"1449 Oshaughnessy Ave NE, Huntsville, AL 35801, USA",(256) 489-0912,,34.7429864,-86.567844,4.7,50.0,ChIJB8uQgrkUYogRrkswci7NGSc,"convenience_store, store, food, point_of_interest, establishment"
"Ardmore, AL",convenience store,retail,445120,MinitMan Food Stores,"3315 Governors Dr SW, Huntsville, AL 35805, USA",(256) 533-3290,,34.71986,-86.6116256,4.0,5.0,ChIJOWJNxIRsYogRUTsrQh4BC0U,"convenience_store, gas_station, food, store, point_of_interest, establishment"
"Ardmore, AL",convenience store,retail,445120,RaceTrac,"3725 AL-53, Huntsville, AL 35806, USA",(470) 225-4849,https://www.racetrac.com/Locations/Detail/482?utm_source=google&utm_medium=organic&utm_campaign=gmb-listing,34.7913018,-86.6686098,2.9,96.0,ChIJt3OTUYxpYogR4naqlev6Uas,"cafe, convenience_store, gas_station, liquor_store, meal_takeaway, restaurant, food, store, point_of_interest, establishment"
"Ardmore, AL",convenience store,retail,445120,MinitMan Food Stores,"3490 Wall Triana Hwy SW, Huntsville, AL 35824, USA",(256) 772-8100,,34.6704985,-86.75283,4.5,2.0,ChIJS8jbSW9lYogR6JBy1YL89ow,"convenience_store, gas_station, food, store, point_of_interest, establishment"
"Ardmore, AL",convenience store,retail,445120,String Field Corner Store,"4001 Pulaski Pike NW, Huntsville, AL 35810, USA",(256) 489-3464,,34.779267,-86.61708209999999,4.0,7.0,ChIJhRt9DflqYogRdNcQMeIw0Ho,"convenience_store, food, store, point_of_interest, establishment"
"Ardmore, AL",convenience store,retail,445120,RaceTrac,"1855 US-72, Huntsville, AL 35811, USA",(404) 829-6316,https://www.racetrac.com/locations/alabama/huntsville/72-~-shields,34.7734089,-86.5255833,3.2,71.0,ChIJx2A_5McVYogR78g1jfZBCrY,"cafe, convenience_store, gas_station, liquor_store, meal_takeaway, restaurant, food, store, point_of_interest, establishment"
"Ardmore, AL",convenience store,retail,445120,Texaco,"307 Andrew Jackson Way NE, Huntsville, AL 35801, USA",(256) 551-0622,https://www.texaco.com/content/texaco/en_us/home/find-a-station.html?/station/851-RYLAND-PIKE-HUNTSVILLE-AL-35811-id354591,34.739538,-86.57707400000001,4.7,20.0,ChIJiyjiQ7IUYogRmmLOHqqS_yk,"gas_station, convenience_store, food, store, point_of_interest, establishment"
"Ardmore, AL",convenience store,retail,445120,Dollar General,"4991 Winchester Rd, New Market, AL 35761, USA",(256) 469-1170,https://www.dollargeneral.com/store-directory/al/new-market/6474,34.893042,-86.43350079999999,4.0,329.0,ChIJaQ8AAqQ8YogRCl_-cxhD4k4,"drugstore, convenience_store, grocery_or_supermarket, health, food, store, point_of_interest, establishment"
"Ardmore, AL",convenience store,retail,445120,Little Green Store,"400 Joe Quick Rd, Hazel Green, AL 35750, USA",(256) 693-4204,,34.9317872,-86.55928790000002,4.4,20.0,ChIJ9-_q5-w4YogRiC8_wA7Fjfc,"convenience_store, food, store, point_of_interest, establishment"
"Ardmore, AL",convenience store,retail,445120,Shell,"2599 Sparkman Dr NW, Huntsville, AL 35810, USA",(256) 851-6403,https://find.shell.com/us/fuel/10010360-2599-sparkman-dr-nw/en_US,34.7630168,-86.59856200000002,3.5,69.0,ChIJNYPXViJrYogRqA_cjUOzlME,"gas_station, convenience_store, food, store, point_of_interest, establishment"
"Ardmore, AL",convenience store,retail,445120,Chevron,"3310 Meridian St N, Huntsville, AL 35811, USA",(256) 536-0351,http://www.chevronwithtechron.com/stations/station-finder.aspx,34.7683149,-86.5721512,3.8,10.0,ChIJ6ZOisdcUYogR-yXuKe3ynVs,"gas_station, convenience_store, car_repair, food, store, point_of_interest, establishment"
"Ardmore, AL",convenience store,retail,445120,MAPCO,"8890 Hwy 72 W, Madison, AL 35758, USA",(256) 830-6756,https://www.mapcorewards.com/,34.74832,-86.7854639,3.4,45.0,ChIJA9H8X4lmYogRn0IZPMVNfBU,"convenience_store, gas_station, food, store, point_of_interest, establishment"
"Ardmore, AL",convenience store,retail,445120,Twice Daily,"115 Graphics Dr, Madison, AL 35758, USA",(256) 850-4090,https://twicedaily.com/,34.6707323,-86.7515237,3.7,78.0,ChIJEyiLZJllYogR5lYqLI4coCg,"convenience_store, food, store, point_of_interest, establishment"
"Ardmore, AL",convenience store,retail,445120,Quik Mart Convenience Stores,"830 Mill St, Pulaski, TN 38478, USA",(931) 363-4284,http://quikmart.com/,35.1908512,-87.04713819999999,4.2,14.0,ChIJUxSYTZQCY4gRh9uKwOZ5E-c,"gas_station, convenience_store, meal_takeaway, restaurant, food, store, point_of_interest, establishment"
"Ardmore, AL",convenience store,retail,445120,Town Square Market CITGO,"227 S 1st St, Pulaski, TN 38478, USA",(931) 424-3315,,35.1969894,-87.0314215,4.3,102.0,ChIJAzALm40CY4gRnKAcvRW6fYU,"convenience_store, gas_station, food, store, point_of_interest, establishment"
"Ardmore, AL",convenience store,retail,445120,E-Z Mart,"5990 Pulaski Pike NW, Huntsville, AL 35810, USA",(256) 859-5590,http://e-zmart.com/,34.7927954,-86.61577919999999,4.5,4.0,ChIJBRwGqPRqYogRvvdLhxeaVLQ,"convenience_store, atm, gas_station, food, store, point_of_interest, finance, establishment"
"Ardmore, AL",convenience store,retail,445120,Twice Daily,"22048 US Hwy 72 E, Athens, AL 35613, USA",(256) 850-1077,https://twicedaily.com/,34.7808065,-86.9294561,3.5,38.0,ChIJl0thMZmLYogRM96nDccWf3E,"convenience_store, food, store, point_of_interest, establishment"
"Ardmore, AL",convenience store,retail,445120,MinitMan Food Stores,"6150 University Dr, Huntsville, AL 35806, USA",(256) 837-1560,,34.7447994,-86.6780076,2.5,6.0,ChIJUUtU2UZpYogRileG0471EXI,"convenience_store, gas_station, food, store, point_of_interest, establishment"
"Ardmore, AL",convenience store,retail,445120,MinitMan Food Stores,"4001 University Dr NW, Huntsville, AL 35816, USA",(256) 837-7150,,34.7344339,-86.628137,3.0,3.0,ChIJDwnaSYRrYogRzCoxD4zgtDA,"convenience_store, gas_station, food, store, point_of_interest, establishment"
"Ardmore, AL",convenience store,retail,445120,Kent Kwik,"1709 US-64, Fayetteville, TN 37334, USA",(931) 433-7101,https://kentkwik.com/,35.1575174,-86.5951436,3.0,3.0,ChIJi0fvuvZvU4gRzpwtjDze-Ec,"gas_station, convenience_store, food, store, point_of_interest, establishment"
"Ardmore, AL",convenience store,retail,445120,MAPCO,"624 Jeff Rd NW, Huntsville, AL 35806, USA",(256) 837-9276,https://www.mapcorewards.com/,34.7723148,-86.71440539999999,4.3,50.0,ChIJX4NtTPZoYogRL7DiU6VlUSE,"convenience_store, gas_station, store, food, point_of_interest, establishment"
"Ardmore, AL",convenience store,retail,445120,Dollar General,"1604 Winchester Rd NE, Huntsville, AL 35811, USA",(256) 666-4203,https://www.dollargeneral.com/store-directory/al/huntsville/24282,34.8077669,-86.5140789,4.1,321.0,ChIJVUQTp_YVYogRMYdEgQSFSE4,"drugstore, convenience_store, grocery_or_supermarket, health, store, food, point_of_interest, establishment"
"Ardmore, AL",convenience store,retail,445120,Shell,"4001 University Dr NW, Huntsville, AL 35816, USA",(256) 837-7150,https://find.shell.com/us/fuel/10010357-4001-university-dr-nw/en_US,34.7346188,-86.6280263,3.4,44.0,ChIJ7bPQSYRrYogRGgK8uTSZAo8,"gas_station, convenience_store, store, food, point_of_interest, establishment"
"Ardmore, AL",convenience store,retail,445120,Bailey Cove Chevron,"7525 Bailey Cove Rd SE, Huntsville, AL 35802, USA",(256) 880-6626,https://www.chevronwithtechron.com/station,34.6708586,-86.5387799,3.2,12.0,ChIJhYZk8VcSYogRGa0MxTsH-lA,"convenience_store, gas_station, store, food, point_of_interest, establishment"
"Ardmore, AL",convenience store,retail,445120,MAPCO,"801 S S Jefferson St, Athens, AL 35611, USA",(256) 233-1770,https://www.mapcorewards.com/,34.7947674,-86.9712323,3.8,48.0,ChIJ94DyV2-LYogR2snxFhSv0OY,"convenience_store, gas_station, store, food, point_of_interest, establishment"
"Ardmore, AL",convenience store,retail,445120,Chevron Huntsville,"801 Airport Rd SW, Huntsville, AL 35802, USA",(256) 881-1273,http://chevronwithtechron.com/station,34.6908301,-86.57457099999999,3.3,25.0,ChIJWXzqaC4TYogRVZ_0AKBn7oU,"gas_station, convenience_store, car_wash, car_repair, store, food, point_of_interest, establishment"
"Ardmore, AL",convenience store,retail,445120,Shell,"6150 University Dr NW, Huntsville, AL 35806, USA",(256) 837-1560,https://find.shell.com/us/fuel/10010362-6150-university-dr-nw/en_US,34.7448018,-86.67802619999999,3.0,53.0,ChIJv5ZexUZpYogRo4ehefby6Ek,"gas_station, convenience_store, store, food, point_of_interest, establishment"
"Ardmore, AL",convenience store,retail,445120,Athens Food Mart 2,"210 W Elm St, Athens, AL 35611, USA",(256) 232-6229,,34.8197236,-86.9715169,3.8,19.0,ChIJb91PAkyLYogRghEc8g2x2AQ,"convenience_store, store, food, point_of_interest, establishment"
"Ardmore, AL",convenience store,retail,445120,MinitMan Food Stores,"4000 Holmes Ave NW, Huntsville, AL 35816, USA",(256) 837-1685,,34.7278853,-86.6281463,2.3,3.0,ChIJSZSufodrYogRM3J0UxTa-ss,"convenience_store, gas_station, store, food, point_of_interest, establishment"
"Ardmore, AL",convenience store,retail,445120,Dollar General,"495 Old Jim Williams Rd SW, Huntsville, AL 35824, USA",(256) 666-4007,https://www.dollargeneral.com/store-directory/al/huntsville/17138,34.6488009,-86.74313029999999,4.3,171.0,ChIJUWB-U1ZlYogRohzkO0oNLfk,"drugstore, convenience_store, grocery_or_supermarket, health, store, food, point_of_interest, establishment"
"Ardmore, AL",convenience store,retail,445120,Kent Kwik,"3010 Thornton Taylor Pkwy, Fayetteville, TN 37334, USA",(931) 438-0900,https://kentkwik.com/,35.1485715,-86.5609892,2.0,4.0,ChIJH6X46DA1YogRzQ6I9s957Fg,"gas_station, convenience_store, store, food, point_of_interest, establishment"
"Ardmore, AL",convenience store,retail,445120,Dollar General,"1210 N Jefferson St, Athens, AL 35611, USA",(256) 867-1945,https://www.dollargeneral.com/store-directory/al/athens/5836,34.8151236,-86.97144929999999,4.1,301.0,ChIJ1fCp50-LYogROqr2SwbWhdg,"drugstore, convenience_store, grocery_or_supermarket, health, store, food, point_of_interest, establishment"
"Ardmore, AL",convenience store,retail,445120,Circle K,"11990 County Line Rd, Madison, AL 35756, USA",(256) 850-4871,https://www.circlek.com/store-locator/US/madison/11990-county-line-rd/2707201,34.7278576,-86.78714699999999,2.0,27.0,ChIJl9cxZylkYogRNJBzMNzGQis,"convenience_store, store, food, point_of_interest, establishment"
"Ardmore, AL",convenience store,retail,445310,Discount Daddies deli store and 53 Spirit,"3490 Al-53N, Huntsville, AL 35806, USA",(256) 213-7035,https://www.instagram.com/__53__spirit__liqour__?igsh=eWY0ajIxNXhvNDcz,34.7856434,-86.6621282,4.4,15.0,ChIJfS-JRohpYogRsYtC5f2sIKA,"liquor_store, gas_station, convenience_store, store, food, point_of_interest, establishment"
"Ardmore, AL",convenience store,retail,445120,MinitMan Food Stores,"17785 US-72, Athens, AL 35611, USA",(256) 233-1963,,34.7913126,-87.0041213,2.8,4.0,ChIJuSb69fKMYogRc7s5rJlBEqM,"convenience_store, gas_station, store, food, point_of_interest, establishment"
"Ardmore, AL",convenience store,retail,445120,Walmart Fuel,"14595 Hwy 231-431 N, Hazel Green, AL 35750, USA",(256) 828-0486,https://www.walmart.com/store/6878-hazel-green-al/fuel-convenience?veh=seo_loc,34.9465704,-86.57241379999999,4.4,242.0,ChIJX6iJh4c4YogRWXFznargELg,"gas_station, atm, convenience_store, finance, store, food, point_of_interest, establishment"
"Ardmore, AL",wholesale,retail,,The H.T. Hackney Co.,"2836 Dug Hill Rd, Huntsville, AL 35811, USA",(256) 859-3770,https://www.hthackney.com/,34.76320219999999,-86.4728937,4.2,13.0,ChIJn-YEoPYWYogR4JTg3rOOM6c,"food, point_of_interest, establishment"
"Ardmore, AL",wholesale,retail,445110,Pilaroc Farms,"178 Patrick Rd, Fayetteville, TN 37334, USA",(931) 814-0312,https://rocktotable.com/,35.0520714,-86.56101679999999,5.0,47.0,ChIJ3R8kPWi1Y4gRCmNTnBRFgMc,"grocery_or_supermarket, school, food, point_of_interest, store, establishment"
"Ardmore, AL",wholesale,retail,,CStoreMaster,"6210 Mastin Lake Rd NE, Huntsville, AL 35816, USA",(844) 392-7867,http://cstoremaster.com/,34.772398,-86.6474836,4.2,67.0,ChIJdaOV3n1rYogRmrQaytk6NlQ,"point_of_interest, establishment"
"Ardmore, AL",wholesale,retail,,Buckley Farm,"25 Boonshill Rd, Fayetteville, TN 37334, USA",(931) 307-9009,https://www.buckleyfarm.us/,35.1601841,-86.5940944,4.9,41.0,ChIJ6caDxY1LYogR-YfO4sE5uB8,"bakery, food, point_of_interest, store, establishment"
"Ardmore, AL",wholesale,retail,,Halsey Cash Carry,"300 Jefferson St N, Huntsville, AL 35801, USA",(256) 539-0749,http://www.halseyfoodservice.com/contact.html,34.7332857,-86.588,3.7,39.0,ChIJnZ7LH1FrYogRvfaKc7iC0a4,"finance, point_of_interest, food, establishment"
"Ardmore, AL",wholesale,retail,,Smart Warehouse,"1003 Putman Dr NW, Huntsville, AL 35816, USA",(256) 836-6929,http://www.swh420.com/,34.7359064,-86.63745139999999,5.0,5.0,ChIJkyUqkf9rYogRsxV85F6oY_Q,"store, point_of_interest, establishment"
"Ardmore, AL",wholesale,retail,,Forestwood Farm Inc,"2105 Langford Ave NW, Huntsville, AL 35805, USA",(256) 536-9083,http://www.forestwood.com/,34.7269532,-86.5983502,4.5,15.0,ChIJn7yThl9rYogRBiZqQ_p7dtQ,"point_of_interest, food, establishment"
"Ardmore, AL",wholesale,retail,,Liberated Specialty Foods,"9048 Segers Rd, Madison, AL 35756, USA",,,34.6862463,-86.8155024,3.7,13.0,ChIJUVXFGIdkYogRPKjwyIFWT84,"point_of_interest, food, establishment"
"Ardmore, AL",wholesale,retail,,Steelcase Inc,"214 Durham Dr, Athens, AL 35611, USA",(256) 232-8112,https://www.steelcase.com/,34.7655744,-86.97474989999999,3.7,22.0,ChIJcURu646LYogR1wSFINjlXqg,"point_of_interest, establishment"
"Ardmore, AL",wholesale,retail,,Madison Lumber,"206 Wholesale Ave NE, Huntsville, AL 35811, USA",(800) 239-5020,,34.7727622,-86.5653762,4.8,8.0,ChIJoZ6wJyEVYogRmKD1XFqO004,"point_of_interest, establishment"
"Ardmore, AL",wholesale,retail,,Inergy Solutions,"1862 Sparkman Dr NW, Huntsville, AL 35816, USA",(256) 801-9825,http://inergysolutions.net/,34.752913,-86.642618,4.9,28.0,ChIJgQ22PZBrYogRalfdLb6SAao,"point_of_interest, establishment"
"Ardmore, AL",wholesale,retail,,AlaBev (North Alabama Division),"114 Wholesale Ave NE, Huntsville, AL 35811, USA",(205) 942-9403,https://www.alabev.com/,34.7725246,-86.5671966,5.0,2.0,ChIJtWpMAycVYogRkcaDEVSPrXA,"point_of_interest, food, establishment"
"Ardmore, AL",wholesale,retail,,L & L Lumber Inc,"109A Wholesale Ave NE, Huntsville, AL 35811, USA",(256) 533-9220,http://www.landllumber.com/,34.7730871,-86.5683959,4.7,6.0,ChIJGWYcWCgVYogRzcQZlXa2H-4,"point_of_interest, establishment"
"Ardmore, AL",wholesale,retail,,Sulphur Rock Farm,"180 Sulphur Springs Rd, Fayetteville, TN 37334, USA",(931) 993-0638,,35.223363,-86.66699,5.0,2.0,ChIJp9Rz1xGzY4gRZ9u4UpLpcik,"point_of_interest, food, establishment"
"Ardmore, AL",wholesale,retail,,Freddie Louis Auto Accessories,"111 Import Cir NW, Huntsville, AL 35806, USA",(256) 858-9221,http://www.freddielouis.com/,34.7783318,-86.66237660000002,4.2,86.0,ChIJ7yOINYdpYogR1GNLO8VCv4I,"point_of_interest, establishment"
"Ardmore, AL",wholesale,retail,445110,C&H Cattle co.,"723 John Hicks Rd, Hazel Green, AL 35750, USA",(256) 509-1441,https://chcattleco.org/,34.9851511,-86.65942900000002,5.0,6.0,ChIJ8UEEAlVHYogRiomXTpnSlDo,"grocery_or_supermarket, store, point_of_interest, food, establishment"
"Ardmore, AL",wholesale,retail,,Harvest Farm Blueberries,"297 Ford Chapel Dr, Harvest, AL 35749, USA",(256) 864-0814,http://www.fma.alabama.gov/mapmarkets.aspx?County=MADISON&OrgType=UPick,34.8408694,-86.7317095,5.0,1.0,ChIJU6lIK8ZDYogRr-GyAhGxD3c,"point_of_interest, establishment"
"Ardmore, AL",wholesale,retail,,Wittichen Supply Co,"1112 US-31, Athens, AL 35611, USA",(256) 230-6922,http://wittichen-supply.com/locations/athens-store/,34.7805963,-86.957448,4.9,10.0,ChIJ-8kb8QmLYogRW_8Q3RvpVaQ,"point_of_interest, establishment"
"Ardmore, AL",wholesale,retail,442110,ProSource of Huntsville,"147-D Westchester Rd, Madison, AL 35758, USA",(256) 376-1175,https://prosourcewholesale.com/showrooms/al-prosource-of-huntsville,34.678007,-86.76432489999999,4.8,38.0,ChIJH0404hhlYogR42r9QmH20Qo,"furniture_store, home_goods_store, general_contractor, store, point_of_interest, establishment"
"Ardmore, AL",wholesale,retail,,Cornerstone Supply Inc,"340 Production Ave, Madison, AL 35758, USA",(256) 461-4147,http://cornerstone-supply.com/,34.673486,-86.7755409,5.0,1.0,ChIJFXYioBtlYogR-GWVjc9OkqY,"point_of_interest, establishment"
"Ardmore, AL",wholesale,retail,,Xyz Inc,"701 NW Oakwood Ave, Huntsville, AL 35811, USA",(256) 585-3008,,34.74909299999999,-86.59310459999999,5.0,1.0,ChIJD2jvezhrYogRth7cNtXIzWE,"point_of_interest, establishment"
"Ardmore, AL",wholesale,retail,,Posey & Son Nursery,"1516 Mulberry Rd, Hazel Green, AL 35750, USA",(256) 828-7686,,34.985203,-86.5350787,4.0,1.0,ChIJ83aSIdQ5YogRsFgV5G7l8pY,"point_of_interest, establishment"
"Ardmore, AL",wholesale,retail,,Survivin2Thrivin,"1460 Paramount Dr APT 2C, Huntsville, AL 35806, USA",(256) 468-8785,https://homeschoolingmarket.com/,34.752744,-86.69841749999999,,,ChIJc_OGiJ1pYogRtcH8eyclVUI,"point_of_interest, establishment"
"Ardmore, AL",wholesale,retail,448140,Armypaul45yt merch and merchandise store,"25921 Putman Cir, Elkmont, AL 35620, USA",(731) 612-3590,,34.9325126,-86.8802463,,,ChIJf5uGgkZZYogR62bllPqT10E,"clothing_store, store, point_of_interest, establishment"
"Ardmore, AL",wholesale,retail,,Eden Fresh Natural Products LLC,"2615 University Dr NW A, Huntsville, AL 35816, USA",(404) 666-1626,http://www.edenfresh.org/,34.7365697,-86.6073773,,,ChIJyw0Xd0RrYogRGAUlg9oL4Fg,"store, point_of_interest, establishment"
"Ardmore, AL",wholesale,retail,,Wales Station Nursery,"555 Morrow Ln, Pulaski, TN 38478, USA",(931) 363-6868,http://www.walesstationnursery.com/,35.1667327,-87.0255584,5.0,5.0,ChIJxwGvAekcY4gR5T2ZTpiJgBY,"store, point_of_interest, establishment"
"Ardmore, AL",distributor,retail,,Gulf Distributing of Alabama,"5860 Endeavor Way, Tanner, AL 35671, USA",,https://gulfdistributing.com/,34.6393874,-86.8991904,2.8,62.0,ChIJMYUx2vt9YogRAQrUzl5aKyE,"point_of_interest, establishment"
"Ardmore, AL",distributor,retail,,Supreme Beverage Co Inc,"5860 Endeavor Way, Tanner, AL 35671, USA",(256) 534-1482,http://www.supremebeverage.com/,34.6395497,-86.8992201,4.0,34.0,ChIJAQAAAF9rYogRM_3_d_8wRG0,"point_of_interest, establishment"
"Ardmore, AL",distributor,retail,,Sun-Drop Bottling Co Inc,"340 Industrial Blvd, Pulaski, TN 38478, USA",(931) 363-4561,http://www.sundropbottling.com/,35.2219294,-87.0645124,4.3,31.0,ChIJxce-I9MCY4gRvwpj9uBy0iE,"point_of_interest, establishment"
"Ardmore, AL",distributor,retail,,Buffalo Rock Co,"12738 AL-20, Madison, AL 35756, USA",(256) 837-3531,https://www.buffalorock.com/,34.654823,-86.81127219999999,3.8,62.0,ChIJ-6la3R1sYogRkzTmiU1UK4k,"point_of_interest, establishment"
"Ardmore, AL",distributor,retail,445310,Vices Beverages at County Line,"12060 County Line Rd Suite E-1, Madison, AL 35756, USA",(256) 233-8402,,34.7295254,-86.7877046,4.6,57.0,ChIJMWZZmClkYogRnorhb5UAdjQ,"liquor_store, point_of_interest, store, establishment"
"Ardmore, AL",distributor,retail,,Cardin Distributing Co Inc,"1219 W College St, Pulaski, TN 38478, USA",(931) 363-4583,,35.2015238,-87.05347259999999,4.4,8.0,ChIJNdqYHcgCY4gRHf0CRROKPQ8,"point_of_interest, establishment"
"Ardmore, AL",distributor,retail,445310,Windmill Beverages,"3764 Wall Triana Hwy SW # A, Madison, AL 35758, USA",(256) 464-0860,https://windmillbev.com/,34.6799297,-86.75235769999999,4.4,233.0,ChIJy0mvUW9lYogRHZQwLk8-iUE,"liquor_store, point_of_interest, store, establishment"
"Ardmore, AL",distributor,retail,445310,Vices Beverages at South Parkway,"4060 Memorial Pkwy SW, Huntsville, AL 35802, USA",(256) 882-7748,http://www.liquorstorehuntsville.com/,34.6792013,-86.577227,4.6,245.0,ChIJ-62lUtQSYogRPBTQVCg8wuA,"liquor_store, point_of_interest, store, establishment"
"Ardmore, AL",distributor,retail,445310,Windmill Beverages,"3022 S Memorial Pkwy #100, Huntsville, AL 35801, USA",(256) 881-4496,https://windmillbev.com/locations/,34.7025472,-86.5877981,4.6,168.0,ChIJheqYKshsYogRqVThNNfC-QU,"liquor_store, point_of_interest, store, establishment"
"Ardmore, AL",distributor,retail,445310,Athens Beverage Co,"614 US-31, Athens, AL 35611, USA",(256) 216-8045,,34.7916733,-86.9567644,4.3,257.0,ChIJNbfg4xGLYogR_qiixQMj8mg,"liquor_store, point_of_interest, store, establishment"
"Ardmore, AL",distributor,retail,,Graybar,"5734 Research Park Blvd NW, Huntsville, AL 35806, USA",(256) 536-6651,https://www.graybar.com/store-finder?utm_source=rioseo&utm_medium=organic&utm_content=google-locations&utm_campaign=rioseo-HUAL&cm_mmc=rioseo:organic-_-google-_-locations-_-HUAL,34.7721418,-86.6719638,4.5,16.0,ChIJ96SH12RrYogRbzSVCTEER6k,"point_of_interest, store, establishment"
"Ardmore, AL",distributor,retail,,"Sundrop Bottling Co, Inc.","195 Long St, Pulaski, TN 38478, USA",(931) 424-7311,http://www.sundropbottling.com/,35.2108758,-87.05266019999999,4.7,17.0,ChIJ0UbXeMUCY4gRTGBOyKgzqC8,"point_of_interest, establishment"
"Ardmore, AL",distributor,retail,,Cherokee Distributing,"121 Bennett Dr, Pulaski, TN 38478, USA",,https://www.cherokeedistributing.com/,35.2082397,-87.0607869,,,ChIJVVWV7MwCY4gR44JjAjwMdM4,"point_of_interest, establishment"
"Ardmore, AL",distributor,retail,,Turner Beverage Co,"1935 Max Luther Dr NW, Huntsville, AL 35811, USA",(256) 852-2183,http://www.turnerbeverage.com/,34.7572095,-86.5892468,4.9,17.0,ChIJLbyjYDBrYogRlQu83iqmxi0,"point_of_interest, establishment"
"Ardmore, AL",distributor,retail,,DDD Distributing Inc,"175 Placid Dr, Harvest, AL 35749, USA",(256) 337-5013,,34.840803,-86.734937,5.0,1.0,ChIJKxlkJ7ZCYogRcgq9OVrqB7Y,"point_of_interest, establishment"
"Ardmore, AL",distributor,retail,,Halsey Food Service,"401 Lanier Rd, Madison, AL 35758, USA",(256) 772-9691,http://www.halseyfoodservice.com/,34.6921392,-86.7398242,4.1,54.0,ChIJPUwC_n1vYogRZ36-gl2oXVE,"point_of_interest, food, establishment"
"Ardmore, AL",distributor,retail,,Turner Beverage Company,"2495 Washington St NW, Huntsville, AL 35811, USA",,https://turnerbeverage.com/,34.753689,-86.5890429,,,ChIJo2BURQtrYogRpgi9RzwItCc,"point_of_interest, establishment"
"Ardmore, AL",distributor,retail,,Baker Distributing Company,"108 Skylab Dr NW, Huntsville, AL 35806, USA",(256) 830-0998,http://www.bakerdist.com/,34.7829236,-86.6666454,4.7,9.0,ChIJnaJRzJFrYogRzXlng2eCdVs,"point_of_interest, establishment"
"Ardmore, AL",distributor,retail,,Weathertech Huntsville,"1049 Putman Dr NW, Huntsville, AL 35816, USA",(256) 837-7773,http://www.weathertech.net/,34.73969450000001,-86.6379013,4.4,46.0,ChIJjTA0c5JrYogRcNSBpU7YGMU,"general_contractor, point_of_interest, establishment"
"Ardmore, AL",distributor,retail,,Beacon Building Products,"579 Plummer Rd, Huntsville, AL 35806, USA",(256) 361-0912,http://www.becn.com/,34.7731399,-86.67032619999999,4.7,30.0,ChIJSZsSDjNpYogRni7f_Dpy7Pg,"home_goods_store, store, point_of_interest, establishment"
"Ardmore, AL",distributor,retail,,"Eastern Industrial Supplies, Inc.","1001 Meridian St N, Huntsville, AL 35801, USA",(256) 534-7473,http://easternfirst.com/,34.7434938,-86.58563559999999,4.9,11.0,ChIJ8a39U0lrYogRxg23jVV6AOE,"store, point_of_interest, establishment"
"Ardmore, AL",distributor,retail,,City Electric Supply Huntsville Al,"4800a Commercial Dr NW, Huntsville, AL 35816, USA",(256) 895-8591,http://www.cityelectricsupply.com/branch/242,34.7407781,-86.6352277,5.0,5.0,ChIJBwlIkJFrYogRnfUUwm7nOog,"store, point_of_interest, establishment"
"Ardmore, AL",distributor,retail,,Mid South Distributing,"121 Bennett Dr, Pulaski, TN 38478, USA",(931) 363-2689,,35.2082599,-87.0607502,5.0,1.0,ChIJ0Zbw09ECY4gRmTYruKt2I1s,"point_of_interest, establishment"
"Ardmore, AL",food distributor,retail,,Frito-Lay Inc,"101 Industrial Blvd, Fayetteville, TN 37334, USA",(931) 433-3800,https://www.fritolay.com/,35.1569666,-86.5099366,3.1,245.0,ChIJ5071J640YogRWQl5HoHI4_A,"food, point_of_interest, establishment"
"Ardmore, AL",food distributor,retail,,Frito-Lay,"298 Industrial Blvd, Pulaski, TN 38478, USA",(931) 363-4531,https://www.fritolay.com/,35.215717,-87.06020269999999,4.0,90.0,ChIJxce-I9MCY4gRs5Eq9qPa_dA,"food, point_of_interest, establishment"
"Ardmore, AL",food distributor,retail,,"Wide Open Foods Bottling Facility 1624 Huntsville Hwy, Fayetteville TN 37334","1624 Huntsville Hwy, Fayetteville, TN 37334, USA",(615) 500-9031,http://www.wideopenfoods.com/,35.1247227,-86.565135,5.0,2.0,ChIJKV63MXg1YogR2DCw111q-9s,"food, point_of_interest, establishment"
"Ardmore, AL",food distributor,retail,445110,Frito-Lay Inc,"114 Jetplex Cir, Madison, AL 35758, USA",(256) 464-0908,http://www.fritolay.com/,34.6688003,-86.7783815,4.9,8.0,ChIJQXE75x5lYogRNqKMSy8EcAg,"grocery_or_supermarket, store, food, point_of_interest, establishment"
"Ardmore, AL",food distributor,retail,,Snyder'S-Lance Inc,"2011 Rosewood Dr NW, Huntsville, AL 35810, USA",(256) 532-7043,,34.7511426,-86.62286019999999,1.5,2.0,ChIJ40PmS6BrYogRjVU0QMsYxbY,"food, point_of_interest, establishment"
"Ardmore, AL",food distributor,retail,,Dykes Foodservice Solutions,"1217 Jordan Ln NW, Huntsville, AL 35816, USA",(256) 837-1107,https://dykesfoodservice.com/,34.7403403,-86.6286001,4.5,39.0,ChIJ13gq4pprYogRvku5odnz0sc,"store, point_of_interest, establishment"
"Ardmore, AL",food distributor,retail,,Taylor Family Farm,"301 Dave Risner Rd, Ethridge, TN 38456, USA",(931) 424-5089,http://taylorfamilyfarmtn.com/,35.3273438,-87.1897164,4.9,93.0,ChIJy0vCrE8YY4gRfsVAjynwQMU,"store, food, point_of_interest, establishment"
"Ardmore, AL",food distributor,retail,,Redi To Serve Inc,"2700 Meridian St N, Huntsville, AL 35811, USA",(256) 532-4552,http://www.reditoserve.com/,34.7584759,-86.57615849999999,2.5,2.0,ChIJafjJ780UYogRRHx3mVMTVps,"point_of_interest, establishment"
"Ardmore, AL",food distributor,retail,,Pulpería catracha,"2801 University Dr NW, Huntsville, AL 35816, USA",(256) 910-2920,,34.7355888,-86.6096402,,,ChIJEcK8M3hrYogRY9ogQvW7C0I,"point_of_interest, food, establishment"
"Ardmore, AL",food distributor,retail,,FigBrew,"3104 Leeman Ferry Rd SW, Huntsville, AL 35801, USA",(256) 617-3105,https://www.figbrew.com/,34.6975261,-86.5922387,4.9,139.0,ChIJW-QyqohtYogRP3Zhk2J6eZo,"point_of_interest, food, establishment"
"Ardmore, AL",food distributor,retail,,Rocket City Deli Provisions,"2827 Newby Rd SW, Huntsville, AL 35805, USA",(256) 772-7092,https://www.facebook.com/rocketcitydeliprovisions,34.7095853,-86.59527179999999,,,ChIJ2aNbQDdtYogRj80ikdpxk6c,"point_of_interest, establishment"
"Ardmore, AL",food distributor,retail,,What's for Supper?,"3053 Leeman Ferry Rd SW, Huntsville, AL 35801, USA",(256) 682-7899,http://www.whatsforsupper.com/,34.701963,-86.591222,5.0,6.0,ChIJ75-TzcdsYogRxps6ZY5K4z0,"meal_delivery, point_of_interest, food, establishment"
"Ardmore, AL",food distributor,retail,445310,Madison Food Mart,"8500 Old Madison Pike, Madison, AL 35758, USA",(256) 461-7031,,34.707282,-86.741439,4.1,70.0,ChIJIZsiIGBvYogR_Srm2pSsx0U,"liquor_store, gas_station, store, point_of_interest, establishment"
"Ardmore, AL",food distributor,retail,445110,Flatrock Cheese & More,"2825 Minor Hill Hwy, Pulaski, TN 38478, USA",(931) 363-3603,https://justplainbusiness.com/flatrock-cheese-more/,35.167393,-87.06362229999999,4.8,310.0,ChIJRQ7-47DiYogRyxuDU8RUuQs,"grocery_or_supermarket, bakery, general_contractor, store, point_of_interest, food, establishment"
"Ardmore, AL",food distributor,retail,,Semper Foods,"1403 SE Weatherly Plz #203, Huntsville, AL 35803, USA",(727) 203-5056,http://semperfoods.com/,34.6436491,-86.54099699999999,,,ChIJZcrLpUoTYogR9wVfdzyVak4,"point_of_interest, food, establishment"
"Ardmore, AL",food distributor,retail,445110,Monks Market,"2791 Huntsville Hwy, Fayetteville, TN 37334, USA",(931) 652-9814,,35.0712475,-86.572335,4.5,54.0,ChIJWZ1ISAQ2YogRCw74HZ2TbsM,"grocery_or_supermarket, store, point_of_interest, food, establishment"
"Ardmore, AL",food distributor,retail,,Rocket City Meats,"2203 Meridian St N # A, Huntsville, AL 35811, USA",(256) 533-2354,,34.7514441,-86.5825211,4.6,226.0,ChIJDcrg-DRrYogR1lKlZFHd3uE,"store, point_of_interest, food, establishment"
"Ardmore, AL",grocery wholesaler,retail,443142,Sam's Club,"2235 National Blvd SW, Huntsville, AL 35803, USA",(256) 881-8186,https://www.samsclub.com/club/huntsville-al-sams-club/8107,34.6421312,-86.57238889999999,4.3,975.0,ChIJddTRx6gSYogR8M9PkuvySSQ,"electronics_store, liquor_store, food, store, point_of_interest, establishment"
"Ardmore, AL",grocery wholesaler,retail,445110,DG Market,"6354 Winchester Rd, New Market, AL 35761, USA",(256) 954-7759,https://www.dollargeneral.com/store-directory/al/new-market/30474,34.9379714,-86.42139010000001,4.8,5.0,ChIJ4cKuEQA7YogRf1zNCVN9TfI,"grocery_or_supermarket, store, point_of_interest, food, establishment"
"Ardmore, AL",grocery wholesaler,retail,445120,New Market Food Mart,"5123 Winchester Rd, New Market, AL 35761, USA",(256) 379-2100,,34.8977055,-86.4321197,5.0,2.0,ChIJgww8b6c8YogRjSZWP4UANTk,"convenience_store, store, point_of_interest, food, establishment"
"Ardmore, AL",wholesale meat,retail,,ISO African Foods,"2419 NW Oakwood Ave Suite D, Huntsville, AL 35810, USA",(938) 218-8731,http://www.iso-foods.com/,34.7490167,-86.607779,4.7,18.0,ChIJ82ZsD9trYogRFX-mLfg4kYY,"store, point_of_interest, establishment"
"Ardmore, AL",wholesale meat,retail,,Corkshire Butcher Company,"309 Market St W, Athens, AL 35611, USA",(256) 206-8222,https://www.corkshirebutchercompany.com/,34.8032504,-86.97283999999999,4.8,22.0,ChIJU12YIIKLYogR1Sj07-ziomc,"store, point_of_interest, food, establishment"
"Ardmore, AL",wholesale meat,retail,,All American Meat Processing &Smokehouse,"4610 Minor Hill Hwy, Pulaski, TN 38478, USA",(931) 305-0808,http://www.aasmokehouse.com/,35.15796880000001,-87.0920304,4.8,69.0,ChIJg5pFx6PjYogRPz1EHyuuT6M,"store, point_of_interest, food, establishment"
"Ardmore, AL",wholesale meat,retail,445110,Brick Church Meats & More,"3865 Blackburn Hollow Rd, Pulaski, TN 38478, USA",(931) 888-6328,https://brickchurchmeats.com/,35.2840685,-86.9050109,5.0,28.0,ChIJa_8Z7mcHY4gRWIbRmCwTSvY,"grocery_or_supermarket, store, point_of_interest, food, establishment"
"Ardmore, AL",wholesale seafood,retail,,A&V Seafood Market,"2000 Cecil Ashburn Dr SE #107, Huntsville, AL 35802, USA",(256) 883-7101,http://www.facebook.com/pages/AV-Seafood-Market/264229946943072?v=info,34.6714554,-86.53806999999999,4.7,197.0,ChIJDxYRo1cSYogRuj6L4qiMfQk,"food, point_of_interest, establishment"
"Ardmore, AL",wholesale seafood,retail,,Andy's Seafood Market,"3450 Jordan Ln NW, Huntsville, AL 35806, USA",(256) 746-1888,http://facebook.com/andyseafoodmarket,34.784767,-86.6613136,4.6,951.0,ChIJ5Tb0BIhpYogRWleIxA7vhFI,"food, point_of_interest, establishment"
"Ardmore, AL",wholesale dairy,retail,,Triple T Dairy,"32 Taylor Dairy Rd, Fayetteville, TN 37334, USA",(931) 433-3056,,35.1040136,-86.52725629999999,4.5,8.0,ChIJ_d6qXk80YogRCSRFALjPKdU,"point_of_interest, establishment"
"Ardmore, AL",wholesale dairy,retail,,Purity Dairies,"117 Jetplex Ln, Madison, AL 35758, USA",(256) 464-6959,,34.6715476,-86.7766901,4.0,11.0,ChIJWU-F9xtlYogRflsX6r6xQvg,"store, point_of_interest, food, establishment"
"Ardmore, AL",produce wholesaler,retail,445110,S&J Produce Farms,"8126 Hwy 72 W, Madison, AL 35758, USA",(256) 890-5999,https://www.sandjproducefarms.com/,34.7518472,-86.7546304,4.6,400.0,ChIJneEshUlnYogR5rUcNoBofLk,"grocery_or_supermarket, food, store, point_of_interest, establishment"
"Ardmore, AL",produce wholesaler,retail,,Ayers Farm Farmers Market Cook Ave,"1022 Cook Ave NW, Huntsville, AL 35801, USA",(256) 533-5667,,34.7436327,-86.5989463,4.4,219.0,ChIJ4cULuaVsYogRZ5MWJsYMc94,"point_of_interest, establishment"
