Location,Search Keyword,Segment,NAICS Code,Business Name,Address,Phone Number,Website,Latitude,Longitude,Rating,User Ratings,Place ID,Types
"Anderson, AL",ethnic store,retail,445110,La Guerrerense,"1530 6th Ave SE A, Decatur, AL 35601, USA",(256) 350-5731,https://www.facebook.com/supermercadolaguerrerense/,34.5827102,-86.978264,4.5,233.0,ChIJ4faam5-GYogRb2Q4b0CI-M4,"grocery_or_supermarket, point_of_interest, food, store, establishment"
"Anderson, AL",ethnic store,retail,445110,Johnson's Foodtown,"414 Mill St, Pulaski, TN 38478, USA",(931) 363-4314,https://www.johnsonsfoods.net/,35.1976428,-87.03970029999999,4.7,720.0,ChIJERuSU5QCY4gRtWb_6_7kwTs,"grocery_or_supermarket, point_of_interest, food, store, establishment"
"Anderson, AL",grocery store,retail,445110,Kroger,"1700 N Locust Ave, Lawrenceburg, TN 38464, USA",(931) 766-0016,https://www.kroger.com/stores/grocery/tn/lawrenceburg/lawrence-commons/026/00868?cid=loc_02600868_gmb,35.2620642,-87.32235879999999,4.3,546.0,ChIJPVCZ9JcmY4gRBwBsmbgttnI,"grocery_or_supermarket, food, point_of_interest, store, establishment"
"Anderson, AL",grocery store,retail,445110,Publix Super Market at Decatur Commons,"1605 Beltline Rd SW, Decatur, AL 35601, USA",(256) 301-0023,https://www.publix.com/?setstorenumber=45&utm_medium=maps&utm_source=extendednetwork&utm_content=psm_website_url,34.5650233,-87.0130611,4.6,1361.0,ChIJ-8LwUvCEYogRWd1YrmTp-xE,"supermarket, bakery, florist, liquor_store, grocery_or_supermarket, food, point_of_interest, store, establishment"
"Anderson, AL",grocery store,retail,445110,Walmart Decatur Market,"1203 6th Ave SE, Decatur, AL 35601, USA",(256) 822-6366,https://www.walmart.com/store/2488-decatur-al/?veh=seo_loc,34.5890012,-86.98158629999999,4.2,1740.0,ChIJWWxEvp2GYogR1xdu_U-MDKg,"grocery_or_supermarket, supermarket, department_store, bakery, food, point_of_interest, store, establishment"
"Anderson, AL",grocery store,retail,445110,Price Less IGA,"1421 N Wood Ave #1500, Florence, AL 35630, USA",(256) 284-2048,http://www.pricelessiga.com/,34.8205102,-87.68272689999999,4.3,484.0,ChIJgdJ17BRIfYgRp5ZgaxjX56M,"grocery_or_supermarket, supermarket, food, point_of_interest, store, establishment"
"Anderson, AL",grocery store,retail,445110,Cash Saver,"818 N Locust Ave, Lawrenceburg, TN 38464, USA",(931) 762-7941,http://www.tietgensfoodstores.com/,35.2483757,-87.326685,4.0,486.0,ChIJNxmqf-wmY4gR5CQjL9Z5CN8,"grocery_or_supermarket, supermarket, food, point_of_interest, store, establishment"
"Anderson, AL",grocery store,retail,445110,Publix Super Market at Eastside Junction,"22031 US-72, Athens, AL 35613, USA",(256) 230-2076,https://www.publix.com/?setstorenumber=1203&utm_medium=maps&utm_source=extendednetwork&utm_content=psm_website_url,34.78386649999999,-86.9297583,4.7,1587.0,ChIJ8RPISvaKYogRihI2XgzW_5A,"supermarket, bakery, florist, liquor_store, grocery_or_supermarket, food, point_of_interest, store, establishment"
"Anderson, AL",grocery store,retail,445110,Publix Super Market at Muscle Shoals Commons,"3220 Woodward Ave, Muscle Shoals, AL 35661, USA",(256) 389-0080,https://www.publix.com/?setstorenumber=1532&utm_medium=maps&utm_source=extendednetwork&utm_content=psm_website_url,34.7312026,-87.6698554,4.7,1450.0,ChIJTwCLwSJPfYgRa3tzcS_99zs,"supermarket, bakery, florist, liquor_store, grocery_or_supermarket, food, point_of_interest, store, establishment"
"Anderson, AL",grocery store,retail,445110,Publix Super Market at Midtown Centre,"165 US-31, Athens, AL 35611, USA",(256) 771-5662,https://www.publix.com/?utm_medium=maps&utm_source=google&utm_content=psm_google_override,34.8045439,-86.9522906,4.7,835.0,ChIJ_xeEhV6LYogRH7tBs00cwqU,"supermarket, bakery, florist, liquor_store, grocery_or_supermarket, food, point_of_interest, store, establishment"
"Anderson, AL",grocery store,retail,445110,Publix Super Market at Renaissance City Center,"322 Cox Creek Pkwy, Florence, AL 35630, USA",(256) 718-1790,https://www.publix.com/?setstorenumber=1409&utm_medium=maps&utm_source=extendednetwork&utm_content=psm_website_url,34.8371606,-87.6294619,4.7,1435.0,ChIJxyE03OJJfYgRgBVzkdNQF9c,"supermarket, bakery, florist, liquor_store, grocery_or_supermarket, food, point_of_interest, store, establishment"
"Anderson, AL",grocery store,retail,445110,Price Less IGA,"1820 6th Ave SE # T, Decatur, AL 35601, USA",(256) 274-1012,https://www.pricelessiga.com/online/decatural/register,34.5759934,-86.9739284,4.4,541.0,ChIJ1-AFi6SGYogRkl5qNzesSqM,"grocery_or_supermarket, supermarket, food, point_of_interest, store, establishment"
"Anderson, AL",grocery store,retail,445110,ALDI,"516 W Avalon Ave, Muscle Shoals, AL 35661, USA",(855) 955-2534,https://stores.aldi.us/al/muscle-shoals/516-w-avalon-ave?utm_source=google&utm_medium=local&utm_campaign=brand&utm_content=storepage_webclick,34.744306,-87.669446,4.5,983.0,ChIJf8tPwDFPfYgRCxJfAcStmKQ,"supermarket, grocery_or_supermarket, food, point_of_interest, store, establishment"
"Anderson, AL",grocery store,retail,445110,Muscle Shoals Foodland 108,"3001 Woodward Ave, Muscle Shoals, AL 35661, USA",(256) 381-7277,https://www.foodlandgrocery.com/store-locations/muscle-shoals-foodland/?utm_source=gbp&utm_medium=organic,34.7334328,-87.6665287,4.4,513.0,ChIJxXCXKyNPfYgRd2-ZjlA-A0g,"grocery_or_supermarket, supermarket, food, point_of_interest, store, establishment"
"Anderson, AL",grocery store,retail,452210,Walmart Supercenter,"1011 US Hwy 72 E, Athens, AL 35611, USA",(256) 230-2981,https://www.walmart.com/store/661-athens-al/?veh=seo_loc,34.7886356,-86.9589462,3.8,4942.0,ChIJL9YFN3OLYogR0dWmIHN8GlY,"department_store, bakery, hardware_store, furniture_store, home_goods_store, clothing_store, grocery_or_supermarket, food, point_of_interest, electronics_store, store, establishment"
"Anderson, AL",grocery store,retail,452210,Walmart Supercenter,"3100 Hough Rd, Florence, AL 35630, USA",(256) 767-7581,https://www.walmart.com/store/766-florence-al/?veh=seo_loc,34.8341568,-87.6251166,4.0,3825.0,ChIJv-6pUfxJfYgRUbUlgoVRlZM,"department_store, bakery, hardware_store, furniture_store, home_goods_store, clothing_store, grocery_or_supermarket, food, point_of_interest, electronics_store, store, establishment"
"Anderson, AL",grocery store,retail,445110,Muscle Shoals Foodland Plus 102,"3413 Woodward Ave, Muscle Shoals, AL 35661, USA",(256) 978-6093,https://www.foodlandgrocery.com/store-locations/muscle-shoals-foodland-plus/?utm_source=gbp&utm_medium=organic,34.7279136,-87.6657458,4.4,582.0,ChIJl96F1SJPfYgRh1dlG9RB2vI,"grocery_or_supermarket, supermarket, food, point_of_interest, store, establishment"
"Anderson, AL",grocery store,retail,445110,DG Market,"195 Putnam Pkwy, Rogersville, AL 35652, USA",(256) 607-3530,https://www.dollargeneral.com/store-directory/al/rogersville/8733,34.8241359,-87.29641749999999,4.0,278.0,ChIJVxKkwTfIYogRgwKfD_0MM7o,"grocery_or_supermarket, convenience_store, drugstore, home_goods_store, food, point_of_interest, health, store, establishment"
"Anderson, AL",grocery store,retail,445110,Walmart Neighborhood Market,"1410 Florence Blvd, Florence, AL 35630, USA",(256) 712-6195,https://www.walmart.com/store/4188-florence-al/?veh=seo_loc,34.8179518,-87.65649460000002,4.3,1298.0,ChIJ4WJ6nspJfYgRHaSHtxeK0oA,"grocery_or_supermarket, supermarket, department_store, bakery, food, point_of_interest, store, establishment"
"Anderson, AL",grocery store,retail,445110,Foodland Darby Drive,"1708 Darby Dr, Florence, AL 35630, USA",(256) 767-2227,https://www.foodlandgrocery.com/store-locations/darby-drive-foodland/?utm_source=gbp&utm_medium=organic,34.8227778,-87.65416669999999,4.3,425.0,ChIJ2xsXtwJGfYgRcvuPbUUOEqg,"grocery_or_supermarket, supermarket, food, point_of_interest, store, establishment"
"Anderson, AL",grocery store,retail,445110,ALDI,"411 Cox Creek Pkwy, Florence, AL 35630, USA",(855) 955-2534,https://stores.aldi.us/al/florence/411-cox-creek-pkwy?utm_source=google&utm_medium=local&utm_campaign=brand&utm_content=storepage_webclick,34.8411537,-87.6400919,4.6,657.0,ChIJ9T5RNyA2fYgRLxONghrpHnE,"supermarket, grocery_or_supermarket, food, point_of_interest, store, establishment"
"Anderson, AL",grocery store,retail,445110,Dollar General,"25460 AL-127, Elkmont, AL 35620, USA",(256) 732-4116,https://www.pigglywiggly.com/,34.9256847,-86.9874918,4.1,232.0,ChIJqVcGyE7xYogRRs-Hwy9CZHQ,"grocery_or_supermarket, supermarket, food, point_of_interest, store, establishment"
"Anderson, AL",grocery store,retail,445110,Big Star,"2503 N Wood Ave, Florence, AL 35630, USA",(256) 766-0456,,34.8376556,-87.6867911,4.5,141.0,ChIJo3-o0hxIfYgRY2GkAubvdtw,"grocery_or_supermarket, store, point_of_interest, food, establishment"
"Anderson, AL",grocery store,retail,445110,Champion food-value Market,"1209 Danville Rd SW # D, Decatur, AL 35601, USA",(256) 350-4420,,34.5890447,-87.00054759999999,4.3,122.0,ChIJjfJs2jiEYogRgB1Z0HbPzYo,"grocery_or_supermarket, supermarket, store, point_of_interest, food, establishment"
"Anderson, AL",grocery store,retail,445110,Hometown Grocery,"608 S Jefferson St, Athens, AL 35611, USA",(256) 233-4511,https://www.hometowngroceryathens.com/,34.79646960000001,-86.9735158,4.5,885.0,ChIJ6UXYH2aLYogRglQX-gdh0cU,"grocery_or_supermarket, supermarket, store, point_of_interest, food, establishment"
"Anderson, AL",grocery store,retail,445110,ShopRite,"3805 Hatch Blvd, Sheffield, AL 35660, USA",,http://shoprite.com/,34.7730827,-87.67377929999999,4.1,63.0,ChIJgeSi7MFIfYgR504sSWe29Qw,"supermarket, grocery_or_supermarket, store, point_of_interest, food, establishment"
"Anderson, AL",grocery store,retail,445110,Bigstar Supermarket,"4695 Co Rd 47, Florence, AL 35630, USA",(256) 764-0245,https://bigstarflorianal.com/,34.8772345,-87.62109819999999,4.6,186.0,ChIJEcs19nk2fYgRY5JNjujz794,"grocery_or_supermarket, supermarket, store, point_of_interest, food, establishment"
"Anderson, AL",grocery store,retail,445110,Wilson's Food Center,"929 W College St, Florence, AL 35630, USA",(256) 766-0430,http://facebook.com/wilsonsfoodcenter,34.7940243,-87.6877007,3.0,129.0,ChIJqYz7y4dIfYgRjAXfAKtqAqU,"grocery_or_supermarket, supermarket, store, point_of_interest, food, establishment"
"Anderson, AL",grocery store,retail,445110,Fresh Value Athens,"625 US Hwy 72 W, Athens, AL 35611, USA",(256) 614-0400,http://fresh-value.com/,34.7884756,-86.9767316,4.3,130.0,ChIJO7Lk8buLYogRYJjSYqNfB8o,"grocery_or_supermarket, store, point_of_interest, food, establishment"
"Anderson, AL",grocery store,retail,445110,Morningside Shop-Ezy,"1809 11th St SE, Decatur, AL 35601, USA",(256) 351-1804,,34.5836773,-86.96344280000001,4.4,131.0,ChIJdfvkIZWGYogRFXqYSCCCasc,"grocery_or_supermarket, store, point_of_interest, food, establishment"
"Anderson, AL",grocery store,retail,445110,Hometown Grocery,"100 US-31, Athens, AL 35613, USA",(256) 232-2194,https://www.hometowngroceryathens.com/,34.8020401,-86.9537811,4.4,363.0,ChIJ4ROvqSKLYogRwOdDl7K9Zo8,"grocery_or_supermarket, atm, supermarket, finance, store, point_of_interest, food, establishment"
"Anderson, AL",grocery store,retail,445110,ALDI,"115 US-72, Athens, AL 35611, USA",(855) 955-2534,https://stores.aldi.us/al/athens/115-us-hwy-72?utm_source=google&utm_medium=local&utm_campaign=brand&utm_content=storepage_webclick,34.7905104,-86.9679987,4.6,1057.0,ChIJoXLSaXCLYogR8SHx_hzf6TE,"supermarket, grocery_or_supermarket, store, point_of_interest, food, establishment"
"Anderson, AL",grocery store,retail,445110,Rogersville Foodland,"16143 US-72, Rogersville, AL 35652, USA",(256) 247-1805,https://www.foodlandgrocery.com/store-locations/rogersville-foodland/?utm_source=gbp&utm_medium=organic,34.8253286,-87.2955151,4.3,627.0,ChIJBXVhcFG_YogRZX-fQGCnCSo,"supermarket, grocery_or_supermarket, store, point_of_interest, food, establishment"
"Anderson, AL",grocery store,retail,445110,Kroger,"1700 N Locust Ave, Lawrenceburg, TN 38464, USA",(931) 766-0016,https://www.deliitems.com/,35.2620755,-87.3226978,4.4,34.0,ChIJPVCZ9JcmY4gRq19uKftYD44,"grocery_or_supermarket, store, point_of_interest, food, establishment"
"Anderson, AL",grocery store,retail,445110,Holaway's Foodland,"1652 Beltline Rd SW, Decatur, AL 35601, USA",(256) 351-4264,https://www.foodlandgrocery.com/store-locations/holaways-foodland/?utm_source=gbp&utm_medium=organic,34.568148,-87.0097279,4.5,965.0,ChIJjyr3cWGEYogR5KTtccmqjSU,"supermarket, grocery_or_supermarket, store, point_of_interest, food, establishment"
"Anderson, AL",grocery store,retail,445110,DG Market,"22023 AL-99, Elkmont, AL 35620, USA",(256) 262-3655,https://www.dollargeneral.com/store-directory/al/elkmont/30572,34.8618042,-87.0502155,4.5,4.0,ChIJExnfSADzYogRpUjAzj84cdU,"grocery_or_supermarket, convenience_store, drugstore, home_goods_store, health, store, point_of_interest, food, establishment"
"Anderson, AL",grocery store,retail,445110,DG Market,"570 Hay Good Cir, Killen, AL 35645, USA",(256) 291-2533,https://www.dollargeneral.com/store-directory/al/killen/24522,34.9770885,-87.52067720000001,3.3,12.0,ChIJMyAG2D3NYogRegpOcXzi1Jk,"grocery_or_supermarket, convenience_store, drugstore, home_goods_store, health, store, point_of_interest, food, establishment"
"Anderson, AL",grocery store,retail,445110,Crossroads Grocery,"1205 Central Pkwy SW, Decatur, AL 35601, USA",(256) 580-5805,,34.5887586,-86.9863113,4.5,146.0,ChIJMc3QvSaEYogRZMhwoBP07A8,"grocery_or_supermarket, store, point_of_interest, food, establishment"
"Anderson, AL",grocery store,retail,445110,John's Shop Ezy,"2614 Huntsville Rd, Florence, AL 35630, USA",(256) 764-4561,,34.8126604,-87.643626,4.4,169.0,ChIJx4znXrlJfYgRFG9mt5g8amE,"grocery_or_supermarket, store, point_of_interest, food, establishment"
"Anderson, AL",grocery store,retail,445110,Davis & Eslick Grocery,"115 E Washington St, Pulaski, TN 38478, USA",(931) 363-2381,,35.2008324,-87.02929000000002,4.7,369.0,ChIJddLyMfMCY4gRe5lOFKN-Du4,"grocery_or_supermarket, supermarket, store, point_of_interest, food, establishment"
"Anderson, AL",grocery store,retail,445110,Los Dos Hermanos Market,"2701 Mall Rd, Florence, AL 35630, USA",(256) 349-2311,,34.8379539,-87.6398451,4.1,84.0,ChIJOWMev99JfYgRei2mdIXfHCw,"grocery_or_supermarket, store, point_of_interest, food, establishment"
"Anderson, AL",grocery store,retail,445110,Killen Foodland,"1161 US-72, Killen, AL 35645, USA",(256) 757-2002,https://www.foodlandgrocery.com/store-locations/killen-foodland/?utm_source=gbp&utm_medium=organic,34.8577035,-87.5517919,4.4,695.0,ChIJ31h5gEk1fYgRHB4RUWmhFWw,"supermarket, grocery_or_supermarket, store, point_of_interest, food, establishment"
"Anderson, AL",grocery store,retail,445110,Save A Lot,"1608 N Locust Ave Ste A, Lawrenceburg, TN 38464, USA",(931) 762-6502,https://savealot.com/stores/23563?utm_campaign=gmb&utm_medium=organic&utm_source=google,35.2596893,-87.3230361,4.3,453.0,ChIJRwha5ZYmY4gRyGkXLA4GXZc,"grocery_or_supermarket, food, point_of_interest, store, establishment"
"Anderson, AL",grocery store,retail,452210,Lawrenceburg Walmart,"2130 N Locust Ave, Lawrenceburg, TN 38464, USA",(931) 762-1094,https://www.walmart.com/store/683-lawrenceburg-tn/?veh=seo_loc,35.2733882,-87.3149694,3.9,2910.0,ChIJrQ14KR4kY4gRJRs8X4Ak-vI,"department_store, grocery_or_supermarket, electronics_store, bakery, hardware_store, furniture_store, home_goods_store, clothing_store, food, point_of_interest, store, establishment"
"Anderson, AL",grocery store,retail,452210,Walmart Supercenter,"301 Avalon Ave, Muscle Shoals, AL 35661, USA",(256) 381-0987,https://www.walmart.com/store/660-muscle-shoals-al/?veh=seo_loc,34.7474288,-87.6737136,3.9,3532.0,ChIJF33A3zFPfYgRUzYEIvK_KKw,"department_store, grocery_or_supermarket, electronics_store, bakery, hardware_store, furniture_store, home_goods_store, clothing_store, food, point_of_interest, store, establishment"
"Anderson, AL",grocery store,retail,452210,Walmart Supercenter,"2701 Cloverdale Rd, Florence, AL 35633, USA",(256) 712-6410,https://www.walmart.com/store/4187-florence-al/?veh=seo_loc,34.843019,-87.6917016,4.2,2518.0,ChIJ56kIVvw3fYgReZeN6cAH7HA,"department_store, grocery_or_supermarket, electronics_store, bakery, hardware_store, furniture_store, home_goods_store, clothing_store, food, point_of_interest, store, establishment"
"Anderson, AL",grocery store,retail,445110,Ford City Foodland,"14505 County Line Rd, Muscle Shoals, AL 35661, USA",(256) 446-5811,https://www.foodlandgrocery.com/store-locations/ford-city-foodland/?utm_source=gbp&utm_medium=organic,34.7847622,-87.5298758,4.4,330.0,ChIJC_IQYNq0YogR4DcB5j8dpqI,"supermarket, grocery_or_supermarket, food, point_of_interest, store, establishment"
"Anderson, AL",grocery store,retail,452210,Walmart Supercenter,"1655 W College St, Pulaski, TN 38478, USA",(931) 363-7618,https://www.walmart.com/store/238-pulaski-tn/?veh=seo_loc,35.2014522,-87.06039659999999,3.9,2384.0,ChIJp9GX_soCY4gRZSnVXThkcW0,"department_store, grocery_or_supermarket, electronics_store, bakery, hardware_store, furniture_store, home_goods_store, clothing_store, food, point_of_interest, store, establishment"
"Anderson, AL",grocery store,retail,445110,DG Market,"16100 US-72, Rogersville, AL 35652, USA",(256) 607-3315,https://www.dollargeneral.com/store-directory/al/rogersville/3430,34.8241547,-87.2962853,4.2,223.0,ChIJidDZkVq_YogRCENCRv3Erbs,"grocery_or_supermarket, drugstore, convenience_store, home_goods_store, health, food, point_of_interest, store, establishment"
"Anderson, AL",grocery store,retail,445110,Elgin Foodland,"2861 AL-101, Rogersville, AL 35652, USA",(256) 247-1958,https://www.foodlandgrocery.com/store-locations/elgin-foodland/?utm_source=gbp&utm_medium=organic,34.8525409,-87.3914169,4.2,431.0,ChIJw5cHrhzIYogR7sojcb-BU4Y,"grocery_or_supermarket, food, point_of_interest, store, establishment"
"Anderson, AL",grocery store,retail,445110,La Estrella,"1707 Central Pkwy SW H, Decatur, AL 35601, USA",(256) 340-7056,,34.5792044,-86.9861865,4.1,138.0,ChIJsfmXbB-EYogRK4c9P7YeCv4,"grocery_or_supermarket, food, point_of_interest, store, establishment"
"Anderson, AL",grocery store,retail,445110,Zaragoza's Supermarket,"1920 Central Pkwy SW, Decatur, AL 35601, USA",(256) 686-1018,,34.5771548,-86.9851449,4.1,219.0,ChIJe8Eahx6EYogRaOig8un1Xgg,"grocery_or_supermarket, food, point_of_interest, store, establishment"
"Anderson, AL",grocery store,retail,445120,Richland Trace Market,"19326 US-64, Pulaski, TN 38478, USA",(931) 363-0591,,35.2126014,-87.109661,4.4,221.0,ChIJJW3unKUdY4gRalu_qeW5gAs,"convenience_store, atm, grocery_or_supermarket, finance, food, point_of_interest, store, establishment"
"Anderson, AL",grocery store,retail,445110,LORETTO CASH SAVER,"405 N Military St, Loretto, TN 38469, USA",(931) 853-6763,https://loretto.tietgenscashsaver.com/ads,35.0853347,-87.43080719999999,4.2,330.0,ChIJ8T6KyyTRYogRD6wI1viW3MI,"grocery_or_supermarket, food, point_of_interest, store, establishment"
"Anderson, AL",grocery store,retail,445110,Cazadores Taqueria Jalisco,"1000 Woodward Ave, Muscle Shoals, AL 35661, USA",(256) 381-6599,,34.7515423,-87.667965,4.3,117.0,ChIJrwSkBC5PfYgRTztPnBG2RPQ,"grocery_or_supermarket, food, point_of_interest, store, establishment"
"Anderson, AL",grocery store,retail,445110,Store-N-Deli,"121 N Cedar St, Florence, AL 35630, USA",(256) 766-9527,,34.7996778,-87.67909170000001,3.8,51.0,ChIJywXXiGBIfYgRx_2twq_5i5k,"grocery_or_supermarket, food, point_of_interest, store, establishment"
"Anderson, AL",grocery store,retail,445110,Food Outlet,"2503 N Wood Ave, Florence, AL 35630, USA",(256) 766-0456,,34.8376556,-87.6867911,4.5,229.0,ChIJ-V8cj1RJfYgRHdh4BuvKUuA,"grocery_or_supermarket, food, point_of_interest, store, establishment"
"Anderson, AL",grocery store,retail,445110,Half-Way Market,"1153 W Point Rd, Lawrenceburg, TN 38464, USA",(931) 762-0784,,35.2009089,-87.426356,4.4,41.0,ChIJZVEWYs4pY4gR3am-G1KeMKo,"grocery_or_supermarket, food, point_of_interest, store, establishment"
"Anderson, AL",grocery store,retail,445110,Dollar General,"1731 Moulton St W, Decatur, AL 35601, USA",(256) 580-6440,https://www.dollargeneral.com/store-directory/al/decatur/11359,34.6049014,-87.0114667,4.2,269.0,ChIJXb3fL02EYogRcMHaZCborus,"drugstore, grocery_or_supermarket, convenience_store, health, food, point_of_interest, store, establishment"
"Anderson, AL",grocery store,retail,445110,Reed's Mini Mart,"6500 Co Rd 217, Hillsboro, AL 35643, USA",(256) 410-3585,,34.5660103,-87.204328,4.3,159.0,ChIJ2aNJJrWYYogRGPaNxdQrrY8,"grocery_or_supermarket, food, point_of_interest, store, establishment"
"Anderson, AL",grocery store,retail,445110,DG Market,"15024 E Limestone Rd Ste, Harvest, AL 35749, USA",(256) 384-0840,https://www.dollargeneral.com/store-directory/al/harvest/9671,34.774059,-86.831766,4.1,287.0,ChIJNWdXLyZhYogRiufU5fykSs8,"grocery_or_supermarket, drugstore, convenience_store, home_goods_store, health, food, point_of_interest, store, establishment"
"Anderson, AL",indian grocery,retail,,Indians Retreat (Food Truck Court),"15800 E Limestone Rd, Athens, AL 35613, USA",(256) 559-6060,https://www.facebook.com/profile.php?id=61576692924515,34.7850975,-86.8323176,5.0,6.0,ChIJQaaprCRhYogROkQ2WBgFFzE,"food, point_of_interest, establishment"
"Anderson, AL",indian grocery,retail,442110,Rick's Farm Market,"3406 S Wilson Dam Rd, Muscle Shoals, AL 35661, USA",(256) 668-0621,,34.73239300000001,-87.6354795,4.8,308.0,ChIJGczL-75OfYgR-dTXoLeKXNY,"furniture_store, home_goods_store, grocery_or_supermarket, food, point_of_interest, store, establishment"
"Anderson, AL",retail food,retail,445120,Big Oak Market,"64 Rabbit Trail Rd, Leoma, TN 38468, USA",(931) 852-2116,,35.1504453,-87.3457675,4.2,146.0,ChIJSa4-JFfYYogR2aYID0HlC0A,"convenience_store, food, point_of_interest, store, establishment"
"Anderson, AL",retail food,retail,445110,Decatur Commons,"1605 Beltline Rd SW, Decatur, AL 35601, USA",(256) 301-0023,,34.5651489,-87.0130276,4.3,1056.0,ChIJgzZCRHeEYogR3w5BDDqFdmE,"grocery_or_supermarket, food, point_of_interest, store, establishment"
"Anderson, AL",retail food,retail,445120,Riverside Minimart&Deli,"1602 Grant St SE, Decatur, AL 35601, USA",(256) 686-2027,https://www.facebook.com/riversidedecatur,34.6017361,-86.9665955,4.2,12.0,ChIJJREyY-2HYogRYPh65q52R2E,"convenience_store, food, point_of_interest, store, establishment"
"Anderson, AL",retail food,retail,,Decatur Shopping Center,"Decatur, AL 35601, USA",,,34.5828535,-86.97927990000001,4.1,629.0,ChIJrfWam5-GYogR50tKM_idmjE,"shopping_mall, point_of_interest, establishment"
"Anderson, AL",retail food,retail,,Athens Plaza,"100 US-31, Athens, AL 35611, USA",,,34.8018405,-86.9536114,4.3,347.0,ChIJNfhz3ReLYogR2GywHEVaxx4,"shopping_mall, point_of_interest, establishment"
"Anderson, AL",retail food,retail,,Seven Points Shopping Center,"1509 N Wood Ave, Florence, AL 35630, USA",,,34.8212793,-87.68278049999999,4.2,1006.0,ChIJu3MAgBNIfYgR3iEegl4G_WM,"shopping_mall, point_of_interest, establishment"
"Anderson, AL",retail food,retail,,Decatur Mall,"1801 Beltline Rd SW, Decatur, AL 35601, USA",(256) 350-0453,http://www.shopdecaturmall.com/,34.5721749,-87.0175067,3.6,2302.0,ChIJgxjqUmOEYogR0SF8CJRUSqs,"shopping_mall, point_of_interest, establishment"
"Anderson, AL",retail food,retail,445110,L&S Food Market,"29970 Ardmore Ave, Ardmore, AL 35739, USA",(256) 423-3700,,34.9835058,-86.84573759999999,4.4,413.0,ChIJDzvghMNZYogRS0GXNOTXTd8,"grocery_or_supermarket, supermarket, food, point_of_interest, store, establishment"
"Anderson, AL",retail food,retail,445120,STATE LINE MARKET,"4062 US-43, St Joseph, TN 38481, USA",(931) 845-2208,,35.0032409,-87.5106741,4.2,21.0,ChIJ1ROls3rNYogRJGEcFHGQacc,"convenience_store, liquor_store, food, point_of_interest, store, establishment"
"Anderson, AL",retail food,retail,,Florence Mall,"301 Cox Creek Pkwy #78, Florence, AL 35630, USA",(256) 766-2176,http://www.shopflorencealabama.com/,34.8373861,-87.634945,3.8,2912.0,ChIJw-HStuNJfYgRBhZ7KbG6S0U,"shopping_mall, point_of_interest, establishment"
"Anderson, AL",retail food,retail,,Jacks Dollar Deals,"500 S Montgomery Ave #132, Sheffield, AL 35660, USA",(256) 978-5836,http://jacksdollardeals.com/,34.7543659,-87.7006341,4.2,277.0,ChIJnUySY2JHfYgRwg5mbN5_pX8,"point_of_interest, store, establishment"
"Anderson, AL",retail food,retail,,Parkway Shopping Center,"2801 W Mall Dr # 12B, Florence, AL 35630, USA",(256) 767-4240,,34.8389767,-87.6393461,4.4,298.0,ChIJDQY3nN9JfYgRwA3viA7OJTU,"shopping_mall, point_of_interest, establishment"
"Anderson, AL",retail food,retail,,FLORENCE SQUARE,"111 Cox Crk Pkwy S, Florence, AL 35630, USA",,http://www.fl-sq.com/,34.8268213,-87.62652399999999,4.3,1534.0,ChIJNUFZyPpJfYgRhrphcULwtyA,"shopping_mall, point_of_interest, establishment"
"Anderson, AL",retail food,retail,445120,Town Square Market CITGO,"227 S 1st St, Pulaski, TN 38478, USA",(931) 424-3315,,35.1969894,-87.0314215,4.3,102.0,ChIJAzALm40CY4gRnKAcvRW6fYU,"convenience_store, gas_station, food, point_of_interest, store, establishment"
"Anderson, AL",retail food,retail,,99 Cent and Up Store,"1531 6th Ave SE, Decatur, AL 35601, USA",(256) 580-5399,,34.5826264,-86.97826529999999,3.8,249.0,ChIJ9a-GUJ-GYogRuYzoQfNwcXc,"point_of_interest, store, establishment"
"Anderson, AL",retail food,retail,,Athens Town Center,"603 US Hwy 72 W, Athens, AL 35611, USA",,http://www.athensal.us/,34.7888302,-86.9762804,4.2,1129.0,ChIJZcHEE3uLYogRM7XC2B05cSE,"shopping_mall, point_of_interest, establishment"
"Anderson, AL",retail food,retail,,Happy Hollow Outdoors,"3815 Florence Blvd, Florence, AL 35634, USA",(256) 272-7176,,34.8427815,-87.59153069999999,4.5,10.0,ChIJKe_FGgA1fYgRRv-2EiquSFM,"food, point_of_interest, store, establishment"
"Anderson, AL",retail food,retail,,Cox Creek Shopping Center,"374-398 Cox Creek Pkwy, Florence, AL 35630, USA",(803) 429-4300,http://cox-creek-shopping.poi.place/,34.8411421,-87.6355138,4.3,2284.0,ChIJg9PSOiA2fYgR7ePSkOLWI2Q,"shopping_mall, point_of_interest, establishment"
"Anderson, AL",retail food,retail,445120,The Store,"20420 Upper Fort Hampton Rd, Elkmont, AL 35620, USA",(256) 732-4514,,34.9353041,-86.9508231,4.8,16.0,ChIJN9J12_L2YogR0ZP-73ogXKA,"convenience_store, grocery_or_supermarket, food, point_of_interest, store, establishment"
"Anderson, AL",retail food,retail,445120,5th ave food mart,"601 5th Ave SW, Decatur, AL 35601, USA",(256) 686-3434,,34.6003496,-86.9944245,5.0,5.0,ChIJe9KUMxCFYogRsOqwPYq_62o,"convenience_store, food, point_of_interest, store, establishment"
"Anderson, AL",retail food,retail,445110,B & S Grocery,"21171 Elkton Rd, Athens, AL 35614, USA",(256) 444-0309,,34.8598676,-86.92964099999999,3.4,125.0,ChIJww0mdA_1YogRXtunieJOF7s,"grocery_or_supermarket, food, point_of_interest, store, establishment"
"Anderson, AL",retail food,retail,445110,B&k grocery,"14998 Brownsferry Rd, Athens, AL 35611, USA",(256) 233-4141,http://b-k-grocery.jany.io/,34.7489728,-87.0384278,4.2,99.0,ChIJI2OhMOeNYogRzA8sSrryoXg,"grocery_or_supermarket, food, point_of_interest, store, establishment"
"Anderson, AL",retail food,retail,445120,Jiffy Food Store,"1202 Market St W, Athens, AL 35611, USA",(256) 232-6915,,34.806037,-86.9834594,4.0,247.0,ChIJyb9qYaCMYogR2H5v1oHfW_w,"convenience_store, gas_station, food, point_of_interest, store, establishment"
"Anderson, AL",retail food,retail,445120,Heritage Food Mart,"25020 Thach Rd, Elkmont, AL 35620, USA",(256) 423-2244,,34.9191653,-86.8741069,4.1,117.0,ChIJt-wD1q9YYogR7yb3xwXOBgU,"convenience_store, food, point_of_interest, store, establishment"
"Anderson, AL",retail food,retail,445120,Wavaho Food Mart,"707 Wilson St NW, Decatur, AL 35601, USA",(256) 353-0122,,34.6198114,-86.9910053,3.4,10.0,ChIJnfJEatuFYogRVBxcQtrd1IQ,"convenience_store, gas_station, food, point_of_interest, store, establishment"
"Anderson, AL",retail food,retail,445110,Big Al's Grocery,"1339 Old Hwy 24, Trinity, AL 35673, USA",,,34.5888532,-87.0916589,5.0,1.0,ChIJC34ObBKbYogRBQ5QoAtevMQ,"grocery_or_supermarket, food, point_of_interest, store, establishment"
"Anderson, AL",retail food,retail,445120,Quik Mart Convenience Stores,"710 E Gaines St, Lawrenceburg, TN 38464, USA",(931) 762-4269,http://quikmart.com/,35.239369,-87.3180651,4.4,19.0,ChIJtesSxNwmY4gRfNusZYEqeno,"gas_station, meal_takeaway, convenience_store, restaurant, food, point_of_interest, store, establishment"
"Anderson, AL",retail food,retail,445120,Crossroads Country Store,"2172 Fall River Rd, Leoma, TN 38468, USA",(931) 762-1300,,35.1712051,-87.26776319999999,4.9,8.0,ChIJMXVyw3DfYogRkxZw_2Kq2LA,"convenience_store, food, point_of_interest, store, establishment"
"Anderson, AL",retail food,retail,445110,People's Market,"323 Memorial Dr NW, Decatur, AL 35601, USA",(256) 822-2260,,34.6091743,-86.9990157,3.8,4.0,ChIJAQAwxMuFYogROmGlUnjtz1o,"grocery_or_supermarket, food, point_of_interest, store, establishment"
"Anderson, AL",retail food,retail,445120,Downtown Store - Elkmont Food Market,"25380 Railroad St, Elkmont, AL 35620, USA",(256) 732-9504,,34.9287431,-86.9737092,4.7,44.0,ChIJ1-SvuLD2YogRf_qAZm3vrf8,"convenience_store, food, point_of_interest, store, establishment"
"Anderson, AL",retail food,retail,722511,609 Social Market & Provisions,"Historic District, 609 Bank St NE, Decatur, AL 35601, USA",(256) 938-8350,https://www.609social.com/,34.6121764,-86.986159,4.4,158.0,ChIJQTSIeZmFYogR8BIxKhObDZs,"restaurant, liquor_store, food, point_of_interest, store, establishment"
"Anderson, AL",retail food,retail,443142,Staples,"1036 US Hwy 72 E, Athens, AL 35611, USA",(256) 233-1840,https://stores.staples.com/al/athens/1036-highway-72-east?cmpid=st_ll_goo&cid=LS:RETAIL:G&utm_source=google&utm_medium=organic&utm_campaign=Google_Business_Listing,34.784386,-86.954454,4.5,122.0,ChIJi2JUwgiLYogRQ8GOwkzyVH8,"electronics_store, furniture_store, home_goods_store, point_of_interest, store, establishment"
"Anderson, AL",retail food,retail,445120,Elkmont Food Mart,"18848 Upper Fort Hampton Rd, Elkmont, AL 35620, USA",(256) 732-9504,,34.9286649,-86.973618,4.2,16.0,ChIJ-VN3uLD2YogRIDsTc9Bxh38,"convenience_store, gas_station, food, point_of_interest, store, establishment"
"Anderson, AL",retail food,retail,445110,High Forest Releaf Pulaski,"118 S 1st St, Pulaski, TN 38478, USA",(931) 347-9933,http://www.highforestreleaf.com/,35.1984982,-87.0314107,4.9,199.0,ChIJeeR6_q0DY4gRYMIAfsbBqI4,"grocery_or_supermarket, health, food, point_of_interest, store, establishment"
"Anderson, AL",retail food,retail,722511,Panera Bread,"1323 US Hwy 72 E Suite A, Athens, AL 35611, USA",(256) 867-6147,https://www.panerabread.com/en-us/cafe/locations/al/athens/1323-us-highway-72-e?utm_medium=local&utm_source=google&utm_campaign=dpm-dist&utm_term=606112&utm_content=main,34.7845872,-86.94365169999999,4.0,421.0,ChIJWwj3rD2LYogRx0l5NOrSO0Q,"cafe, meal_takeaway, bakery, restaurant, food, point_of_interest, store, establishment"
"Anderson, AL",retail food,retail,445120,The Corner Store,"1101 Moulton St W, Decatur, AL 35601, USA",(256) 355-1722,,34.603929,-87.00194479999999,5.0,3.0,ChIJ-cW_WjWEYogRkhMVxCr_l6E,"convenience_store, food, point_of_interest, store, establishment"
"Anderson, AL",retail food,retail,,The Shoppe - Discount Store,"119 4th St, Lawrenceburg, TN 38464, USA",(931) 244-6224,,35.2479867,-87.33091069999999,4.6,11.0,ChIJO9IulUonY4gRgh5sNvi3KRA,"point_of_interest, store, establishment"
"Anderson, AL",retail food,retail,445110,Dollar General Market,"26119 Main St, Ardmore, TN 38449, USA",(423) 617-0592,https://www.dollargeneral.com/store-directory/tn/ardmore/9828,34.9950713,-86.85274489999999,4.2,675.0,ChIJkf4IetdZYogRqtEEz7scEO8,"grocery_or_supermarket, convenience_store, drugstore, home_goods_store, health, food, point_of_interest, store, establishment"
"Anderson, AL",retail food,retail,445120,THE VILLAGE MART,"21651 AL-99, Athens, AL 35614, USA",(256) 230-0500,http://www.citgo.com/,34.8582761,-87.047513,3.5,21.0,ChIJsXX6kZHyYogRB_7OrZjR524,"convenience_store, gas_station, food, point_of_interest, store, establishment"
"Anderson, AL",retail food,retail,,Longrider Supply Co Feed Seed,"521 S Seminary St, Florence, AL 35630, USA",(256) 767-6068,https://www.facebook.com/pages/Longrider-Supply-Company-Feed-Seed-Tack/772392326206607,34.7965747,-87.6717692,4.8,120.0,ChIJjc9hulhIfYgRvfHMWDIkJYY,"food, point_of_interest, store, establishment"
"Anderson, AL",retail food,retail,445120,Twice Daily,"1721 Trigreen Dr, Athens, AL 35611, USA",(256) 203-9790,https://twicedaily.com/locations/1721-trigreen-dr-athens-al/,34.8189609,-86.9431584,3.0,14.0,ChIJjyFcWs-LYogRG9-8hBL3UGE,"convenience_store, food, point_of_interest, store, establishment"
"Anderson, AL",retail food,retail,,Mike's Merchandise,"715 14th St SE, Decatur, AL 35601, USA",(256) 351-1917,https://mikesmerchandise.com/decatur-store/,34.5770646,-86.97871250000001,3.9,383.0,ChIJI4KPe6GGYogRROjneIb4lPg,"point_of_interest, store, establishment"
"Anderson, AL",retail food,retail,722511,One Stop Shop,"18461 AL-99, Athens, AL 35614, USA",(256) 444-1113,https://onestopshopathens.com/,34.8247903,-87.0090385,4.5,64.0,ChIJd7dvNHGNYogR-kpLDZvUopU,"gas_station, restaurant, food, point_of_interest, store, establishment"
"Anderson, AL",retail food,retail,448140,The Mallard Coffee Company,"14 Lee St, Decatur, AL 35601, USA",,http://www.the-mallard.com/,34.6091274,-86.98773059999999,4.9,61.0,ChIJl0Bb7V-FYogRuoFzn7tWQU4,"cafe, bakery, clothing_store, restaurant, food, point_of_interest, store, establishment"
"Anderson, AL",retail food,retail,,Shoals Dream Center Thrift Store,"405 N Mall Rd, Florence, AL 35630, USA",(256) 740-0641,https://www.facebook.com/Loaves-Fishes-Thrift-Stores-200483356649602/,34.8399239,-87.64029699999999,4.0,66.0,ChIJDQGddyA2fYgRLMtFkwpV2ig,"point_of_interest, store, establishment"
"Anderson, AL",retail food,retail,445120,Clements Mini Mart,"7697 US-72, Athens, AL 35611, USA",(256) 729-6700,,34.8031623,-87.1841001,4.4,33.0,ChIJuUtxcR6VYogRsVADNmJVmBo,"convenience_store, gas_station, food, point_of_interest, store, establishment"
"Anderson, AL",retail food,retail,,Nothing But 5,"885 US Hwy 72 W Ste C, Athens, AL 35611, USA",(256) 444-1967,,34.7899199,-86.98287839999999,4.6,10.0,ChIJY4KU33iNYogRXD_Esvlu_ZI,"point_of_interest, store, establishment"
"Anderson, AL",retail food,retail,,U G White Mercantile,"101 N Jefferson St, Athens, AL 35611, USA",(256) 232-4540,http://www.ugwhite.com/,34.8035315,-86.9724738,4.8,169.0,ChIJp2HVrUKLYogRFv8cGnhVgug,"food, point_of_interest, store, establishment"
"Anderson, AL",retail food,retail,,MidTown Centre,"104 US-31, Athens, AL 35611, USA",,,34.8047341,-86.95220119999999,4.6,82.0,ChIJ019YLFaLYogRuZbBBYchS2g,"shopping_mall, point_of_interest, establishment"
"Anderson, AL",retail food,retail,,God's Storehouse,"947 E College St, Pulaski, TN 38478, USA",(931) 347-0890,,35.1927818,-87.0163757,4.4,129.0,ChIJgzp9D2QCY4gRaM41qs5Yqwg,"point_of_interest, store, establishment"
"Anderson, AL",retail food,retail,445120,Copeland Food Mart,"19230 E Limestone Rd, Athens, AL 35613, USA",(256) 230-0305,,34.8353236,-86.8314698,4.8,30.0,ChIJ2f3Y0w9eYogRfXriGSvA3lA,"gas_station, convenience_store, food, point_of_interest, store, establishment"
"Anderson, AL",clothing store,retail,448140,Martin's Family Clothing,"2150 Beltline Rd SW, Decatur, AL 35601, USA",(256) 350-2812,http://www.martinsfc.com/,34.5837799,-87.021941,4.2,805.0,ChIJJ4s87l-EYogR-XD47nWXlJM,"clothing_store, point_of_interest, store, establishment"
"Anderson, AL",clothing store,retail,448140,Ross Dress for Less,"356 Cox Creek Pkwy, Florence, AL 35630, USA",(256) 764-0505,https://www.rossstores.com/,34.8389637,-87.632071,4.4,796.0,ChIJE1PS5fJJfYgRKb5bU-n9FR4,"clothing_store, department_store, shoe_store, point_of_interest, store, establishment"
"Anderson, AL",clothing store,retail,448140,Citi Trends,"1306 Woodward Ave Center, Muscle Shoals, AL 35661, USA",(256) 444-6692,https://locations.cititrends.com/al/muscle-shoals/1306-woodward-ave.html,34.747251,-87.6698517,4.3,123.0,ChIJHxdLPDJPfYgR2yxJ8VuWb4o,"clothing_store, shoe_store, point_of_interest, store, establishment"
"Anderson, AL",clothing store,retail,452210,Marshalls,"2008 N Locust Ave, Lawrenceburg, TN 38464, USA",(931) 762-9149,https://www.marshalls.com/,35.2663968,-87.3206368,4.5,143.0,ChIJ-xdEbxwnY4gROWISa9nffCU,"department_store, clothing_store, point_of_interest, store, establishment"
"Anderson, AL",clothing store,retail,448140,Old Navy,"390 Cox Creek Pkwy Suite B, Florence, AL 35630, USA",(256) 767-9857,https://oldnavy.gap.com/stores/al/florence/oldnavy-4716.html,34.8424081,-87.63722320000001,4.3,97.0,ChIJ7UwvBnU3fYgR1L5PQSv6lPU,"clothing_store, point_of_interest, store, establishment"
"Anderson, AL",clothing store,retail,448140,Factory Connection,"147 Cox Crk Pkwy S, Florence, AL 35630, USA",(256) 349-5269,http://www.factory-connection.com/,34.8274949,-87.62606249999999,4.2,22.0,ChIJoR_SDfBJfYgRg9Oy28zEHBE,"clothing_store, shoe_store, home_goods_store, point_of_interest, store, establishment"
"Anderson, AL",clothing store,retail,452210,T.J. Maxx,"187 Cox Crk Pkwy S, Florence, AL 35630, USA",(256) 764-6811,https://tjmaxx.tjx.com/store/index.jsp,34.8257176,-87.6256992,4.3,654.0,ChIJoQvQS_BJfYgRJIE5VQGCpOM,"department_store, clothing_store, point_of_interest, jewelry_store, store, establishment"
"Anderson, AL",clothing store,retail,452210,Dillard's,"301 Cox Creek Pkwy Ste #1100, Florence, AL 35630, USA",(256) 766-8200,https://www.dillards.com/stores/alabama/florence-mall-florence/0453,34.8371187,-87.6356041,4.1,441.0,ChIJw-HStuNJfYgRJN_XIikpmeA,"department_store, shoe_store, clothing_store, home_goods_store, point_of_interest, store, establishment"
"Anderson, AL",clothing store,retail,448140,bealls,"605 US Hwy 72 W, Athens, AL 35611, USA",(256) 233-4545,https://stores.bealls.com/al/athens/605-us-highway-72-w,34.7882362,-86.97507859999999,4.4,304.0,ChIJoR4nbHuLYogRXR2BNLHIGj8,"clothing_store, shoe_store, home_goods_store, point_of_interest, store, establishment"
"Anderson, AL",clothing store,retail,448140,bealls,"519 Avalon Ave Ste 1, Muscle Shoals, AL 35661, USA",(256) 383-3422,https://stores.bealls.com/al/muscle-shoals/519-avalon-ave,34.7451993,-87.69412609999999,4.4,297.0,ChIJM-2KIS5PfYgRE4CMH2-9uoA,"clothing_store, shoe_store, home_goods_store, point_of_interest, store, establishment"
"Anderson, AL",clothing store,retail,448140,Citi Trends,"627 US Hwy 72 W, Athens, AL 35611, USA",(256) 444-6399,https://locations.cititrends.com/al/athens/627-us-hwy-72-w.html,34.7885093,-86.97735589999999,4.0,56.0,ChIJR111k4uLYogRqn6VdPiMpRA,"clothing_store, shoe_store, point_of_interest, store, establishment"
"Anderson, AL",clothing store,retail,448140,The Look!,"1616 Florence Blvd, Florence, AL 35630, USA",(256) 767-3747,http://shopthelookonline.com/,34.8207207,-87.65049169999999,4.0,71.0,ChIJ6dZD1stJfYgRIflkvUUXi9Q,"clothing_store, shoe_store, point_of_interest, store, establishment"
"Anderson, AL",clothing store,retail,448140,bealls,"2006 N Locust Ave, Lawrenceburg, TN 38464, USA",(931) 766-8065,https://stores.bealls.com/tn/lawrenceburg/2006-n-locust-ave,35.2660572,-87.32079209999999,4.3,314.0,ChIJvc6zvZgmY4gRU1EzgeuUb5Q,"clothing_store, shoe_store, home_goods_store, point_of_interest, store, establishment"
"Anderson, AL",clothing store,retail,448140,Factory Connection,"100 US-31 S, Athens, AL 35611, USA",(256) 232-7955,http://www.factory-connection.com/,34.8025805,-86.95409579999999,4.4,78.0,ChIJy7HfaHCLYogRi2eCelnT-s4,"clothing_store, shoe_store, home_goods_store, point_of_interest, store, establishment"
"Anderson, AL",clothing store,retail,452210,T.J. Maxx,"1061 Kelli Dr, Athens, AL 35611, USA",(256) 877-5681,http://www.tjmaxx.com/,34.784129,-86.9361022,3.9,37.0,ChIJ5w43Fl2LYogRLoRIn2D2WrM,"department_store, clothing_store, point_of_interest, jewelry_store, store, establishment"
"Anderson, AL",clothing store,retail,452210,Belk,"1801 Beltline Rd SW, Decatur, AL 35601, USA",(256) 351-5300,https://www.belk.com/store/belk-decatur-al/?StoreID=611,34.57097,-87.01699699999999,4.1,863.0,ChIJu5IkN2CEYogRovt8ufZ7JIg,"department_store, shoe_store, clothing_store, home_goods_store, point_of_interest, store, establishment"
"Anderson, AL",clothing store,retail,452210,Belk,"301 Cox Creek Pkwy, Florence, AL 35630, USA",(256) 760-2400,https://www.belk.com/store/belk-florence-al/?StoreID=614,34.8378009,-87.63547849999999,4.2,606.0,ChIJw-HStuNJfYgR1vDycGJmLB8,"department_store, shoe_store, clothing_store, home_goods_store, point_of_interest, store, establishment"
"Anderson, AL",clothing store,retail,448140,Lucky Finds Boutique,"1601 Darby Dr, Florence, AL 35630, USA",(256) 648-4040,http://luckyfindstoday.com/,34.8203751,-87.6570155,4.3,31.0,ChIJobtP7stJfYgRwzbnJpy7Q4c,"clothing_store, point_of_interest, store, establishment"
"Anderson, AL",clothing store,retail,448140,The Outlook,"119 N 1st St, Pulaski, TN 38478, USA",(931) 363-7508,https://www.outlookclothing.com/,35.1995306,-87.0303241,4.7,141.0,ChIJ2WehPI0CY4gReQ6ghFYqt2M,"clothing_store, point_of_interest, store, establishment"
"Anderson, AL",clothing store,retail,448140,Coats Clothing Co,"122 N Court St, Florence, AL 35630, USA",(256) 760-0033,,34.8009192,-87.67617229999999,4.4,91.0,ChIJefAjaV5IfYgRWF6uEgVLljs,"clothing_store, point_of_interest, store, establishment"
"Anderson, AL",clothing store,retail,448140,Ross Dress for Less,"1061 Kelli Dr Unit B, Athens, AL 35611, USA",(256) 444-1000,https://www.rossstores.com/,34.78215230000001,-86.93656539999999,3.8,13.0,ChIJ52W2jTOLYogRr0vjPeUeDCg,"clothing_store, department_store, shoe_store, point_of_interest, store, establishment"
"Anderson, AL",clothing store,retail,448140,The London Shop,"1597 Darby Dr, Florence, AL 35630, USA",(256) 767-1880,https://www.facebook.com/people/The-London-Shop/100057041547103/,34.8202434,-87.65702069999999,4.3,28.0,ChIJRXF5wspJfYgRu-mrMKBhARU,"clothing_store, point_of_interest, store, establishment"
"Anderson, AL",clothing store,retail,452210,Bennett's Clothing,"215 W Washington St, Athens, AL 35611, USA",(256) 232-8431,http://www.bennettsclothing.com/,34.8022117,-86.9717864,4.4,64.0,ChIJ6wz2BGiLYogRkdmwypjvTMk,"department_store, shoe_store, clothing_store, point_of_interest, store, establishment"
"Anderson, AL",clothing store,retail,448210,Novedades la Reyna Clothing,"1707 Central Pkwy SW, Decatur, AL 35601, USA",(256) 565-9589,,34.5797208,-86.9861661,3.5,24.0,ChIJsfmXbB-EYogRPxlv9VMKkTs,"shoe_store, clothing_store, point_of_interest, store, establishment"
"Anderson, AL",clothing store,retail,448140,The Outlook,"39 Public Square, Lawrenceburg, TN 38464, USA",(931) 762-8101,http://outlookclothing.com/,35.2411583,-87.3355041,4.6,35.0,ChIJr_UoCcgnY4gR8CdLayGlHmY,"clothing_store, point_of_interest, store, establishment"
"Anderson, AL",clothing store,retail,448140,The Village Shoppe,"713 Woodward Ave, Muscle Shoals, AL 35661, USA",(256) 383-1133,https://villageshoppeonline.com/,34.7536875,-87.66732569999999,4.8,28.0,ChIJBfiqkNJIfYgR805OZ26Ebf0,"clothing_store, point_of_interest, store, establishment"
"Anderson, AL",clothing store,retail,448140,James & Alma,"2913 Mall Rd, Florence, AL 35630, USA",(256) 764-4400,https://shopjamesandalmaclothing.com/,34.8383805,-87.6393908,3.6,19.0,ChIJVzwaCyA2fYgRHNxkEzofS84,"clothing_store, point_of_interest, store, establishment"
"Anderson, AL",clothing store,retail,448140,Buckle,"301 Cox Creek Pkwy Ste 1306, Florence, AL 35630, USA",(256) 764-0666,https://local.buckle.com/al/florence/clothing-491.html?utm_source=Google&utm_medium=Maps&utm_campaign=Google+Places,34.8371187,-87.6356041,4.4,61.0,ChIJsdSVB-NJfYgRm2zph14O8e4,"clothing_store, shoe_store, point_of_interest, store, establishment"
"Anderson, AL",clothing store,retail,448140,The Eclectic,"411 E Tennessee St, Florence, AL 35630, USA",(256) 718-7999,,34.8022844,-87.6716476,3.9,163.0,ChIJ4SbSwltIfYgRhtY2yKRmctU,"clothing_store, point_of_interest, store, establishment"
"Anderson, AL",clothing store,retail,448140,American Eagle,"301 Cox Creek Pkwy, Florence, AL 35630, USA",(256) 764-1931,https://storelocations.ae.com/us/al/florence/00195-301-cox-creek-parkway.html,34.837535,-87.635832,4.4,57.0,ChIJw-HStuNJfYgR2OQwheX_er0,"clothing_store, point_of_interest, store, establishment"
"Anderson, AL",clothing store,retail,448140,As You Go Clothing Co.,"102 Kimberly Ave, Muscle Shoals, AL 35661, USA",(256) 314-2215,http://www.asyougoclothing.com/,34.7331263,-87.63586269999999,5.0,6.0,ChIJlz3O0cBPfYgRWofQDgMBYvA,"clothing_store, point_of_interest, store, establishment"
"Anderson, AL",clothing store,retail,448140,Better Than Before Consignments,"1820 6th Ave SE, Decatur, AL 35601, USA",(256) 351-0666,http://btbconsignments.com/,34.5761577,-86.97396460000002,4.4,94.0,ChIJ1-AFi6SGYogRJGMfwgcwBqI,"clothing_store, point_of_interest, store, establishment"
"Anderson, AL",clothing store,retail,448210,Cato Fashions,"2010 N Locust Ave, Lawrenceburg, TN 38464, USA",(931) 762-7976,https://stores.catofashions.com/tn/lawrenceburg/2010-north-locust?utm_source=gmb&utm_medium=Yext&y_source=1_MjY1NjA1MjItNzE1LWxvY2F0aW9uLndlYnNpdGU%3D,35.2667455,-87.32048859999999,4.5,76.0,ChIJywEAj5YmY4gRezow2khTibM,"shoe_store, clothing_store, point_of_interest, store, establishment"
"Anderson, AL",clothing store,retail,448210,Cato Fashions,"352 Cox Creek Pkwy, Florence, AL 35630, USA",(256) 740-0620,https://stores.catofashions.com/al/florence/352-cox-creek-parkway?utm_source=gmb&utm_medium=Yext&y_source=1_MjY1NTk5MjUtNzE1LWxvY2F0aW9uLndlYnNpdGU%3D,34.8389894,-87.63077469999999,4.3,62.0,ChIJof4d5fJJfYgRfBlo8_MoVoo,"shoe_store, clothing_store, point_of_interest, store, establishment"
"Anderson, AL",clothing store,retail,448140,Billy Reid,"114 N Court St, Florence, AL 35630, USA",(256) 767-4692,http://www.billyreid.com/,34.800784,-87.67593699999999,4.7,34.0,ChIJ30fiaF5IfYgRG9RVuw-4aKg,"clothing_store, point_of_interest, store, establishment"
"Anderson, AL",clothing store,retail,448140,The Mill Store,"4031-F Parkway Dr, Florence, AL 35630, USA",(256) 335-2830,http://www.millstoreflorence.com/,34.8612567,-87.656937,4.7,128.0,ChIJlclZZDU2fYgRlt_IZV3E9wU,"clothing_store, point_of_interest, store, establishment"
"Anderson, AL",clothing store,retail,448140,bealls,"1605 Beltline Rd SW STE A-2, Decatur, AL 35601, USA",(256) 686-7756,https://stores.bealls.com/al/decatur/1605-beltline-rd-sw,34.5654026,-87.012512,4.6,18.0,ChIJFf2OuAyFYogR2w5xE7sttyQ,"clothing_store, shoe_store, home_goods_store, point_of_interest, store, establishment"
"Anderson, AL",clothing store,retail,448210,Cato Fashions,"1653 W College St Suite 201, Pulaski, TN 38478, USA",(931) 424-3414,https://stores.catofashions.com/tn/pulaski/1653-west-college-street?utm_source=gmb&utm_medium=Yext&y_source=1_MjY1NjA1ODctNzE1LWxvY2F0aW9uLndlYnNpdGU%3D,35.2016466,-87.05788489999999,4.3,16.0,ChIJ__XK4soCY4gR-ZugN-UqSOI,"shoe_store, clothing_store, point_of_interest, store, establishment"
"Anderson, AL",clothing store,retail,448210,Lawson's Clothing & Shoes + OUTDOORS,"536 N Military St, Loretto, TN 38469, USA",(931) 853-4877,http://www.lawsonsoutdoors.com/,35.090854,-87.42387099999999,4.6,484.0,ChIJEbsr5SjRYogRYlBdNxtw8VQ,"shoe_store, clothing_store, point_of_interest, store, establishment"
"Anderson, AL",clothing store,retail,448210,Academy Sports + Outdoors,"113 Cox Crk Pkwy S, Florence, AL 35630, USA",(256) 768-7400,https://www.academy.com/storelocator/alabama/florence/store-0279,34.8289536,-87.62607179999999,4.4,1423.0,ChIJdcNYt_pJfYgRMcRaADcwRK0,"shoe_store, clothing_store, point_of_interest, store, establishment"
"Anderson, AL",clothing store,retail,452210,Target,"372 Cox Creek Pkwy, Florence, AL 35630, USA",(256) 764-6924,https://www.target.com/sl/florence/1322,34.8421011,-87.6341698,4.5,361.0,ChIJv7IJ2_JJfYgRpuy14JnXQ8Y,"department_store, shoe_store, electronics_store, furniture_store, clothing_store, home_goods_store, point_of_interest, store, establishment"
"Anderson, AL",clothing store,retail,448140,Shoals Dream Center Thrift Store,"3510 Cloverdale Rd, Florence, AL 35633, USA",(256) 740-8441,https://www.facebook.com/Loaves-Fishes-Thrift-Stores-200483356649602/,34.8535955,-87.6908625,4.0,67.0,ChIJgSHv6fA3fYgR1LuXwxdD-cQ,"clothing_store, point_of_interest, store, establishment"
"Anderson, AL",clothing store,retail,448140,R & R Boutique,"14463 County Line Rd, Muscle Shoals, AL 35661, USA",(256) 275-5227,,34.7838468,-87.52888209999999,4.3,12.0,ChIJRasNmcW0YogRXkgV45g0U_M,"clothing_store, point_of_interest, store, establishment"
"Anderson, AL",clothing store,retail,448140,The Sassy Owl Boutique,"312 2nd Ave SE, Decatur, AL 35601, USA",(256) 580-5103,http://thesassyowlboutique.com/,34.60140210000001,-86.9849679,4.3,44.0,ChIJ4-dXqiuEYogRpa7F_desY4c,"clothing_store, point_of_interest, store, establishment"
"Anderson, AL",clothing store,retail,448140,Wear-House,"3624 Cloverdale Rd, Florence, AL 35633, USA",(256) 767-4399,,34.8568074,-87.69116629999999,4.8,13.0,ChIJ-cpkO_E3fYgR0gtqVMyDmkQ,"clothing_store, point_of_interest, store, establishment"
"Anderson, AL",clothing store,retail,448140,America's Thrift Stores & Donation Center,"990 Cox Creek Pkwy, Florence, AL 35630, USA",(938) 666-1696,https://www.americasthrift.com/thrift-stores/florence-al/,34.8404516,-87.6867953,4.1,306.0,ChIJrzMnL5FJfYgR2Y2ZS8WJo2E,"clothing_store, point_of_interest, store, establishment"
"Anderson, AL",clothing store,retail,448140,UNA Off Campus Book & Apparel,"1202 N Wood Ave, Florence, AL 35630, USA",(256) 275-7788,,34.8181608,-87.680621,4.4,14.0,ChIJC59mvWdIfYgRnG3ONNDX6-E,"clothing_store, point_of_interest, store, establishment"
"Anderson, AL",clothing store,retail,448140,Impulse Boutique,"1625 Darby Dr, Florence, AL 35630, USA",(256) 275-7342,http://impulse2u.com/,34.8210622,-87.6571118,5.0,2.0,ChIJITK8UelJfYgRkriThhhyIkQ,"clothing_store, point_of_interest, store, establishment"
"Anderson, AL",clothing store,retail,452210,Kohl's,"350 Seville St, Florence, AL 35630, USA",(256) 767-5377,https://www.kohls.com/stores/al/florence-1027.shtml?utm_source=google&utm_medium=organic&utm_campaign=local,34.8382543,-87.62719949999999,4.4,834.0,ChIJvzyC0fxJfYgRVAyd-fqvWrk,"department_store, point_of_interest, store, establishment"
"Anderson, AL",clothing store,retail,448140,Fashion Exchange,"2412 E 2nd St, Muscle Shoals, AL 35661, USA",(256) 381-8010,,34.7586347,-87.6363135,4.5,74.0,ChIJuzKXZC1PfYgR_UcE1PdiCaM,"clothing_store, point_of_interest, store, establishment"
"Anderson, AL",clothing store,retail,448210,Cato Fashions,"1001 US Hwy 72 E, Athens, AL 35611, USA",(256) 230-3358,https://stores.catofashions.com/al/athens/1001-us-highway-72-east?utm_source=gmb&utm_medium=Yext&y_source=1_MjY1NjA2MDQtNzE1LWxvY2F0aW9uLndlYnNpdGU%3D,34.7885729,-86.9605557,4.6,75.0,ChIJy6K7TAmLYogRK-FcG0mps_Q,"shoe_store, clothing_store, point_of_interest, store, establishment"
"Anderson, AL",clothing store,retail,448140,Maurices,"1801 Beltline Rd SW Suite 26, Decatur, AL 35601, USA",(256) 309-5847,https://locations.maurices.com/us/al/decatur/1801-beltline-road-s-w,34.5719534,-87.01763940000001,4.6,50.0,ChIJdfNqfXWEYogRaCf7_IQIE48,"clothing_store, point_of_interest, store, establishment"
"Anderson, AL",clothing store,retail,448140,Ye Ole General Store,"219 N Seminary St, Florence, AL 35630, USA",(256) 764-0601,,34.802239,-87.6757313,5.0,29.0,ChIJRfue0V1IfYgRQc3USjvq1Do,"clothing_store, point_of_interest, store, establishment"
"Anderson, AL",clothing store,retail,448140,Bliss and Birch,"18865 Upper Fort Hampton Rd, Elkmont, AL 35620, USA",(256) 777-0449,http://shopblissandbirch.com/,34.929112,-86.9735342,5.0,1.0,ChIJaZi4QHH3YogRc1O6LNne_PE,"clothing_store, point_of_interest, store, establishment"
"Anderson, AL",clothing store,retail,448140,Gigi's Boutique,"42 Public Square, Lawrenceburg, TN 38464, USA",(931) 762-6222,http://facebook.com/gigisboutiquetn,35.2412977,-87.33526839999999,4.4,24.0,ChIJoyIaePomY4gRNS6zfW5JkTM,"clothing_store, point_of_interest, store, establishment"
"Anderson, AL",clothing store,retail,448140,Boutique Bliss,"103 Market St E, Athens, AL 35611, USA",(256) 444-2707,https://www.boutiquebliss.com/,34.8034029,-86.9697032,4.8,18.0,ChIJlS3SquiLYogRQIfHEo6RLrM,"clothing_store, point_of_interest, store, establishment"
"Anderson, AL",clothing store,retail,448140,The Clothes Pen,"105 W Madison St, Pulaski, TN 38478, USA",(931) 363-7341,,35.1989933,-87.0313659,4.8,16.0,ChIJucNMXY0CY4gRr6sIS_ljQV4,"clothing_store, point_of_interest, store, establishment"
"Anderson, AL",clothing store,retail,448140,Trading Post Western & Outdoor - Decatur,"1803 6th Ave SE, Decatur, AL 35601, USA",(256) 445-7100,https://tradingpostboots.com/,34.577621,-86.97724199999999,4.6,135.0,ChIJJTYO4aOGYogRs0ojyEYWc7M,"clothing_store, shoe_store, point_of_interest, store, establishment"
"Anderson, AL",clothing store,retail,448140,Wiley's Trading Company,"1820 6th Ave SE U, Decatur, AL 35601, USA",(256) 203-5079,https://www.outdoorclothingdecatur.com/,34.5756848,-86.97390070000002,4.8,208.0,ChIJ1-AFi6SGYogRBGvE6GzZrzw,"clothing_store, point_of_interest, store, establishment"
"Anderson, AL",convenience store,retail,445120,Speedway,"1609 N Locust Ave, Lawrenceburg, TN 38464, USA",(931) 762-2768,https://www.speedway.com/locations/TN/Lawrenceburg/1609-N-Locust-Ave,35.2620314,-87.3242495,4.4,553.0,ChIJA1pMeZcmY4gR6VADmh02BXg,"gas_station, convenience_store, point_of_interest, food, store, establishment"
"Anderson, AL",convenience store,retail,445120,Shan's Convenience #2,"Florence, AL 35630, USA",,,34.8102573,-87.6482609,5.0,1.0,ChIJR2sDdrpJfYgRUM7crlIv6-k,"convenience_store, point_of_interest, food, store, establishment"
"Anderson, AL",convenience store,retail,445120,Marathon,"2804 Cloverdale Rd, Florence, AL 35633, USA",(256) 760-0932,,34.8444652,-87.68872619999999,4.4,60.0,ChIJxQXn6fw3fYgRa7KxmiVc9RE,"gas_station, atm, convenience_store, finance, point_of_interest, food, store, establishment"
"Anderson, AL",convenience store,retail,445120,AVYA FOOD MART,"723 E 2nd St, Sheffield, AL 35660, USA",(256) 904-3706,,34.7599573,-87.68748509999999,4.2,19.0,ChIJIWIkW65IfYgRbrH24HD01Hk,"convenience_store, gas_station, liquor_store, meal_takeaway, restaurant, point_of_interest, food, store, establishment"
"Anderson, AL",convenience store,retail,445120,Top of the Hill Market,"12882 Minor Hill Hwy, Minor Hill, TN 38473, USA",(931) 565-3585,,35.0567986,-87.1575871,4.6,17.0,ChIJj3E--4vmYogRpMT_7gRrLb4,"convenience_store, atm, finance, point_of_interest, food, store, establishment"
"Anderson, AL",convenience store,retail,445120,Tommy#2,"2354 Danville Rd SW, Decatur, AL 35603, USA",(256) 351-2684,,34.5681344,-87.01626089999999,5.0,2.0,ChIJIeXCR_GFYogRYXEvVXGa7XM,"convenience_store, point_of_interest, food, store, establishment"
"Anderson, AL",convenience store,retail,445120,Bud's Convenience Stores,"1002 Wilson St NW, Decatur, AL 35601, USA",(256) 341-2309,,34.6191038,-87.0009591,3.0,7.0,ChIJp9W9YMOFYogRmZxV4_PWzfE,"convenience_store, point_of_interest, food, store, establishment"
"Anderson, AL",convenience store,retail,444130,Coussons Hardware and Convenience at Church Road,"30 Co Rd 30, Florence, AL 35634, USA",(256) 275-3768,,34.8833408,-87.67207330000001,4.5,40.0,ChIJs0Wb_M83fYgRXgRq-1Muojo,"hardware_store, convenience_store, point_of_interest, food, store, establishment"
"Anderson, AL",convenience store,retail,445120,Kountry Kupboard,"2339 US-43, Leoma, TN 38468, USA",(931) 762-0744,,35.194931,-87.340279,4.4,133.0,ChIJzardaXgnY4gR7f2VT8ReHGE,"convenience_store, grocery_or_supermarket, restaurant, point_of_interest, food, store, establishment"
"Anderson, AL",convenience store,retail,445120,"Saint Food Mart, Phillips 66","8899 AL-101, Town Creek, AL 35672, USA",(256) 685-2158,,34.58883,-87.4248851,4.6,16.0,ChIJhT8R696uYogRzngpqv1iPg4,"convenience_store, atm, gas_station, meal_takeaway, restaurant, finance, point_of_interest, food, store, establishment"
"Anderson, AL",convenience store,retail,445120,Sunoco,"4203 Huntsville Rd, Florence, AL 35630, USA",(256) 718-1515,https://www.sunoco.com/,34.8233506,-87.6261476,4.2,122.0,ChIJFYvggfFJfYgRgUy81jJuWAY,"gas_station, convenience_store, point_of_interest, food, store, establishment"
"Anderson, AL",convenience store,retail,445120,Gansshay Namh Convenience Str,"3135 Huntsville Rd, Florence, AL 35630, USA",,,34.8165929,-87.639826,,,ChIJB2yI7L9JfYgRWnaGJnfobBM,"convenience_store, point_of_interest, food, store, establishment"
"Anderson, AL",convenience store,retail,445120,Bonnertown Store,"1134 Rabbit Trail Rd, Five Points, TN 38457, USA",(931) 556-2097,,35.0062287,-87.298261,4.0,125.0,ChIJYWra9VTDYogRNGNnD7tQZ2s,"convenience_store, grocery_or_supermarket, point_of_interest, food, store, establishment"
"Anderson, AL",convenience store,retail,445120,HT General Merchandise,"6591 AL-17, Florence, AL 35634, USA",(256) 764-9179,,34.9117832,-87.6704329,4.4,26.0,ChIJG1mjnDw3fYgRpCbgAAP5uGk,"convenience_store, gas_station, point_of_interest, food, store, establishment"
"Anderson, AL",convenience store,retail,445120,Shan Convenience Store,"3135 Huntsville Rd, Florence, AL 35630, USA",(256) 766-2400,,34.8165965,-87.6398214,3.2,5.0,ChIJa2mI7L9JfYgRIJMXXHT1CgM,"convenience_store, point_of_interest, food, store, establishment"
"Anderson, AL",convenience store,retail,445120,Loretto One Stop,"917 N Military St, Loretto, TN 38469, USA",(931) 853-6060,https://www.facebook.com/Loretto1Stop,35.105322,-87.41242299999999,4.4,46.0,ChIJXx5mcS7XYogR8FPMOcnG3Ak,"gas_station, atm, convenience_store, liquor_store, restaurant, finance, point_of_interest, food, store, establishment"
"Anderson, AL",convenience store,retail,445120,Webb's Busy Bee Marathon,"1801 6th Ave SE, Decatur, AL 35601, USA",(256) 686-2063,http://webbsbusybee.com/,34.5778503,-86.9772491,4.1,31.0,ChIJqd8r3qOGYogRUOv3b4730xQ,"gas_station, convenience_store, liquor_store, meal_takeaway, restaurant, point_of_interest, food, store, establishment"
"Anderson, AL",convenience store,retail,445120,Fast & Friendly Mini Mart,"1309 Carridale St SW A, Decatur, AL 35601, USA",(256) 355-4240,,34.5748351,-87.00742,4.8,10.0,ChIJkx7RMGyEYogR3DiQaqVyYxc,"convenience_store, point_of_interest, food, store, establishment"
"Anderson, AL",convenience store,retail,445120,Shop 'N Go,"1905 US-72, Tuscumbia, AL 35674, USA",(256) 381-6227,,34.7124231,-87.6686994,4.0,11.0,ChIJp4S7FXNPfYgRvLelE6IK-Rs,"convenience_store, point_of_interest, food, store, establishment"
"Anderson, AL",convenience store,retail,445120,HAPPY HOLLOW MARKET & DELI,"8145 Co Rd 47, Florence, AL 35634, USA",(256) 757-6288,https://www.facebook.com/Happy-Hollow-373853659717913/,34.915232,-87.5904585,4.4,71.0,ChIJ4TX922U0fYgRbjunOYNtHNQ,"convenience_store, point_of_interest, food, store, establishment"
"Anderson, AL",convenience store,retail,445120,Wally World Mini Mart,"2505 Point Mallard Dr SE, Decatur, AL 35601, USA",(256) 353-2181,,34.5891402,-86.9504663,4.7,23.0,ChIJKYGYDOSGYogRJLxNe8JXZqQ,"convenience_store, gas_station, point_of_interest, food, store, establishment"
"Anderson, AL",convenience store,retail,445120,RANDYS ONE STOP,"3985 US-43, St Joseph, TN 38481, USA",(931) 845-4190,,35.014442,-87.5097495,4.3,151.0,ChIJSYMUTJ3SYogRoeAmzOv38O0,"convenience_store, gas_station, point_of_interest, food, store, establishment"
"Anderson, AL",convenience store,retail,445120,Convenience Store & Deli.,"1450 Helton Drive, Florence, AL 35630, USA",(256) 718-1664,,34.8198998,-87.6674341,4.2,6.0,ChIJtYVZjjdIfYgRNdBbcAsTLF0,"convenience_store, point_of_interest, food, store, establishment"
"Anderson, AL",convenience store,retail,445120,Corner Market,"16540 W College St, Pulaski, TN 38478, USA",(931) 424-7192,,35.2054949,-87.0632892,3.9,341.0,ChIJEWxxuDQdY4gRRnSuZ5TYoKs,"convenience_store, point_of_interest, food, store, establishment"
"Anderson, AL",convenience store,retail,445120,Quik Mart Convenience Stores,"802 Cox Creek Pkwy, Florence, AL 35630, USA",(256) 766-6634,http://quikmart.com/,34.8442809,-87.6673244,4.4,12.0,ChIJJ6gG2Nk3fYgRpJU6ESoFcmI,"gas_station, convenience_store, meal_takeaway, restaurant, point_of_interest, food, store, establishment"
"Anderson, AL",convenience store,retail,445120,Quik Mart Convenience Stores,"1904 W Gaines St, Lawrenceburg, TN 38464, USA",(931) 762-9656,http://quikmart.com/,35.245458,-87.3648316,4.1,33.0,ChIJgy76ajkmY4gRk49_X0Oozwk,"gas_station, convenience_store, meal_takeaway, restaurant, point_of_interest, food, store, establishment"
"Anderson, AL",convenience store,retail,445120,MAPCO Mart,"2291 Florence Blvd, Florence, AL 35630, USA",(256) 767-2540,https://www.mapcorewards.com/,34.8278342,-87.6397609,4.3,74.0,ChIJd3R_GcNJfYgRt6f51aRRPwE,"convenience_store, gas_station, point_of_interest, food, store, establishment"
"Anderson, AL",convenience store,retail,445120,TazMart (citgo),"1102 W Gaines St, Lawrenceburg, TN 38464, USA",(931) 766-5202,,35.2431453,-87.34847889999999,4.2,31.0,ChIJ3bXQUFomY4gR51JgiOjLm4s,"gas_station, atm, convenience_store, liquor_store, finance, point_of_interest, food, store, establishment"
"Anderson, AL",convenience store,retail,445120,Chevron,"600 N Royal Ave, Florence, AL 35630, USA",(256) 766-0844,https://www.doordash.com/store/27834_source=mx,34.8120918,-87.6709893,4.4,18.0,ChIJMY69feJJfYgR7hUMfAotQo4,"gas_station, convenience_store, meal_takeaway, restaurant, point_of_interest, food, store, establishment"
"Anderson, AL",convenience store,retail,445120,Quik Mart Convenience Stores,"2100 N Locust Ave, Lawrenceburg, TN 38464, USA",(931) 762-5245,http://quikmart.com/,35.2689931,-87.3207388,4.6,17.0,ChIJTyAD6qEmY4gR0BrqZftbjvU,"gas_station, convenience_store, meal_takeaway, restaurant, point_of_interest, food, store, establishment"
"Anderson, AL",convenience store,retail,445120,Cloverdale Foods & Spirits (Valero),"3504 Cloverdale Rd, Florence, AL 35633, USA",(256) 766-3532,,34.8533,-87.6910304,4.3,27.0,ChIJH2OUCAU3fYgRvSsj9YEjLto,"gas_station, convenience_store, liquor_store, point_of_interest, food, store, establishment"
"Anderson, AL",convenience store,retail,445120,Dollar General,"1811 E 6th St, Muscle Shoals, AL 35661, USA",(256) 826-0825,https://www.dollargeneral.com/store-directory/al/muscle-shoals/8731,34.7301502,-87.6377921,4.2,336.0,ChIJAf8HLsBOfYgRUgLNivLJh_w,"convenience_store, drugstore, grocery_or_supermarket, health, point_of_interest, food, store, establishment"
"Anderson, AL",convenience store,retail,445120,Shell,"2004 Danville Park Dr SW, Decatur, AL 35603, USA",(256) 350-8800,https://find.shell.com/us/fuel/10010330-2004-danville-park-dr-sw/en_US,34.5664951,-87.01806049999999,4.0,54.0,ChIJl5jenn6EYogRhc3SqztWfiI,"gas_station, convenience_store, point_of_interest, food, store, establishment"
"Anderson, AL",convenience store,retail,445120,43 Food & Fuel,"4510 US-43, Killen, AL 35645, USA",(256) 757-1999,,34.9127235,-87.531054,4.3,10.0,ChIJ7x-o4NXKYogRn4wAPYDCuq8,"convenience_store, gas_station, point_of_interest, food, store, establishment"
"Anderson, AL",convenience store,retail,445120,Quik Mart Convenience Stores,"830 Mill St, Pulaski, TN 38478, USA",(931) 363-4284,http://quikmart.com/,35.1908512,-87.04713819999999,4.2,14.0,ChIJUxSYTZQCY4gRh9uKwOZ5E-c,"gas_station, convenience_store, meal_takeaway, store, restaurant, point_of_interest, food, establishment"
"Anderson, AL",convenience store,retail,445120,Chevron,"420 S Court St, Florence, AL 35630, USA",(256) 767-5780,https://www.chevronwithtechron.com/station/,34.7965495,-87.6740733,3.5,29.0,ChIJ5Q80FV9IfYgRbTdGWK_fTUc,"gas_station, convenience_store, store, point_of_interest, food, establishment"
"Anderson, AL",convenience store,retail,445120,Quik Mart Convenience Stores,"532 E 2nd St, Muscle Shoals, AL 35661, USA",(256) 383-7525,http://quikmart.com/,34.7591004,-87.6679568,3.9,16.0,ChIJ5zCsEMlIfYgR7useGWqAGp8,"gas_station, convenience_store, meal_takeaway, store, restaurant, point_of_interest, food, establishment"
"Anderson, AL",convenience store,retail,445120,Hwy 101 Handy Mart,"20915 AL-101, Town Creek, AL 35672, USA",(256) 967-1005,,34.7546286,-87.4059911,3.8,16.0,ChIJGffk1Da3YogRkI42R4e_82o,"convenience_store, store, point_of_interest, food, establishment"
"Anderson, AL",convenience store,retail,445120,Twice Daily,"22048 US Hwy 72 E, Athens, AL 35613, USA",(256) 850-1077,https://twicedaily.com/,34.7808065,-86.9294561,3.5,38.0,ChIJl0thMZmLYogRM96nDccWf3E,"convenience_store, store, point_of_interest, food, establishment"
"Anderson, AL",convenience store,retail,445120,Chris Food Mart,"4203 Huntsville Rd, Florence, AL 35630, USA",(256) 718-1515,https://www.sunoco.com/locations/store/4203-huntsville-rd-florence-al-0100171800,34.8234437,-87.62597029999999,5.0,7.0,ChIJ4fDggfFJfYgRHy64weiW_Fs,"convenience_store, gas_station, store, point_of_interest, food, establishment"
"Anderson, AL",convenience store,retail,445120,Circle K,"2525 Avalon Ave, Muscle Shoals, AL 35661, USA",(256) 386-7443,https://www.circlek.com/store-locator/US/muscle-shoals/2525-avalon-ave/2723685?utm_source=google&utm_medium=local&utm_campaign=google-local,34.7447741,-87.635948,3.8,43.0,ChIJAWVnYrZOfYgR8FCVDQD2PP0,"convenience_store, atm, gas_station, finance, store, point_of_interest, food, establishment"
"Anderson, AL",convenience store,retail,445120,Quik Mart Convenience Stores,"3700 Cloverdale Rd, Florence, AL 35633, USA",(256) 767-5708,http://quikmart.com/,34.8590549,-87.6914523,3.7,6.0,ChIJUUZNkfM3fYgRFs-VDyGKF7I,"gas_station, convenience_store, meal_takeaway, store, restaurant, point_of_interest, food, establishment"
"Anderson, AL",convenience store,retail,445120,Dollar General,"1502B 6th Ave SE, Decatur, AL 35601, USA",(256) 445-6845,https://www.dollargeneral.com/store-directory/al/decatur/1957,34.5835265,-86.9798989,4.1,453.0,ChIJY8UcpZ-GYogRYKCmyEFdEfg,"convenience_store, drugstore, grocery_or_supermarket, health, store, point_of_interest, food, establishment"
"Anderson, AL",convenience store,retail,445120,Anderson Convenience Store,"7230 AL-207, Anderson, AL 35610, USA",(256) 247-7553,https://andersonconvenience.github.io/store/,34.9242241,-87.2684709,3.8,13.0,ChIJaY5j3dbDYogRxOA2bWkzPzQ,"convenience_store, gas_station, store, point_of_interest, food, establishment"
"Anderson, AL",convenience store,retail,445120,Dollar General,"2305 Old Moulton Rd, Decatur, AL 35603, USA",(256) 580-6583,https://www.dollargeneral.com/store-directory/al/decatur/10017,34.5891292,-87.0310208,4.0,350.0,ChIJsTLZ1vCEYogRmvpijGUBYQU,"convenience_store, drugstore, grocery_or_supermarket, health, store, point_of_interest, food, establishment"
"Anderson, AL",convenience store,retail,445120,Dollar General,"1310 Avalon Ave, Muscle Shoals, AL 35661, USA",(205) 462-8576,https://www.dollargeneral.com/store-directory/al/tuscumbia/197,34.74461120000001,-87.6826258,4.0,382.0,ChIJNZLhmehPfYgR8LO1w8tcGLQ,"convenience_store, drugstore, grocery_or_supermarket, health, store, point_of_interest, food, establishment"
"Anderson, AL",convenience store,retail,445120,Quik Mart,"105 Helton Dr, Lawrenceburg, TN 38464, USA",(931) 762-5531,http://quikmart.com/,35.2678526,-87.3248026,5.0,2.0,ChIJYXU3M5kmY4gRXbDAFT6d8BM,"convenience_store, store, point_of_interest, food, establishment"
"Anderson, AL",convenience store,retail,445120,MAPCO,"801 S S Jefferson St, Athens, AL 35611, USA",(256) 233-1770,https://www.mapcorewards.com/,34.7947674,-86.9712323,3.8,48.0,ChIJ94DyV2-LYogR2snxFhSv0OY,"convenience_store, gas_station, store, point_of_interest, food, establishment"
"Anderson, AL",convenience store,retail,445120,Circle K,"602 Cox Creek Pkwy, Florence, AL 35630, USA",(256) 760-5221,https://www.circlek.com/store-locator/US/florence/602-cox-creek-pkwy/2723689?utm_source=google&utm_medium=local&utm_campaign=google-local,34.8445434,-87.6465372,3.6,79.0,ChIJfSwucCY2fYgRYXeArVTYLGs,"convenience_store, atm, gas_station, finance, store, point_of_interest, food, establishment"
"Anderson, AL",convenience store,retail,445120,Chevron,"801 Cox Creek Pkwy, Florence, AL 35630, USA",(256) 767-5622,http://www.chevronwithtechron.com/stations/station-finder.aspx,34.8433301,-87.6667564,3.9,10.0,ChIJJ_xUfdc3fYgRrZI1vqTS7Fo,"gas_station, convenience_store, car_repair, store, point_of_interest, food, establishment"
"Anderson, AL",wholesale,retail,,Judson & Company,"715 Summit Dr SE, Decatur, AL 35601, USA",(866) 969-1455,http://www.judson.biz/,34.5714506,-86.98083310000001,4.7,31.0,ChIJi2tKLF-BYogRenc21dt71So,"jewelry_store, point_of_interest, store, establishment"
"Anderson, AL",wholesale,retail,,Bin City,"1531 N Wood Ave, Florence, AL 35630, USA",(917) 246-1451,,34.8218129,-87.68237359999999,4.3,7.0,ChIJK_YjaZpJfYgRIrdzVTZbhvk,"point_of_interest, establishment"
"Anderson, AL",wholesale,retail,448140,The WearHouzz Company,"512 W Lasalle Ave, Muscle Shoals, AL 35661, USA",(256) 415-5664,,34.7326816,-87.66894339999999,,,ChIJhfZUnXhPfYgR7xQC2bWOMhM,"clothing_store, point_of_interest, store, establishment"
"Anderson, AL",distributor,retail,,Supreme Beverage Co Inc,"5860 Endeavor Way, Tanner, AL 35671, USA",(256) 534-1482,http://www.supremebeverage.com/,34.6395497,-86.8992201,4.0,34.0,ChIJAQAAAF9rYogRM_3_d_8wRG0,"point_of_interest, establishment"
"Anderson, AL",distributor,retail,,Gulf Distributing of Alabama,"5860 Endeavor Way, Tanner, AL 35671, USA",,https://gulfdistributing.com/,34.6393874,-86.8991904,2.8,62.0,ChIJMYUx2vt9YogRAQrUzl5aKyE,"point_of_interest, establishment"
"Anderson, AL",distributor,retail,,Adams Beverages Muscle Shoals,"100 Commerce St, Muscle Shoals, AL 35661, USA",(256) 386-7147,https://www.adamsbeverages.net/,34.7264538,-87.6619369,4.1,7.0,ChIJGTpKVx5PfYgR7mqUH6lCV8E,"point_of_interest, establishment"
"Anderson, AL",distributor,retail,,Sun-Drop Bottling Co Inc,"340 Industrial Blvd, Pulaski, TN 38478, USA",(931) 363-4561,http://www.sundropbottling.com/,35.2219294,-87.0645124,4.3,31.0,ChIJxce-I9MCY4gRvwpj9uBy0iE,"point_of_interest, establishment"
"Anderson, AL",distributor,retail,,Cardin Distributing Co Inc,"1219 W College St, Pulaski, TN 38478, USA",(931) 363-4583,,35.2015238,-87.05347259999999,4.4,8.0,ChIJNdqYHcgCY4gRHf0CRROKPQ8,"point_of_interest, establishment"
"Anderson, AL",distributor,retail,,"Sundrop Bottling Co, Inc.","195 Long St, Pulaski, TN 38478, USA",(931) 424-7311,http://www.sundropbottling.com/,35.2108758,-87.05266019999999,4.7,17.0,ChIJ0UbXeMUCY4gRTGBOyKgzqC8,"point_of_interest, establishment"
"Anderson, AL",distributor,retail,,Decatur Coca-Cola Bottling Company,"1 Refreshment Pl, Decatur, AL 35601, USA",(256) 353-9211,https://www.decaturcocacola.com/,34.6108831,-87.0406603,4.1,7.0,ChIJ6REwjxyFYogReN14xMKZoUc,"point_of_interest, establishment"
"Anderson, AL",distributor,retail,,Steel Technologies LLC,"3301 Mallard Fox Dr NW, Decatur, AL 35601, USA",(256) 350-5025,http://www.steeltechnologies.com/,34.6518828,-87.07605830000001,4.6,10.0,ChIJNw_b_gaQYogRyhBAMpGtsJI,"point_of_interest, establishment"
"Anderson, AL",distributor,retail,,Nucor Tubular Products Trinity,"2000 Cooperage Way, Trinity, AL 35673, USA",(256) 301-5560,http://nucortubular.com/,34.6167337,-87.1166575,3.5,64.0,ChIJ45wWOk-aYogRlLsVIb7ueAM,"point_of_interest, establishment"
"Anderson, AL",distributor,retail,,Coble's Ornamental Iron,"3525 Florence Blvd, Florence, AL 35634, USA",(256) 766-6040,,34.8389751,-87.6013978,3.0,2.0,ChIJv7afgApKfYgRkxmZpW2mybA,"point_of_interest, establishment"
"Anderson, AL",distributor,retail,,Florence Coca-Cola Bottling Company UNITED,"4530 Starkey Dr, Florence, AL 35630, USA",(800) 777-2653,https://cocacolaunited.com/locations/florence/,34.8779465,-87.6666772,4.4,24.0,ChIJHxrKSK83fYgRyuybokLRzDU,"point_of_interest, establishment"
"Anderson, AL",distributor,retail,,Jemison Metals,"914 Maero St NW, Trinity, AL 35673, USA",(800) 633-2400,https://www.jemisonmetals.com/,34.6312205,-87.08287639999999,2.4,16.0,ChIJ4e2BeZWaYogRVa49fmaeSiA,"point_of_interest, establishment"
"Anderson, AL",distributor,retail,445310,Athens Beverage Co,"614 US-31, Athens, AL 35611, USA",(256) 216-8045,,34.7916733,-86.9567644,4.3,257.0,ChIJNbfg4xGLYogR_qiixQMj8mg,"liquor_store, point_of_interest, store, establishment"
"Anderson, AL",distributor,retail,,CED Decatur,"135B Refreshment Pl, Decatur, AL 35601, USA",(256) 355-1933,https://ceddecatur.portalced.com/,34.6105777,-87.0390674,5.0,8.0,ChIJX8nlMhmFYogRtRT4wmRg3F4,"point_of_interest, store, establishment"
"Anderson, AL",distributor,retail,,Flexco Products Tennessee,"102 Motivation Dr, Lawrenceburg, TN 38464, USA",(574) 294-2502,https://www.flexcoproducts.com/,35.279056,-87.330322,5.0,1.0,ChIJR6wfhBwlY4gRoO4TnfZRLmY,"point_of_interest, establishment"
"Anderson, AL",food distributor,retail,,Shoals Provision Inc,"4144 Parkway Dr, Florence, AL 35630, USA",(256) 764-1851,http://www.shoalsprovision.com/,34.8654505,-87.6553776,4.4,16.0,ChIJs9gV7Uo2fYgRtMMyDPS7pxY,"point_of_interest, food, establishment"
"Anderson, AL",food distributor,retail,,Isbells Distributing Inc,"361 Deller St, Lawrenceburg, TN 38464, USA",(931) 629-1329,,35.24444,-87.339653,5.0,1.0,ChIJNU_IYRasa28Rf9vkQMBvo6g,"point_of_interest, food, establishment"
"Anderson, AL",food distributor,retail,,"Gemstone Foods, LLC.","641 Holly St NE, Decatur, AL 35601, USA",(256) 341-3804,http://www.gemstonefoods.com/,34.6046217,-86.97820279999999,2.7,28.0,ChIJd_v9G36GYogRkpM5j_WJfik,"store, point_of_interest, food, establishment"
"Anderson, AL",food distributor,retail,445110,Flatrock Cheese & More,"2825 Minor Hill Hwy, Pulaski, TN 38478, USA",(931) 363-3603,https://justplainbusiness.com/flatrock-cheese-more/,35.167393,-87.06362229999999,4.8,310.0,ChIJRQ7-47DiYogRyxuDU8RUuQs,"grocery_or_supermarket, bakery, general_contractor, store, point_of_interest, food, establishment"
"Anderson, AL",food distributor,retail,,Saputo USA - Decatur,"1611 6th Ave SE, Decatur, AL 35601, USA",(256) 355-9777,http://www.saputo.com/,34.5811955,-86.9795092,3.3,137.0,ChIJffE6M6CGYogRTNFms06n7P8,"point_of_interest, food, establishment"
"Anderson, AL",food distributor,retail,,Frito-Lay,"298 Industrial Blvd, Pulaski, TN 38478, USA",(931) 363-4531,https://www.fritolay.com/,35.215717,-87.06020269999999,4.0,90.0,ChIJxce-I9MCY4gRs5Eq9qPa_dA,"point_of_interest, food, establishment"
"Anderson, AL",food distributor,retail,445110,Surplus Industrial,"401 S Holland Dr, Muscle Shoals, AL 35661, USA",(256) 386-9808,,34.7568053,-87.6784019,5.0,3.0,ChIJ91lq_7VIfYgRRt-xnOk2-iI,"supermarket, grocery_or_supermarket, store, point_of_interest, food, establishment"
"Anderson, AL",food distributor,retail,442110,American Paper & Twine,"322 Bob Riley Dr, Muscle Shoals, AL 35661, USA",(256) 383-3912,http://www.shopapt.com/,34.735183,-87.6146839,4.9,8.0,ChIJXWAsAoRMfYgRlFYNMoDOxXs,"furniture_store, home_goods_store, store, point_of_interest, food, establishment"
"Anderson, AL",food distributor,retail,,Bunge Packaging Plant,"1500 Church St SE, Decatur, AL 35601, USA",(256) 301-5318,https://www.bungenorthamerica.com/,34.6035238,-86.96772729999999,2.9,224.0,ChIJGUQV2YmGYogRaW6xWnOy40s,"point_of_interest, food, establishment"
"Anderson, AL",grocery wholesaler,retail,445120,Fall River Market,"1776 Fall River Rd, Lawrenceburg, TN 38464, USA",(931) 762-0963,,35.2127926,-87.3019289,4.0,74.0,ChIJm22n3EwnY4gRXWWSJziIA9o,"gas_station, atm, convenience_store, liquor_store, meal_takeaway, grocery_or_supermarket, finance, general_contractor, restaurant, food, point_of_interest, store, establishment"
"Anderson, AL",grocery wholesaler,retail,445110,Frito-Lay Inc,"2910 Denton Rd, Tuscumbia, AL 35674, USA",(256) 381-0134,https://www.fritolay.com/,34.6989763,-87.6530087,2.0,1.0,ChIJuSrznFFOfYgR3NqQEeSUuTc,"grocery_or_supermarket, food, point_of_interest, store, establishment"
"Anderson, AL",wholesale meat,retail,,Pete's Country Meats,"953 Lexington Hwy #227, Loretto, TN 38469, USA",(931) 853-4378,,35.0599842,-87.3918118,4.5,90.0,ChIJOygz1YjQYogRvrILu0TX810,"food, point_of_interest, store, establishment"
"Anderson, AL",wholesale meat,retail,,Mike's Meat Market,"1012 Avalon Ave, Muscle Shoals, AL 35661, USA",(256) 320-5223,http://shopmikesmeatmarket.com/,34.744293,-87.6549041,4.7,369.0,ChIJ9ZVj7tZOfYgRkGwOM7UUMrg,"food, point_of_interest, store, establishment"
"Anderson, AL",wholesale meat,retail,,All American Meat Processing &Smokehouse,"4610 Minor Hill Hwy, Pulaski, TN 38478, USA",(931) 305-0808,http://www.aasmokehouse.com/,35.15796880000001,-87.0920304,4.8,69.0,ChIJg5pFx6PjYogRPz1EHyuuT6M,"food, point_of_interest, store, establishment"
"Anderson, AL",wholesale meat,retail,445110,Brick Church Meats & More,"3865 Blackburn Hollow Rd, Pulaski, TN 38478, USA",(931) 888-6328,https://brickchurchmeats.com/,35.2840685,-86.9050109,5.0,28.0,ChIJa_8Z7mcHY4gRWIbRmCwTSvY,"grocery_or_supermarket, food, point_of_interest, store, establishment"
"Anderson, AL",wholesale meat,retail,,Wayne Farms LLC Prepared Foods West,"112 Plugs Dr, Decatur, AL 35601, USA",(256) 552-4900,http://www.waynefarms.com/,34.6122934,-87.0497156,3.4,142.0,ChIJBwgunSaFYogRSBrmwMXnFKg,"food, point_of_interest, store, establishment"
"Anderson, AL",wholesale meat,retail,,Corkshire Butcher Company,"309 Market St W, Athens, AL 35611, USA",(256) 206-8222,https://www.corkshirebutchercompany.com/,34.8032504,-86.97283999999999,4.8,22.0,ChIJU12YIIKLYogR1Sj07-ziomc,"food, point_of_interest, store, establishment"
"Anderson, AL",wholesale meat,retail,,Wayne Farms LLC Decatur Fresh Processing Facility,"254 Ipsco St, Decatur, AL 35601, USA",(256) 353-0312,http://www.waynefarms.com/,34.6077855,-87.0425707,3.1,138.0,ChIJ-csGJyCFYogRoUiZcEKG20c,"food, point_of_interest, store, establishment"
"Anderson, AL",wholesale seafood,retail,,Sewell's Seafood & Fish Market,"1178 Lee St, Rogersville, AL 35652, USA",(256) 247-1378,,34.8285494,-87.30059200000001,5.0,8.0,ChIJ4d7GaFq_YogRWcEfWxaLCu4,"food, point_of_interest, establishment"
"Anderson, AL",wholesale dairy,retail,,Milk Products of Alabama,"1611 6th Ave SE, Decatur, AL 35601, USA",(256) 306-0788,,34.5811817,-86.9794991,3.8,39.0,ChIJffE6M6CGYogRfURu1OAugJk,"point_of_interest, establishment"
"Anderson, AL",wholesale dairy,retail,,Purity Dairies,"2908 Denton Rd, Tuscumbia, AL 35674, USA",(256) 314-1995,,34.6985523,-87.6527619,4.4,7.0,ChIJuSrznFFOfYgRFqQKR8PcTtY,"food, point_of_interest, store, establishment"
"Anderson, AL",produce wholesaler,retail,,John A Woodruff Produce Co,"1519 5th Ave SE, Decatur, AL 35601, USA",(256) 355-3442,,34.58353100000001,-86.9820215,1.0,2.0,ChIJh6Qs5F-BYogR9ToywxGWQQA,"food, point_of_interest, establishment"
