Location,Search Keyword,Segment,NAICS Code,Business Name,Address,Phone Number,Website,Latitude,Longitude,Rating,User Ratings,Place ID,Types
"West Blocton, AL",,retail,452210,Belk,,,,33.2327461,-86.8021973,,,n_459390701,"shop=department_store, brand=Belk, operator=Belk"
"West Blocton, AL",,retail,452210,Target,"250 South Colonial Drive, Alabaster, AL, 35007-4657",+1 205-564-2608,https://www.target.com/sl/alabaster/2276,33.2243459,-86.8043602,,,n_459390707,"shop=department_store, brand=Target"
"West Blocton, AL",,retail,445110,Publix,"365 Huntley Parkway, Pelham, AL, 35124-6164",+1 205-620-0102,https://www.publix.com/locations/1202,33.2747947,-86.7925621,,,n_474865135,"shop=supermarket, brand=Publix"
"West Blocton, AL",,retail,445110,Publix,"4730 Highway 17, Helena, AL, 35080-3570",+1 205-620-0199,https://www.publix.com/locations/1074,33.2800438,-86.8538439,,,n_506856058,"shop=supermarket, brand=Publix"
"West Blocton, AL",,retail,445110,Walmart Neighborhood Market,"335 Helena Market Place, Helena, AL, 35080",+1 205-624-1640,https://www.walmart.com/store/4189-helena-al,33.27952,-86.8512003,,,n_506856062,"shop=supermarket, brand=Walmart, operator=Walmart"
"West Blocton, AL",,retail,446110,Walgreens,,,https://www.walgreens.com/locator/walgreens-2505+john+hawkins+pkwy-hoover-al-35244/id=5072,33.3551247,-86.8460815,,,n_1225845984,"shop=chemist, brand=Walgreens"
"West Blocton, AL",,retail,445110,Publix,"2543 John Hawkins Parkway, Hoover, AL, 35244-3533",+1 205-982-8506,https://www.publix.com/locations/839,33.3559284,-86.8427022,,,n_1225845988,"shop=supermarket, brand=Publix"
"West Blocton, AL",,retail,452210,Belk,,,,33.19578,-87.523864,,,n_1372728794,"shop=department_store, brand=Belk"
"West Blocton, AL",,retail,452210,JCPenney,,,,33.195622,-87.521712,,,n_1372729581,"shop=department_store, brand=JCPenney"
"West Blocton, AL",,retail,446120,Bath & Body Works,,,,33.1946277,-87.5232644,,,n_1372736257,"shop=cosmetics, brand=Bath & Body Works"
"West Blocton, AL",,retail,452210,Belk,,,,33.1939556,-87.5218966,,,n_1374329341,"shop=department_store, brand=Belk"
"West Blocton, AL",,retail,445110,Buddy's,,,,33.259162,-87.514251,,,n_1378927148,shop=supermarket
"West Blocton, AL",,retail,445310,Spirits,,,,33.2626786,-87.5132621,,,n_1378943404,shop=alcohol
"West Blocton, AL",,retail,445110,Publix,"4851 Rice Mine Road Northeast, Tuscaloosa, AL, 35406-3571",+1 205-247-7666,https://www.publix.com/locations/75,33.2629891,-87.5135906,,,n_1378944237,"shop=supermarket, brand=Publix"
"West Blocton, AL",,retail,446120,Top Nail,,,,33.2634101,-87.5141153,,,n_1378947310,shop=beauty
"West Blocton, AL",,retail,452210,Target,"1901 13th Avenue East, Tuscaloosa, AL, 35404-4785",+1 205-462-1064,https://www.target.com/sl/tuscaloosa/1787,33.1925834,-87.5182569,,,n_1385451047,"shop=department_store, brand=Target"
"West Blocton, AL",,retail,445110,Cash Saver,,,,33.1693639,-87.5276783,,,n_1386679244,shop=supermarket
"West Blocton, AL",,retail,446120,Ulta Beauty,"1800 McFarland Boulevard East, Tuscaloosa, AL, 35404",+1 205-342-2388,https://www.ulta.com/stores/tuscaloosa-al-311,33.1959282,-87.5274694,,,n_1863548905,"shop=cosmetics, brand=Ulta Beauty"
"West Blocton, AL",,retail,446120,European Wax Center,,,https://locations.waxcenter.com/al/tuscaloosa/tuscaloosa-0144.html,33.1929649,-87.5279086,,,n_1863560373,"shop=beauty, brand=European Wax Center"
"West Blocton, AL",,retail,446120,Tuscaloosa Nails&Spa,,,https://tuscnailsspa.mysalononline.com/,33.1930554,-87.5280045,,,n_1863560841,shop=beauty
"West Blocton, AL",,retail,445210,Tera Lane,,,,33.1933173,-87.5280067,,,n_1863570971,shop=butcher
"West Blocton, AL",,retail,445310,State Liquor Store 102,,,,33.1774468,-87.5253649,,,n_2151217396,shop=alcohol
"West Blocton, AL",,retail,452319,Dollar Tree,,,https://www.dollartree.com/locations/al/tuscaloosa/296/,33.1706218,-87.5217708,,,n_2151217405,"shop=variety_store, brand=Dollar Tree"
"West Blocton, AL",,retail,445110,La Bodeguita,,,,33.1978038,-87.5097464,,,n_2151219989,shop=supermarket
"West Blocton, AL",,retail,452210,Ross,"2600 McFarland Boulevard East, Tuscaloosa, AL, 35405-1809",+1 205-345-3217,,33.1852428,-87.5281618,,,n_2152741541,"shop=department_store, brand=Ross"
"West Blocton, AL",,retail,452319,Dollar General,,,https://www.dollargeneral.com/store-directory/al/tuscaloosa/8921,33.1854227,-87.5292143,,,n_2152741542,"shop=variety_store, brand=Dollar General"
"West Blocton, AL",,retail,445110,Save a Lot,,,,33.3910508,-86.9772661,,,n_2159981398,shop=supermarket
"West Blocton, AL",,retail,445110,Fred's,,,,33.3912031,-86.9771213,,,n_2159981405,shop=supermarket
"West Blocton, AL",,retail,445210,Carniceria Y Tienda La Mexicana,"428 15th Street, 35401",,,33.1989131,-87.5407874,,,n_2160662949,shop=butcher
"West Blocton, AL",,retail,452319,Dollar General,,,,33.1668829,-87.5152647,,,n_2161463869,"shop=variety_store, brand=Dollar General"
"West Blocton, AL",,retail,452319,Family Dollar,,,,33.2006584,-87.5445022,,,n_2231104680,"shop=variety_store, brand=Family Dollar"
"West Blocton, AL",,retail,445110,Mr Chen's Oriental Market,,,,33.2006628,-87.5439684,,,n_2231109095,shop=supermarket
"West Blocton, AL",,retail,445110,Publix,"3014 Allison Bonnett Memorial Drive, Hueytown, AL, 35023-2395",+1 205-497-5366,https://www.publix.com/locations/1065,33.4532639,-86.9782514,,,n_2599308554,"shop=supermarket, brand=Publix"
"West Blocton, AL",,retail,452319,Dollar General,,,https://www.dollargeneral.com/store-directory/al/tuscaloosa/8939,33.2006724,-87.5369947,,,n_2671881865,"shop=variety_store, brand=Dollar General"
"West Blocton, AL",,retail,452210,TJ Maxx,,,,33.1707862,-87.522318,,,n_2701896894,"shop=department_store, brand=TJ Maxx"
"West Blocton, AL",,retail,445120,Key discount store,,,,33.1884107,-87.534274,,,n_2724009345,shop=convenience
"West Blocton, AL",,retail,453991,,,,,33.1871323,-87.5272958,,,n_2726214723,shop=tobacco
"West Blocton, AL",,retail,445120,african food store,,,,33.187047,-87.5273199,,,n_2726214724,shop=convenience
"West Blocton, AL",,retail,445120,mexican food store,,,,33.1868203,-87.5273012,,,n_2726214727,shop=convenience
"West Blocton, AL",,retail,452319,Dollar General,,,https://www.dollargeneral.com/store-directory/al/tuscaloosa/8600,33.1449134,-87.5466375,,,n_2729266779,"shop=variety_store, brand=Dollar General"
"West Blocton, AL",,retail,452319,Dollar General,,,https://www.dollargeneral.com/store-directory/al/duncanville/12641,33.0900013,-87.4582024,,,n_2742367678,"shop=variety_store, brand=Dollar General"
"West Blocton, AL",,retail,445110,Publix,"90 Marketplace Circle, Calera, AL, 35040",+1 205-668-3585,https://www.publix.com/locations/1281,33.1555779,-86.7485346,,,n_2760034105,"shop=supermarket, brand=Publix"
"West Blocton, AL",,retail,445110,Piggly Wiggly,"2731 University Boulevard, Tuscaloosa, AL, 35404",+1 205-556-7522,,33.2056432,-87.5017186,,,n_2931580206,"shop=supermarket, brand=Piggly Wiggly"
"West Blocton, AL",,retail,452319,Dollar General,,,https://www.dollargeneral.com/store-directory/al/tuscaloosa/7671,33.2056477,-87.502019,,,n_2931580229,"shop=variety_store, brand=Dollar General"
"West Blocton, AL",,retail,445110,Publix,"1944 Montgomery Highway South, Birmingham, AL, 35244",+1 205-987-3401,https://www.publix.com/locations/841,33.3469027,-86.7971285,,,n_4232573392,"shop=supermarket, brand=Publix"
"West Blocton, AL",,retail,445110,Target,"5561 Grove Boulevard, Birmingham, AL, 35226",+1 205-747-1654,https://www.target.com/sl/hoover-west/2503,33.361752,-86.8531839,,,n_4232800617,"shop=supermarket, brand=Target"
"West Blocton, AL",,retail,445110,Sprouts Farmers Market,"5250 Medford Drive, Hoover, AL, 35244",+1 205-263-4970,https://www.sprouts.com/store/al/hoover/medford-dr/,33.3559633,-86.8550969,,,n_4232811029,"shop=supermarket, brand=Sprouts Farmers Market"
"West Blocton, AL",,retail,452210,Big Lots,"3550 Pelham Parkway, Pelham, AL, 35124",+1 205-620-5051,https://local.biglots.com/al/pelham/3550-pelham-pkwy,33.2649118,-86.8122851,,,n_4840193224,"shop=department_store, brand=Big Lots"
"West Blocton, AL",,retail,452319,Dollar General,,,https://www.dollargeneral.com/store-directory/al/pelham/12246,33.263938,-86.8124484,,,n_4840193228,"shop=variety_store, brand=Dollar General"
"West Blocton, AL",,retail,445110,Walmart Supercenter,"750 Academy Drive, Bessemer, AL, 35022",+1 205-424-5890,https://www.walmart.com/store/764-bessemer-al,33.361719,-87.001921,,,n_5315596427,"shop=supermarket, brand=Walmart, operator=Walmart"
"West Blocton, AL",,retail,445110,Walmart Supercenter,"2181 Pelham Parkway, Pelham, AL, 35124",+1 205-987-0108,https://www.walmart.com/store/5262-pelham-al,33.340851,-86.791181,,,n_5315597744,"shop=supermarket, brand=Walmart, operator=Walmart"
"West Blocton, AL",,retail,445110,Walmart Neighborhood Market,"4201 Hargrove Road East, Tuscaloosa, AL, 35405",+1 205-632-6205,https://www.walmart.com/store/5256/tuscaloosa-al,33.169989,-87.482461,,,n_5315597747,"shop=supermarket, brand=Walmart, operator=Walmart"
"West Blocton, AL",,retail,452210,Burlington,"Tuscaloosa, AL",,,33.2000416,-87.5281886,,,n_6009126391,"shop=department_store, brand=Burlington"
"West Blocton, AL",,retail,445310,,,,,33.1999395,-87.5427346,,,n_6336711040,shop=alcohol
"West Blocton, AL",,retail,445110,Publix,"1101 Southview Lane, Tuscaloosa, AL, 35405-6389",+1 205-247-7710,https://www.publix.com/locations/1253,33.1232121,-87.5527196,,,n_6632679734,"shop=supermarket, brand=Publix"
"West Blocton, AL",,retail,445110,Winn-Dixie,"9750 Highway 69 South, Tuscaloosa, AL, 35405",+1 205-366-0355,https://www.winndixie.com/storedetails/tuscaloosa/al?search=479,33.1179128,-87.5530012,,,n_6632679735,"shop=supermarket, brand=Winn-Dixie"
"West Blocton, AL",,retail,446120,Bath & Body Works,,,,33.334794,-86.990687,,,n_6634058688,"shop=cosmetics, brand=Bath & Body Works"
"West Blocton, AL",,retail,445110,Piggly Wiggly,"4750 Eastern Valley Road, McCalla, AL, 35111",+1 205-230-0142,,33.3288758,-86.9986743,,,n_6634175530,"shop=supermarket, brand=Piggly Wiggly"
"West Blocton, AL",,retail,452319,Ollie's Bargain Outlet,,,,33.1632303,-87.5455603,,,n_6685888661,"shop=variety_store, brand=Ollie's Bargain Outlet"
"West Blocton, AL",,retail,445120,Shell,,,,33.1742335,-87.5237513,,,n_6974131536,"shop=convenience, brand=Shell"
"West Blocton, AL",,retail,445120,Love's,,,,33.2787845,-87.0988937,,,n_6996962823,shop=convenience
"West Blocton, AL",,retail,446120,Ross Bridge Nail Spa,,,,33.3967983,-86.8837274,,,n_7524013035,shop=beauty
"West Blocton, AL",,retail,445120,Ross Bridge Grocery,,,,33.3972414,-86.8827136,,,n_7524013040,shop=convenience
"West Blocton, AL",,retail,452319,Dollar Tree,,,https://www.dollartree.com/locations/al/hoover/4302/,33.359762,-86.855167,,,n_7725988508,"shop=variety_store, brand=Dollar Tree"
"West Blocton, AL",,retail,452210,Marshalls,,,,33.360901,-86.8537052,,,n_7725988510,"shop=department_store, brand=Marshalls"
"West Blocton, AL",,retail,452319,Dollar General,,,,33.1744641,-87.2420597,,,n_8309378443,"shop=variety_store, brand=Dollar General"
"West Blocton, AL",,retail,445110,ALDI,"710 Academy Drive, Bessemer, AL, 35022",+1 833-470-7031,https://stores.aldi.us/al/bessemer/710-academy-dr,33.3588132,-86.9997843,,,n_8713480821,"shop=supermarket, brand=ALDI"
"West Blocton, AL",,retail,452210,TJ Maxx,,,,33.2236663,-86.8038966,,,n_8941907815,"shop=department_store, brand=TJ Maxx"
"West Blocton, AL",,retail,446120,Ulta Beauty,"100 South Colonial Drive, Alabaster, AL, 35007",+1 205-664-4985,https://www.ulta.com/stores/alabaster-al-1084,33.2257461,-86.8045431,,,n_8941907833,"shop=cosmetics, brand=Ulta Beauty"
"West Blocton, AL",,retail,452319,pOpshelf,"5537 Grove Boulevard, Hoover, AL, 35226",+1-205-502-2206,https://www.popshelf.com/store/24033,33.3622906,-86.8520489,,,n_9514689706,"shop=variety_store, brand=pOpshelf"
"West Blocton, AL",,retail,452210,Burlington,"4835 Promenade Parkway, Bessemer, AL, 35022",+1 659-222-2887,https://www.burlington.com/store-details/bessemer-al-1328,33.3345937,-86.9871926,,,n_9871385715,"shop=department_store, brand=Burlington"
"West Blocton, AL",,retail,445310,ABC Select Spirits,,,,33.2790087,-86.85116,,,n_10309244560,shop=alcohol
"West Blocton, AL",,retail,453991,Fifth Earl Cigars,"485 Helena Market Place, Helena, AL, 35080",,,33.2786006,-86.8511573,,,n_10309244563,shop=tobacco
"West Blocton, AL",,retail,446110,Helena Drugs,,,,33.2788203,-86.8511627,,,n_10309244566,shop=chemist
"West Blocton, AL",,retail,452319,Five Below,,+1 205-758-1081,https://locations.fivebelow.com/al/tuscaloosa/1451-dr-edward-hillard-drive,33.1984958,-87.5278198,,,n_11046986424,"shop=variety_store, brand=Five Below"
"West Blocton, AL",,retail,445292,La Fiesta Snack Bar And Dulcería,"410 1st Street Southwest, Alabaster, AL",+1 205-624-3191,,33.2396704,-86.8183735,,,n_11762759252,shop=confectionery
"West Blocton, AL",,retail,445120,,,,,33.2465511,-87.137524,,,n_12175749059,shop=convenience
"West Blocton, AL",,retail,445120,,,,,33.2461503,-87.1378722,,,n_12175749060,shop=convenience
"West Blocton, AL",,retail,445120,,,,,33.2470269,-87.1369223,,,n_12175749061,shop=convenience
"West Blocton, AL",,retail,445120,,,,,33.2809514,-87.0990237,,,n_12175757502,shop=convenience
"West Blocton, AL",,retail,445120,,,,,33.3349519,-86.7817676,,,n_12361107172,shop=convenience
"West Blocton, AL",,retail,445120,,,,,33.3370662,-86.7814685,,,n_12362076799,shop=convenience
"West Blocton, AL",,retail,445310,Allen Brew Market,,,,33.3342925,-86.9952177,,,n_12470960962,shop=alcohol
"West Blocton, AL",,retail,445120,Allen Food Mart,,,,33.3341752,-86.995245,,,n_12470960964,shop=convenience
"West Blocton, AL",,retail,445110,Lucky's FoodLand,"4000 AL 25, Montevallo, AL, 35115",+1 205-665-5124,,33.0917618,-86.8648624,,,n_12500584535,"shop=supermarket, brand=FoodLand"
"West Blocton, AL",,retail,446191,Manna Grocery & Deli,"2350 McFarland Boulevard East, Tuscaloosa, AL, 35404",(205) 752-9955,,33.1888254,-87.5268671,,,n_12566152568,shop=health_food
"West Blocton, AL",,retail,452319,Dollar General,"155 Birmingham Road, Centreville, AL, 35042-2949",+1 205-928-6820,https://www.dollargeneral.com/store-directory/al/centreville/9138,32.9472749,-87.1448767,,,n_12602256488,"shop=variety_store, brand=Dollar General"
"West Blocton, AL",,retail,446110,CVS Pharmacy,"155 Birmingham Road, Centreville, AL, 35402",+1 205-926-4654,,32.9472775,-87.1451237,,,n_12602256500,"shop=chemist, brand=CVS Pharmacy"
"West Blocton, AL",,retail,445120,,,,,33.1867815,-87.5251687,,,n_12696369716,shop=convenience
"West Blocton, AL",,retail,452319,Five Below,"100 South Colonial Drive, Alabaster, AL, 35007",+1 205-564-1095,https://locations.fivebelow.com/al/alabaster/100-s-colonial-dr,33.2259199,-86.8045403,,,n_12861953001,"shop=variety_store, brand=Five Below"
"West Blocton, AL",,retail,452319,Family Dollar,,,,33.089225,-87.4576934,,,n_13063931609,"shop=variety_store, brand=Family Dollar"
"West Blocton, AL",,retail,452319,Dollar Tree,,,,33.0890805,-87.4576323,,,n_13063931610,"shop=variety_store, brand=Dollar Tree"
"West Blocton, AL",,retail,453991,Crimson Tobacco Outlet,,,,33.1682095,-87.513305,,,n_13071347751,shop=tobacco
"West Blocton, AL",,retail,452319,Dollar Tree,,,,33.167835,-87.5178536,,,n_13071347753,"shop=variety_store, brand=Dollar Tree"
"West Blocton, AL",,retail,445110,Walmart Supercenter,"2780 John Hawkins Parkway, Hoover, AL, 35244",+1 205-733-0303,https://www.walmart.com/store/1229-hoover-al,33.3618236,-86.82463,,,w_40183520,"shop=supermarket, brand=Walmart, operator=Walmart"
"West Blocton, AL",,retail,445230,Andy's Market and Nursery,"124 Mars Hill Road, Hoover, AL, 35244",,,33.3537755,-86.8430812,,,w_106509793,shop=greengrocer
"West Blocton, AL",,retail,445120,Chevron,,,,33.1731117,-87.5238248,,,w_124297943,"shop=convenience, brand=Chevron"
"West Blocton, AL",,retail,445120,Kangaroo Express,,,,33.168564,-87.5266688,,,w_124656695,"shop=convenience, brand=Kangaroo Express"
"West Blocton, AL",,retail,445110,Walmart Supercenter,"1501 Skyland Boulevard East, Tuscaloosa, AL, 35405",+1 205-750-0823,https://www.walmart.com/store/715-tuscaloosa-al,33.1652465,-87.5186034,,,w_124669222,"shop=supermarket, brand=Walmart, operator=Walmart"
"West Blocton, AL",,retail,445120,,,,,33.1757369,-87.4482199,,,w_124670009,shop=convenience
"West Blocton, AL",,retail,445120,Food Mart,700 Skyland Boulevard East,,,33.1659839,-87.5456439,,,w_124671095,shop=convenience
"West Blocton, AL",,retail,445120,,,,,33.3675099,-87.0046322,,,w_124673299,shop=convenience
"West Blocton, AL",,retail,445120,,,,,33.1727064,-87.4759572,,,w_124674586,shop=convenience
"West Blocton, AL",,retail,445120,Travel Center,,,,33.1915238,-87.2998499,,,w_124674590,shop=convenience
"West Blocton, AL",,retail,445120,,,,,33.1749803,-87.4719087,,,w_124674596,shop=convenience
"West Blocton, AL",,retail,445120,,,,,33.1762938,-87.4698413,,,w_124674656,shop=convenience
"West Blocton, AL",,retail,445120,Brookwood Shell,"10001 Covered Bridge Road, AL",+1 205-210-3318,,33.1902275,-87.2991007,,,w_124674663,shop=convenience
"West Blocton, AL",,retail,445120,,,,,33.176407,-87.4721286,,,w_124674683,shop=convenience
"West Blocton, AL",,retail,445120,Buddy's Food Mart,,,,33.1981159,-87.5393582,,,w_130611537,shop=convenience
"West Blocton, AL",,retail,445110,Walmart Supercenter,"10675 Highway 5, Brent, AL, 35034",+1 205-926-4878,https://www.walmart.com/store/425-brent-al,32.9640852,-87.1718985,,,w_218678215,"shop=supermarket, brand=Walmart, operator=Walmart"
"West Blocton, AL",,retail,445120,,"Buttermilk Road, Cottondale, AL, 35453",,,33.1788331,-87.4466489,,,w_221638575,"shop=convenience, operator=Pilot"
"West Blocton, AL",,retail,445120,Pilot Travel Center,"4416 Skyland Boulevard East, Tuscaloosa, AL, 35405",+1 (205) 553-9710,https://www.pilotflyingj.com/,33.1732814,-87.4786796,,,w_236743150,"shop=convenience, brand=Pilot, operator=Pilot Flying J"
"West Blocton, AL",,retail,452210,Target,"4889 Promenade Parkway, Bessemer, AL, 35022-7305",+1 205-565-3760,https://www.target.com/sl/bessemer/2375,33.3345455,-86.989741,,,w_263997787,"shop=department_store, brand=Target"
"West Blocton, AL",,retail,445110,Publix,"4965 Promenade Parkway, Bessemer, AL, 35022-7304",+1 205-426-7100,https://www.publix.com/locations/1200,33.3352036,-86.993392,,,w_264009713,"shop=supermarket, brand=Publix"
"West Blocton, AL",,retail,452210,Ross,"4909 Promenade Parkway, Bessemer, AL, 35022",+1 205-426-3593,,33.3352768,-86.9909794,,,w_264037431,"shop=department_store, brand=Ross"
"West Blocton, AL",,retail,452210,Kohl's,"5513 Grove Boulevard, Hoover, AL, 35226",+1 205-403-4549,https://www.kohls.com/stores/al/hoover-1331.shtml,33.3631584,-86.851329,,,w_426237190,"shop=department_store, brand=Kohl's"
"West Blocton, AL",,retail,452319,Dollar General,,,https://www.dollargeneral.com/store-directory/al/helena/7175,33.2765502,-86.8518647,,,w_453550722,"shop=variety_store, brand=Dollar General"
"West Blocton, AL",,retail,445110,The Fresh Market,,,,33.2002544,-87.5263532,,,w_515726311,"shop=supermarket, brand=The Fresh Market"
"West Blocton, AL",,retail,453110,Stephanie's Flowers,,,,33.1978668,-87.5373065,,,w_544433528,shop=florist
"West Blocton, AL",,retail,452319,Family Dollar,,,,33.1730249,-87.5463886,,,w_544798611,"shop=variety_store, brand=Family Dollar"
"West Blocton, AL",,retail,445110,ALDI,"1349 McFarland Boulevard East, Tuscaloosa, AL, 35404",+1 833-470-7028,https://stores.aldi.us/al/tuscaloosa/1349-mcfarland-blvd,33.1995772,-87.5243301,,,w_544941328,"shop=supermarket, brand=ALDI"
"West Blocton, AL",,retail,446110,Walgreens,,,https://www.walgreens.com/locator/walgreens-4400+university+blvd+e-tuscaloosa-al-35404/id=11404,33.1969417,-87.4775173,,,w_565589099,"shop=chemist, brand=Walgreens"
"West Blocton, AL",,retail,445110,,,,,33.196954,-87.4763819,,,w_565589101,shop=supermarket
"West Blocton, AL",,retail,446110,CVS Pharmacy,,,https://www.cvs.com/store-locator/tuscaloosa-al-pharmacies/4260-university-blvd-east-tuscaloosa-al-35404/storeid=4813,33.1978182,-87.4790733,,,w_565589105,"shop=chemist, brand=CVS Pharmacy"
"West Blocton, AL",,retail,446110,Walgreens,,,https://www.walgreens.com/locator/walgreens-521+university+blvd+e-tuscaloosa-al-35401/id=18116,33.2061288,-87.5294627,,,w_615680946,"shop=chemist, brand=Walgreens"
"West Blocton, AL",,retail,445120,U-Save,,,,33.205249,-87.4904319,,,w_615995044,shop=convenience
"West Blocton, AL",,retail,445110,Winn-Dixie,"4205 University Boulevard East, Tuscaloosa, AL, 35404",+1 205-553-3360,https://www.winndixie.com/storedetails/tuscaloosa/al?search=407,33.1976773,-87.4818503,,,w_616030315,"shop=supermarket, brand=Winn-Dixie"
"West Blocton, AL",,retail,445120,,,,,33.352505,-86.8750509,,,w_625447671,shop=convenience
"West Blocton, AL",,retail,446110,CVS Pharmacy,,,https://www.cvs.com/store-locator/tuscaloosa-al-pharmacies/8700-hwy-69-south-tuscaloosa-al-35405/storeid=3004,33.1277687,-87.5501555,,,w_655138421,"shop=chemist, brand=CVS Pharmacy"
"West Blocton, AL",,retail,452210,JCPenney,,,,33.2226227,-86.8022847,,,w_698363626,"shop=department_store, brand=JCPenney"
"West Blocton, AL",,retail,445110,ALDI,"1025 Marble Terrace, Hoover, AL, 35244",+1 833-470-7027,https://stores.aldi.us/al/hoover/1025-marble-terrace,33.3540635,-86.8470958,,,w_744135860,"shop=supermarket, brand=ALDI"
"West Blocton, AL",,retail,446110,CVS Pharmacy,,,https://www.cvs.com/store-locator/mccalla-al-pharmacies/4736-eastern-valley-rd-mccalla-al-35111/storeid=7215,33.3302945,-86.9989679,,,w_803093699,"shop=chemist, brand=CVS Pharmacy"
"West Blocton, AL",,retail,446110,CVS Pharmacy,,,,33.3364669,-86.916587,,,w_803104900,"shop=chemist, brand=CVS Pharmacy"
"West Blocton, AL",,retail,446110,Walgreens,,,https://www.walgreens.com/locator/walgreens-5271+ross+bridge+pkwy-hoover-al-35226/id=12056,33.353269,-86.8740671,,,w_803104901,"shop=chemist, brand=Walgreens"
"West Blocton, AL",,retail,445310,ABC Liquor,,,,33.3676978,-86.9964906,,,w_803124060,shop=alcohol
"West Blocton, AL",,retail,446110,CVS Pharmacy,,,https://www.cvs.com/store-locator/hoover-al-pharmacies/2301-john-hawkins-pkwy-hoover-al-35244/storeid=2662,33.3498619,-86.8681618,,,w_803149486,"shop=chemist, brand=CVS Pharmacy"
"West Blocton, AL",,retail,446110,Walgreens,,,https://www.walgreens.com/locator/walgreens-9458+helena+rd-pelham-al-35124/id=4589,33.3450475,-86.7970649,,,w_803452920,"shop=chemist, brand=Walgreens"
"West Blocton, AL",,retail,445110,ALDI,"200 Big Mountain Road, Pelham, AL, 35124",+1 833-470-7032,https://stores.aldi.us/al/pelham/200-big-mtn-rd,33.3438559,-86.7950314,,,w_803452921,"shop=supermarket, brand=ALDI"
"West Blocton, AL",,retail,452319,Five Below,,+1 205-216-6926,https://locations.fivebelow.com/al/bessemer/4921-promenade-parkway,33.3355221,-86.9917611,,,w_803517663,"shop=variety_store, brand=Five Below"
"West Blocton, AL",,retail,452210,TJ Maxx,,,,33.3354993,-86.9913224,,,w_803517664,"shop=department_store, brand=TJ Maxx"
"West Blocton, AL",,retail,445120,Circle K,,,,33.3416377,-86.9232787,,,w_803907781,"shop=convenience, brand=Circle K"
"West Blocton, AL",,retail,445310,Celebrates Package Store,,,,33.3359701,-86.9179116,,,w_803907799,shop=alcohol
"West Blocton, AL",,retail,445310,ABC Liquor Store,,,,33.3356127,-86.9196609,,,w_803907804,shop=alcohol
"West Blocton, AL",,retail,445110,Walmart Supercenter,"5100 U.S. 31, Calera, AL, 35040",+1 205-668-0831,https://www.walmart.com/store/3271-calera-al,33.1464208,-86.7518383,,,w_807671039,"shop=supermarket, brand=Walmart, operator=Walmart"
"West Blocton, AL",,retail,445120,Shell,,,,33.3173773,-87.0397531,,,w_809280142,"shop=convenience, brand=Shell"
"West Blocton, AL",,retail,452319,Dollar General,,,https://www.dollargeneral.com/store-directory/al/mccalla/15005,33.3097135,-87.0237909,,,w_809280150,"shop=variety_store, brand=Dollar General"
"West Blocton, AL",,retail,452319,Dollar General,,,https://www.dollargeneral.com/store-directory/al/bessemer/9861,33.3530959,-86.9948275,,,w_814648304,"shop=variety_store, brand=Dollar General"
"West Blocton, AL",,retail,445120,Texaco,,,,33.3093554,-87.0228689,,,w_818714745,"shop=convenience, brand=Texaco"
"West Blocton, AL",,retail,445110,Winn-Dixie,"2910 Morgan Road, Bessemer, AL, 35022",+1 205-425-2121,https://www.winndixie.com/storedetails/bessemer/al?search=595,33.3354164,-86.9191256,,,w_857607144,"shop=supermarket, brand=Winn-Dixie"
"West Blocton, AL",,retail,445110,Walmart Neighborhood Market,"9085 Highway 119, Alabaster, AL, 35007",+1 205-624-6229,https://www.walmart.com/store/4756/alabaster-al,33.2121987,-86.8298012,,,w_870061882,"shop=supermarket, brand=Walmart, operator=Walmart"
"West Blocton, AL",,retail,452319,Dollar General,,,https://www.dollargeneral.com/store-directory/al/alabaster/9539,33.2138347,-86.8248607,,,w_870061889,"shop=variety_store, brand=Dollar General"
"West Blocton, AL",,retail,445110,Publix,"9200 Highway 119, Alabaster, AL, 35007-5344",+1 205-663-3443,https://www.publix.com/locations/1073,33.2127058,-86.8256557,,,w_870061890,"shop=supermarket, brand=Publix"
"West Blocton, AL",,retail,446110,CVS Pharmacy,,,,33.2146532,-86.8278442,,,w_870061893,"shop=chemist, brand=CVS Pharmacy"
"West Blocton, AL",,retail,445110,Walmart Supercenter,"630 Colonial Promenade Parkway, Alabaster, AL, 35007",+1 205-620-0360,https://www.walmart.com/store/423-alabaster-al,33.2354875,-86.8012835,,,w_870236304,"shop=supermarket, brand=Walmart, operator=Walmart"
"West Blocton, AL",,retail,452210,Belk,,,,33.2327608,-86.8021965,,,w_870236314,"shop=department_store, brand=Belk"
"West Blocton, AL",,retail,452210,Ross,"300 Colonial Promenade Parkway, Alabaster, AL, 35007",+1 205-663-1319,,33.2317788,-86.8021313,,,w_870236316,"shop=department_store, brand=Ross"
"West Blocton, AL",,retail,452319,Dollar Tree,,,https://www.dollartree.com/locations/al/alabaster/4579/,33.2320907,-86.8022601,,,w_870513407,"shop=variety_store, brand=Dollar Tree"
"West Blocton, AL",,retail,446110,CVS Pharmacy,,,https://www.cvs.com/store-locator/hueytown-al-pharmacies/3022-allison-bonnett-dr-hueytown-al-35023/storeid=4828,33.451906,-86.979057,,,w_891367237,"shop=chemist, brand=CVS Pharmacy"
"West Blocton, AL",,retail,446110,,,,,33.218775,-86.825569,,,w_921953497,shop=chemist
"West Blocton, AL",,retail,445110,,,,,33.2170917,-86.8264418,,,w_921953510,shop=supermarket
"West Blocton, AL",,retail,445110,ALDI,"113 Simmsville Road, Alabaster, AL, 35007",+1 833-470-7038,https://stores.aldi.us/al/alabaster/113-simmsville-rd,33.2399113,-86.8154814,,,w_940866324,"shop=supermarket, brand=ALDI"
"West Blocton, AL",,retail,445110,ALDI,"2891 Allison-Bonnett Memorial Drive, Hueytown, AL, 35023",+1 833-470-7029,https://stores.aldi.us/al/hueytown/2891-allison-bonnett-memori,33.4523503,-86.9687604,,,w_940871310,"shop=supermarket, brand=ALDI"
"West Blocton, AL",,retail,445120,RaceWay,,,,33.2778545,-86.8125705,,,w_963775252,"shop=convenience, brand=RaceWay"
"West Blocton, AL",,retail,445110,Piggly Wiggly,"24716 US-31, Jemison, AL, 35085",+1 205-688-2477,,32.9591894,-86.7420219,,,w_1069806466,"shop=supermarket, brand=Piggly Wiggly"
"West Blocton, AL",,retail,446110,Hayes Drug,"24724 US-31, Jemison, AL, 35085",,,32.9594803,-86.7421703,,,w_1069806470,shop=chemist
"West Blocton, AL",,retail,452319,Dollar General,"8898 County Road 42 East, Jemison, AL, 35085",,https://www.dollargeneral.com/store-directory/al/jemison/8862,32.9583581,-86.742272,,,w_1069806472,"shop=variety_store, brand=Dollar General"
"West Blocton, AL",,retail,445120,Chevron,,,,33.205756,-87.5080903,,,w_1081002228,"shop=convenience, brand=Chevron"
"West Blocton, AL",,retail,452319,Dollar General,,,,33.2068042,-87.506132,,,w_1081002230,"shop=variety_store, brand=Dollar General"
"West Blocton, AL",,retail,445120,QuikTrip,"4001 Buttermilk Road, Tuscaloosa, AL, 35453",+1 (659) 734-6470,https://locations.quiktrip.com/al/cottondale/4001-buttermilk-rd,33.1709829,-87.4464927,,,w_1117870114,"shop=convenience, brand=QuikTrip"
"West Blocton, AL",,retail,452319,Dollar General,"110 Cedar Street, Montevallo, AL, 35115",,https://www.dollargeneral.com/store-directory/al/montevallo/4962,33.0928915,-86.86227,,,w_1154319432,"shop=variety_store, brand=Dollar General"
"West Blocton, AL",,retail,445120,,,,,33.139679,-86.7519431,,,w_1154360283,shop=convenience
"West Blocton, AL",,retail,452319,Dollar Tree,,,https://www.dollartree.com/locations/al/calera/1881/,33.1483036,-86.748558,,,w_1154360324,"shop=variety_store, brand=Dollar Tree"
"West Blocton, AL",,retail,445120,Circle K,,,,33.2061745,-87.5285394,,,w_1197866389,"shop=convenience, brand=Circle K"
