Location,Search Keyword,Segment,NAICS Code,Business Name,Address,Phone Number,Website,Latitude,Longitude,Rating,User Ratings,Place ID,Types
"Ariton, AL",ethnic store,retail,448140,Authentiks,"900 Commons Dr, Dothan, AL 36303, USA",(334) 479-0044,,31.2540367,-85.4243382,4.5,8.0,ChIJ-6KMsxOSkogRingmr0m-JJM,"clothing_store, store, point_of_interest, establishment"
"Ariton, AL",grocery store,retail,452210,Walmart Supercenter,"4310 Montgomery Hwy, Dothan, AL 36303, USA",(334) 793-3099,https://www.walmart.com/store/604-dothan-al/?veh=seo_loc,31.2680202,-85.44126469999999,3.9,6104.0,ChIJiVcZMvmNkogRSQRrs9nWbds,"department_store, electronics_store, grocery_or_supermarket, bakery, hardware_store, clothing_store, furniture_store, home_goods_store, food, point_of_interest, store, establishment"
"Ariton, AL",grocery store,retail,445110,Publix Super Market at Park Place,"847 Boll Weevil Cir Ste 112, Enterprise, AL 36330, USA",(334) 348-1489,https://www.publix.com/?setstorenumber=1402&utm_medium=maps&utm_source=extendednetwork&utm_content=psm_website_url,31.3259332,-85.8380767,4.6,1757.0,ChIJO12CWNVtkogRQpTReXJItbM,"supermarket, florist, liquor_store, grocery_or_supermarket, bakery, food, point_of_interest, store, establishment"
"Ariton, AL",grocery store,retail,445110,DG Market,"156 Co Rd 22, Headland, AL 36345, USA",(334) 245-4979,https://www.dollargeneral.com/store-directory/al/headland/1368,31.3342475,-85.3342569,3.9,357.0,ChIJ_YWNkD-XkogRWaDzBr_5a8Q,"grocery_or_supermarket, drugstore, convenience_store, home_goods_store, health, food, point_of_interest, store, establishment"
"Ariton, AL",grocery store,retail,445110,DG Market,"378 US-84, Daleville, AL 36322, USA",(334) 232-5805,https://www.dollargeneral.com/store-directory/al/daleville/25269,31.2998267,-85.72782839999999,4.6,22.0,ChIJKeaUCABlkogR0PsZWXE-MtA,"grocery_or_supermarket, drugstore, convenience_store, home_goods_store, health, food, point_of_interest, store, establishment"
"Ariton, AL",grocery store,retail,445110,DG Market,"4969 AL-52, Dothan, AL 36305, USA",(256) 392-9885,https://www.dollargeneral.com/store-directory/al/dothan/31074,31.2388427,-85.3174337,,,ChIJH4ZGJRmVkogRNvmIOCx8pRg,"grocery_or_supermarket, food, point_of_interest, store, establishment"
"Ariton, AL",grocery store,retail,452210,Target,"4601 Montgomery Hwy #300, Dothan, AL 36303, USA",(334) 340-1112,https://www.target.com/sl/dothan/1468,31.2659245,-85.4464222,4.4,467.0,ChIJL67uhvuNkogRb9sxNjXCfnI,"department_store, shoe_store, electronics_store, clothing_store, furniture_store, home_goods_store, point_of_interest, store, establishment"
"Ariton, AL",grocery store,retail,452210,Walmart Supercenter,"600 Boll Weevil Cir, Enterprise, AL 36330, USA",(334) 347-5353,https://www.walmart.com/store/734-enterprise-al/?veh=seo_loc,31.315916,-85.8267898,3.8,4621.0,ChIJ8UGZouxukogRZ9RsytVa9TM,"department_store, electronics_store, grocery_or_supermarket, bakery, hardware_store, clothing_store, furniture_store, home_goods_store, food, point_of_interest, store, establishment"
"Ariton, AL",grocery store,retail,452210,Walmart Supercenter,"1537 US-231, Ozark, AL 36360, USA",(334) 774-0272,https://www.walmart.com/store/740-ozark-al/?veh=seo_loc,31.4450319,-85.6507149,4.0,2765.0,ChIJ2ZlLYqh-kogRwJPtEJELnzk,"department_store, electronics_store, grocery_or_supermarket, bakery, hardware_store, clothing_store, furniture_store, home_goods_store, food, point_of_interest, store, establishment"
"Ariton, AL",grocery store,retail,452210,Walmart Supercenter,"1420 US-231, Troy, AL 36081, USA",(334) 566-8012,https://www.walmart.com/store/723-troy-al/?veh=seo_loc,31.7807101,-85.93907779999999,4.0,3018.0,ChIJx6UlMiPtjYgRQnvtsLaI2hI,"department_store, electronics_store, grocery_or_supermarket, bakery, hardware_store, clothing_store, furniture_store, home_goods_store, food, point_of_interest, store, establishment"
"Ariton, AL",grocery store,retail,445120,Dollar General,"2630 Westgate Pkwy, Dothan, AL 36303, USA",(334) 463-5090,https://www.dollargeneral.com/store-directory/al/dothan/16881,31.2666242,-85.4181825,4.0,134.0,ChIJd8qARx-SkogRXfveZqfk7OU,"drugstore, convenience_store, grocery_or_supermarket, health, food, point_of_interest, store, establishment"
"Ariton, AL",grocery store,retail,445120,Dollar General,"185 Old Highway 134, Daleville, AL 36322, USA",(334) 232-0013,https://www.dollargeneral.com/store-directory/al/daleville/4680,31.3067964,-85.7175627,3.9,437.0,ChIJ8-wuVbRlkogRg-01cC3Ti9E,"drugstore, convenience_store, grocery_or_supermarket, health, food, point_of_interest, store, establishment"
"Ariton, AL",grocery store,retail,445110,Tyson Foods (Eufaula Fresh),"57 Melvin Clark Rd, Eufaula, AL 36027, USA",(334) 687-7790,,31.8063853,-85.31985,2.9,139.0,ChIJRe-uvHlpjYgRt7TlMSOy6pY,"grocery_or_supermarket, food, point_of_interest, store, establishment"
"Ariton, AL",grocery store,retail,445120,Dollar General,"913 Rucker Blvd, Enterprise, AL 36330, USA",(334) 403-5480,https://www.dollargeneral.com/store-directory/al/enterprise/3053,31.3244163,-85.8283656,4.0,257.0,ChIJJ0xwJ_NukogR5iC6rGPWXAU,"drugstore, convenience_store, grocery_or_supermarket, health, food, point_of_interest, store, establishment"
"Ariton, AL",grocery store,retail,445120,Dollar General,"501 E Main St, Daleville, AL 36322, USA",(251) 263-4912,https://www.dollargeneral.com/store-directory/al/daleville/13894,31.237373,-85.7077748,4.3,185.0,ChIJXfypRQBnkogRlhiryNb3Css,"drugstore, convenience_store, grocery_or_supermarket, health, food, point_of_interest, store, establishment"
"Ariton, AL",grocery store,retail,445120,Dollar General,"3585 Rucker Blvd, Enterprise, AL 36330, USA",(256) 400-4209,https://www.dollargeneral.com/store-directory/al/enterprise/15677,31.3378491,-85.7855084,4.1,340.0,ChIJR6yltphvkogRMx2jxC8dSNc,"drugstore, convenience_store, grocery_or_supermarket, health, food, point_of_interest, store, establishment"
"Ariton, AL",grocery store,retail,445110,Twice The Ice,"18058 US-431, Headland, AL 36345, USA",(334) 618-9878,http://www.iceontherun.com/,31.3363537,-85.3350366,4.8,11.0,ChIJf4rAxT-XkogRXsGsAuy8VDo,"grocery_or_supermarket, food, point_of_interest, store, establishment"
"Ariton, AL",grocery store,retail,445110,Morales supermarket and Taqueria,"915 N Ouida St, Enterprise, AL 36330, USA",(334) 347-1320,,31.3221734,-85.8329651,4.5,70.0,ChIJFcPn5o1ukogReaFIFrJpAVM,"grocery_or_supermarket, food, point_of_interest, store, establishment"
"Ariton, AL",grocery store,retail,445120,Dollar General,"1032 Boll Weevil Cir Ste, Enterprise, AL 36330, USA",(334) 403-5424,https://www.dollargeneral.com/store-directory/al/enterprise/826,31.3361727,-85.8513061,3.9,282.0,ChIJ8UYSntVtkogRv4TxEU26SGY,"drugstore, convenience_store, grocery_or_supermarket, health, food, point_of_interest, store, establishment"
"Ariton, AL",grocery store,retail,445120,Dollar General,"7550 Elba Hwy, Troy, AL 36079, USA",(334) 403-5168,https://www.dollargeneral.com/store-directory/al/troy/14341,31.6902484,-85.96130769999999,4.1,292.0,ChIJkzB9IhvzjYgRBiORqyS-M2k,"drugstore, convenience_store, grocery_or_supermarket, health, food, point_of_interest, store, establishment"
"Ariton, AL",grocery store,retail,445120,Dollar General,"111B Southland Vlg, Troy, AL 36079, USA",(334) 403-5330,https://www.dollargeneral.com/store-directory/al/troy/3900,31.7851456,-85.9666927,3.9,138.0,ChIJuUyYLa2_woAR94vkjgew1kI,"drugstore, convenience_store, grocery_or_supermarket, health, food, point_of_interest, store, establishment"
"Ariton, AL",grocery store,retail,445120,Dollar General,"2301 Reeves St, Dothan, AL 36303, USA",(251) 263-7481,https://www.dollargeneral.com/store-directory/al/dothan/4459,31.2557174,-85.3891925,4.1,327.0,ChIJ58koJ8-TkogRy8bsFJNNijQ,"drugstore, convenience_store, grocery_or_supermarket, health, food, store, point_of_interest, establishment"
"Ariton, AL",grocery store,retail,445120,Dollar General,"8950 Co Rd 636, Enterprise, AL 36330, USA",(334) 241-6010,https://www.dollargeneral.com/store-directory/al/enterprise/13590,31.2603905,-85.8908026,4.4,317.0,ChIJp9I5DwprkogRRySiBXYNzCc,"drugstore, convenience_store, grocery_or_supermarket, health, food, store, point_of_interest, establishment"
"Ariton, AL",grocery store,retail,445120,Dollar General,"41 N Bay Springs Rd, Dothan, AL 36303, USA",(334) 355-6650,https://www.dollargeneral.com/store-directory/al/dothan/13013,31.2385288,-85.5252209,4.2,406.0,ChIJAT7emoaLkogR50uFshiC7SY,"drugstore, convenience_store, grocery_or_supermarket, health, food, store, point_of_interest, establishment"
"Ariton, AL",grocery store,retail,445120,Dollar General,"18341 US-84, New Brockton, AL 36351, USA",(334) 245-1758,https://www.dollargeneral.com/store-directory/al/new-brockton/12101,31.3768528,-85.934726,4.1,297.0,ChIJdTT70lBtkogRaAkll2tAzX0,"drugstore, convenience_store, grocery_or_supermarket, health, food, store, point_of_interest, establishment"
"Ariton, AL",grocery store,retail,445120,Dollar General,"611 N Main St, Enterprise, AL 36330, USA",(334) 440-3086,https://www.dollargeneral.com/store-directory/al/enterprise/22775,31.32169,-85.85987999999999,3.6,17.0,ChIJ7flRehhtkogReGddGnsWjts,"drugstore, convenience_store, grocery_or_supermarket, health, food, store, point_of_interest, establishment"
"Ariton, AL",grocery store,retail,445120,Dollar General,"26500 AL-134, Enterprise, AL 36330, USA",(256) 660-6119,https://www.dollargeneral.com/store-directory/al/enterprise/12951,31.2973494,-85.79162769999999,4.1,407.0,ChIJPaxkSyRvkogRs3i5GoXRmgk,"drugstore, convenience_store, grocery_or_supermarket, health, food, store, point_of_interest, establishment"
"Ariton, AL",grocery store,retail,445110,Publix Super Market at Northside Mall,"3525 Ross Clark Cir Ste 100, Dothan, AL 36303, USA",(334) 792-4281,https://www.publix.com/?setstorenumber=1369&utm_medium=maps&utm_source=extendednetwork&utm_content=psm_website_url,31.248449,-85.4290797,4.7,1623.0,ChIJ____73KSkogRNJHgqdDrHUM,"supermarket, liquor_store, bakery, grocery_or_supermarket, food, florist, store, point_of_interest, establishment"
"Ariton, AL",grocery store,retail,445120,Dollar General,"23781 AL-167, Jack, AL 36346, USA",(334) 635-1379,https://www.dollargeneral.com/store-directory/al/jack/17331,31.5437347,-85.9193823,4.2,130.0,ChIJQQ6btkd1kogRyjx0AY0vtG0,"drugstore, convenience_store, grocery_or_supermarket, health, food, store, point_of_interest, establishment"
"Ariton, AL",grocery store,retail,445120,Dollar General,"38 County Rd 4445, Brundidge, AL 36010, USA",(334) 603-0560,https://www.dollargeneral.com/store-directory/al/brundidge/17630,31.64436989999999,-85.80919449999999,3.7,51.0,ChIJNZ3R3TeOjYgReGAijFUwCU0,"drugstore, convenience_store, grocery_or_supermarket, health, food, store, point_of_interest, establishment"
"Ariton, AL",grocery store,retail,445120,Dollar General,"2657 Co Rd 18, Ozark, AL 36360, USA",(334) 237-6150,https://www.dollargeneral.com/store-directory/al/ozark/24524,31.3772,-85.5694,3.0,11.0,ChIJE3x7DtaHkogRYE9M5KgoOY4,"drugstore, convenience_store, grocery_or_supermarket, health, food, store, point_of_interest, establishment"
"Ariton, AL",grocery store,retail,445120,Dollar General,"140 AL-123, Newton, AL 36352, USA",(334) 955-9140,https://www.dollargeneral.com/store-directory/al/newton/22162,31.2404892,-85.6313504,4.4,21.0,ChIJBbqRdjBhkogR8PdTJ9e4uCw,"drugstore, convenience_store, grocery_or_supermarket, health, food, store, point_of_interest, establishment"
"Ariton, AL",grocery store,retail,445120,Dollar General,"140 Co Rd 12, Headland, AL 36345, USA",(334) 785-2025,https://www.dollargeneral.com/store-directory/al/newville/23221,31.40831,-85.32076,3.5,18.0,ChIJa-Ch36aZkogRrJZ34Y_xL-8,"drugstore, convenience_store, grocery_or_supermarket, health, food, store, point_of_interest, establishment"
"Ariton, AL",grocery store,retail,445120,Dollar General,"1226 Henderson Hwy, Troy, AL 36079, USA",(334) 635-1277,https://www.dollargeneral.com/store-directory/al/troy/18832,31.7784274,-85.99603909999999,4.2,98.0,ChIJkwGK4qPtjYgRYQd1RC_v9UE,"drugstore, convenience_store, grocery_or_supermarket, health, food, store, point_of_interest, establishment"
"Ariton, AL",grocery store,retail,445120,Dollar General,"37 Eufaula Ave, Clayton, AL 36016, USA",(334) 316-3615,https://www.dollargeneral.com/store-directory/al/clayton/1370,31.8788146,-85.4476674,4.0,141.0,ChIJB017r5pyjYgR_ACzaJc7Ctw,"drugstore, convenience_store, grocery_or_supermarket, health, food, store, point_of_interest, establishment"
"Ariton, AL",grocery store,retail,445120,Dollar General,"1010 S, 1010 College St, Newton, AL 36352, USA",(334) 689-5035,https://www.dollargeneral.com/store-directory/al/newton/11924,31.3237496,-85.59325150000001,4.4,294.0,ChIJ6aNkay2IkogRkqHNtMhJxWU,"drugstore, convenience_store, grocery_or_supermarket, health, food, store, point_of_interest, establishment"
"Ariton, AL",grocery store,retail,445120,Dollar General,"804 AL-203, Elba, AL 36323, USA",(334) 403-5403,https://www.dollargeneral.com/store-directory/al/elba/3184,31.4232202,-86.08400879999999,4.0,282.0,ChIJGfH_pe0PkogRpvUVQ2ctZ_w,"drugstore, convenience_store, grocery_or_supermarket, health, food, store, point_of_interest, establishment"
"Ariton, AL",grocery store,retail,445120,Dollar General,"6902 Shellfield Rd, Enterprise, AL 36330, USA",(334) 245-7365,https://www.dollargeneral.com/store-directory/al/enterprise/20201,31.3704007,-85.82500689999999,4.1,114.0,ChIJTxgPFf9vkogRrujUKJGFk1w,"drugstore, convenience_store, grocery_or_supermarket, health, food, store, point_of_interest, establishment"
"Ariton, AL",grocery store,retail,445120,Dollar General,"3199 Louisville St, Clio, AL 36017, USA",(334) 403-5432,https://www.dollargeneral.com/store-directory/al/clio/6051,31.71401599999999,-85.6086713,4.1,138.0,ChIJod-CfQd4jYgRIOKVYbHChoM,"drugstore, convenience_store, grocery_or_supermarket, health, food, store, point_of_interest, establishment"
"Ariton, AL",grocery store,retail,445110,Twice The Ice,"458 W Collier St, Elba, AL 36323, USA",(334) 791-7241,,31.416376,-86.066874,,,ChIJ0SJEdAAPkogR7kw_6aP3yJk,"grocery_or_supermarket, food, store, point_of_interest, establishment"
"Ariton, AL",grocery store,retail,445120,Dollar General,"894 N Brannon Stand Rd, Midland City, AL 36350, USA",(334) 213-9350,https://www.dollargeneral.com/store-directory/al/midland-city/22040,31.2509689,-85.4815356,3.7,18.0,ChIJI_ZubYyNkogRmhDFt-mJATE,"drugstore, convenience_store, grocery_or_supermarket, health, food, store, point_of_interest, establishment"
"Ariton, AL",grocery store,retail,445110,Dollar General,"39 Co Rd 553, Enterprise, AL 36330, USA",(334) 946-9843,https://www.dollargeneral.com/store-directory/al/enterprise/21633,31.3131,-85.9301,4.4,25.0,ChIJQRH-pJltkogRzweIbfDJYQI,"drugstore, grocery_or_supermarket, convenience_store, food, point_of_interest, health, store, establishment"
"Ariton, AL",grocery store,retail,445110,Dollar General,"1041 Bill Deloney Rd, Ozark, AL 36360, USA",(334) 310-2827,https://www.dollargeneral.com/store-directory/al/ozark/21843,31.41951,-85.67891999999999,4.4,62.0,ChIJ4zHQ7Nt9kogR9n8ct9PqtwY,"drugstore, grocery_or_supermarket, convenience_store, food, point_of_interest, health, store, establishment"
"Ariton, AL",grocery store,retail,445110,Dollar General,"478 Co Rd 259, New Brockton, AL 36351, USA",(205) 605-9772,https://www.dollargeneral.com/store-directory/al/new-brockton/20125,31.4152069,-85.8857591,4.3,117.0,ChIJMRmUiiJzkogRTSKGWEwotug,"drugstore, grocery_or_supermarket, convenience_store, food, point_of_interest, health, store, establishment"
"Ariton, AL",grocery store,retail,445110,Publix Super Market at Westway,"4650 W Main St #700, Dothan, AL 36305, USA",(334) 792-6801,https://www.publix.com/?setstorenumber=1377&utm_medium=maps&utm_source=extendednetwork&utm_content=psm_website_url,31.2393894,-85.46216249999999,4.7,1774.0,ChIJmwjH8KKNkogRfwKHzwoCcSU,"supermarket, florist, grocery_or_supermarket, bakery, food, point_of_interest, liquor_store, store, establishment"
"Ariton, AL",grocery store,retail,445110,Dollar General,"48 Co Rd 607, Elba, AL 36323, USA",(334) 245-5808,https://www.dollargeneral.com/store-directory/al/elba/17457,31.303476,-86.0374757,4.5,60.0,ChIJx0HpXDcRkogRAAo_4xdHmGk,"drugstore, grocery_or_supermarket, convenience_store, food, point_of_interest, health, store, establishment"
"Ariton, AL",grocery store,retail,445110,Publix Super Market at Park Place,"1147 US Hwy 231 S, Troy, AL 36081, USA",(334) 807-5761,https://www.publix.com/?setstorenumber=1525&utm_medium=maps&utm_source=extendednetwork&utm_content=psm_website_url,31.7804207,-85.95476769999999,4.7,1021.0,ChIJxWO1cRftjYgR9J2W8OekkIk,"supermarket, florist, grocery_or_supermarket, bakery, food, point_of_interest, liquor_store, store, establishment"
"Ariton, AL",grocery store,retail,445110,Dollar General,"590 Trojan Way, Troy, AL 36081, USA",(334) 482-6746,https://www.dollargeneral.com/store-directory/al/troy/22617,31.8313723,-85.99024589999999,3.5,10.0,ChIJG9PvnRntjYgR57YZcujdpdc,"drugstore, grocery_or_supermarket, convenience_store, food, point_of_interest, health, store, establishment"
"Ariton, AL",grocery store,retail,445110,Dollar General,"100 Jackson St, Enterprise, AL 36330, USA",(334) 325-4830,https://www.dollargeneral.com/store-directory/al/enterprise/25785,31.293286,-85.8481089,2.5,4.0,ChIJm8YCAZNvkogRqR26Km5_odo,"drugstore, grocery_or_supermarket, convenience_store, food, point_of_interest, health, store, establishment"
"Ariton, AL",grocery store,retail,445110,Piggly Wiggly,"1225 US-231, Troy, AL 36079, USA",(334) 770-7444,https://www.pigglywigglytroy.com/,31.77999999999999,-85.9511111,4.3,302.0,ChIJE6nD1tzrjYgRzUO_LWoet_c,"grocery_or_supermarket, atm, supermarket, finance, food, point_of_interest, store, establishment"
"Ariton, AL",grocery store,retail,445110,Dollar General,"1645 Co Rd 112, Midland City, AL 36350, USA",(334) 440-3601,https://www.dollargeneral.com/store-directory/al/midland-city/23143,31.30279,-85.44700000000002,4.5,11.0,ChIJ5UZrc_uPkogR312hy2mPdog,"drugstore, grocery_or_supermarket, convenience_store, food, point_of_interest, health, store, establishment"
"Ariton, AL",grocery store,retail,445110,Target Grocery,"4601 Montgomery Hwy #300, Dothan, AL 36303, USA",(334) 340-1112,https://www.target.com/c/order-pickup/-/N-ng0a0?aisles_cid=5xt1a%2CGrocery%2C%2Fc%2Fgrocery%2F-%2FN-5xt1a,31.2660928,-85.44603719999999,4.8,4.0,ChIJp9WOQfyNkogR9tWaPlp4v3M,"grocery_or_supermarket, supermarket, food, point_of_interest, store, establishment"
"Ariton, AL",grocery store,retail,445110,Stop N Go A,"1464 Will Logan Rd, Ozark, AL 36360, USA",(334) 445-0710,,31.3954786,-85.6739535,3.9,7.0,ChIJDzTtVr18kogR7wPd8PqLtPs,"grocery_or_supermarket, food, point_of_interest, store, establishment"
"Ariton, AL",grocery store,retail,445110,Piggly Wiggly,"710 N Three Notch St, Troy, AL 36081, USA",(334) 566-0127,http://www.pigglywigglytroy.com/,31.8143873,-85.9714417,4.1,408.0,ChIJBRO3ZvXsjYgR0iPNxSM28lM,"grocery_or_supermarket, supermarket, food, point_of_interest, store, establishment"
"Ariton, AL",grocery store,retail,445110,Dollar General,"144 W Grey Hodges Rd, Dothan, AL 36303, USA",(334) 240-1846,https://www.dollargeneral.com/store-directory/al/dothan/23327,31.28384,-85.36878999999999,4.5,13.0,ChIJ1SQvMGeRkogRSdSA2aD2k24,"drugstore, grocery_or_supermarket, convenience_store, food, point_of_interest, health, store, establishment"
"Ariton, AL",grocery store,retail,445110,Piggly Wiggly,"1002 Geneva Hwy, Enterprise, AL 36330, USA",(334) 347-9254,https://www.pigglywiggly.com/,31.3009407,-85.8574331,4.1,303.0,ChIJHa3Y5BpskogRtFVHOmdnQVA,"grocery_or_supermarket, supermarket, food, point_of_interest, store, establishment"
"Ariton, AL",grocery store,retail,445110,Piggly Wiggly,"621 Boll Weevil Cir, Enterprise, AL 36330, USA",(334) 709-9000,https://www.pigglywiggly.com/,31.3218276,-85.83221979999999,4.1,330.0,ChIJrYlkC5JukogR1SWSVQyTOrw,"grocery_or_supermarket, food, point_of_interest, store, establishment"
"Ariton, AL",grocery store,retail,445110,Dollar General,"5164 AL-105, Skipperville, AL 36374, USA",(334) 440-3491,https://www.dollargeneral.com/store-directory/al/skipperville/22630,31.55759,-85.54724999999999,4.2,18.0,ChIJG57ugDl_jYgRryqwgCv96-Q,"drugstore, grocery_or_supermarket, convenience_store, food, point_of_interest, health, store, establishment"
"Ariton, AL",grocery store,retail,445110,Grocery Outlet,"505 N Main St, Enterprise, AL 36330, USA",(334) 347-7351,http://www.groceryoutlet.us/,31.3184325,-85.8576657,4.2,268.0,ChIJXf595yRskogR0kazJU5mXrE,"supermarket, grocery_or_supermarket, food, point_of_interest, store, establishment"
"Ariton, AL",grocery store,retail,445110,Dollar General,"3039 Jernigan Rd, Ozark, AL 36360, USA",(334) 440-7365,https://www.dollargeneral.com/store-directory/al/ozark/30890,31.4932704,-85.69408460000001,5.0,1.0,ChIJj75PApl5kogRwwJsfCtvq9M,"drugstore, grocery_or_supermarket, convenience_store, food, point_of_interest, health, store, establishment"
"Ariton, AL",grocery store,retail,445110,Grocery Outlet,"656 Daleville Ave, Daleville, AL 36322, USA",(334) 598-8778,http://www.groceryoutlet.us/,31.2990218,-85.7199976,4.1,762.0,ChIJ35WWjURkkogRuAacGrs4ENg,"supermarket, grocery_or_supermarket, food, point_of_interest, store, establishment"
"Ariton, AL",indian grocery,retail,445110,Swagat Indian Grocery,"3813 Ross Clark Cir Suite 500 & 600, Dothan, AL 36303, USA",(334) 699-3344,,31.2544129,-85.41138099999999,4.9,111.0,ChIJl9OmNreTkogRSogdgfP041w,"grocery_or_supermarket, store, point_of_interest, food, establishment"
"Ariton, AL",indian grocery,retail,445120,Sandhar Grocery,"1620 Reeves St, Dothan, AL 36303, USA",(334) 699-2290,,31.2449374,-85.3918918,4.0,4.0,ChIJkRFYI7STkogRg2J38pENzI4,"convenience_store, gas_station, store, point_of_interest, food, establishment"
"Ariton, AL",indian grocery,retail,445110,Daleville Oriental Groceries,"96 AL-134, Daleville, AL 36322, USA",(334) 598-8124,https://www.facebook.com/pages/Daleville-Oriental-Grocery/143817768982335,31.3075308,-85.7158461,4.6,226.0,ChIJ8-wuVbRlkogRf0gQDJSh-KM,"grocery_or_supermarket, store, point_of_interest, food, establishment"
"Ariton, AL",retail food,retail,,Enterprise Shopping Center,"612-646 Boll Weevil Cir, Enterprise, AL 36330, USA",,https://google.com/url?q=https://business.google.com/website_shared/launch_bw.html?f=https://amzn.to/43eGtmf,31.3193608,-85.8297985,4.2,1571.0,ChIJkzA025JukogRTRnMG4NDutA,"shopping_mall, point_of_interest, establishment"
"Ariton, AL",retail food,retail,445120,SunStop Store #616,"35 US-84, Daleville, AL 36322, USA",(334) 503-9943,https://sunstopstores.com/,31.296097,-85.7222436,2.4,17.0,ChIJeTnk7-llkogRAiTApFs7iaQ,"convenience_store, gas_station, meal_takeaway, store, restaurant, point_of_interest, food, establishment"
"Ariton, AL",retail food,retail,445110,Grocery Outlet #7714,"Martindale Plaza Shopping Center, 1177 Andrews Ave Q, Ozark, AL 36360, USA",(334) 774-8899,http://www.groceryoutlet.us/,31.446858,-85.655135,4.3,284.0,ChIJ82U-Ijp8kogRP3eabb4_5f0,"grocery_or_supermarket, supermarket, store, point_of_interest, food, establishment"
"Ariton, AL",retail food,retail,,Park Place Shopping Center,"847 Boll Weevil Cir, Enterprise, AL 36330, USA",,http://park-place-enterprise.keeq.io/,31.3267843,-85.8374982,4.3,368.0,ChIJgYGAUY9ukogRip74ob-ZMXA,"shopping_mall, point_of_interest, establishment"
"Ariton, AL",retail food,retail,,Troy Marketplace,"1261 US-231, Troy, AL 36081, USA",(631) 882-6667,http://galacticvapes.com/,31.7798306,-85.94990489999999,4.4,481.0,ChIJv_rhOBvtjYgRyj93jNj_ZtY,"shopping_mall, point_of_interest, establishment"
"Ariton, AL",retail food,retail,445110,Fort Rucker Commissary,"8900 Division Rd, Fort Rucker, AL 36362, USA",(334) 255-6671,https://corp.commissaries.com/shopping/store-locations/fort-novosel,31.3436363,-85.7103528,4.5,1026.0,ChIJSyGuXfBkkogRq14Yfj_qKPY,"grocery_or_supermarket, supermarket, store, point_of_interest, food, establishment"
"Ariton, AL",retail food,retail,,Northside Plaza,"3489 Ross Clark Cir, Dothan, AL 36303, USA",(205) 972-9646,,31.2472173,-85.429362,4.3,2184.0,ChIJzYw_lHKSkogRsORGH_jwdvw,"shopping_mall, point_of_interest, establishment"
"Ariton, AL",retail food,retail,445120,Fort Rucker Mini Mart,"6600 Dustoff St, Daleville, AL 36322, USA",(334) 503-9338,https://www.shopmyexchange.com/exchange-stores/United%20States/AL/Ft%20Rucker/Ft-Rucker--1031705,31.32426899999999,-85.7239365,4.0,21.0,ChIJ91eDkVRkkogRbRuVmohtedg,"convenience_store, atm, finance, store, point_of_interest, food, establishment"
"Ariton, AL",retail food,retail,,Dothan Pavilion,"4601 Montgomery Hwy, Dothan, AL 36303, USA",,https://google.com/url?q=https://business.google.com/website_shared/launch_bw.html?f=https://amzn.to/43meEsk,31.2659254,-85.4463462,4.4,3314.0,ChIJc_8L6fuNkogRRXDa9I6dQ0E,"shopping_mall, point_of_interest, establishment"
"Ariton, AL",retail food,retail,,Wiregrass Commons Mall,"900 Commons Dr, Dothan, AL 36303, USA",(334) 792-7734,http://www.shopwiregrasscommonsmall.com/,31.2542238,-85.4251101,4.0,3557.0,ChIJY5AWxBOSkogRUiB8Kxky03k,"shopping_mall, point_of_interest, establishment"
"Ariton, AL",retail food,retail,445110,SunStop Market #655,"14331 Co Rd 99, Headland, AL 36345, USA",(334) 785-7093,https://sunstopstores.com/,31.3607284,-85.32588899999999,4.5,628.0,ChIJa3VVnWKXkogRa4BWdhuJtc4,"grocery_or_supermarket, supermarket, store, point_of_interest, food, establishment"
"Ariton, AL",retail food,retail,445120,Herb's Place,"400 John M Long Drive, 36081, Troy, AL 36081, USA",(334) 670-6269,https://troydining.com/dining-near-me/herbs-place,31.7987352,-85.96046249999999,4.5,4.0,ChIJN5eRr-TsjYgR5lxEFA04qt8,"convenience_store, store, point_of_interest, food, establishment"
"Ariton, AL",retail food,retail,,Westgate Shopping Center,"Boll Weevil Cir, Enterprise, AL 36330, USA",(334) 347-5983,,31.3207142,-85.8318642,4.2,1150.0,ChIJJyE7F5JukogRTH9aWSzPCHA,"shopping_mall, point_of_interest, establishment"
"Ariton, AL",retail food,retail,445110,Seoul Oriental Food Store,"4954 Rucker Blvd, Enterprise, AL 36330, USA",(334) 393-4229,https://www.instagram.com/seoul_oriental_food_store,31.3388252,-85.75631369999999,4.5,143.0,ChIJNe_G7HplkogRM4oWO-R2-Mc,"grocery_or_supermarket, store, point_of_interest, food, establishment"
"Ariton, AL",retail food,retail,445120,Hobo Pantry,"4468 W Main St, Dothan, AL 36305, USA",(334) 805-9355,,31.2372984,-85.45958879999999,4.0,48.0,ChIJO6xnWaKNkogRpjFZ3uupcsw,"convenience_store, store, point_of_interest, food, establishment"
"Ariton, AL",retail food,retail,445110,Grocery Outlet Dothan #7702,"2423 Montgomery Hwy, Dothan, AL 36303, USA",(334) 792-0153,https://www.groceryoutlet.us/,31.2423229,-85.41801129999999,4.4,72.0,ChIJMXYMBeaTkogRtBcJHSdXFJE,"grocery_or_supermarket, store, point_of_interest, food, establishment"
"Ariton, AL",retail food,retail,445120,Robert's,"14625 US-84, Newton, AL 36352, USA",,,31.2409918,-85.631001,4.5,17.0,ChIJBUTvmLFhkogRx6BX9Y5edhc,"convenience_store, store, point_of_interest, food, establishment"
"Ariton, AL",retail food,retail,,Trojan Marketplace,"1307 US-231 S, Troy, AL 36079, USA",,,31.7793492,-85.94624329999999,4.4,45.0,ChIJr0TiphTtjYgRCm-QKFy_nMI,"shopping_mall, point_of_interest, establishment"
"Ariton, AL",retail food,retail,445120,Beeline Stores,"706 S Brundidge St, Troy, AL 36081, USA",(334) 566-1090,,31.799583,-85.9658886,4.4,8.0,ChIJI9eDNfXsjYgRdbLJFAr8c_A,"convenience_store, gas_station, store, point_of_interest, food, establishment"
"Ariton, AL",retail food,retail,445120,US FOODMART,"17909 US-431, Headland, AL 36345, USA",(334) 693-5514,https://www.chevrontexacorewards.com/en_us/home/loyalty-station-locator.html?/station/17909-US-HIGHWAY-431-N-HEADLAND%C2%A0-AL-363458211-id388420,31.3379559,-85.33247039999999,3.9,21.0,ChIJOayp12OXkogRjSbvXUwQPm8,"gas_station, convenience_store, store, point_of_interest, food, establishment"
"Ariton, AL",retail food,retail,445120,Murphy USA,"1579 N US Hwy 231, Ozark, AL 36360, USA",(334) 774-2558,http://www.murphyusa.com/,31.4436635,-85.6507352,4.1,28.0,ChIJWfMJ-TZ8kogRw670hJg91wE,"gas_station, convenience_store, store, point_of_interest, food, establishment"
"Ariton, AL",retail food,retail,445120,Wilkerson Liberty Food Mart,"1448 Blue Springs St, Clio, AL 36017, USA",(334) 397-2529,,31.7050521,-85.5897926,4.5,21.0,ChIJ34YqF254jYgRTM2i5Qp0I1w,"convenience_store, gas_station, store, point_of_interest, food, establishment"
"Ariton, AL",retail food,retail,445120,Hobo Pantry 11 & Hunt Brothers Pizza,"22 Pea River Rd, Ariton, AL 36311, USA",(334) 762-2989,,31.6006146,-85.71739269999999,3.3,12.0,ChIJYekA8gKHjYgRvoXN1aaDzBQ,"convenience_store, atm, finance, store, point_of_interest, food, establishment"
"Ariton, AL",retail food,retail,445120,Murphy USA,"600 Boll Weevil Cir STE 9, Enterprise, AL 36330, USA",(334) 347-0615,http://www.murphyusa.com/,31.3155286,-85.82876979999999,2.9,20.0,ChIJ8UGZouxukogRZHcI99Wnk_4,"gas_station, convenience_store, store, point_of_interest, food, establishment"
"Ariton, AL",retail food,retail,445110,Piggly Wiggly,"1140 Montgomery Hwy, Dothan, AL 36303, USA",(334) 673-3776,http://www.pigglywigglymontgomeryhwy.com/,31.2388349,-85.3980381,4.5,1566.0,ChIJSfgNbk2SkogRBciLpp3Vwjk,"grocery_or_supermarket, supermarket, store, point_of_interest, food, establishment"
"Ariton, AL",retail food,retail,,Shops On The Circle,"3500 Ross Clark Cir, Dothan, AL 36303, USA",,,31.2467562,-85.42664760000001,4.3,971.0,ChIJr7tlVGySkogR_JlNypdkOiA,"shopping_mall, point_of_interest, establishment"
"Ariton, AL",retail food,retail,722511,Cracker Barrel Old Country Store,"3431 Ross Clark Cir, Dothan, AL 36303, USA",(334) 673-8454,https://www.crackerbarrel.com/Locations/States/al/dothan/384/?utm_source=google&utm_medium=maps&utm_campaign=crackerbarrelurl,31.2455836,-85.42939009999999,4.2,4221.0,ChIJK6L-M3KSkogRFQOcdlntnZk,"meal_takeaway, store, restaurant, point_of_interest, food, establishment"
"Ariton, AL",retail food,retail,445310,Sixtel Bottle & Growler House,"210 N Main St, Enterprise, AL 36330, USA",(334) 475-2042,https://www.facebook.com/SixtelBGH/,31.3158733,-85.8549213,4.9,147.0,ChIJya9nLA5tkogRAstRlM9BwwA,"liquor_store, store, point_of_interest, establishment"
"Ariton, AL",clothing store,retail,448140,Citi Trends,"1032 Boll Weevil Cir, Enterprise, AL 36330, USA",(334) 359-0825,https://locations.cititrends.com/al/enterprise/1032-boll-weevil-circle.html,31.3360098,-85.85049959999999,4.5,16.0,ChIJvZidE45tkogRf_t8iX8HdX0,"clothing_store, shoe_store, store, point_of_interest, establishment"
"Ariton, AL",clothing store,retail,448140,Ross Dress for Less,"1307 US-231 Ste 2, Troy, AL 36081, USA",(334) 670-6943,https://www.rossstores.com/,31.7782702,-85.9455977,4.1,58.0,ChIJazBlVdHtjYgRNSGnjx5f1LM,"clothing_store, department_store, shoe_store, store, point_of_interest, establishment"
"Ariton, AL",clothing store,retail,452210,T.J. Maxx,"1307 US-231, Troy, AL 36081, USA",(334) 808-4267,http://www.tjmaxx.com/,31.7790581,-85.944296,4.5,135.0,ChIJHY_W1jvrjYgRyCU3EDQRCgo,"department_store, jewelry_store, clothing_store, store, point_of_interest, establishment"
"Ariton, AL",clothing store,retail,448140,Step In Style,"830 US-231, Troy, AL 36081, USA",(334) 670-0105,https://m.facebook.com/stepinstyletroy/,31.7873689,-85.96656159999999,4.6,82.0,ChIJZ-AhPejrjYgRcCCqmz8j46c,"clothing_store, store, point_of_interest, establishment"
"Ariton, AL",clothing store,retail,448140,Citi Trends,"101 Southland Village, Troy, AL 36079, USA",(334) 359-0981,https://locations.cititrends.com/al/troy/101-southland-village.html,31.7857116,-85.9666077,4.4,108.0,ChIJw-96QlLsjYgRDBTISxEBXtc,"clothing_store, shoe_store, store, point_of_interest, establishment"
"Ariton, AL",clothing store,retail,452210,T.J. Maxx,"616 Boll Weevil Cir, Enterprise, AL 36330, USA",(334) 393-0930,https://tjmaxx.tjx.com/store/index.jsp,31.3179163,-85.8287179,4.4,503.0,ChIJ9cR7q8xtkogRgAFDnSWkoxU,"department_store, jewelry_store, clothing_store, store, point_of_interest, establishment"
"Ariton, AL",clothing store,retail,448140,Ross Dress for Less,"626 Boll Weevil Cir, Enterprise, AL 36330, USA",(334) 347-0019,https://www.rossstores.com/,31.3195938,-85.828993,4.4,7.0,ChIJ89dqOwBvkogRxMS_7B6sUYk,"clothing_store, department_store, shoe_store, store, point_of_interest, establishment"
"Ariton, AL",clothing store,retail,448140,Eagle Eye Outfitters,"3535 Ross Clark Cir, Dothan, AL 36303, USA",(334) 673-2878,https://shopeagleeye.com/,31.2493988,-85.4267611,4.4,667.0,ChIJU2X-YxWSkogR28XGwbjNKr0,"clothing_store, department_store, shoe_store, store, point_of_interest, establishment"
"Ariton, AL",clothing store,retail,448140,bealls,"1265 US-231, Troy, AL 36081, USA",(334) 808-1460,https://stores.bealls.com/al/troy/1265-highway-231-s,31.7794061,-85.9487951,4.3,193.0,ChIJd2rBXnPsjYgRIp3SH-VQKaA,"clothing_store, home_goods_store, shoe_store, store, point_of_interest, establishment"
"Ariton, AL",clothing store,retail,448140,Ross Dress for Less,"4401 Montgomery Hwy, Dothan, AL 36303, USA",(334) 792-1266,https://www.rossstores.com/,31.26542,-85.4442459,4.2,695.0,ChIJwWXDKPqNkogRlnQjIM-Zz2I,"clothing_store, department_store, shoe_store, store, point_of_interest, establishment"
"Ariton, AL",clothing store,retail,448140,Old Navy,"3500 Ross Clark Cir Ste #700, Dothan, AL 36303, USA",(334) 500-5429,https://oldnavy.gap.com/stores/al/dothan/oldnavy-6141.html,31.246007,-85.4247996,4.2,299.0,ChIJd3wkF3KSkogRHGf6fyPo-lk,"clothing_store, store, point_of_interest, establishment"
"Ariton, AL",clothing store,retail,452210,Dillard's,"900 Commons Dr #100, Dothan, AL 36303, USA",(334) 794-3300,https://www.dillards.com/stores/alabama/wiregrass-commons-mall-dothan/0274,31.2522222,-85.4238889,4.3,926.0,ChIJ_TDCEROSkogRdEP7xNeSPgk,"department_store, home_goods_store, clothing_store, shoe_store, store, point_of_interest, establishment"
"Ariton, AL",clothing store,retail,448140,DICK'S Sporting Goods,"4401 Montgomery Hwy, Dothan, AL 36303, USA",(334) 671-1370,https://stores.dickssportinggoods.com/al/dothan/337/?seo=localpack,31.2651027,-85.44382139999999,3.6,212.0,ChIJwWXDKPqNkogRmMhPgSdMmkM,"bicycle_store, clothing_store, shoe_store, store, point_of_interest, establishment"
"Ariton, AL",clothing store,retail,448140,bealls,"622-C Boll Weevil Cir, Enterprise, AL 36330, USA",(334) 308-1327,https://stores.bealls.com/al/enterprise/622-c-boll-weevil-cir,31.3189605,-85.82888439999999,4.4,246.0,ChIJWS5WrMxtkogR32Lot3BmgnQ,"clothing_store, home_goods_store, shoe_store, store, point_of_interest, establishment"
"Ariton, AL",clothing store,retail,448140,Don Walkers Western Wear,"814 US-231 S, Troy, AL 36081, USA",(334) 566-0044,https://donwalkers.com/,31.7890697,-85.9692051,4.5,183.0,ChIJCdNaPOjrjYgR_XQlvWoD1SQ,"clothing_store, store, point_of_interest, establishment"
"Ariton, AL",clothing store,retail,448140,Cato Fashions,"612 Boll Weevil Cir, Enterprise, AL 36330, USA",(334) 347-5075,https://stores.catofashions.com/al/enterprise/612-bollweevil-circle?utm_source=gmb&utm_medium=Yext&y_source=1_MjY1NTk2NTMtNzE1LWxvY2F0aW9uLndlYnNpdGU%3D,31.3175772,-85.8287344,4.3,52.0,ChIJ9d2tkyNskogRe0Eiw81fcqk,"clothing_store, shoe_store, store, point_of_interest, establishment"
"Ariton, AL",clothing store,retail,452210,T.J. Maxx,"3500 Ross Clark Cir, Dothan, AL 36303, USA",(334) 678-1826,https://tjmaxx.tjx.com/store/index.jsp,31.2459937,-85.42474419999999,4.3,887.0,ChIJl6VW2BKSkogRjtN0GpZaWhQ,"department_store, jewelry_store, clothing_store, store, point_of_interest, establishment"
"Ariton, AL",clothing store,retail,448210,Academy Sports + Outdoors,"3950 Montgomery Hwy, Dothan, AL 36303, USA",(334) 673-5700,https://www.academy.com/storelocator/alabama/dothan/store-0182,31.2611388,-85.4363582,4.3,2582.0,ChIJ8QGZbAiSkogR4c_-rvVzGZw,"shoe_store, clothing_store, store, point_of_interest, establishment"
"Ariton, AL",clothing store,retail,448140,Glow,"70 W Ct Square, Troy, AL 36081, USA",,http://shopglow.com/,31.807731,-85.9723427,4.3,47.0,ChIJFSp5fRjtjYgRfJKgRc8JUK8,"clothing_store, store, point_of_interest, establishment"
"Ariton, AL",clothing store,retail,448140,It's Fashion,"1253 US-231, Troy, AL 36081, USA",(334) 808-9252,https://stores.itsfashions.com/al/troy/1253-highway-231-bypass?utm_source=gmb&utm_medium=Yext&y_source=1_MjY1NjAwNTItNzE1LWxvY2F0aW9uLndlYnNpdGU%3D,31.7798037,-85.9498002,3.6,29.0,ChIJQUHJRT3tjYgRp6kUUCEskdA,"clothing_store, store, point_of_interest, establishment"
"Ariton, AL",clothing store,retail,448140,America's Thrift Stores & Donation Center,"201 Buyers Dr, Dothan, AL 36303, USA",(334) 230-7235,http://americasthrift.com/,31.2515612,-85.4258962,4.1,441.0,ChIJLfeD2QuSkogR-bMYI6Fun4M,"clothing_store, store, point_of_interest, establishment"
"Ariton, AL",clothing store,retail,448210,Rainbow Shops,"900 Commons Dr, Dothan, AL 36303, USA",(334) 673-0415,https://stores.rainbowshops.com/al/dothan/682/?utm_source=G&utm_medium=lpm&utm_campaign=RainbowShops,31.254036,-85.42433799999999,3.3,10.0,ChIJoeSHAtSTkogRo_ryY6Wn444,"shoe_store, jewelry_store, clothing_store, store, point_of_interest, establishment"
"Ariton, AL",clothing store,retail,448140,Yancey Parker's,"621 Boll Weevil Cir Suite 23, Enterprise, AL 36330, USA",(334) 347-8134,https://yanceyparker.com/,31.3194076,-85.83220209999999,4.5,63.0,ChIJ9d2tkyNskogR68tXssSYrZ0,"clothing_store, store, point_of_interest, establishment"
"Ariton, AL",clothing store,retail,452210,Belk,"900 Commons Dr Suite 400, Dothan, AL 36303, USA",(334) 671-2400,https://www.belk.com/store/belk-dothan-al/?StoreID=615,31.254952,-85.426283,4.2,945.0,ChIJ_TDCEROSkogRjBrO4e9BF84,"department_store, shoe_store, clothing_store, home_goods_store, store, point_of_interest, establishment"
"Ariton, AL",clothing store,retail,448140,"Plato's Closet Dothan, AL","2419 Murphy Mill Rd, Dothan, AL 36303, USA",(334) 792-3010,http://platosclosetdothanal.com/,31.2646716,-85.4391955,3.8,269.0,ChIJ9xloWfiNkogRFuPEYgOmCPo,"clothing_store, store, point_of_interest, establishment"
"Ariton, AL",clothing store,retail,448140,Lane Bryant,"4601 Montgomery Hwy, Dothan, AL 36303, USA",(334) 350-3183,https://stores.lanebryant.com/al/dothan/4601-montgomery-hwy?sid=NS%3AGoogle%3AGMB&y_source=1_MTE3NTU1NDQtNzE1LWxvY2F0aW9uLndlYnNpdGU%3D,31.26597799999999,-85.44564299999999,3.8,118.0,ChIJL67uhvuNkogREEyuovAKYyU,"clothing_store, store, point_of_interest, establishment"
"Ariton, AL",clothing store,retail,448140,Simply South Outfitters,"109 E College St, Enterprise, AL 36330, USA",(334) 347-3838,https://www.simplysouthoutfitters.com/,31.3149114,-85.8535624,4.5,20.0,ChIJT-rUWCFskogRcA1CKNZyG8Y,"clothing_store, store, point_of_interest, establishment"
"Ariton, AL",clothing store,retail,448140,Freckled Frog,"1400 Westgate Pkwy, Dothan, AL 36303, USA",(334) 671-2034,http://www.freckledfrogboutique.com/,31.2555134,-85.4339904,3.8,12.0,ChIJK9pg2guSkogRBMkK4qtFd00,"clothing_store, store, point_of_interest, establishment"
"Ariton, AL",clothing store,retail,448140,Aéropostale,"900 Commons Dr #95, Dothan, AL 36303, USA",(334) 678-7747,https://stores.aeropostale.com/al/dothan/900-commons-drive?utm_source=google&utm_medium=organic&utm_campaign=local,31.2540367,-85.4243382,4.3,48.0,ChIJ_TDCEROSkogR68H78xHY2aw,"clothing_store, store, point_of_interest, establishment"
"Ariton, AL",clothing store,retail,448140,Black Onyx Apparel and Accessories,"1919 Reeves St #101, Dothan, AL 36303, USA",,,31.249974,-85.3905001,5.0,3.0,ChIJqSSxAY-TkogRA0MGVWPApYg,"clothing_store, store, point_of_interest, establishment"
"Ariton, AL",clothing store,retail,445120,Walgreens,"900 Rucker Blvd, Enterprise, AL 36330, USA",(334) 393-1348,https://www.walgreens.com/locator/walgreens-900+rucker+blvd-enterprise-al-36330/id=9256,31.3224943,-85.83027009999999,2.9,85.0,ChIJKYESBo1ukogRvWpRIPmrYe0,"drugstore, convenience_store, clothing_store, health, food, store, point_of_interest, establishment"
"Ariton, AL",clothing store,retail,448140,Hello Beautiful Boutique,"635 N Main St Suite 5, Enterprise, AL 36330, USA",(334) 489-4014,http://www.hellobeautifulenterprise.com/,31.3231101,-85.8610894,5.0,35.0,ChIJbSwIcVBtkogRm5ZEzDjFWrE,"clothing_store, store, point_of_interest, establishment"
"Ariton, AL",clothing store,retail,448140,Hot Topic,"900 Commons Dr RM 94, Dothan, AL 36303, USA",(334) 673-2695,https://www.hottopic.com/store-details?StoreId=0604,31.2540367,-85.4243382,4.5,140.0,ChIJ_TDCEROSkogRfCujOD5csYA,"clothing_store, store, point_of_interest, establishment"
"Ariton, AL",clothing store,retail,448210,Cato Fashions,"1406 US-231, Troy, AL 36081, USA",(334) 566-3633,https://stores.catofashions.com/al/troy/1406-highway-231-south?utm_source=gmb&utm_medium=Yext&y_source=1_MjY1NjA2OTItNzE1LWxvY2F0aW9uLndlYnNpdGU%3D,31.7790834,-85.9399481,4.8,32.0,ChIJ8yKUbPbsjYgRhFHf96E6Bn8,"shoe_store, clothing_store, store, point_of_interest, establishment"
"Ariton, AL",clothing store,retail,448140,Sole Play,"102 Central Park Ave #1, Dothan, AL 36303, USA",(334) 446-7777,https://soleplaybama.com/,31.2389738,-85.4665814,4.7,188.0,ChIJzdzLaqWNkogR_VKTgjjI5IY,"clothing_store, shoe_store, store, point_of_interest, establishment"
"Ariton, AL",clothing store,retail,448140,Kitty Couture Boutique,"3246 Montgomery Hwy Suite 102, Dothan, AL 36303, USA",(334) 618-0738,,31.2535918,-85.4285451,5.0,21.0,ChIJp8J2og2SkogRBSQ0aXmqcnI,"clothing_store, jewelry_store, store, point_of_interest, establishment"
"Ariton, AL",clothing store,retail,448140,Barefield's Store For Men & Ladies,"115 E Ct Square, Ozark, AL 36360, USA",(334) 774-0422,https://www.facebook.com/Barefields-Downtown-Ozark-319122449810/?fref=ts&ref=br_tf,31.4586421,-85.6400579,4.7,71.0,ChIJo2xYe9R9kogRnBJNyus9upA,"clothing_store, store, point_of_interest, establishment"
"Ariton, AL",clothing store,retail,448140,Frou Frou Collection,"121 N Main St, Enterprise, AL 36330, USA",,http://www.froufroucollection.com/,31.31504099999999,-85.8547539,4.9,17.0,ChIJOwKst1ttkogR4sgNCo4gkuo,"clothing_store, store, point_of_interest, establishment"
"Ariton, AL",clothing store,retail,448140,Style ASAP Boutique,"103 N Main St, Enterprise, AL 36330, USA",(334) 417-0075,http://www.shopstyleasap.com/,31.3145471,-85.8543346,4.6,16.0,ChIJUc-RDT5tkogR2ysKPHoYvIg,"clothing_store, store, point_of_interest, establishment"
"Ariton, AL",clothing store,retail,448140,Cam's Cottons,"113 S Main St, Enterprise, AL 36330, USA",(334) 475-4590,,31.314102,-85.8535038,4.6,7.0,ChIJeX6XYyFskogRZYWgukpLEGM,"clothing_store, store, point_of_interest, establishment"
"Ariton, AL",clothing store,retail,448210,Hibbett Sports,"1416 US-231 Ste F, Troy, AL 36081, USA",(334) 670-9697,https://www.hibbett.com/storedetails/AL/Troy/83?utm_source=gmblisting&utm_medium=organic,31.7789152,-85.9394145,4.5,115.0,ChIJOeXD89rrjYgRPEM1jzJCeco,"shoe_store, clothing_store, store, point_of_interest, establishment"
"Ariton, AL",clothing store,retail,448140,Gap Outlet,"SHOPS ON THE CIRCLE, 3500 Ross Clark Cir, Dothan, AL 36303, USA",(334) 678-0023,,31.24589869999999,-85.4237072,4.7,15.0,ChIJs_aYQWySkogRVeiBzn2pGl0,"clothing_store, store, point_of_interest, establishment"
"Ariton, AL",clothing store,retail,448140,"Hissyfits Boutique, LLC","480 Westgate Pkwy, Dothan, AL 36303, USA",(334) 677-1558,https://hissyfitsboutiquedothan.com/,31.2362631,-85.4342204,4.4,39.0,ChIJacthznmSkogRRQxqnV1ZedU,"clothing_store, store, point_of_interest, establishment"
"Ariton, AL",clothing store,retail,448210,Hibbett Sports,"1177 Andrews Ave Ste D, Ozark, AL 36360, USA",(334) 445-0158,https://www.hibbett.com/storedetails/AL/Ozark/1272?utm_source=gmblisting&utm_medium=organic,31.4489585,-85.65445799999999,4.3,99.0,ChIJp4LY3j98kogRQ5BL1ogvj68,"shoe_store, clothing_store, store, point_of_interest, establishment"
"Ariton, AL",clothing store,retail,448210,Hibbett Sports,"624 Boll Weevil Cir Ste 4, Enterprise, AL 36330, USA",(334) 347-9348,https://www.hibbett.com/storedetails/AL/Enterprise/113?utm_source=gmblisting&utm_medium=organic,31.3191408,-85.82900339999999,4.4,192.0,ChIJUaOjrcxtkogRcOl4xl3jbew,"shoe_store, clothing_store, store, point_of_interest, establishment"
"Ariton, AL",clothing store,retail,448140,Heritage 1843,"62 E Ct Square, Troy, AL 36081, USA",(334) 770-1843,https://heritage1843.com/,31.8074284,-85.97134439999999,5.0,6.0,ChIJD-4RaWTtjYgRI2ZrdgfXGhc,"clothing_store, store, point_of_interest, establishment"
"Ariton, AL",clothing store,retail,448140,Oaks On Park,"105 Apple Ave #1, Dothan, AL 36303, USA",(334) 655-5505,https://www.oaksapparel.com/,31.2387636,-85.4656706,4.8,17.0,ChIJp4hoHEWSkogRtJ0DDQ6edSE,"clothing_store, store, point_of_interest, establishment"
"Ariton, AL",clothing store,retail,452210,Kohl's,"4401 Montgomery Hwy Ste 200, Dothan, AL 36303, USA",(334) 792-1882,https://www.kohls.com/stores/al/dothan-1179.shtml?utm_source=google&utm_medium=organic&utm_campaign=local,31.26459299999999,-85.44344129999999,4.3,811.0,ChIJwWXDKPqNkogR_cTpwgLUTic,"department_store, store, point_of_interest, establishment"
"Ariton, AL",clothing store,retail,448140,Trojan Threads Apparel Co.,"110 University Ave Suite C, Troy, AL 36081, USA",(334) 770-1038,http://trojanthreads.com/,31.8005507,-85.9647024,4.5,8.0,ChIJJfkY9LztjYgRYYEDo3kGDks,"clothing_store, store, point_of_interest, establishment"
"Ariton, AL",clothing store,retail,448140,Willow Jade Boutique,"125 N Main St, Enterprise, AL 36330, USA",(334) 406-5572,https://willowjadeboutique.commentsold.com/,31.3151345,-85.8548357,5.0,8.0,ChIJj0nUDrttkogR0hmZAeYLGaE,"clothing_store, store, point_of_interest, establishment"
"Ariton, AL",clothing store,retail,448210,Cato Fashions,"3500 Ross Clark Cir, Dothan, AL 36303, USA",(334) 794-1904,https://stores.catofashions.com/al/dothan/3500-ross-clark-circle?utm_source=gmb&utm_medium=Yext&y_source=1_MjY1NTk4NDUtNzE1LWxvY2F0aW9uLndlYnNpdGU%3D,31.24618199999999,-85.425125,4.6,65.0,ChIJd3wkF3KSkogR_ySgGEobv_Q,"shoe_store, clothing_store, store, point_of_interest, establishment"
"Ariton, AL",clothing store,retail,448210,The Barn,"1481 Westgate Pkwy #2, Dothan, AL 36303, USA",(334) 794-6048,http://www.thebarnonline.com/,31.2573032,-85.4345711,4.5,605.0,ChIJIS7VYAmSkogRl2uAb8SrnEw,"shoe_store, clothing_store, store, point_of_interest, establishment"
"Ariton, AL",clothing store,retail,448210,Finish Line,"900 Commons Dr 111 110, Dothan, AL 36303, USA",(334) 702-3559,https://www.finishline.com/?utm_source=googlemybusiness&utm_medium=organic,31.253385,-85.423908,4.2,122.0,ChIJD0GMixKSkogRcvu_dAE_xV8,"shoe_store, clothing_store, store, point_of_interest, establishment"
"Ariton, AL",clothing store,retail,448140,Cash's Ladies Apparel,"1748 Montgomery Hwy, Dothan, AL 36301, USA",(334) 579-8980,,31.2393171,-85.4082715,4.9,23.0,ChIJ4Q0bFx-TkogRVi4gfajuFig,"clothing_store, store, point_of_interest, establishment"
"Ariton, AL",clothing store,retail,452210,JCPenney,"900 Commons Dr #900, Dothan, AL 36303, USA",(334) 794-0531,https://www.jcpenney.com/locations/al/dothan/clothing-stores-dothan-al-2398.html,31.253549,-85.4252431,4.1,838.0,ChIJyXSEAhWSkogRV3pqmLfLuL8,"department_store, shoe_store, jewelry_store, furniture_store, clothing_store, home_goods_store, store, point_of_interest, establishment"
"Ariton, AL",convenience store,retail,445120,Tom Thumb,"701 Plaza Dr, Enterprise, AL 36330, USA",(334) 347-8499,https://www.tomthumbcstores.com/,31.296871,-85.83293719999999,4.1,344.0,ChIJyS8KNrdukogRmQSv86dZA7g,"convenience_store, gas_station, store, food, point_of_interest, establishment"
"Ariton, AL",convenience store,retail,445120,Good To Go Inc,"5000 Boll Weevil Cir, Enterprise, AL 36330, USA",(334) 308-9768,,31.2927434,-85.8646843,4.2,67.0,ChIJo2-faXNskogRO450SxYhDaU,"convenience_store, gas_station, atm, finance, store, restaurant, food, point_of_interest, establishment"
"Ariton, AL",convenience store,retail,445120,Shell Food Mart,"5825 W Main St, Dothan, AL 36305, USA",(334) 702-1023,,31.2394044,-85.4813432,4.2,6.0,ChIJhbgVYFKMkogRPT2WlIzyVWg,"convenience_store, gas_station, store, food, point_of_interest, establishment"
"Ariton, AL",convenience store,retail,445120,Legacy Foodmart #4,"200 W College St, Enterprise, AL 36330, USA",(334) 393-4220,,31.3139766,-85.8554449,4.3,4.0,ChIJoQoMA9JtkogRpZ8pQHMztng,"convenience_store, store, food, point_of_interest, establishment"
"Ariton, AL",convenience store,retail,445120,Circle K,"1315 E Park Ave, Enterprise, AL 36330, USA",(334) 347-0776,https://www.circlek.com/store-locator/US/enterprise/1315-park-ave/2723906?utm_source=google&utm_medium=local&utm_campaign=google-local,31.30785299999999,-85.829916,4.0,90.0,ChIJv0OXxrBvkogRq8gb4TeBgq0,"convenience_store, gas_station, atm, meal_takeaway, finance, store, restaurant, food, point_of_interest, establishment"
"Ariton, AL",convenience store,retail,445120,SunStop Store #606,"1202 Boll Weevil Cir, Enterprise, AL 36330, USA",(334) 393-1991,http://sunstopstores.com/,31.3346516,-85.85955829999999,4.0,106.0,ChIJVfltZ81tkogRneJrn0mK58I,"convenience_store, gas_station, meal_takeaway, store, restaurant, food, point_of_interest, establishment"
"Ariton, AL",convenience store,retail,445120,Stop N Go,"700 S Brundidge St, Troy, AL 36081, USA",(334) 808-9309,,31.8001895,-85.9656148,4.6,8.0,ChIJlTgu2vvsjYgR6tgYsNMzhYE,"convenience_store, store, food, point_of_interest, establishment"
"Ariton, AL",convenience store,retail,445120,Pinckards Gas & Food Mart,"149 Enzor Rd, Troy, AL 36079, USA",(334) 670-9600,,31.7640507,-85.9611887,4.0,20.0,ChIJ4d9X_23tjYgR2i0-JpoLbJ8,"convenience_store, gas_station, store, food, point_of_interest, establishment"
"Ariton, AL",convenience store,retail,445120,Beeline Store,"1421 Westgate Pkwy, Dothan, AL 36303, USA",(334) 671-9200,,31.2560833,-85.43459089999999,3.9,17.0,ChIJ3d2M1guSkogR_ztgT7hqGlA,"gas_station, convenience_store, store, food, point_of_interest, establishment"
"Ariton, AL",convenience store,retail,445120,Super Station 13,"2149 US-231, Ozark, AL 36360, USA",(334) 774-2123,,31.4395197,-85.6424102,5.0,1.0,ChIJxSgGAAB9kogR6hYf97ou4Ic,"convenience_store, store, food, point_of_interest, establishment"
"Ariton, AL",convenience store,retail,445120,Hobo Pantry,"16566 US-431, Headland, AL 36345, USA",(334) 693-5000,https://hobopantry.com/,31.35646229999999,-85.3277913,4.1,10.0,ChIJwyGW6WOXkogRqNb4uhDQX-4,"convenience_store, store, food, point_of_interest, establishment"
"Ariton, AL",convenience store,retail,445120,FINNWAY EXPRESS,"8363 US-231, Ozark, AL 36360, USA",(334) 299-3023,,31.3761804,-85.568697,3.6,18.0,ChIJNZqeT_F4kogRDcgqlLEM_Mc,"convenience_store, store, food, point_of_interest, establishment"
"Ariton, AL",convenience store,retail,445120,Circle K,"101 US-231, Troy, AL 36081, USA",(334) 566-1337,https://www.circlek.com/store-locator/US/troy/101-hwy-231-s/2723641?utm_source=google&utm_medium=local&utm_campaign=google-local,31.7915149,-85.9775821,2.8,90.0,ChIJgzIZaPXrjYgRKL266tk_ua8,"convenience_store, gas_station, atm, cafe, meal_takeaway, finance, store, restaurant, food, point_of_interest, establishment"
"Ariton, AL",convenience store,retail,445120,SunStop Store #631,"3934 US-231, Ozark, AL 36360, USA",,https://sunstopstores.com/,31.42458929999999,-85.61784089999999,3.8,17.0,ChIJwfQwD699kogRiWUqhWYEKps,"convenience_store, gas_station, meal_takeaway, store, restaurant, food, point_of_interest, establishment"
"Ariton, AL",convenience store,retail,445120,Shell,"5825 W Main St, Dothan, AL 36305, USA",(334) 702-1023,https://find.shell.com/us/fuel/10010340-5825-w-main-st/en_US,31.2395105,-85.48147759999999,4.0,99.0,ChIJhbgVYFKMkogR6Ot_R5eZ8mo,"gas_station, convenience_store, store, food, point_of_interest, establishment"
"Ariton, AL",convenience store,retail,445120,Pantry Inc,"3934 US-231, Ozark, AL 36360, USA",,https://swgaoil.com/,31.4247578,-85.61789279999999,4.3,12.0,ChIJpcMj4Ep5kogRRT_kADze-vs,"convenience_store, store, food, point_of_interest, establishment"
"Ariton, AL",convenience store,retail,445120,SunStop Store #619,"3724 US-84, Daleville, AL 36322, USA",(334) 393-9215,https://sunstopstores.com/,31.2991329,-85.778646,2.8,10.0,ChIJH1zRaeFvkogRVQmLEJullyk,"convenience_store, gas_station, meal_takeaway, store, restaurant, food, point_of_interest, establishment"
"Ariton, AL",convenience store,retail,445120,Shell,"2214 Reeves St, Dothan, AL 36303, USA",(334) 793-9245,https://find.shell.com/us/fuel/10010336-2214-reeves-st,31.25447549999999,-85.3881675,4.2,69.0,ChIJlftU08iTkogRYLCVClAC27I,"gas_station, convenience_store, store, food, point_of_interest, establishment"
"Ariton, AL",convenience store,retail,445120,ATM (Shell Food Mart),"5825 W Main St, Dothan, AL 36305, USA",,,31.2394712,-85.4813333,4.0,1.0,ChIJhbgVYFKMkogRpNcFuzLUUok,"atm, convenience_store, finance, store, point_of_interest, food, establishment"
"Ariton, AL",convenience store,retail,445120,Inland Food Store,"509 E Park Ave, Enterprise, AL 36330, USA",(334) 393-2831,,31.3083711,-85.8452532,3.6,14.0,ChIJN5AysaFukogRMCM2TcUWb7o,"convenience_store, gas_station, store, point_of_interest, food, establishment"
"Ariton, AL",convenience store,retail,445120,SunStop Store #608,"509 E Park Ave, Enterprise, AL 36330, USA",(334) 393-2831,http://sunstopstores.com/,31.30837069999999,-85.8451444,4.6,5.0,ChIJi18Qj6JvkogRJ4ldQrt1SAE,"convenience_store, gas_station, atm, meal_takeaway, finance, store, restaurant, point_of_interest, food, establishment"
"Ariton, AL",convenience store,retail,445120,Circle K,"302 Ross Clark Cir, Dothan, AL 36303, USA",(334) 792-3368,https://www.circlek.com/store-locator/US/dothan/302-ross-clark-cir/2721552?utm_source=google&utm_medium=local&utm_campaign=google-local,31.2472786,-85.37759179999999,2.9,43.0,ChIJjbF8l7-TkogRgWHjdaKEJAE,"convenience_store, gas_station, atm, finance, store, point_of_interest, food, establishment"
"Ariton, AL",convenience store,retail,445120,Flash Market Inc,"1647 US-231, Troy, AL 36081, USA",(334) 566-2426,,31.7770257,-85.9376207,1.8,34.0,ChIJ--xCDtvrjYgRtUb6_C1SWkw,"convenience_store, store, point_of_interest, food, establishment"
"Ariton, AL",convenience store,retail,445120,Sun Valley Market & Deli,"1202 Boll Weevil Cir, Enterprise, AL 36330, USA",(334) 393-1991,http://swgaoil.com/,31.3349189,-85.8596278,4.0,1.0,ChIJVfltZ81tkogRm8NAjh51T4E,"convenience_store, store, point_of_interest, food, establishment"
"Ariton, AL",convenience store,retail,445120,Hobo Pantry,"438 S A Graham Blvd, Brundidge, AL 36010, USA",(334) 735-2999,https://hobopantry.com/locations/,31.7208099,-85.8301793,2.6,13.0,ChIJh2Kq132PjYgRRuyCHFXGePE,"convenience_store, atm, finance, store, point_of_interest, food, establishment"
"Ariton, AL",convenience store,retail,445120,Inland,"3934 Hwy 231 South, 3934 US-231, Ozark, AL 36360, USA",,,31.42478079999999,-85.61811259999999,3.7,34.0,ChIJ33UJfJl9kogRz7u73EYEYJ0,"convenience_store, gas_station, cafe, store, point_of_interest, food, establishment"
"Ariton, AL",convenience store,retail,445120,Sun Valley Market & Deli,"35 US-84, Daleville, AL 36322, USA",(334) 393-9215,https://swgaoil.com/,31.2962529,-85.7226977,2.5,4.0,ChIJQRGhrkVvkogRdWLa312d3uQ,"convenience_store, store, point_of_interest, food, establishment"
"Ariton, AL",convenience store,retail,445120,Chevron,"22 Pea River Rd, Ariton, AL 36311, USA",(334) 793-5357,http://www.chevronwithtechron.com/stations/station-finder.aspx,31.60065669999999,-85.717214,3.8,6.0,ChIJ2Xpc8wc72okRP0ZNBS4_ibM,"gas_station, convenience_store, store, point_of_interest, food, establishment"
"Ariton, AL",convenience store,retail,445120,Sun Valley Market & Deli,"509 E Park Ave, Enterprise, AL 36330, USA",(334) 393-2831,http://swgaoil.com/,31.3083709,-85.8451322,5.0,1.0,ChIJLTJKsaFukogRZ3BXoHvTyXU,"convenience_store, store, point_of_interest, food, establishment"
"Ariton, AL",convenience store,retail,445120,Shell,"3206 Montgomery Hwy, Dothan, AL 36303, USA",(334) 792-8781,https://find.shell.com/us/fuel/10010333-3206-montgomery-hwy/en_US,31.252973,-85.42828600000001,3.9,50.0,ChIJRW-9dQ2SkogRiwoEOnsAeJI,"gas_station, convenience_store, store, point_of_interest, food, establishment"
"Ariton, AL",convenience store,retail,445120,SunStop Store #620,"763 E Broad St, Ozark, AL 36360, USA",(334) 774-1712,https://sunstopstores.com/,31.45891989999999,-85.6289614,4.5,6.0,ChIJ6Q9SeAx9kogR1FV4SyrCJYE,"convenience_store, gas_station, store, point_of_interest, food, establishment"
"Ariton, AL",convenience store,retail,445120,Spirit,"348 Andrews Ave, Ozark, AL 36360, USA",(334) 443-0340,,31.4578306,-85.64448639999999,4.7,10.0,ChIJ0cNVWSt8kogRb9B7obBftNg,"convenience_store, gas_station, store, point_of_interest, food, establishment"
"Ariton, AL",convenience store,retail,445120,Kelly's Food Mart,"Alabama 36081, USA",,,31.8558601,-85.9976618,1.8,5.0,ChIJL1q2s-7rjYgRR4rkYpqdM_g,"convenience_store, store, point_of_interest, food, establishment"
"Ariton, AL",convenience store,retail,445120,Circle K,"14930 US-231, Midland City, AL 36350, USA",(334) 984-2202,https://www.circlek.com/store-locator/us/midland-city/14930-s-us-hwy-231/2721551,31.3066451,-85.4964091,3.1,55.0,ChIJg271AumOkogR5FYTHW7wYMc,"convenience_store, gas_station, atm, meal_takeaway, finance, store, restaurant, point_of_interest, food, establishment"
"Ariton, AL",convenience store,retail,445120,SRABON PETROLEUM INC DBA CITGO,"1412 Skipperville Rd, Ozark, AL 36360, USA",(334) 774-0803,,31.4686921,-85.6050004,3.9,35.0,ChIJSzTx6Al-kogR97x8m5SSMCg,"gas_station, convenience_store, store, point_of_interest, food, establishment"
"Ariton, AL",convenience store,retail,445120,Love's Travel Stop,"3771 US-231, Ozark, AL 36360, USA",(334) 445-0323,https://www.loves.com/locations/566,31.4276107,-85.61955619999999,4.4,966.0,ChIJJ3s70pl9kogRDD3uCjPYmh8,"gas_station, convenience_store, store, point_of_interest, food, establishment"
"Ariton, AL",convenience store,retail,445120,Shell,"1647 US-231, Troy, AL 36081, USA",(334) 566-2769,https://find.shell.com/us/fuel/12738663-1647-highway-231-s/en_US,31.7772871,-85.9375324,3.9,12.0,ChIJmZP4B93tjYgRdZ1WmdZmA1w,"gas_station, convenience_store, store, point_of_interest, food, establishment"
"Ariton, AL",convenience store,retail,445120,Marathon Gas,"8363 US-231, Ozark, AL 36360, USA",(334) 299-3023,https://www.marathonbrand.com/Stations/Station_Locator/,31.3760777,-85.5689489,3.7,20.0,ChIJXUAJT_F4kogRqNh0BhtRexQ,"gas_station, convenience_store, store, food, point_of_interest, establishment"
"Ariton, AL",convenience store,retail,445120,Hobo Pantry,"2977 Montgomery Hwy, Dothan, AL 36303, USA",(334) 792-7970,https://hobopantry.com/locations/,31.2496926,-85.4261733,2.7,6.0,ChIJYc0nSW2SkogRAN1UUV7YjC4,"convenience_store, gas_station, store, food, point_of_interest, establishment"
"Ariton, AL",convenience store,retail,445120,Circle K,"4970 Montgomery Hwy, Dothan, AL 36303, USA",(334) 677-8211,https://www.circlek.com/store-locator/US/dothan/4970-montgomery-hwy/2723829?utm_source=google&utm_medium=local&utm_campaign=google-local,31.2711958,-85.44778029999999,3.1,61.0,ChIJwYq5LP2NkogR-VKlDjtZyJI,"convenience_store, gas_station, atm, finance, store, food, point_of_interest, establishment"
"Ariton, AL",convenience store,retail,445120,Sunny South,"104 US-231, Troy, AL 36081, USA",(334) 566-6641,,31.793233,-85.9788526,3.8,14.0,ChIJiy56wk3sjYgRA-3aHT6z0kE,"convenience_store, store, food, point_of_interest, establishment"
"Ariton, AL",convenience store,retail,445120,Murphy USA,"1418 US-231, Troy, AL 36081, USA",(334) 566-3161,http://www.murphyusa.com/,31.7786491,-85.938742,3.8,15.0,ChIJJdaESDDtjYgRoDhYfdJz6_M,"gas_station, convenience_store, store, food, point_of_interest, establishment"
"Ariton, AL",convenience store,retail,445120,Quick stop Citgo,"640 Bellwood Rd, Enterprise, AL 36330, USA",(334) 417-0395,,31.3048036,-85.85126269999999,3.8,99.0,ChIJz4XM7qFpkogRln6G-0h4aj4,"gas_station, convenience_store, store, food, point_of_interest, establishment"
"Ariton, AL",convenience store,retail,445120,Shell,"1114 Rucker Blvd, Enterprise, AL 36330, USA",(334) 347-9060,https://find.shell.com/us/fuel/10010341-1114-rucker-blvd/en_US,31.326587,-85.82034910000002,4.1,82.0,ChIJxV2ZM_FukogRweQ5svliqb8,"gas_station, convenience_store, store, food, point_of_interest, establishment"
"Ariton, AL",convenience store,retail,445120,Marathon Gas,"202 Old Hwy 231 N, Troy, AL 36081, USA",(334) 566-9062,https://www.marathonbrand.com/Stations/Station_Locator/,31.8083125,-85.9901227,2.3,28.0,ChIJYaltmO7rjYgRtyCtbTMQf2c,"gas_station, convenience_store, store, food, point_of_interest, establishment"
"Ariton, AL",convenience store,retail,445120,Murphy USA,"4454 Montgomery Hwy, Dothan, AL 36303, USA",(334) 677-7030,http://www.murphyusa.com/,31.2659164,-85.4420479,2.7,40.0,ChIJhcwXZfmNkogRsfRd_wzacZ0,"gas_station, convenience_store, store, food, point_of_interest, establishment"
"Ariton, AL",convenience store,retail,445120,Circle K,"4196 Ross Clark Cir, Dothan, AL 36303, USA",(334) 678-8699,https://www.circlek.com/store-locator/US/dothan/4196-ross-clark-cir/2723643?utm_source=google&utm_medium=local&utm_campaign=google-local,31.2526044,-85.3920145,2.8,62.0,ChIJA9o4z8uTkogRTVJ6b4gA3h4,"convenience_store, gas_station, atm, finance, store, food, point_of_interest, establishment"
"Ariton, AL",convenience store,retail,445120,Depot Food Store,"1925 Main St, Louisville, AL 36048, USA",(334) 266-5517,,31.7847826,-85.5550161,3.7,11.0,ChIJae_UDfx2jYgRn4YDFpYpRz4,"convenience_store, store, food, point_of_interest, establishment"
"Ariton, AL",convenience store,retail,445120,Shell,"1090 US-231, Ozark, AL 36360, USA",(334) 445-2217,https://find.shell.com/us/fuel/10010424-1090-s-us-highway-231/en_US,31.4395197,-85.6424102,4.0,126.0,ChIJv2iWj65-kogRB5qtkc4jm3Q,"gas_station, convenience_store, car_wash, store, restaurant, food, point_of_interest, establishment"
"Ariton, AL",convenience store,retail,445120,ATM (Pinckards Gas & Food Mart),"149 Enzor Rd, Troy, AL 36079, USA",,,31.7640056,-85.9611128,4.0,1.0,ChIJp99X_23tjYgRuaAxsFJmMyY,"atm, convenience_store, finance, store, food, point_of_interest, establishment"
"Ariton, AL",convenience store,retail,445120,ZTEC ELBA,"412 Claxton Ave, Elba, AL 36323, USA",(334) 897-3338,,31.4156278,-86.0668161,4.0,7.0,ChIJlfoQmLsPkogR4JBEBRbec-w,"convenience_store, gas_station, store, food, point_of_interest, establishment"
"Ariton, AL",wholesale,retail,,Flowers Baking Co 101,"612 Glover Ave, Enterprise, AL 36330, USA",(334) 379-6971,,31.31974529999999,-85.8417588,5.0,1.0,ChIJm7Hk2ppukogRGsY4UmTypSI,"food, point_of_interest, establishment"
"Ariton, AL",wholesale,retail,,"Gateway Tire Southeast, LLC","570 Technology Dr, Dothan, AL 36303, USA",(334) 547-7900,https://dk1501.treadsearch.com/login/,31.2703208,-85.4020996,4.3,13.0,ChIJhe9WmymSkogRah0rfIh0TVQ,"point_of_interest, establishment"
"Ariton, AL",wholesale,retail,,Southeast Alabama Meat Processing,"135 Sandbed Rd, Newton, AL 36352, USA",(334) 449-8034,http://www.thepasturepig.com/,31.2466818,-85.6455842,4.4,28.0,ChIJBUqhPKphkogR4TfMfa7ezHw,"store, food, point_of_interest, establishment"
"Ariton, AL",wholesale,retail,,Moseley Industrial Supply Co,"751 Hudson St, Troy, AL 36079, USA",(334) 770-1010,http://www.mosind.com/,31.7881583,-85.9991932,5.0,2.0,ChIJGRHLJu_6jYgRjVLBGd22N94,"point_of_interest, establishment"
"Ariton, AL",wholesale,retail,,Adams Foods Inc,"146 Industrial Dr, Dothan, AL 36303, USA",(334) 983-3539,,31.2558,-85.4125,5.0,2.0,ChIJUX9FdS6SkogRLCH9AXwY0YU,"food, point_of_interest, establishment"
"Ariton, AL",wholesale,retail,,JRs SHRIMP,"6290 County Rd 2262, Troy, AL 36079, USA",(334) 434-0487,https://jrsshrimp.square.site/,31.6832388,-85.9743214,,,ChIJsYKKrITzjYgR9Q_Su5u-RDc,"food, point_of_interest, establishment"
"Ariton, AL",wholesale,retail,,Bear Sank Produce Farms,"1150 36079, 64 County Rd, Troy, AL 36081, USA",(334) 672-7873,,31.8496465,-86.02557139999999,4.0,1.0,ChIJ3TRsoE_pjYgRfwgJ-AkPGcg,"food, point_of_interest, establishment"
"Ariton, AL",wholesale,retail,,Harris Tire Co,"1100 S Brundidge St, Troy, AL 36081, USA",(334) 566-2691,https://www.harristire.com/,31.79254,-85.9652332,3.1,13.0,ChIJVZZq-v3sjYgRDhoGYnT8iqM,"point_of_interest, establishment"
"Ariton, AL",wholesale,retail,,R.E. Michel Company,"315 Bic Rd, Dothan, AL 36303, USA",(334) 699-2033,https://www.remichel.com/branches/dothan-al-36303-hvac,31.2478254,-85.3876245,5.0,7.0,ChIJVzAYlbeTkogRSFYuURGND7Q,"point_of_interest, establishment"
"Ariton, AL",distributor,retail,,Adams Beverages,"3116 John D Odom Rd, Dothan, AL 36303, USA",(334) 983-5161,,31.275355,-85.4495551,4.1,14.0,ChIJJ7tHSAiOkogRyg_JWgGXZNo,"point_of_interest, establishment"
"Ariton, AL",distributor,retail,,Horn Beverage,"104 Industrial Blvd, Troy, AL 36081, USA",(334) 566-1123,https://www.hornbev.com/,31.7742432,-85.9316242,4.7,33.0,ChIJidsvDfbsjYgRyjZRBu8sIWI,"point_of_interest, establishment"
"Ariton, AL",distributor,retail,,Southern Charm Lemonade,"2503 Scott Rd, Dothan, AL 36303, USA",,,31.2785558,-85.442143,,,ChIJca-hCcqPkogRCPbal5wLSQk,"point_of_interest, establishment"
"Ariton, AL",distributor,retail,,Walmart Distribution Center,"1005 Sarah G Lott Blvd, Brundidge, AL 36010, USA",(334) 735-6000,http://www.walmart.com/,31.7164395,-85.8411546,3.0,1284.0,ChIJtdaMZf-OjYgRt2F-RpVqTCs,"point_of_interest, establishment"
"Ariton, AL",distributor,retail,,Ben E. Keith Foods Southeast Distribution Center,"1 Ben E Keith Way, New Brockton, AL 36351, USA",(334) 490-5200,https://www.benekeith.com/food/locations/southeast/,31.3828067,-85.9469146,3.9,176.0,ChIJjy6JBvATkogRWvjGi1gr_Fw,"point_of_interest, establishment"
"Ariton, AL",distributor,retail,,Keith Valley Packing Company - Southeast,"1700 Lower Curtis Rd, Elba, AL 36323, USA",(334) 897-5761,http://www.benekeith.com/,31.3939622,-86.10195399999999,4.4,98.0,ChIJ1ZLMm0wFkogRiobgTD3zPu0,"point_of_interest, food, establishment"
"Ariton, AL",distributor,retail,,Pilgrim's Pride Corporation,"4693 Co Rd 636, Enterprise, AL 36330, USA",(334) 347-0515,http://www.pilgrims.com/,31.2562897,-85.96010199999999,3.6,125.0,ChIJt_4iRPoUkogRhe3mLaohrn8,"point_of_interest, food, establishment"
"Ariton, AL",distributor,retail,,Ben E. Keith Southeast,"1 Ben E Keith Way, New Brockton, AL 36351, USA",(334) 490-5200,https://www.benekeith.com/food/locations/southeast/,31.3828067,-85.9469146,2.6,7.0,ChIJ6-NK6vsTkogRQe8eo-mO1as,"point_of_interest, establishment"
"Ariton, AL",distributor,retail,,Pepi Foods,"165 Technology Dr, Dothan, AL 36303, USA",(334) 671-1445,https://www.pepifoods.com/,31.2671865,-85.3952284,2.3,9.0,ChIJ0Y-kU76TkogRJqztrLoLP-c,"storage, point_of_interest, establishment"
"Ariton, AL",distributor,retail,445310,Creekside Package,"2200 Ozark Hwy suite h, Enterprise, AL 36330, USA",(334) 347-0885,,31.3469227,-85.8364637,4.1,45.0,ChIJtQeoUm5ukogRblIgwe9Coa0,"liquor_store, store, point_of_interest, establishment"
"Ariton, AL",distributor,retail,,Meyer Distributing,"76 Barnes St, Daleville, AL 36322, USA",(800) 639-3787,https://www.meyerdistributing.com/,31.3020521,-85.724831,1.0,1.0,ChIJNXMnfKVlkogRtbbPOn-fN9g,"point_of_interest, establishment"
"Ariton, AL",distributor,retail,,South Electronics,"3665 Westgate Pkwy, Dothan, AL 36303, USA",(334) 458-0070,http://www.southelectronics.com/,31.2722707,-85.40444149999999,4.9,36.0,ChIJI38gscyTkogRFsNV7_ywMS8,"point_of_interest, establishment"
"Ariton, AL",distributor,retail,,Dothan Coca-Cola Bottling Company UNITED,"3936 Napier Field Rd, Dothan, AL 36303, USA",(334) 792-3116,http://cocacolaunited.com/locations/dothan/,31.2826227,-85.44659779999999,4.9,10.0,ChIJV8OI0wLAkogRbONX7QtvkiM,"store, point_of_interest, establishment"
"Ariton, AL",distributor,retail,,D & H Chemicals Inc,"707 N John St, New Brockton, AL 36351, USA",(334) 894-6447,,31.3984307,-85.91753779999999,4.8,10.0,ChIJhQGUL7pykogRHjxMHaUSXyQ,"point_of_interest, establishment"
"Ariton, AL",distributor,retail,,Premiere Tile Dothan,"230 Ross Clark Cir, Dothan, AL 36303, USA",(334) 794-2585,http://www.premieretile.com/,31.2495257,-85.3810069,4.4,7.0,ChIJ9_S7UceTkogRjOVvY3XbFmw,"home_goods_store, store, point_of_interest, establishment"
"Ariton, AL",distributor,retail,445310,West Side Spirits,"4650 W Main St #802, Dothan, AL 36305, USA",(334) 671-1982,,31.2394194,-85.4628771,4.4,115.0,ChIJmwjH8KKNkogR_8f6h0JCVQo,"liquor_store, store, point_of_interest, food, establishment"
"Ariton, AL",food distributor,retail,,G.A. Food Services,"2484 Redmond Rd, Dothan, AL 36303, USA",(334) 792-6265,,31.2601923,-85.433964,3.3,11.0,ChIJmw08FgqTkogRI91btktXwQc,"food, point_of_interest, establishment"
"Ariton, AL",food distributor,retail,,Smokey Bees,"3393 Co Rd 68, Ariton, AL 36311, USA",(334) 733-6527,,31.603118,-85.5571758,,,ChIJCX1_kQV_jYgR3jjbYnzpups,"food, point_of_interest, establishment"
"Ariton, AL",food distributor,retail,,JBW Farm Fresh,"8238 US-84, Dothan, AL 36305, USA",(334) 579-3770,https://jbwfarmfresh.com/,31.2385036,-85.5233952,4.4,23.0,ChIJd5L4g2aLkogR4FpQ28g0cRM,"food, point_of_interest, establishment"
"Ariton, AL",food distributor,retail,,8th Avenue Nut Butter,"101 Hudson St, Troy, AL 36079, USA",(334) 674-0037,https://www.8avenutbutters.com/,31.7791758,-85.997328,3.5,74.0,ChIJnXAlGc_tjYgRiBwILk7pg28,"food, point_of_interest, establishment"
"Ariton, AL",grocery wholesaler,retail,,Whaley Pecan Company Inc,"1101 Brundidge Blvd, Troy, AL 36081, USA",(800) 824-6827,http://whaleypecan.com/,31.7928595,-85.96796599999999,4.7,23.0,ChIJEeQSI_7sjYgRqNQakGK5HzA,"food, point_of_interest, establishment"
"Ariton, AL",grocery wholesaler,retail,,Rural King,"2185 Reeves St, Dothan, AL 36303, USA",(334) 792-5899,https://www.ruralking.com/dothan-al?utm_source=google&utm_medium=lastmile&utm_campaign=112,31.2544901,-85.3904383,4.5,4110.0,ChIJ83tnivGTkogRKFbCI5E45xE,"food, point_of_interest, establishment"
"Ariton, AL",wholesale grocery,retail,445110,Tonya's Family Grocery,"9457 US-29, Goshen, AL 36035, USA",(334) 566-2933,,31.8090934,-86.1441243,4.3,174.0,ChIJ6xBDHlDkjYgRPq_l2gNu7RA,"grocery_or_supermarket, gas_station, food, point_of_interest, store, establishment"
"Ariton, AL",wholesale grocery,retail,,Ward's Grocery,"4212 AL-167, Troy, AL 36079, USA",(334) 566-7289,http://www.chevronwithtechron.com/stations/station-finder.aspx,31.6790044,-85.9573449,4.1,367.0,ChIJ5SaQ0sb0jYgRstxHRjbKK9k,"gas_station, point_of_interest, establishment"
"Ariton, AL",wholesale meat,retail,,Carniceria Specialty Meats,"5 North Point Pkwy STE H, Enterprise, AL 36330, USA",(334) 347-1444,https://m.facebook.com/profile.php/?id=100063736594635,31.336628,-85.8559148,4.9,139.0,ChIJu5zX17ttkogRliTCxSoOBdU,"food, point_of_interest, store, establishment"
"Ariton, AL",wholesale meat,retail,445310,Sam's Club,"3440 Ross Clark Cir, Dothan, AL 36303, USA",(334) 671-5005,https://www.samsclub.com/club/dothan-al-sams-club/8192,31.24457,-85.426615,4.4,1675.0,ChIJf58GKAeTkogRi-R_67Cijgs,"liquor_store, electronics_store, food, point_of_interest, store, establishment"
"Ariton, AL",wholesale seafood,retail,,Seafood Services Inc,"1861 Montgomery Hwy, Dothan, AL 36303, USA",(334) 794-4354,https://www.facebook.com/Seafood-Services-Inc-444968689006347/,31.2389373,-85.4101096,4.6,122.0,ChIJ8UeYFjOSkogRU7jJQeO7oTg,"food, point_of_interest, establishment"
"Ariton, AL",wholesale seafood,retail,,The Honest Seafood Company,"1461 Westgate Pkwy, Dothan, AL 36303, USA",(334) 446-6151,,31.2568435,-85.4342932,4.8,53.0,ChIJn6dgVu-TkogRMXoZCRdoHW0,"food, point_of_interest, establishment"
"Ariton, AL",produce wholesaler,retail,445110,MID CITY FARM MARKET,"4323 Mance Newton Rd, Midland City, AL 36350, USA",,https://splinternetmarketing.com/local-pros/alabama/midland-city/mid-city-farm-market/,31.2901387,-85.4745973,4.3,30.0,ChIJ862-sNaPkogRZx4__rEX8Ig,"grocery_or_supermarket, food, store, point_of_interest, establishment"
"Ariton, AL",produce wholesaler,retail,,C & B Farm and Produce,"14285 US-84, Newton, AL 36352, USA",(334) 726-3278,https://www.facebook.com/C-B-Farm-and-Produce-market-343168847130/,31.2415728,-85.6296133,4.7,50.0,ChIJYzNNoB5hkogRBTaTuEx2s9o,"point_of_interest, establishment"
