Location,Search Keyword,Segment,NAICS Code,Business Name,Address,Phone Number,Website,Latitude,Longitude,Rating,User Ratings,Place ID,Types
"Ashford, AL",ethnic store,retail,448140,Authentiks,"900 Commons Dr, Dothan, AL 36303, USA",(334) 479-0044,,31.2540367,-85.4243382,4.5,8.0,ChIJ-6KMsxOSkogRingmr0m-JJM,"clothing_store, store, point_of_interest, establishment"
"Ashford, AL",grocery store,retail,445110,Publix Super Market at Cottonwood Corners,"1620 Ross Clark Cir, Dothan, AL 36301, USA",(334) 673-1200,https://www.publix.com/?setstorenumber=1375&utm_medium=maps&utm_source=extendednetwork&utm_content=psm_website_url,31.197573,-85.37460019999999,4.6,2306.0,ChIJddqFL0eTkogRMY6T3nforso,"supermarket, florist, liquor_store, grocery_or_supermarket, bakery, store, food, point_of_interest, establishment"
"Ashford, AL",grocery store,retail,445110,Twice The Ice,"18058 US-431, Headland, AL 36345, USA",(334) 618-9878,http://www.iceontherun.com/,31.3363537,-85.3350366,4.8,11.0,ChIJf4rAxT-XkogRXsGsAuy8VDo,"grocery_or_supermarket, store, food, point_of_interest, establishment"
"Ashford, AL",grocery store,retail,452210,Walmart Supercenter,"4310 Montgomery Hwy, Dothan, AL 36303, USA",(334) 793-3099,https://www.walmart.com/store/604-dothan-al/?veh=seo_loc,31.2680202,-85.44126469999999,3.9,6104.0,ChIJiVcZMvmNkogRSQRrs9nWbds,"department_store, hardware_store, electronics_store, furniture_store, clothing_store, home_goods_store, grocery_or_supermarket, bakery, store, food, point_of_interest, establishment"
"Ashford, AL",grocery store,retail,445110,Piggly Wiggly,"Colonial Court Shopping Center, 767 W Selma St #2, Dothan, AL 36301, USA",(334) 794-0500,https://www.pigglywiggly.com/,31.2092461,-85.4016051,4.3,907.0,ChIJX64GAOSSkogR7H0j0twSjgc,"grocery_or_supermarket, supermarket, store, food, point_of_interest, establishment"
"Ashford, AL",grocery store,retail,,Robert's Grocery & Market,"5192 AL-52, Taylor, AL 36305, USA",(334) 792-4047,https://splinternetmarketing.com/local-pros/alabama/taylor/roberts-grocery-market/,31.1820594,-85.469076,4.4,445.0,ChIJN3irpNLykogRDBY3MzbJdj0,"gas_station, point_of_interest, establishment"
"Ashford, AL",grocery store,retail,445110,Tienda Latina El Quetzal,"7th Ave, Graceville, FL 32440, USA",,,30.9564839,-85.5156327,,,ChIJDcCyTyv6kogRBc1WFNbsIxs,"grocery_or_supermarket, store, food, point_of_interest, establishment"
"Ashford, AL",grocery store,retail,445120,SunStop Store #625,"9415 US-84, Ashford, AL 36312, USA",(334) 899-1373,https://sunstopstores.com/,31.1805246,-85.2483702,3.9,34.0,ChIJo_Go_leVkogRa7NZq3QqtYI,"convenience_store, gas_station, meal_takeaway, restaurant, store, food, point_of_interest, establishment"
"Ashford, AL",grocery store,retail,445110,Publix Super Market at Northside Mall,"3525 Ross Clark Cir Ste 100, Dothan, AL 36303, USA",(334) 792-4281,https://www.publix.com/?setstorenumber=1369&utm_medium=maps&utm_source=extendednetwork&utm_content=psm_website_url,31.248449,-85.4290797,4.7,1623.0,ChIJ____73KSkogRNJHgqdDrHUM,"supermarket, florist, liquor_store, grocery_or_supermarket, bakery, store, food, point_of_interest, establishment"
"Ashford, AL",grocery store,retail,452210,Walmart Supercenter,"3300 S Oates St, Dothan, AL 36301, USA",(334) 702-1310,https://www.walmart.com/store/2534-dothan-al/?veh=seo_loc,31.1789526,-85.4044898,3.9,5709.0,ChIJFzoJ4iztkogRWuNYVRBdtwQ,"department_store, hardware_store, electronics_store, furniture_store, clothing_store, home_goods_store, grocery_or_supermarket, bakery, store, food, point_of_interest, establishment"
"Ashford, AL",grocery store,retail,445110,Publix Super Market at Westway,"4650 W Main St #700, Dothan, AL 36305, USA",(334) 792-6801,https://www.publix.com/?setstorenumber=1377&utm_medium=maps&utm_source=extendednetwork&utm_content=psm_website_url,31.2393894,-85.46216249999999,4.7,1774.0,ChIJmwjH8KKNkogRfwKHzwoCcSU,"supermarket, florist, liquor_store, grocery_or_supermarket, bakery, store, food, point_of_interest, establishment"
"Ashford, AL",grocery store,retail,445110,Walmart Neighborhood Market,"3871 W Main St, Dothan, AL 36305, USA",(334) 547-6508,https://www.walmart.com/store/5769-dothan-al/?veh=seo_loc,31.2319541,-85.4509346,4.4,2137.0,ChIJ2ZXtd5yNkogRnXnXxFXUQ_0,"grocery_or_supermarket, department_store, supermarket, bakery, store, food, point_of_interest, establishment"
"Ashford, AL",grocery store,retail,445110,Piggly Wiggly,"1000 S Tennille Ave, Donalsonville, GA 39845, USA",(229) 524-1177,http://pigglywigglydonalsonvillega.com/weekly-ad/,31.02973129999999,-84.88023400000002,4.5,848.0,ChIJZbdKG7Uz7YgRXt71mocV6wg,"grocery_or_supermarket, supermarket, store, food, point_of_interest, establishment"
"Ashford, AL",grocery store,retail,445110,Cherokee Food Depot,"2423 Montgomery Hwy, Dothan, AL 36303, USA",(334) 792-0153,http://cherokee-food-depot.poi.place/,31.2423229,-85.41801129999999,4.2,395.0,ChIJE04kxmmSkogRnl27vLT4pOk,"grocery_or_supermarket, supermarket, store, food, point_of_interest, establishment"
"Ashford, AL",grocery store,retail,445110,Greenwood Supermarket,"4185 Bryan St, Greenwood, FL 32443, USA",(850) 594-3306,,30.8691661,-85.1629837,4.3,176.0,ChIJl4_v7xPZkogRKHSxDqniT6M,"grocery_or_supermarket, supermarket, store, food, point_of_interest, establishment"
"Ashford, AL",grocery store,retail,445110,Hometown Foodcenter,"17990 US-431, Headland, AL 36345, USA",(334) 693-3600,http://hometown-foodcenter.edan.io/,31.3372153,-85.3343976,4.3,505.0,ChIJ7XKh3mqXkogRHFTqU6Z-31M,"grocery_or_supermarket, supermarket, store, food, point_of_interest, establishment"
"Ashford, AL",grocery store,retail,445110,DG Market,"156 Co Rd 22, Headland, AL 36345, USA",(334) 245-4979,https://www.dollargeneral.com/store-directory/al/headland/1368,31.3342475,-85.3342569,3.9,357.0,ChIJ_YWNkD-XkogRWaDzBr_5a8Q,"grocery_or_supermarket, drugstore, convenience_store, home_goods_store, health, store, food, point_of_interest, establishment"
"Ashford, AL",grocery store,retail,445110,Food Lion,"12246 Columbia St Ste. F Ste. F, Blakely, GA 39823, USA",(229) 723-5115,https://stores.foodlion.com/ga/blakely/12246-columbia-st.-ste.-f?y_source=1_MjI1NjA4MDQtNzE1LWxvY2F0aW9uLndlYnNpdGU%3D,31.3737831,-84.9384233,4.2,109.0,ChIJVV4_ZY9T7YgRTby9v_gLXr0,"grocery_or_supermarket, store, food, point_of_interest, establishment"
"Ashford, AL",grocery store,retail,445110,Piggly Wiggly,"113 Main St, Blakely, GA 39823, USA",(229) 724-7678,https://www.wallstreetmarketsllc.com/locationes/piggly-wiggly-blakely,31.3795791,-84.93534819999999,4.4,275.0,ChIJJRZk0YhT7YgRSxQkytmMxSQ,"grocery_or_supermarket, supermarket, store, food, point_of_interest, establishment"
"Ashford, AL",grocery store,retail,445110,Piggly Wiggly,"1140 Montgomery Hwy, Dothan, AL 36303, USA",(334) 673-3776,http://www.pigglywigglymontgomeryhwy.com/,31.2388349,-85.3980381,4.5,1566.0,ChIJSfgNbk2SkogRBciLpp3Vwjk,"grocery_or_supermarket, supermarket, store, food, point_of_interest, establishment"
"Ashford, AL",grocery store,retail,445110,Food Giant,"470 Harris Hwy, Slocomb, AL 36375, USA",(334) 886-2464,http://www.foodgiant.com/locations,31.1081849,-85.5990082,4.2,555.0,ChIJa_nkHVhfkogRP_bRshPs_Ek,"grocery_or_supermarket, supermarket, store, food, point_of_interest, establishment"
"Ashford, AL",grocery store,retail,445110,Foodliner,"14930 US-231, Midland City, AL 36350, USA",(334) 983-4101,https://foodliner.com/,31.3079305,-85.4945364,3.9,233.0,ChIJA21e2uiOkogRZQIcvsHk_Ns,"grocery_or_supermarket, store, food, point_of_interest, establishment"
"Ashford, AL",grocery store,retail,452210,Target,"4601 Montgomery Hwy #300, Dothan, AL 36303, USA",(334) 340-1112,https://www.target.com/sl/dothan/1468,31.2659245,-85.4464222,4.4,467.0,ChIJL67uhvuNkogRb9sxNjXCfnI,"department_store, shoe_store, electronics_store, clothing_store, furniture_store, home_goods_store, store, point_of_interest, establishment"
"Ashford, AL",grocery store,retail,445110,Grocery Outlet 7701,"409 Columbia Hwy, Dothan, AL 36301, USA",(334) 794-5136,https://www.groceryoutlet.us/,31.2221045,-85.3849515,4.1,548.0,ChIJpWg7kAiTkogRtZH0Hszo_SI,"grocery_or_supermarket, supermarket, store, food, point_of_interest, establishment"
"Ashford, AL",grocery store,retail,445110,Piggly Wiggly,"119 E Church St, Columbia, AL 36319, USA",(334) 696-2070,https://www.wallstreetmarketsllc.com/locations/piggly-wiggly-columbia,31.2931307,-85.11021769999999,4.4,346.0,ChIJLylxS3a6kogR-Qwj0rmSoBo,"grocery_or_supermarket, supermarket, store, food, point_of_interest, establishment"
"Ashford, AL",grocery store,retail,445110,RJ Farms,"1787 A C Womack Rd, Cottonwood, AL 36320, USA",,,31.079502,-85.2517336,4.7,13.0,ChIJyzN2oB_CkogRWgSJSB6mhJs,"supermarket, grocery_or_supermarket, store, food, point_of_interest, establishment"
"Ashford, AL",grocery store,retail,445110,Ashford Food Depot,"1860 Old Hwy 84, Ashford, AL 36312, USA",(334) 899-3154,,31.1823761,-85.2387179,4.3,227.0,ChIJBVdks4W_kogRYgVp6JsK7Z8,"grocery_or_supermarket, store, food, point_of_interest, establishment"
"Ashford, AL",grocery store,retail,445110,Piggly Wiggly,"5355 Cotton St, Graceville, FL 32440, USA",(850) 263-6360,http://pigglywigglygracevillefl.com/,30.957674,-85.5172087,4.2,630.0,ChIJ_YW7Hiv6kogR6cUVZTSpt84,"grocery_or_supermarket, supermarket, store, food, point_of_interest, establishment"
"Ashford, AL",grocery store,retail,445110,DG Market,"5462 Brown St, Graceville, FL 32440, USA",(850) 299-9213,https://www.dollargeneral.com/store-directory/fl/graceville/25063,30.9662112,-85.51265839999999,3.0,5.0,ChIJi3TRDwn7kogRnQaovPmJJtg,"grocery_or_supermarket, convenience_store, drugstore, home_goods_store, store, health, food, point_of_interest, establishment"
"Ashford, AL",grocery store,retail,445110,Granberry Store Crossing,"5855 Co Rd 55, Columbia, AL 36319, USA",(334) 693-3993,,31.3542108,-85.2283604,5.0,3.0,ChIJl0N8T2i9kogRWWAGTvI95No,"supermarket, grocery_or_supermarket, store, food, point_of_interest, establishment"
"Ashford, AL",grocery store,retail,445110,DG Market,"227 S State Highway 109, Dothan, AL 36301, USA",(334) 232-5305,https://www.dollargeneral.com/store-directory/al/dothan/25664,31.1052913,-85.407519,3.7,13.0,ChIJl0y9AQDtkogRlN4kVMVIDd0,"grocery_or_supermarket, convenience_store, drugstore, home_goods_store, store, health, food, point_of_interest, establishment"
"Ashford, AL",grocery store,retail,445110,DG Market,"211 W Church St, Columbia, AL 36319, USA",(334) 403-5275,https://www.dollargeneral.com/store-directory/al/columbia/9081,31.2926735,-85.1154921,3.8,152.0,ChIJFZ8qw3a6kogRRu-ac8yceZs,"grocery_or_supermarket, convenience_store, drugstore, home_goods_store, store, health, food, point_of_interest, establishment"
"Ashford, AL",grocery store,retail,445120,Robert's,"14625 US-84, Newton, AL 36352, USA",,,31.2409918,-85.631001,4.5,17.0,ChIJBUTvmLFhkogRx6BX9Y5edhc,"convenience_store, store, food, point_of_interest, establishment"
"Ashford, AL",grocery store,retail,445110,DG Market,"4969 AL-52, Dothan, AL 36305, USA",(256) 392-9885,https://www.dollargeneral.com/store-directory/al/dothan/31074,31.2388427,-85.3174337,,,ChIJH4ZGJRmVkogRNvmIOCx8pRg,"grocery_or_supermarket, store, food, point_of_interest, establishment"
"Ashford, AL",grocery store,retail,445110,DG Market,"11893 Cottonwood Rd, Cottonwood, AL 36320, USA",(334) 784-9605,https://www.dollargeneral.com/store-directory/al/cottonwood/25663,31.0658529,-85.30574999999999,4.2,6.0,ChIJDd_kMgDpkogRJKnqBPjN5AY,"grocery_or_supermarket, convenience_store, drugstore, home_goods_store, store, health, food, point_of_interest, establishment"
"Ashford, AL",grocery store,retail,445110,Ashford Grocery Outlet,"1860 Old Hwy 84, Ashford, AL 36312, USA",(334) 899-3154,https://www.groceryoutlet.us/,31.1823761,-85.2387179,4.2,114.0,ChIJZwluBkK_kogRWviPYIrdGU8,"grocery_or_supermarket, store, food, point_of_interest, establishment"
"Ashford, AL",grocery store,retail,445110,DG Market,"750 N Main St, Blakely, GA 39823, USA",(229) 461-5040,https://www.dollargeneral.com/store-directory/ga/blakely/30565,31.3893627,-84.9327397,,,ChIJ8XVuK6pT7YgRr2Z3MGQJ5CE,"grocery_or_supermarket, convenience_store, drugstore, home_goods_store, store, health, food, point_of_interest, establishment"
"Ashford, AL",grocery store,retail,445110,SunStop Market #655,"14331 Co Rd 99, Headland, AL 36345, USA",(334) 785-7093,https://sunstopstores.com/,31.3607284,-85.32588899999999,4.5,628.0,ChIJa3VVnWKXkogRa4BWdhuJtc4,"grocery_or_supermarket, supermarket, store, food, point_of_interest, establishment"
"Ashford, AL",grocery store,retail,445110,Taylor Grocery,"1525 S State Hwy 605, Taylor, AL 36301, USA",(334) 677-5163,http://taylor-grocery.edan.io/,31.1601965,-85.4686948,4.2,232.0,ChIJt3_V-efykogRwbGrfXpkSDI,"grocery_or_supermarket, store, food, point_of_interest, establishment"
"Ashford, AL",grocery store,retail,445110,Linden St Grocery,"803 Linden St, Dothan, AL 36303, USA",(334) 712-1675,,31.2337375,-85.4008013,4.0,47.0,ChIJ9S8f3VOSkogRlUiCsBRrkyg,"grocery_or_supermarket, store, food, point_of_interest, establishment"
"Ashford, AL",grocery store,retail,445120,Dollar General,"2630 Westgate Pkwy, Dothan, AL 36303, USA",(334) 463-5090,https://www.dollargeneral.com/store-directory/al/dothan/16881,31.2666242,-85.4181825,4.0,134.0,ChIJd8qARx-SkogRXfveZqfk7OU,"convenience_store, grocery_or_supermarket, drugstore, store, health, food, point_of_interest, establishment"
"Ashford, AL",grocery store,retail,445110,Chandlers Groceries,"1111 N Alice St, Dothan, AL 36303, USA",(334) 712-9507,,31.2348824,-85.3977409,4.5,112.0,ChIJl3byHVOSkogRkBQZKOb5S8o,"grocery_or_supermarket, food, point_of_interest, store, establishment"
"Ashford, AL",grocery store,retail,445110,Beverly Hills Supermarket,"506 N Cherry St, Dothan, AL 36303, USA",,,31.2297146,-85.3876075,3.3,9.0,ChIJh_SjOriTkogR-YbaPPStKj8,"supermarket, grocery_or_supermarket, food, point_of_interest, store, establishment"
"Ashford, AL",grocery store,retail,445110,Bascom General Merchandise,"4999 Basswood Rd, Bascom, FL 32423, USA",(850) 569-2725,,30.9278446,-85.1188784,4.2,51.0,ChIJAXgMsG_akogRBILpigYJ6bU,"grocery_or_supermarket, food, point_of_interest, store, establishment"
"Ashford, AL",grocery store,retail,445110,Dollar General,"1815 E Main St #1, Dothan, AL 36301, USA",(256) 660-6289,https://www.dollargeneral.com/store-directory/al/dothan/1033,31.2188136,-85.3638836,4.1,478.0,ChIJ9yfhPnqTkogRMaQZuuxigQk,"drugstore, grocery_or_supermarket, convenience_store, food, point_of_interest, health, store, establishment"
"Ashford, AL",grocery store,retail,445120,Hobo Pantry,"1988 Old Hwy 84, Ashford, AL 36312, USA",(334) 899-7014,,31.1826509,-85.23674679999999,4.4,8.0,ChIJq7Y7s3i_kogRRJQvKnqSTVg,"convenience_store, food, point_of_interest, store, establishment"
"Ashford, AL",grocery store,retail,445110,Dollar General Market,"140 N Kelly Rd, Slocomb, AL 36375, USA",(334) 392-4305,https://www.dollargeneral.com/store-directory/al/slocomb/13186,31.1090229,-85.5857296,4.1,582.0,ChIJXehHLun1kogRbsK_0_fbNp0,"grocery_or_supermarket, drugstore, home_goods_store, convenience_store, food, point_of_interest, health, store, establishment"
"Ashford, AL",grocery store,retail,445110,Grocery Outlet Dothan #7702,"2423 Montgomery Hwy, Dothan, AL 36303, USA",(334) 792-0153,https://www.groceryoutlet.us/,31.2423229,-85.41801129999999,4.4,72.0,ChIJMXYMBeaTkogRtBcJHSdXFJE,"grocery_or_supermarket, food, point_of_interest, store, establishment"
"Ashford, AL",grocery store,retail,445110,Dollar General,"951 Prim Ave, Graceville, FL 32440, USA",(850) 739-5640,https://www.dollargeneral.com/store-directory/fl/graceville/10616,30.9459144,-85.5160161,4.0,300.0,ChIJyyvkNtf7kogRGWoOuYmvSzM,"drugstore, grocery_or_supermarket, convenience_store, food, point_of_interest, health, store, establishment"
"Ashford, AL",grocery store,retail,445110,Dollar General,"6130 Fortner St, Dothan, AL 36305, USA",(251) 272-7215,https://www.dollargeneral.com/store-directory/al/dothan/9069,31.2110594,-85.4853175,4.2,540.0,ChIJW7968-aMkogRVCpQ3w6MYW4,"drugstore, grocery_or_supermarket, convenience_store, food, point_of_interest, health, store, establishment"
"Ashford, AL",grocery store,retail,445110,Dollar General,"907 Marianna Hwy, Donalsonville, GA 39845, USA",(478) 219-2436,https://www.dollargeneral.com/store-directory/ga/donalsonville/851,31.0293899,-84.8812815,4.2,292.0,ChIJFWN5OMcz7YgREcYNczUIDYc,"drugstore, grocery_or_supermarket, convenience_store, food, point_of_interest, health, store, establishment"
"Ashford, AL",grocery store,retail,445110,Dollar General,"30 Eddins Rd, Cowarts, AL 36321, USA",(334) 329-6295,https://www.dollargeneral.com/store-directory/al/cowarts/12949,31.19420929999999,-85.3249254,4.1,437.0,ChIJAz9mxcSUkogRViyGJfqThh8,"drugstore, grocery_or_supermarket, convenience_store, food, point_of_interest, health, store, establishment"
"Ashford, AL",grocery store,retail,445110,Dollar General,"18 Apple Way, Ashford, AL 36312, USA",(334) 246-9957,https://www.dollargeneral.com/store-directory/al/ashford/4279,31.17646869999999,-85.23790699999999,4.1,384.0,ChIJq7Y7s3i_kogRSsj48VOZDno,"drugstore, grocery_or_supermarket, convenience_store, food, point_of_interest, health, store, establishment"
"Ashford, AL",grocery store,retail,445110,Dollar General,"4376 Bryan St, Greenwood, FL 32443, USA",(850) 739-6952,https://www.dollargeneral.com/store-directory/fl/greenwood/10310,30.8824818,-85.1605276,4.1,267.0,ChIJS13fWG7ZkogRPea2qQZyp30,"drugstore, grocery_or_supermarket, convenience_store, food, point_of_interest, health, store, establishment"
"Ashford, AL",grocery store,retail,445110,Tienda Latina Guatemex Latin Store,"1870 S Oates St, Dothan, AL 36301, USA",(334) 446-3382,,31.1995569,-85.3980256,4.0,52.0,ChIJY5Lg-9-SkogRGAQ9Njj1vcQ,"grocery_or_supermarket, food, point_of_interest, store, establishment"
"Ashford, AL",grocery store,retail,445110,Dollar General,"1702 E Cottonwood Rd, Dothan, AL 36301, USA",(334) 329-6703,https://www.dollargeneral.com/store-directory/al/dothan/829,31.1932509,-85.3758391,4.1,373.0,ChIJf3LIiEeTkogRYZI8lWLbjws,"drugstore, grocery_or_supermarket, convenience_store, food, point_of_interest, health, store, establishment"
"Ashford, AL",grocery store,retail,445110,Dollar General,"2146 S Oates St, Dothan, AL 36301, USA",(334) 544-1982,https://www.dollargeneral.com/store-directory/al/dothan/22172,31.1958905,-85.3997934,4.0,144.0,ChIJ8wxcFWeTkogRsnB123FnPYs,"drugstore, grocery_or_supermarket, convenience_store, food, point_of_interest, health, store, establishment"
"Ashford, AL",grocery store,retail,445110,Dollar General,"3930 S Oates St, Dothan, AL 36301, USA",(334) 544-0885,https://www.dollargeneral.com/store-directory/al/dothan/3899,31.1696416,-85.40305269999999,4.1,375.0,ChIJk2Rfly7tkogRRsv6oXRK9pM,"drugstore, grocery_or_supermarket, convenience_store, food, point_of_interest, health, store, establishment"
"Ashford, AL",grocery store,retail,445110,Dollar General,"1071 Montgomery Hwy #231, Dothan, AL 36303, USA",(334) 232-8046,https://www.dollargeneral.com/store-directory/al/dothan/13515,31.2370537,-85.39830769999999,4.2,319.0,ChIJMaNZg1KSkogR_ITBeCYJGIg,"drugstore, grocery_or_supermarket, convenience_store, food, point_of_interest, health, store, establishment"
"Ashford, AL",grocery store,retail,445110,DYKES GROCERY #1,"2343 AL-27, Ozark, AL 36360, USA",,,31.423317,-85.57469549999999,,,ChIJP_qR8A6HkogRKtv50l9BjSw,"grocery_or_supermarket, food, point_of_interest, store, establishment"
"Ashford, AL",grocery store,retail,445110,Dollar General,"207 W Malvern Hwy, Malvern, AL 36349, USA",(334) 370-1120,https://www.dollargeneral.com/store-directory/al/malvern/14799,31.1398105,-85.5200576,4.2,264.0,ChIJc9wICYD0kogRnOVsGFbXuzw,"drugstore, grocery_or_supermarket, convenience_store, food, point_of_interest, health, store, establishment"
"Ashford, AL",indian grocery,retail,445110,Swagat Indian Grocery,"3813 Ross Clark Cir Suite 500 & 600, Dothan, AL 36303, USA",(334) 699-3344,,31.2544129,-85.41138099999999,4.9,111.0,ChIJl9OmNreTkogRSogdgfP041w,"grocery_or_supermarket, food, store, point_of_interest, establishment"
"Ashford, AL",indian grocery,retail,445110,Spice It Up,"790 Hooper Cherry Rd, Dothan, AL 36301, USA",(334) 333-7711,,31.1212425,-85.3597762,5.0,43.0,ChIJ5QfPPUWSkogRARXnEw-8nJM,"grocery_or_supermarket, food, store, point_of_interest, establishment"
"Ashford, AL",indian grocery,retail,445110,Jeremiah Grocery & Deli,"800 Parker St, Dothan, AL 36303, USA",(334) 793-3354,,31.2312361,-85.37616919999999,4.4,5.0,ChIJj4XC-aGTkogRmJmkOoFo6a0,"grocery_or_supermarket, food, store, point_of_interest, establishment"
"Ashford, AL",indian grocery,retail,445120,Sandhar Grocery,"1620 Reeves St, Dothan, AL 36303, USA",(334) 699-2290,,31.2449374,-85.3918918,4.0,4.0,ChIJkRFYI7STkogRg2J38pENzI4,"convenience_store, gas_station, food, store, point_of_interest, establishment"
"Ashford, AL",retail food,retail,445110,Grocery Outlet #7714,"Martindale Plaza Shopping Center, 1177 Andrews Ave Q, Ozark, AL 36360, USA",(334) 774-8899,http://www.groceryoutlet.us/,31.446858,-85.655135,4.3,284.0,ChIJ82U-Ijp8kogRP3eabb4_5f0,"grocery_or_supermarket, supermarket, food, store, point_of_interest, establishment"
"Ashford, AL",retail food,retail,445120,Cash & Carry,"5417 Cotton St, Graceville, FL 32440, USA",,,30.9620755,-85.51710480000001,5.0,3.0,ChIJ4Xztbyn6kogRa3nlqAQsj2I,"convenience_store, food, store, point_of_interest, establishment"
"Ashford, AL",retail food,retail,,Wiregrass Commons Mall,"900 Commons Dr, Dothan, AL 36303, USA",(334) 792-7734,http://www.shopwiregrasscommonsmall.com/,31.2542238,-85.4251101,4.0,3557.0,ChIJY5AWxBOSkogRUiB8Kxky03k,"shopping_mall, point_of_interest, establishment"
"Ashford, AL",retail food,retail,445120,Flying J Travel Center,"2190 Ross Clark Cir, Dothan, AL 36301, USA",(334) 792-5152,https://locations.pilotflyingj.com/us/al/dothan/2190-ross-clark-circle,31.1914179,-85.4000841,4.1,1643.0,ChIJgTAnONeSkogRkwZ-uRP66Ic,"gas_station, convenience_store, food, store, point_of_interest, establishment"
"Ashford, AL",retail food,retail,,Dothan Pavilion,"4601 Montgomery Hwy, Dothan, AL 36303, USA",,https://google.com/url?q=https://business.google.com/website_shared/launch_bw.html?f=https://amzn.to/43meEsk,31.2659254,-85.4463462,4.4,3314.0,ChIJc_8L6fuNkogRRXDa9I6dQ0E,"shopping_mall, point_of_interest, establishment"
"Ashford, AL",retail food,retail,445120,Quick Buys Food Stores,"200 E South Blvd, Blakely, GA 39823, USA",(229) 723-4478,https://quickbuysfoodstores.com/,31.3659507,-84.93418729999999,5.0,1.0,ChIJNWnQ-LZS7YgRF4n8vvlruaw,"convenience_store, gas_station, food, store, point_of_interest, establishment"
"Ashford, AL",retail food,retail,,Northside Plaza,"3489 Ross Clark Cir, Dothan, AL 36303, USA",(205) 972-9646,,31.2472173,-85.429362,4.3,2184.0,ChIJzYw_lHKSkogRsORGH_jwdvw,"shopping_mall, point_of_interest, establishment"
"Ashford, AL",retail food,retail,,Circle West Shopping Center,"Ross Clark Cir, Dothan, AL 36303, USA",(205) 776-6708,,31.2317492,-85.43142,4.3,715.0,ChIJO4kMQXySkogRKz8OHiFbsNE,"shopping_mall, movie_theater, point_of_interest, establishment"
"Ashford, AL",retail food,retail,,Porter Square Mall Shopping Center,"890 W Main St #2, Dothan, AL 36301, USA",,,31.2274423,-85.4047581,4.1,582.0,ChIJcaanNFaSkogR34Ce-qSlW_4,"shopping_mall, point_of_interest, establishment"
"Ashford, AL",retail food,retail,445120,Honeysuckle Convenience,"653 Honeysuckle Rd, Dothan, AL 36305, USA",(334) 702-4463,,31.2208885,-85.4345489,3.8,20.0,ChIJHSDHzoOSkogR4RxBVz-S1Yk,"convenience_store, food, store, point_of_interest, establishment"
"Ashford, AL",retail food,retail,445120,Fadette Convenience,"5300 AL-103, Slocomb, AL 36375, USA",(334) 886-7123,,31.0451942,-85.5374132,4.7,17.0,ChIJ-w4DUyP3kogRdSFik3Yycpc,"convenience_store, gas_station, food, store, point_of_interest, establishment"
"Ashford, AL",retail food,retail,452210,HomeGoods,"3080 Ross Clark Cir, Dothan, AL 36301, USA",(334) 340-2087,http://www.homegoods.com/,31.2274694,-85.43103219999999,4.5,569.0,ChIJ_2rbfU-TkogR1iOyrMGoHTI,"department_store, furniture_store, home_goods_store, store, point_of_interest, establishment"
"Ashford, AL",retail food,retail,,Dollar Shop,"1151 Ross Clark Cir, Dothan, AL 36301, USA",,,31.2126625,-85.3605171,4.0,2.0,ChIJqb7rtmSTkogRW_t-yDF66vc,"store, point_of_interest, establishment"
"Ashford, AL",retail food,retail,,Wiregrass Bargains,"2701 W Main St, Dothan, AL 36301, USA",(334) 699-4222,https://facebook.com/wiregrassbargains888/,31.2278854,-85.4292555,4.5,159.0,ChIJJb1yfdWTkogRfbEcyVPwrMk,"store, point_of_interest, establishment"
"Ashford, AL",retail food,retail,,Southern Traders,"2940 Hartford Hwy, Dothan, AL 36305, USA",,,31.19928269999999,-85.4377177,3.9,16.0,ChIJX7jhVF-NkogRO6iQY7Ew74g,"point_of_interest, establishment"
"Ashford, AL",retail food,retail,,Houston Centre,"W Main St, Dothan, AL 36303, USA",,,31.2353401,-85.4503555,4.4,198.0,ChIJgSS-g5uNkogR3K7jMd2zldw,"point_of_interest, establishment"
"Ashford, AL",retail food,retail,,Shops On The Circle,"3500 Ross Clark Cir, Dothan, AL 36303, USA",,,31.2467562,-85.42664760000001,4.3,971.0,ChIJr7tlVGySkogR_JlNypdkOiA,"shopping_mall, point_of_interest, establishment"
"Ashford, AL",retail food,retail,,DG Market,"4969 Hartford Hwy, Taylor, AL 36301, USA",,,31.1833347,-85.4650776,5.0,2.0,ChIJOfdfBgDzkogRaOy5LJSkkfo,"store, food, point_of_interest, establishment"
"Ashford, AL",retail food,retail,445120,Day's Mini Mart,"543 N Main St, Blakely, GA 39823, USA",(229) 723-4683,,31.3915722,-84.93313580000002,3.7,3.0,ChIJbYaQEjBT7YgRQ2BV2fb0yR0,"convenience_store, store, food, point_of_interest, establishment"
"Ashford, AL",retail food,retail,,My Father's Closet,"5374 Cliff St, Graceville, FL 32440, USA",(850) 263-9555,,30.9635608,-85.5132771,4.3,78.0,ChIJx9sbXiz6kogRCaeReQsq-78,"point_of_interest, establishment"
"Ashford, AL",retail food,retail,,Martindale Plaza,"1177 Andrews Ave, Ozark, AL 36360, USA",(334) 774-2900,,31.4476304,-85.65516219999999,4.0,655.0,ChIJsUWZWRV8kogRY-cac5e3_vU,"shopping_mall, point_of_interest, establishment"
"Ashford, AL",retail food,retail,444130,Ollie's Bargain Outlet,"2214 Ross Clark Cir #2, Dothan, AL 36302, USA",(334) 446-1742,https://www.ollies.com/,31.193205,-85.4041087,4.3,1521.0,ChIJD610itqSkogRpsKtODtznuM,"hardware_store, furniture_store, book_store, home_goods_store, store, point_of_interest, establishment"
"Ashford, AL",retail food,retail,448140,Pro Image Sports Wiregrass Commons Mall,"900 Commons Dr Suite 303, Dothan, AL 36303, USA",(334) 661-4051,http://proimagesports.com/,31.2540367,-85.4243382,5.0,5.0,ChIJo6fHmJaTkogRWORZwKn7Lw4,"clothing_store, store, point_of_interest, establishment"
"Ashford, AL",retail food,retail,448210,Bealls Outlet,"3080 Ross Clark Cir, Dothan, AL 36301, USA",(334) 792-4137,https://www.burkesoutlet.com/,31.2269206,-85.43112950000001,4.4,223.0,ChIJ5TeSkZuNkogRALBGMfdViqg,"shoe_store, clothing_store, home_goods_store, store, point_of_interest, establishment"
"Ashford, AL",retail food,retail,,"Jeffers Pet, Equine, & Livestock","310 W Saunders Rd, Dothan, AL 36301, USA",(334) 793-6257,https://www.jefferspet.com/,31.1608828,-85.40736869999999,4.2,1449.0,ChIJN5E6xyLtkogRYNM2NyFeC3g,"store, food, point_of_interest, establishment"
"Ashford, AL",retail food,retail,452210,Dillard's,"900 Commons Dr #100, Dothan, AL 36303, USA",(334) 794-3300,https://www.dillards.com/stores/alabama/wiregrass-commons-mall-dothan/0274,31.2522222,-85.4238889,4.3,926.0,ChIJ_TDCEROSkogRdEP7xNeSPgk,"department_store, shoe_store, clothing_store, home_goods_store, store, point_of_interest, establishment"
"Ashford, AL",retail food,retail,452210,Kohl's,"4401 Montgomery Hwy Ste 200, Dothan, AL 36303, USA",(334) 792-1882,https://www.kohls.com/stores/al/dothan-1179.shtml?utm_source=google&utm_medium=organic&utm_campaign=local,31.26459299999999,-85.44344129999999,4.3,811.0,ChIJwWXDKPqNkogR_cTpwgLUTic,"department_store, store, point_of_interest, establishment"
"Ashford, AL",retail food,retail,452210,Walmart Supercenter,"1537 US-231, Ozark, AL 36360, USA",(334) 774-0272,https://www.walmart.com/store/740-ozark-al/?veh=seo_loc,31.4450319,-85.6507149,4.0,2766.0,ChIJ2ZlLYqh-kogRwJPtEJELnzk,"department_store, hardware_store, electronics_store, furniture_store, clothing_store, home_goods_store, grocery_or_supermarket, bakery, store, food, point_of_interest, establishment"
"Ashford, AL",retail food,retail,445120,US FOODMART,"17909 US-431, Headland, AL 36345, USA",(334) 693-5514,https://www.chevrontexacorewards.com/en_us/home/loyalty-station-locator.html?/station/17909-US-HIGHWAY-431-N-HEADLAND%C2%A0-AL-363458211-id388420,31.3379559,-85.33247039999999,3.9,21.0,ChIJOayp12OXkogRjSbvXUwQPm8,"gas_station, convenience_store, store, food, point_of_interest, establishment"
"Ashford, AL",retail food,retail,445120,Hobo Pantry,"4468 W Main St, Dothan, AL 36305, USA",(334) 805-9355,,31.2372984,-85.45958879999999,4.0,48.0,ChIJO6xnWaKNkogRpjFZ3uupcsw,"convenience_store, store, food, point_of_interest, establishment"
"Ashford, AL",clothing store,retail,448140,Citi Trends,"1000 W Main St, Dothan, AL 36301, USA",(334) 359-0871,https://locations.cititrends.com/al/dothan/1000-west-main-street.html,31.2276128,-85.40443750000001,4.0,315.0,ChIJtTUNzVeSkogR-1cRalmt1kY,"clothing_store, shoe_store, store, point_of_interest, establishment"
"Ashford, AL",clothing store,retail,448140,Ross Dress for Less,"4401 Montgomery Hwy, Dothan, AL 36303, USA",(334) 792-1266,https://www.rossstores.com/,31.26542,-85.4442459,4.2,695.0,ChIJwWXDKPqNkogRlnQjIM-Zz2I,"clothing_store, department_store, shoe_store, store, point_of_interest, establishment"
"Ashford, AL",clothing store,retail,448140,Burlington,"3102 Ross Clark Cir Suite 100, Dothan, AL 36303, USA",(334) 792-4999,https://stores.burlington.com/al/dothan/582/?utm_source=google&utm_medium=organic&utm_campaign=maps,31.2289699,-85.43075940000001,3.9,312.0,ChIJ_TDCEROSkogRcXBSFJxa4Lc,"clothing_store, department_store, jewelry_store, home_goods_store, store, point_of_interest, establishment"
"Ashford, AL",clothing store,retail,448140,J&L Clothing And More,"603 N Tennille Ave, Donalsonville, GA 39845, USA",(850) 274-9689,,31.0477554,-84.87877069999999,4.0,4.0,ChIJoQbIQ5Uz7YgRcuhEvtevtLA,"clothing_store, store, point_of_interest, establishment"
"Ashford, AL",clothing store,retail,448140,Eagle Eye Outfitters,"3535 Ross Clark Cir, Dothan, AL 36303, USA",(334) 673-2878,https://shopeagleeye.com/,31.2493988,-85.4267611,4.4,667.0,ChIJU2X-YxWSkogR28XGwbjNKr0,"clothing_store, department_store, shoe_store, store, point_of_interest, establishment"
"Ashford, AL",clothing store,retail,448140,"Plato's Closet Dothan, AL","2419 Murphy Mill Rd, Dothan, AL 36303, USA",(334) 792-3010,http://platosclosetdothanal.com/,31.2646716,-85.4391955,3.8,269.0,ChIJ9xloWfiNkogRFuPEYgOmCPo,"clothing_store, store, point_of_interest, establishment"
"Ashford, AL",clothing store,retail,448140,Barefield's Store For Men & Ladies,"115 E Ct Square, Ozark, AL 36360, USA",(334) 774-0422,https://www.facebook.com/Barefields-Downtown-Ozark-319122449810/?fref=ts&ref=br_tf,31.4586421,-85.6400579,4.7,71.0,ChIJo2xYe9R9kogRnBJNyus9upA,"clothing_store, store, point_of_interest, establishment"
"Ashford, AL",clothing store,retail,448140,Simply 10,"2216 Ross Clark Cir, Dothan, AL 36301, USA",(334) 305-3017,https://simply10.com/,31.1921769,-85.40416239999999,4.2,39.0,ChIJXXhtPxeTkogRmjYq2IjOzy4,"clothing_store, store, point_of_interest, establishment"
"Ashford, AL",clothing store,retail,448140,Freckled Frog,"1400 Westgate Pkwy, Dothan, AL 36303, USA",(334) 671-2034,http://www.freckledfrogboutique.com/,31.2555134,-85.4339904,3.8,12.0,ChIJK9pg2guSkogRBMkK4qtFd00,"clothing_store, store, point_of_interest, establishment"
"Ashford, AL",clothing store,retail,448140,bealls,"3080 Ross Clark Cir Suite 3 SUITE 3, Dothan, AL 36301, USA",(334) 792-4137,https://stores.bealls.com/al/dothan/3080-ross-clark-circle-suite-3,31.2269522,-85.4306258,4.2,11.0,ChIJ0RaJWa6TkogReCDIqTVqrAs,"clothing_store, shoe_store, home_goods_store, store, point_of_interest, establishment"
"Ashford, AL",clothing store,retail,448140,Old Navy,"3500 Ross Clark Cir Ste #700, Dothan, AL 36303, USA",(334) 500-5429,https://oldnavy.gap.com/stores/al/dothan/oldnavy-6141.html,31.246007,-85.4247996,4.2,299.0,ChIJd3wkF3KSkogRHGf6fyPo-lk,"clothing_store, store, point_of_interest, establishment"
"Ashford, AL",clothing store,retail,448140,Ronnie's Clothing and Shoes,"33 S Broad St ste 1, Cowarts, AL 36321, USA",(334) 677-1530,https://www.facebook.com/ronniesclothing/,31.1918209,-85.3025148,4.6,265.0,ChIJe7uaJjuVkogRQb-a9lj6-F4,"clothing_store, store, point_of_interest, establishment"
"Ashford, AL",clothing store,retail,452210,T.J. Maxx,"3500 Ross Clark Cir, Dothan, AL 36303, USA",(334) 678-1826,https://tjmaxx.tjx.com/store/index.jsp,31.2459937,-85.42474419999999,4.3,887.0,ChIJl6VW2BKSkogRjtN0GpZaWhQ,"department_store, jewelry_store, clothing_store, store, point_of_interest, establishment"
"Ashford, AL",clothing store,retail,448140,Fed Babii clothing,"704 E Newton St, Dothan, AL 36303, USA",(334) 547-3260,,31.228713,-85.3854727,,,ChIJocMTZyqTkogRKcuYjC6M6cw,"clothing_store, store, point_of_interest, establishment"
"Ashford, AL",clothing store,retail,448140,Black Onyx Apparel and Accessories,"1919 Reeves St #101, Dothan, AL 36303, USA",,,31.249974,-85.3905001,5.0,3.0,ChIJqSSxAY-TkogRA0MGVWPApYg,"clothing_store, store, point_of_interest, establishment"
"Ashford, AL",clothing store,retail,448210,Rainbow Shops,"900 Commons Dr, Dothan, AL 36303, USA",(334) 673-0415,https://stores.rainbowshops.com/al/dothan/682/?utm_source=G&utm_medium=lpm&utm_campaign=RainbowShops,31.254036,-85.42433799999999,3.3,10.0,ChIJoeSHAtSTkogRo_ryY6Wn444,"shoe_store, jewelry_store, clothing_store, store, point_of_interest, establishment"
"Ashford, AL",clothing store,retail,448210,Cato Fashions,"301 W Inez Rd, Dothan, AL 36301, USA",(334) 673-0961,https://stores.catofashions.com/al/dothan/301-west-inez-road?utm_source=gmb&utm_medium=Yext&y_source=1_MjY1NjA2MDYtNzE1LWxvY2F0aW9uLndlYnNpdGU%3D,31.1766771,-85.4036318,4.5,53.0,ChIJ2bcWSSztkogRuzKoU6RGmx0,"shoe_store, clothing_store, store, point_of_interest, establishment"
"Ashford, AL",clothing store,retail,448210,S Brannon Clothing,"3850 W Main St #203, Dothan, AL 36305, USA",(334) 712-1367,http://www.facebook.com/home.php#!/pages/Dothan-AL/S-Brannon-Clothing/111073325610071,31.2342045,-85.44964639999999,4.4,23.0,ChIJpaYXfpyNkogRY121frYyNIs,"shoe_store, clothing_store, store, point_of_interest, establishment"
"Ashford, AL",clothing store,retail,443142,Roses,"2214 Ross Clark Cir, Dothan, AL 36301, USA",(334) 792-4321,https://www.rosesdiscountstores.com/,31.1934073,-85.4046355,3.9,96.0,ChIJDxN5i9qSkogRgHsh6ZQ_ba0,"electronics_store, home_goods_store, clothing_store, store, point_of_interest, establishment"
"Ashford, AL",clothing store,retail,448140,DICK'S Sporting Goods,"4401 Montgomery Hwy, Dothan, AL 36303, USA",(334) 671-1370,https://stores.dickssportinggoods.com/al/dothan/337/?seo=localpack,31.2651027,-85.44382139999999,3.6,212.0,ChIJwWXDKPqNkogRmMhPgSdMmkM,"bicycle_store, clothing_store, shoe_store, store, point_of_interest, establishment"
"Ashford, AL",clothing store,retail,452210,Belk,"900 Commons Dr Suite 400, Dothan, AL 36303, USA",(334) 671-2400,https://www.belk.com/store/belk-dothan-al/?StoreID=615,31.254952,-85.426283,4.2,945.0,ChIJ_TDCEROSkogRjBrO4e9BF84,"department_store, home_goods_store, clothing_store, shoe_store, store, point_of_interest, establishment"
"Ashford, AL",clothing store,retail,448140,Aéropostale,"900 Commons Dr #95, Dothan, AL 36303, USA",(334) 678-7747,https://stores.aeropostale.com/al/dothan/900-commons-drive?utm_source=google&utm_medium=organic&utm_campaign=local,31.2540367,-85.4243382,4.3,48.0,ChIJ_TDCEROSkogR68H78xHY2aw,"clothing_store, store, point_of_interest, establishment"
"Ashford, AL",clothing store,retail,448140,Lane Bryant,"4601 Montgomery Hwy, Dothan, AL 36303, USA",(334) 350-3183,https://stores.lanebryant.com/al/dothan/4601-montgomery-hwy?sid=NS%3AGoogle%3AGMB&y_source=1_MTE3NTU1NDQtNzE1LWxvY2F0aW9uLndlYnNpdGU%3D,31.26597799999999,-85.44564299999999,3.8,118.0,ChIJL67uhvuNkogREEyuovAKYyU,"clothing_store, store, point_of_interest, establishment"
"Ashford, AL",clothing store,retail,448140,Kitty Couture Boutique,"3246 Montgomery Hwy Suite 102, Dothan, AL 36303, USA",(334) 618-0738,,31.2535918,-85.4285451,5.0,21.0,ChIJp8J2og2SkogRBSQ0aXmqcnI,"clothing_store, jewelry_store, store, point_of_interest, establishment"
"Ashford, AL",clothing store,retail,448140,Gap Outlet,"SHOPS ON THE CIRCLE, 3500 Ross Clark Cir, Dothan, AL 36303, USA",(334) 678-0023,,31.24589869999999,-85.4237072,4.7,15.0,ChIJs_aYQWySkogRVeiBzn2pGl0,"clothing_store, store, point_of_interest, establishment"
"Ashford, AL",clothing store,retail,448140,Sole Play,"102 Central Park Ave #1, Dothan, AL 36303, USA",(334) 446-7777,https://soleplaybama.com/,31.2389738,-85.4665814,4.7,188.0,ChIJzdzLaqWNkogR_VKTgjjI5IY,"clothing_store, shoe_store, store, point_of_interest, establishment"
"Ashford, AL",clothing store,retail,448140,Southeastern Performance Apparel,"142 S Woodburn Dr, Dothan, AL 36305, USA",(800) 821-8270,http://sepapparel.com/,31.22924089999999,-85.4557083,4.8,135.0,ChIJ74eWzZ-NkogRDDa8RzogRCU,"clothing_store, store, point_of_interest, establishment"
"Ashford, AL",clothing store,retail,448140,Academy Sports + Outdoors,"3950 Montgomery Hwy, Dothan, AL 36303, USA",(334) 673-5700,https://www.academy.com/storelocator/alabama/dothan/store-0182,31.2611388,-85.4363582,4.3,2582.0,ChIJ8QGZbAiSkogR4c_-rvVzGZw,"clothing_store, shoe_store, store, point_of_interest, establishment"
"Ashford, AL",clothing store,retail,448140,Pearlie's Women's and Men's Apparel,"123 E 2nd St, Donalsonville, GA 39845, USA",(229) 524-8287,,31.0417193,-84.8812951,5.0,2.0,ChIJ3WyTqsAz7YgRV-CwYD5NvY0,"clothing_store, store, point_of_interest, establishment"
"Ashford, AL",clothing store,retail,448140,Monkee's of Dothan,"2620 Montgomery Hwy # 6, Dothan, AL 36303, USA",(334) 446-4076,https://monkeesofdothan.com/,31.245074,-85.4194607,4.1,22.0,ChIJXyGpo-KTkogRi4A_9T5-lKM,"clothing_store, store, point_of_interest, establishment"
"Ashford, AL",clothing store,retail,448210,Hibbett Sports,"1177 Andrews Ave Ste D, Ozark, AL 36360, USA",(334) 445-0158,https://www.hibbett.com/storedetails/AL/Ozark/1272?utm_source=gmblisting&utm_medium=organic,31.4489585,-85.65445799999999,4.3,99.0,ChIJp4LY3j98kogRQ5BL1ogvj68,"shoe_store, clothing_store, store, point_of_interest, establishment"
"Ashford, AL",clothing store,retail,448140,Frou Frou Frocks Boutique,"2355 Hartford Hwy Suites 2-3, Dothan, AL 36305, USA",(334) 792-8282,https://froufroufrocksboutique.com/,31.2039758,-85.42832849999999,4.4,33.0,ChIJX9ebo6KSkogReOe94rxiLik,"clothing_store, store, point_of_interest, establishment"
"Ashford, AL",clothing store,retail,448140,Hot Topic,"900 Commons Dr RM 94, Dothan, AL 36303, USA",(334) 673-2695,https://www.hottopic.com/store-details?StoreId=0604,31.2540367,-85.4243382,4.5,140.0,ChIJ_TDCEROSkogRfCujOD5csYA,"clothing_store, store, point_of_interest, establishment"
"Ashford, AL",clothing store,retail,448210,Cato Fashions,"3500 Ross Clark Cir, Dothan, AL 36303, USA",(334) 794-1904,https://stores.catofashions.com/al/dothan/3500-ross-clark-circle?utm_source=gmb&utm_medium=Yext&y_source=1_MjY1NTk4NDUtNzE1LWxvY2F0aW9uLndlYnNpdGU%3D,31.24618199999999,-85.425125,4.6,65.0,ChIJd3wkF3KSkogR_ySgGEobv_Q,"shoe_store, clothing_store, point_of_interest, store, establishment"
"Ashford, AL",clothing store,retail,448140,Sleek Fleek Boutique,"545 W Main St #100, Dothan, AL 36301, USA",(229) 364-8278,,31.2247149,-85.3993528,5.0,43.0,ChIJk40cK1aTkogR6h2hkmLVP3E,"clothing_store, point_of_interest, store, establishment"
"Ashford, AL",clothing store,retail,448140,America's Thrift Stores & Donation Center,"201 Buyers Dr, Dothan, AL 36303, USA",(334) 230-7235,http://americasthrift.com/,31.2515612,-85.4258962,4.1,441.0,ChIJLfeD2QuSkogR-bMYI6Fun4M,"clothing_store, point_of_interest, store, establishment"
"Ashford, AL",clothing store,retail,448210,Chico's,"4825 Montgomery Hwy Suite 101, Dothan, AL 36303, USA",(334) 803-8685,https://www.chicos.com/locations/us/al/dothan/4825-montgomery-highway/,31.2682135,-85.4479935,3.6,30.0,ChIJDeaIPvQJlVQRD2ePWN1CYtA,"shoe_store, jewelry_store, clothing_store, point_of_interest, store, establishment"
"Ashford, AL",clothing store,retail,448210,Hibbett Sports,"12246 Columbia St E, Blakely, GA 39823, USA",(229) 724-7403,https://www.hibbett.com/storedetails/GA/Blakely/647?utm_source=gmblisting&utm_medium=organic,31.3740805,-84.9374066,4.4,33.0,ChIJZ0FvWTitkogRB6frTuEbIJQ,"shoe_store, clothing_store, point_of_interest, store, establishment"
"Ashford, AL",clothing store,retail,448140,Oaks On Park,"105 Apple Ave #1, Dothan, AL 36303, USA",(334) 655-5505,https://www.oaksapparel.com/,31.2387636,-85.4656706,4.8,17.0,ChIJp4hoHEWSkogRtJ0DDQ6edSE,"clothing_store, point_of_interest, store, establishment"
"Ashford, AL",clothing store,retail,448210,Finish Line,"900 Commons Dr 111 110, Dothan, AL 36303, USA",(334) 702-3559,https://www.finishline.com/?utm_source=googlemybusiness&utm_medium=organic,31.253385,-85.423908,4.2,122.0,ChIJD0GMixKSkogRcvu_dAE_xV8,"shoe_store, clothing_store, point_of_interest, store, establishment"
"Ashford, AL",clothing store,retail,448140,Maurices,"900 Commons Dr Space 74, Dothan, AL 36303, USA",(334) 671-2019,https://locations.maurices.com/us/al/dothan/900-commons-drive,31.25410849999999,-85.42510399999999,4.5,72.0,ChIJ_TDCEROSkogRm7nlix38lYs,"clothing_store, point_of_interest, store, establishment"
"Ashford, AL",clothing store,retail,448140,Cash's Ladies Apparel,"1748 Montgomery Hwy, Dothan, AL 36301, USA",(334) 579-8980,,31.2393171,-85.4082715,4.9,23.0,ChIJ4Q0bFx-TkogRVi4gfajuFig,"clothing_store, point_of_interest, store, establishment"
"Ashford, AL",clothing store,retail,448140,The Closet Boutique,"2958 Ross Clark Cir, Dothan, AL 36301, USA",(334) 699-1541,https://theclosetboutique.shop/,31.2204754,-85.4314186,4.9,44.0,ChIJ-UdgrJuSkogRYwijbRJOAik,"clothing_store, point_of_interest, store, establishment"
"Ashford, AL",clothing store,retail,448210,The Barn,"1481 Westgate Pkwy #2, Dothan, AL 36303, USA",(334) 794-6048,http://www.thebarnonline.com/,31.2573032,-85.4345711,4.5,605.0,ChIJIS7VYAmSkogRl2uAb8SrnEw,"shoe_store, clothing_store, point_of_interest, store, establishment"
"Ashford, AL",clothing store,retail,448210,Suit City Clothing & Tuxedos,"1509 Montgomery Hwy, Dothan, AL 36303, USA",(334) 794-4385,http://mandrclothing.com/,31.2383954,-85.4048198,4.3,136.0,ChIJrduwxU-SkogRTYHTogAN54M,"shoe_store, clothing_store, point_of_interest, store, establishment"
"Ashford, AL",clothing store,retail,448210,Hibbett Sports,"900 Commons Dr Suite 101, Dothan, AL 36303, USA",(334) 792-1992,https://www.hibbett.com/storedetails/AL/Dothan/177?utm_source=gmblisting&utm_medium=organic,31.2527962,-85.4236542,4.4,113.0,ChIJ_TDCEROSkogRZiPtXvKMDwk,"shoe_store, clothing_store, point_of_interest, store, establishment"
"Ashford, AL",clothing store,retail,448140,"Hissyfits Boutique, LLC","480 Westgate Pkwy, Dothan, AL 36303, USA",(334) 677-1558,https://hissyfitsboutiquedothan.com/,31.2362631,-85.4342204,4.4,39.0,ChIJacthznmSkogRRQxqnV1ZedU,"clothing_store, point_of_interest, store, establishment"
"Ashford, AL",clothing store,retail,452210,JCPenney,"900 Commons Dr #900, Dothan, AL 36303, USA",(334) 794-0531,https://www.jcpenney.com/locations/al/dothan/clothing-stores-dothan-al-2398.html,31.253549,-85.4252431,4.1,838.0,ChIJyXSEAhWSkogRV3pqmLfLuL8,"department_store, shoe_store, jewelry_store, furniture_store, home_goods_store, clothing_store, point_of_interest, store, establishment"
"Ashford, AL",clothing store,retail,448140,Something To Talk About Boutique,"116 E Slocomb St, Slocomb, AL 36375, USA",(334) 886-7882,http://shopstta.com/,31.1064087,-85.59334799999999,4.8,29.0,ChIJldgrjvr1kogRnTcgk15EXw4,"clothing_store, point_of_interest, store, establishment"
"Ashford, AL",clothing store,retail,448140,"Sweet Serendipity Boutique, LLC","420 N Broadway St, Ashford, AL 36312, USA",(334) 899-7929,https://www.sweetserendipityshop.com/,31.18396299999999,-85.235635,5.0,6.0,ChIJJ7XA-upnKSARWhW9484eWp4,"clothing_store, point_of_interest, store, establishment"
"Ashford, AL",clothing store,retail,448140,Sadie Grea Boutique,"3074 Ross Clark Cir Suite 5, Dothan, AL 36301, USA",(334) 479-8548,https://sadiegrea.com/,31.22624859999999,-85.43068679999999,4.9,27.0,ChIJ1_89YiWTkogRbU85okx2P0g,"clothing_store, point_of_interest, store, establishment"
"Ashford, AL",clothing store,retail,448140,Spencer's,"900 Commons Dr Suite 806, Dothan, AL 36303, USA",(833) 543-0751,https://stores.spencersonline.com/al/dothan/wiregrass-commons-mall-02192.html?utm_medium=referral&utm_source=google&utm_campaign=local_listing&utm_inex=e,31.2540367,-85.4243382,4.3,68.0,ChIJKcJn0ROSkogRXT17f4cpTn8,"jewelry_store, clothing_store, point_of_interest, store, establishment"
"Ashford, AL",clothing store,retail,443142,Roses Express,"11510 Columbia St E, Blakely, GA 39823, USA",(229) 723-4158,https://www.rosesdiscountstores.com/,31.3717616,-84.9497598,4.6,14.0,ChIJWYJkZM5S7YgRlIY5cDM5kKI,"electronics_store, home_goods_store, clothing_store, point_of_interest, store, establishment"
"Ashford, AL",convenience store,retail,445120,Shell Food Mart,"5825 W Main St, Dothan, AL 36305, USA",(334) 702-1023,,31.2394044,-85.4813432,4.2,6.0,ChIJhbgVYFKMkogRPT2WlIzyVWg,"convenience_store, gas_station, store, food, point_of_interest, establishment"
"Ashford, AL",convenience store,retail,445120,ATM (Shell Food Mart),"5825 W Main St, Dothan, AL 36305, USA",,,31.2394712,-85.4813333,4.0,1.0,ChIJhbgVYFKMkogRpNcFuzLUUok,"atm, convenience_store, finance, store, food, point_of_interest, establishment"
"Ashford, AL",convenience store,retail,445120,Hobo Pantry #5 Marathon,"2808 E Main St, Dothan, AL 36301, USA",(334) 699-7651,,31.2060939,-85.3520793,4.2,22.0,ChIJh2Nzi56UkogRwHn7dQj7_Mg,"convenience_store, atm, finance, store, food, point_of_interest, establishment"
"Ashford, AL",convenience store,retail,445120,Hobo Pantry,"16566 US-431, Headland, AL 36345, USA",(334) 693-5000,https://hobopantry.com/,31.35646229999999,-85.3277913,4.1,10.0,ChIJwyGW6WOXkogRqNb4uhDQX-4,"convenience_store, store, food, point_of_interest, establishment"
"Ashford, AL",convenience store,retail,445120,Chevron One Stop Shop,"1804 Ross Clark Cir, Dothan, AL 36301, USA",(855) 285-9595,http://www.chevronwithtechron.com/stations/station-finder.aspx,31.1935171,-85.3800711,3.9,18.0,ChIJD3MvhTmTkogRsJf6eN4wJgE,"gas_station, convenience_store, car_repair, store, food, point_of_interest, establishment"
"Ashford, AL",convenience store,retail,445120,Twice Daily,"1101 Ross Clark Cir, Dothan, AL 36301, USA",(334) 458-3046,https://twicedaily.com/locations/1101-ross-clark-circle-dothan-al/,31.2147547,-85.3608369,3.9,7.0,ChIJpc7yfxGTkogR1h2DYFk8jNY,"convenience_store, store, food, point_of_interest, establishment"
"Ashford, AL",convenience store,retail,445120,Circle K,"302 Ross Clark Cir, Dothan, AL 36303, USA",(334) 792-3368,https://www.circlek.com/store-locator/US/dothan/302-ross-clark-cir/2721552?utm_source=google&utm_medium=local&utm_campaign=google-local,31.2472786,-85.37759179999999,2.9,43.0,ChIJjbF8l7-TkogRgWHjdaKEJAE,"convenience_store, atm, gas_station, finance, store, food, point_of_interest, establishment"
"Ashford, AL",convenience store,retail,445120,Shell,"5825 W Main St, Dothan, AL 36305, USA",(334) 702-1023,https://find.shell.com/us/fuel/10010340-5825-w-main-st/en_US,31.2395105,-85.48147759999999,4.0,99.0,ChIJhbgVYFKMkogR6Ot_R5eZ8mo,"gas_station, convenience_store, store, food, point_of_interest, establishment"
"Ashford, AL",convenience store,retail,445120,Sunoco,"300 E 3rd St, Donalsonville, GA 39845, USA",(229) 524-6073,https://www.sunoco.com/,31.040635,-84.87890039999999,3.3,29.0,ChIJCyzwAcUz7YgR7yn0Rlhe2bY,"gas_station, convenience_store, store, food, point_of_interest, establishment"
"Ashford, AL",convenience store,retail,445120,Shell,"2214 Reeves St, Dothan, AL 36303, USA",(334) 793-9245,https://find.shell.com/us/fuel/10010336-2214-reeves-st,31.25447549999999,-85.3881675,4.2,69.0,ChIJlftU08iTkogRYLCVClAC27I,"gas_station, convenience_store, store, food, point_of_interest, establishment"
"Ashford, AL",convenience store,retail,445120,Shell,"3376 W Main St, Dothan, AL 36305, USA",(334) 793-1412,https://find.shell.com/us/fuel/10010337-3376-w-main-st/en_US,31.2303119,-85.44229659999999,3.8,41.0,ChIJo-JshIGNkogRcGYEH6pz7n8,"gas_station, convenience_store, store, food, point_of_interest, establishment"
"Ashford, AL",convenience store,retail,445120,Beeline Store,"1421 Westgate Pkwy, Dothan, AL 36303, USA",(334) 671-9200,,31.2560833,-85.43459089999999,3.9,17.0,ChIJ3d2M1guSkogR_ztgT7hqGlA,"gas_station, convenience_store, store, food, point_of_interest, establishment"
"Ashford, AL",convenience store,retail,445120,Shell,"3206 Montgomery Hwy, Dothan, AL 36303, USA",(334) 792-8781,https://find.shell.com/us/fuel/10010333-3206-montgomery-hwy/en_US,31.252973,-85.42828600000001,3.9,50.0,ChIJRW-9dQ2SkogRiwoEOnsAeJI,"gas_station, convenience_store, store, food, point_of_interest, establishment"
"Ashford, AL",convenience store,retail,445120,Chevron,"2931 W Main St, Dothan, AL 36301, USA",(404) 406-2395,https://www.chevronwithtechron.com/station,31.2281256,-85.4347768,3.3,22.0,ChIJRZ7mLH6SkogRJ-iX_8SWbaI,"gas_station, convenience_store, car_repair, store, food, point_of_interest, establishment"
"Ashford, AL",convenience store,retail,445120,Circle K,"14930 US-231, Midland City, AL 36350, USA",(334) 984-2202,https://www.circlek.com/store-locator/us/midland-city/14930-s-us-hwy-231/2721551,31.3066451,-85.4964091,3.1,55.0,ChIJg271AumOkogR5FYTHW7wYMc,"convenience_store, atm, gas_station, meal_takeaway, finance, restaurant, store, food, point_of_interest, establishment"
"Ashford, AL",convenience store,retail,445120,Shell,"2940 Hartford Hwy, Dothan, AL 36305, USA",(334) 792-9539,https://find.shell.com/us/fuel/10010338-2940-hartford-hwy/en_US,31.19908379999999,-85.43768899999999,4.1,82.0,ChIJ5UvGVF-NkogR8W-lLbyZLuI,"gas_station, convenience_store, restaurant, store, food, point_of_interest, establishment"
"Ashford, AL",convenience store,retail,445120,Twice Daily,"2940 Hartford Hwy, Dothan, AL 36305, USA",(334) 792-9539,https://twicedaily.com/locations/2940-hartford-highway-dothan-al/,31.19914919999999,-85.437794,2.0,4.0,ChIJm-3GLGWNkogRPthtHDnu1Ao,"convenience_store, store, food, point_of_interest, establishment"
"Ashford, AL",convenience store,retail,445120,Circle K,"4970 Montgomery Hwy, Dothan, AL 36303, USA",(334) 677-8211,https://www.circlek.com/store-locator/US/dothan/4970-montgomery-hwy/2723829?utm_source=google&utm_medium=local&utm_campaign=google-local,31.2711958,-85.44778029999999,3.1,61.0,ChIJwYq5LP2NkogR-VKlDjtZyJI,"convenience_store, atm, gas_station, finance, store, food, point_of_interest, establishment"
"Ashford, AL",convenience store,retail,445120,Fast Stop,"617 N Oates St #1, Dothan, AL 36303, USA",(334) 305-3630,,31.2304718,-85.3945729,4.0,4.0,ChIJqS0-kKiTkogR5ZHYzZFnuTQ,"convenience_store, gas_station, store, food, point_of_interest, establishment"
"Ashford, AL",convenience store,retail,445120,Shell Food Mart,"3376 W Main St, Dothan, AL 36305, USA",(334) 793-1412,https://www.shell.com/,31.23043199999999,-85.44231099999999,4.5,4.0,ChIJDTkOh4GNkogRy5eb7vKuIyw,"convenience_store, gas_station, food, point_of_interest, store, establishment"
"Ashford, AL",convenience store,retail,445120,Hobo Pantry,"616 N Oates St, Dothan, AL 36303, USA",(334) 794-0250,https://hobopantry.com/locations/,31.2304866,-85.3938773,4.8,6.0,ChIJxyqFcquTkogRQTuPoiBv_m4,"convenience_store, gas_station, food, point_of_interest, store, establishment"
"Ashford, AL",convenience store,retail,445120,Hobo Pantry,"2977 Montgomery Hwy, Dothan, AL 36303, USA",(334) 792-7970,https://hobopantry.com/locations/,31.2496926,-85.4261733,2.7,6.0,ChIJYc0nSW2SkogRAN1UUV7YjC4,"convenience_store, gas_station, food, point_of_interest, store, establishment"
"Ashford, AL",convenience store,retail,445120,Circle K,"4196 Ross Clark Cir, Dothan, AL 36303, USA",(334) 678-8699,https://www.circlek.com/store-locator/US/dothan/4196-ross-clark-cir/2723643?utm_source=google&utm_medium=local&utm_campaign=google-local,31.2526044,-85.3920145,2.8,62.0,ChIJA9o4z8uTkogRTVJ6b4gA3h4,"convenience_store, gas_station, atm, finance, food, point_of_interest, store, establishment"
"Ashford, AL",convenience store,retail,445120,Shell,"1101 Ross Clark Cir, Dothan, AL 36301, USA",(334) 458-3046,https://find.shell.com/us/fuel/10010339-1101-ross-clark-cir/en_US,31.2148909,-85.3608715,4.0,45.0,ChIJw8DeQnuTkogRlCTSQp_3Ls0,"gas_station, convenience_store, restaurant, food, point_of_interest, store, establishment"
"Ashford, AL",convenience store,retail,,Sunoco HWY 84,"14625 US-84, Newton, AL 36352, USA",(334) 692-3995,https://www.sunoco.com/mobile/locations/al/14625-west-us-hwy-84-newton-al-36352-7951/#index,31.2416116,-85.6305047,4.2,301.0,ChIJuQ_CCrFhkogRqu4hXdbfFx8,"gas_station, point_of_interest, establishment"
"Ashford, AL",convenience store,retail,445120,Hobo Pantry,"3090 Denton Rd, Dothan, AL 36303, USA",(334) 677-4401,https://hobopantry.com/locations/,31.26839,-85.4171025,3.3,6.0,ChIJaYf3aR-SkogRhRsN0FZVQ7g,"convenience_store, gas_station, food, point_of_interest, store, establishment"
"Ashford, AL",convenience store,retail,445120,Shell,"15053 US-231, Midland City, AL 36350, USA",(334) 873-4043,https://find.shell.com/us/fuel/10010396-15053-s-us-highway-231/en_US,31.3070216,-85.4940562,4.1,47.0,ChIJ8UqlK--OkogRVCeaIuMkdIM,"gas_station, convenience_store, food, point_of_interest, store, establishment"
"Ashford, AL",convenience store,retail,445120,Twice Daily,"5825 W Main St, Dothan, AL 36305, USA",(334) 702-1023,https://twicedaily.com/locations/582-west-main-st-dothan-al,31.2395111,-85.48120229999999,3.8,12.0,ChIJa24CAl-NkogR6tGITMLR7sc,"convenience_store, food, point_of_interest, store, establishment"
"Ashford, AL",convenience store,retail,445120,Mr Pip's,"408 E 3rd St, Donalsonville, GA 39845, USA",(229) 524-2841,,31.0406072,-84.87655540000002,4.0,45.0,ChIJz_XmN8cz7YgRxC033VOJWCY,"gas_station, atm, convenience_store, finance, food, point_of_interest, store, establishment"
"Ashford, AL",convenience store,retail,,FAST Stop,"2799 Ross Clark Cir, Dothan, AL 36301, USA",(334) 792-7136,,31.2122991,-85.42927739999999,4.3,99.0,ChIJU3ykT5qSkogRM-CQy0T6Pas,"gas_station, point_of_interest, establishment"
"Ashford, AL",convenience store,retail,445120,Sunoco,"1421 Westgate Pkwy, Dothan, AL 36303, USA",(334) 671-9200,https://www.sunoco.com/,31.2560309,-85.43443649999999,3.7,3.0,ChIJY3ak1wuSkogRyYso0TWJF8E,"gas_station, car_repair, convenience_store, food, point_of_interest, store, establishment"
"Ashford, AL",convenience store,retail,445120,Marathon Gas,"735 Ross Clark Cir, Dothan, AL 36303, USA",(866) 462-7284,https://www.marathonbrand.com/Stations/Station_Locator/,31.2289692,-85.36,3.6,7.0,ChIJ-Y7WZYGTkogRjR20X0xR-JM,"gas_station, convenience_store, food, point_of_interest, store, establishment"
"Ashford, AL",convenience store,retail,445120,Nan’s country store,"4130 US-231, Marianna, FL 32446, USA",(850) 329-8540,,30.8675301,-85.3582263,4.5,48.0,ChIJhW7R5SbjkogRjQQMT4tS3lw,"convenience_store, food, point_of_interest, store, establishment"
"Ashford, AL",convenience store,retail,445120,Marathon Food Mart,"Graceville, FL 32440, USA",,,30.9621314,-85.51702809999999,2.3,3.0,ChIJC9GNeyn6kogRybzashdONfA,"convenience_store, food, point_of_interest, store, establishment"
"Ashford, AL",convenience store,retail,445120,Marathon,"14341 US-231 Suite 1, Cottonwood, AL 36320, USA",(334) 677-1020,,31.0200858,-85.4069701,3.7,30.0,ChIJIViB8JfvkogRh8WTDNhVTD8,"gas_station, convenience_store, food, point_of_interest, store, establishment"
"Ashford, AL",convenience store,retail,445120,Nation Food Mart,"5243 US-231, Campbellton, FL 32426, USA",,,30.9492957,-85.4034666,1.0,2.0,ChIJ7bIxrf3kkogRuSXunrmVBmA,"convenience_store, store, food, point_of_interest, establishment"
"Ashford, AL",convenience store,retail,445120,ATM,"1860 Old Hwy 84, Ashford, AL 36312, USA",,,31.1831579,-85.238759,,,ChIJq7Y7s3i_kogRcjsb7SqAusU,"atm, convenience_store, finance, store, food, point_of_interest, establishment"
"Ashford, AL",convenience store,retail,445120,Dothan Quick Mart,"146 Westgate Pkwy, Dothan, AL 36303, USA",,,31.2297092,-85.4339087,,,ChIJZc_FXH6SkogRFKsjbpUJq9I,"convenience_store, store, food, point_of_interest, establishment"
"Ashford, AL",convenience store,retail,,Exxon,"653 Honeysuckle Rd, Dothan, AL 36301, USA",(334) 702-4463,https://www.exxon.com/en/find-station/exxon-dothan-al-exxon-200325357?utm_medium=referral&utm_source=yxt-google&utm_campaign=us_fue_ret_xom_yxt,31.220713,-85.43439699999999,4.1,67.0,ChIJFYw_ga2TkogROqR4uH7QtQU,"gas_station, point_of_interest, establishment"
"Ashford, AL",convenience store,retail,445120,Hobo Pantry Food Store 26,"2520 S Oates St, Dothan, AL 36301, USA",,,31.189962,-85.401741,,,ChIJMdMY0tCSkogRgf44kmk03WM,"convenience_store, store, food, point_of_interest, establishment"
"Ashford, AL",convenience store,retail,445120,ATM (Fadette Convenience),"5300 AL-103, Slocomb, AL 36375, USA",(334) 886-7123,,31.0451988,-85.5373841,4.0,1.0,ChIJMQwDUyP3kogRaD_jpuE6iTo,"atm, convenience_store, finance, store, food, point_of_interest, establishment"
"Ashford, AL",convenience store,retail,445120,Express Lane,"5301 Cliff St, Graceville, FL 32440, USA",(850) 263-6515,https://www.exxon.com/en/find-station/exxon-graceville-fl-expresslane768-200319679,30.9537737,-85.5143022,3.4,37.0,ChIJD1RusSz6kogRCPJFtAq_lm8,"convenience_store, store, food, point_of_interest, establishment"
"Ashford, AL",convenience store,retail,445120,Fortner Street Convenience,"1112 Fortner St #1, Dothan, AL 36301, USA",(334) 792-8313,,31.2154783,-85.4094373,4.4,5.0,ChIJXSjC1fGSkogRWrLV-TqCTMk,"convenience_store, store, food, point_of_interest, establishment"
"Ashford, AL",convenience store,retail,445120,Marathon,"204 E Church St, Columbia, AL 36319, USA",(334) 696-2386,https://www.marathonbrand.com/Stations/,31.292138,-85.108425,3.9,13.0,ChIJ2VU7UHa6kogRtZK4lWCARh4,"gas_station, convenience_store, store, food, point_of_interest, establishment"
"Ashford, AL",convenience store,retail,445120,Walmart Fuel,"3871 W Main St, Dothan, AL 36305, USA",(334) 547-6508,https://www.walmart.com/store/5769-dothan-al/fuel-convenience?veh=seo_loc,31.2329443,-85.4513534,4.3,210.0,ChIJ2drHNIONkogRDx6W4BlORds,"gas_station, atm, convenience_store, finance, store, food, point_of_interest, establishment"
"Ashford, AL",convenience store,retail,445120,Sunoco,"1378 Hodgesville Rd, Dothan, AL 36301, USA",(334) 446-1365,https://www.sunoco.com/locations/store/1378-hodgesville-rd-dothan-al-0577261100,31.177618,-85.399254,4.2,162.0,ChIJkSnrqCvtkogRGHD85pNkxfQ,"gas_station, convenience_store, store, food, point_of_interest, establishment"
"Ashford, AL",convenience store,retail,445120,Breeze In Mart,"2907 Jordan Ave, Dothan, AL 36303, USA",(334) 794-5055,,31.2006778,-85.3044967,4.3,28.0,ChIJSag7CxiVkogRz7jh873s0kE,"convenience_store, atm, gas_station, finance, store, food, point_of_interest, establishment"
"Ashford, AL",convenience store,retail,445120,Murphy mill convenience,"4279 Montgomery Hwy, Dothan, AL 36303, USA",(334) 446-7149,,31.2633977,-85.4408558,4.2,5.0,ChIJ32pptvmNkogRxVCl4oVV1t0,"convenience_store, gas_station, store, food, point_of_interest, establishment"
"Ashford, AL",convenience store,retail,445120,Quik & Handy,"706 N Wiley Ave, Donalsonville, GA 39845, USA",(229) 524-5814,,31.049746,-84.880416,3.5,22.0,ChIJvTkZVZQz7YgRJ9YjB7agrc8,"convenience_store, gas_station, store, food, point_of_interest, establishment"
"Ashford, AL",convenience store,retail,445120,Shell Gas,"12268 Columbia St, Blakely, GA 39823, USA",(229) 723-8388,http://www.shell.com/,31.3752091,-84.93714609999999,4.2,27.0,ChIJXVivZMxS7YgRvORU-D75yQk,"gas_station, convenience_store, store, food, point_of_interest, establishment"
"Ashford, AL",convenience store,retail,445120,Kmmee 2,"5392 10th St, Malone, FL 32445, USA",(850) 569-5680,,30.9565222,-85.1621274,4.3,4.0,ChIJCXauvhHbkogRWQ4D9V4nTLc,"convenience_store, gas_station, store, food, point_of_interest, establishment"
"Ashford, AL",convenience store,retail,445120,HEADLAND LIBERTY 135,"300 Main St, Headland, AL 36345, USA",(334) 693-3063,,31.3484657,-85.3431512,4.3,18.0,ChIJHaabFUWXkogRJcP_INJVI-w,"gas_station, convenience_store, store, food, point_of_interest, establishment"
"Ashford, AL",convenience store,retail,445120,Dunlop's Country Store,"GA-273, Cedar Springs, GA 39832, USA",(229) 372-4320,,31.18525,-85.0279825,,,ChIJbfyRfRG2kogRh_wQXLfG1jw,"convenience_store, store, food, point_of_interest, establishment"
"Ashford, AL",wholesale,retail,,Brackin Appliance,"2708 Ross Clark Cir, Dothan, AL 36301, USA",(334) 836-0119,https://www.brackinappliance.com/,31.2088162,-85.42439209999999,4.2,126.0,ChIJ9cz34ZaSkogR_0Zf3CispE0,"home_goods_store, store, point_of_interest, establishment"
"Ashford, AL",wholesale,retail,,A Duda & Sons,"5970 Three Notch Rd, Iron City, GA 39859, USA",(229) 774-2111,,30.9848647,-84.8222531,4.6,25.0,ChIJe77-6c0x7YgRAPIaOr7pBnM,"food, point_of_interest, establishment"
"Ashford, AL",wholesale,retail,,"Gateway Tire Southeast, LLC","570 Technology Dr, Dothan, AL 36303, USA",(334) 547-7900,https://dk1501.treadsearch.com/login/,31.2703208,-85.4020996,4.3,13.0,ChIJhe9WmymSkogRah0rfIh0TVQ,"point_of_interest, establishment"
"Ashford, AL",wholesale,retail,,Southeast Alabama Meat Processing,"135 Sandbed Rd, Newton, AL 36352, USA",(334) 449-8034,http://www.thepasturepig.com/,31.2466818,-85.6455842,4.4,28.0,ChIJBUqhPKphkogR4TfMfa7ezHw,"store, food, point_of_interest, establishment"
"Ashford, AL",wholesale,retail,,Adams Foods Inc,"146 Industrial Dr, Dothan, AL 36303, USA",(334) 983-3539,,31.2558,-85.4125,5.0,2.0,ChIJUX9FdS6SkogRLCH9AXwY0YU,"food, point_of_interest, establishment"
"Ashford, AL",wholesale,retail,,JRs SHRIMP,"3041 Ross Clark Cir, Dothan, AL 36301, USA",(334) 434-0487,https://jrsshrimp.square.site/,31.2251701,-85.4332807,,,ChIJO84GRkaTkogReAQYWoEzvTw,"food, point_of_interest, establishment"
"Ashford, AL",wholesale,retail,,Sweet Corn Co-Op Inc,"5970 Three Notch Rd, Iron City, GA 39859, USA",(229) 774-2332,http://sweetcorncoop.com/,30.9850107,-84.8221894,3.8,17.0,ChIJe77-6c0x7YgR2d8VT2RE6pQ,"food, point_of_interest, establishment"
"Ashford, AL",wholesale,retail,,Southwestern Produce,"3683 FL-273, Graceville, FL 32440, USA",(877) 638-2330,https://www.southwesternproduce.com/prod2/chipley-fl/,30.8356259,-85.5028414,5.0,1.0,ChIJq6oajOv9kogR8AwPJNk1Kpo,"food, point_of_interest, establishment"
"Ashford, AL",wholesale,retail,,Younique Honey Glow,"1055 S Oates St, Dothan, AL 36301, USA",(334) 310-1947,https://younique-honey-glow.myshopify.com/,31.210401,-85.392208,,,ChIJqxbQvy-TkogR3Ps-nPexccE,"point_of_interest, establishment"
"Ashford, AL",wholesale,retail,,Abbeville Auto Sales,"1857 S Oates St, Dothan, AL 36301, USA",(334) 671-0856,,31.1994325,-85.39731180000001,3.4,13.0,ChIJbVXta9-SkogRTF-c5Dzt6Ak,"car_dealer, store, point_of_interest, establishment"
"Ashford, AL",distributor,retail,,Adams Beverages,"3116 John D Odom Rd, Dothan, AL 36303, USA",(334) 983-5161,,31.275355,-85.4495551,4.1,14.0,ChIJJ7tHSAiOkogRyg_JWgGXZNo,"point_of_interest, establishment"
"Ashford, AL",distributor,retail,,United Distributing Co LLC,"1158 Jordon Ave, Dothan, AL 36303, USA",(334) 793-2688,http://uniteddistributing.com/,31.2067714,-85.3317296,4.2,11.0,ChIJyScWdOyUkogRkLK0SBY1R6c,"point_of_interest, establishment"
"Ashford, AL",distributor,retail,,Southern Charm Lemonade,"2503 Scott Rd, Dothan, AL 36303, USA",,,31.2785558,-85.442143,,,ChIJca-hCcqPkogRCPbal5wLSQk,"point_of_interest, establishment"
"Ashford, AL",distributor,retail,,Pepi Foods,"165 Technology Dr, Dothan, AL 36303, USA",(334) 671-1445,https://www.pepifoods.com/,31.2671865,-85.3952284,2.3,9.0,ChIJ0Y-kU76TkogRJqztrLoLP-c,"storage, point_of_interest, establishment"
"Ashford, AL",distributor,retail,,Sabel Steel,"1968 Taylor Rd, Dothan, AL 36301, USA",(334) 793-2322,https://www.sabelsteel.com/,31.1860023,-85.43706619999999,3.1,9.0,ChIJAXLfgFWNkogRi_Rl5nWwYUY,"point_of_interest, establishment"
"Ashford, AL",distributor,retail,,South Electronics,"3665 Westgate Pkwy, Dothan, AL 36303, USA",(334) 458-0070,http://www.southelectronics.com/,31.2722707,-85.40444149999999,4.9,36.0,ChIJI38gscyTkogRFsNV7_ywMS8,"point_of_interest, establishment"
"Ashford, AL",distributor,retail,,Dothan Coca-Cola Bottling Company UNITED,"3936 Napier Field Rd, Dothan, AL 36303, USA",(334) 792-3116,http://cocacolaunited.com/locations/dothan/,31.2826227,-85.44659779999999,4.9,10.0,ChIJV8OI0wLAkogRbONX7QtvkiM,"store, point_of_interest, establishment"
"Ashford, AL",distributor,retail,,Republic Conduit,"633 Georgia Tubing Rd, Cedar Springs, GA 39832, USA",(229) 372-4501,https://www.nucortubular.com/product/electrical-conduit/,31.1448916,-85.06248389999999,4.2,54.0,ChIJbfyRfRG2kogRmyz2LAiEGaQ,"point_of_interest, establishment"
"Ashford, AL",distributor,retail,,Premiere Tile Dothan,"230 Ross Clark Cir, Dothan, AL 36303, USA",(334) 794-2585,http://www.premieretile.com/,31.2495257,-85.3810069,4.4,7.0,ChIJ9_S7UceTkogRjOVvY3XbFmw,"home_goods_store, store, point_of_interest, establishment"
"Ashford, AL",distributor,retail,,Qualico Steel Co Inc,"7797 AL-52, Webb, AL 36376, USA",(334) 793-1290,http://us.qualicosteel.com/,31.2586874,-85.2743184,4.2,15.0,ChIJyeoE1wK-kogRYDXiZmNrdas,"point_of_interest, establishment"
"Ashford, AL",distributor,retail,,Slocomb Distribution Co,"AL-52, Slocomb, AL 36375, USA",(334) 677-2677,,31.122359,-85.5706671,4.5,4.0,ChIJoafvabf1kogRG6FLewVy26U,"point_of_interest, establishment"
"Ashford, AL",distributor,retail,,G.A. Food Services,"2484 Redmond Rd, Dothan, AL 36303, USA",(334) 792-6265,,31.2601923,-85.433964,3.3,11.0,ChIJmw08FgqTkogRI91btktXwQc,"food, point_of_interest, establishment"
"Ashford, AL",distributor,retail,445310,AM PM LIQUORS,"16355 US-231, Midland City, AL 36350, USA",(314) 630-7106,,31.2947063,-85.47717279999999,4.2,23.0,ChIJA81154yPkogRp3KZTYfM3q8,"liquor_store, store, point_of_interest, establishment"
"Ashford, AL",distributor,retail,,E & H Steel Corporation,"3635 AL-134, Midland City, AL 36350, USA",(334) 983-5636,http://www.ehsteel.com/,31.3132454,-85.5117617,3.3,11.0,ChIJK9rqjNqOkogR6k6fzHtOKdk,"point_of_interest, establishment"
"Ashford, AL",distributor,retail,,Sequel Electrical Supply - A Division of Border States,"981 Tate Dr, Dothan, AL 36301, USA",(334) 792-5110,https://solutions.borderstates.com/locations/dothan-alabama/,31.204059,-85.40498,4.5,24.0,ChIJxdT3ZN2SkogR3ptJnPPUpCs,"store, point_of_interest, establishment"
"Ashford, AL",distributor,retail,,Twitchell Corp.,"4031 Ross Clark Cir, Dothan, AL 36303, USA",(334) 792-0002,https://www.twitchellcorp.com/,31.2550528,-85.4006593,4.3,22.0,ChIJ2fg6njaSkogR3dZiruryDng,"store, point_of_interest, establishment"
"Ashford, AL",food distributor,retail,722511,Frito-Lay Inc,"2282 S Brannon Stand Rd, Dothan, AL 36305, USA",(334) 793-6879,https://www.fritolay.com/,31.2078201,-85.4849354,3.6,5.0,ChIJ03n9R-eMkogR1zE7_6GO1m8,"meal_takeaway, restaurant, food, point_of_interest, establishment"
"Ashford, AL",food distributor,retail,,Flagstone Foods,"2700 Horace Shepard Dr, Dothan, AL 36303, USA",(334) 983-5643,http://www.flagstonefoods.com/,31.285103,-85.4494823,4.3,22.0,ChIJoQCELnuPkogRDtF7hG9_go4,"food, point_of_interest, establishment"
"Ashford, AL",food distributor,retail,,"Southern Anchor Fresh Market, LLC","105 S Cherokee Ave #1, Dothan, AL 36301, USA",(334) 446-3389,,31.2273242,-85.4174435,4.5,65.0,ChIJDz1IxLSTkogRv5RLS_z8-74,"food, point_of_interest, store, establishment"
"Ashford, AL",food distributor,retail,,Dixie Egg Co,"103 McLane Pkwy, Cottonwood, AL 36320, USA",(334) 677-3366,,31.0042933,-85.3907251,5.0,1.0,ChIJ_X2vpnvvkogRSMXKy3XSjSk,"food, point_of_interest, establishment"
"Ashford, AL",food distributor,retail,,Van Slyke Hobby farm,"2720 Co Rd 91, Slocomb, AL 36375, USA",(850) 703-2128,,31.0671357,-85.59541109999999,5.0,1.0,ChIJ0bTnVsf3kogRRt0auHAYC0k,"food, point_of_interest, establishment"
"Ashford, AL",food distributor,retail,,Max One Nutrition Dothan,"3230 Ross Clark Cir STE 2, Dothan, AL 36303, USA",(334) 671-1231,https://maxonedothan.com/,31.2348692,-85.43114969999999,4.7,32.0,ChIJOwof6HuSkogRfcLlnTmztNs,"bar, food, point_of_interest, health, store, establishment"
"Ashford, AL",food distributor,retail,,Rio Vista Foods LLC,"932 Tri County Rd, Graceville, FL 32440, USA",(850) 849-5144,http://riovistafoods.com/,30.8795115,-85.529859,,,ChIJ2yBJuIO29YgR_ltVuJ4WqLc,"point_of_interest, establishment"
"Ashford, AL",food distributor,retail,,JBW Farm Fresh,"8238 US-84, Dothan, AL 36305, USA",(334) 579-3770,https://jbwfarmfresh.com/,31.2385036,-85.5233952,4.4,23.0,ChIJd5L4g2aLkogR4FpQ28g0cRM,"food, point_of_interest, establishment"
"Ashford, AL",grocery wholesaler,retail,,Golden Peanut Co,"3886 Martin Luther King Jr Blvd, Blakely, GA 39823, USA",(229) 724-7320,http://www.goldenpeanut.com/,31.3946123,-84.9136233,4.4,15.0,ChIJAZ_xRCqtkogRU07qL-RmcEQ,"food, point_of_interest, establishment"
"Ashford, AL",wholesale grocery,retail,,Wiregrass Liquidation Outlet,"2212 Ross Clark Cir #1, Dothan, AL 36301, USA",(334) 714-9658,,31.1929345,-85.4033244,3.8,108.0,ChIJDTdcntqSkogRa5rldrVUvFA,"store, point_of_interest, establishment"
"Ashford, AL",wholesale grocery,retail,445110,Mills Produce,"1072 East Malvern Highway,, Slocomb, AL 36375, USA",(334) 712-0700,,31.1484479,-85.50721879999999,4.7,57.0,ChIJu4TKPnnzkogRk-vUtdey9mQ,"grocery_or_supermarket, food, store, point_of_interest, establishment"
"Ashford, AL",wholesale meat,retail,,Esto Meat Processing,"1081 FL-79, Bonifay, FL 32425, USA",(850) 263-7777,http://esto-meat-processing.jany.io/,30.9784896,-85.64596279999999,4.1,34.0,ChIJOSKBGwtXkogRl_8xiLoQ1IY,"store, food, point_of_interest, establishment"
"Ashford, AL",wholesale meat,retail,,Renegade’s Meat Processing,"3571 Glen Lawrence Rd, Webb, AL 36376, USA",(334) 792-2774,https://www.renegadesmeatprocessing.com/,31.2287807,-85.2863388,4.5,26.0,ChIJeYkOJJKVkogRDRQn5-gmBRQ,"store, food, point_of_interest, establishment"
"Ashford, AL",wholesale seafood,retail,,Seafood Services Inc,"1861 Montgomery Hwy, Dothan, AL 36303, USA",(334) 794-4354,https://www.facebook.com/Seafood-Services-Inc-444968689006347/,31.2389373,-85.4101096,4.6,122.0,ChIJ8UeYFjOSkogRU7jJQeO7oTg,"food, point_of_interest, establishment"
"Ashford, AL",wholesale dairy,retail,,Working Cows Dairy,"5539 N State Hwy 103, Slocomb, AL 36375, USA",(334) 886-3839,http://www.workingcowsdairy.com/,31.1872792,-85.6017394,4.8,225.0,ChIJtfvyjyP3kogRfejOUt7ZTOs,"store, food, point_of_interest, establishment"
"Ashford, AL",wholesale dairy,retail,,Bedsole Milk Co,"4858 US-84, Ashford, AL 36312, USA",(334) 794-4091,,31.1888229,-85.2845797,4.2,5.0,ChIJvy_9cUWVkogRPqMXqgfMIjo,"food, point_of_interest, establishment"
"Ashford, AL",wholesale dairy,retail,445120,BJs Express,"1944 S Main St, Blakely, GA 39823, USA",(229) 723-4449,,31.371694,-84.933837,4.5,8.0,ChIJg5ZKdMlS7YgRMDs44MSi2uA,"convenience_store, atm, gas_station, electronics_store, accounting, store, finance, food, point_of_interest, establishment"
"Ashford, AL",produce wholesaler,retail,445110,Pert Farms,"2050 Co Rd 49, Slocomb, AL 36375, USA",(334) 803-0005,https://www.facebook.com/pertfarms,31.1239991,-85.5078671,4.5,20.0,ChIJWaTLPNLzkogRZnT8GzuL4Y0,"grocery_or_supermarket, store, point_of_interest, food, establishment"
"Ashford, AL",produce wholesaler,retail,445110,MID CITY FARM MARKET,"4323 Mance Newton Rd, Midland City, AL 36350, USA",,https://splinternetmarketing.com/local-pros/alabama/midland-city/mid-city-farm-market/,31.2901387,-85.4745973,4.3,30.0,ChIJ862-sNaPkogRZx4__rEX8Ig,"grocery_or_supermarket, store, point_of_interest, food, establishment"
"Ashford, AL",produce wholesaler,retail,445110,Sawyers Produce,"220 W Malvern Hwy, Slocomb, AL 36375, USA",(334) 793-6690,,31.139671,-85.5212372,4.8,45.0,ChIJs1czCoD0kogRODphCWhSH5w,"grocery_or_supermarket, store, point_of_interest, food, establishment"
"Ashford, AL",produce wholesaler,retail,,Top Quality Fruit,"5509 US-231, Campbellton, FL 32426, USA",,,30.9680483,-85.40850209999999,4.2,50.0,ChIJkZiUVCzlkogR55UKpyvsxPM,"point_of_interest, establishment"
