Location,Search Keyword,Segment,NAICS Code,Business Name,Address,Phone Number,Website,Latitude,Longitude,Rating,User Ratings,Place ID,Types
"Arley, AL",grocery store,retail,445110,Kroger,"241 Hwy 31 SW Ste K, Hartselle, AL 35640, USA",(256) 773-6413,https://www.kroger.com/stores/grocery/al/hartselle/crestwood-shopping-center/026/00894?cid=loc_02600894_gmb,34.4394307,-86.9426778,4.3,373.0,ChIJqXwaSWEqiIgRtY8aqrRh7Hg,"grocery_or_supermarket, food, store, point_of_interest, establishment"
"Arley, AL",grocery store,retail,445110,Winn-Dixie,"2405 Hwy 78 E, Jasper, AL 35501, USA",(205) 221-2449,https://www.winndixie.com/StoreDetails,33.8420525,-87.2455068,4.3,1519.0,ChIJ6W0zmFLWh4gRP4uWLEKknB4,"grocery_or_supermarket, food, store, point_of_interest, establishment"
"Arley, AL",grocery store,retail,445110,DG Market,"31695 US-278, Addison, AL 35540, USA",(256) 666-4430,https://www.dollargeneral.com/store-directory/al/addison/7700,34.1973867,-87.1622263,4.2,292.0,ChIJmznjLDo5iIgRSV0lcsZmTmg,"grocery_or_supermarket, drugstore, convenience_store, home_goods_store, health, food, store, point_of_interest, establishment"
"Arley, AL",grocery store,retail,452210,Walmart Supercenter,"626 Olive St SW, Cullman, AL 35055, USA",(256) 739-1664,https://www.walmart.com/store/670-cullman-al/?veh=seo_loc,34.1495662,-86.8414852,4.1,4733.0,ChIJf5mS10nKiYgRHH8YfbW0NfE,"department_store, hardware_store, bakery, electronics_store, furniture_store, grocery_or_supermarket, clothing_store, home_goods_store, food, store, point_of_interest, establishment"
"Arley, AL",grocery store,retail,445110,Warehouse Discount Groceries TownSquare,"1615 Town Square S W, Cullman, AL 35055, USA",(256) 739-4380,https://www.warehousediscountgroceries.com/store-locations/warehouse-discount-groceries-of-townsquare/?utm_source=gbp&utm_medium=organic,34.1619444,-86.8372222,4.4,801.0,ChIJ9TU6r4HLiYgRwaoaVct70c4,"grocery_or_supermarket, supermarket, food, store, point_of_interest, establishment"
"Arley, AL",grocery store,retail,452210,Walmart Supercenter,"1801 Hwy 78 E, Jasper, AL 35501, USA",(205) 384-1100,https://www.walmart.com/store/287-jasper-al/?veh=seo_loc,33.8429501,-87.2545257,3.8,3907.0,ChIJz1v1mz1hiIgRqHL2hcSx3TQ,"department_store, hardware_store, bakery, electronics_store, furniture_store, grocery_or_supermarket, clothing_store, home_goods_store, food, store, point_of_interest, establishment"
"Arley, AL",grocery store,retail,445110,Warehouse Discount Groceries of Cullman 817,"5754 AL-157, Cullman, AL 35055, USA",(256) 739-4310,https://www.warehousediscountgroceries.com/store-locations/warehouse-discount-groceries-of-cullman/?utm_source=gbp&utm_medium=organic,34.2076473,-86.8709863,4.3,774.0,ChIJF_3ybIPMiYgRFKfbOFgwFRo,"grocery_or_supermarket, food, store, point_of_interest, establishment"
"Arley, AL",grocery store,retail,445110,DG Market,"872 Main St NE, Hanceville, AL 35077, USA",(256) 787-2468,https://www.dollargeneral.com/store-directory/al/hanceville/13195,34.0772891,-86.7813501,4.2,887.0,ChIJbxq2tlK2iYgRmPD1QeppTfQ,"grocery_or_supermarket, drugstore, convenience_store, home_goods_store, health, food, store, point_of_interest, establishment"
"Arley, AL",grocery store,retail,445110,Warehouse Discount Groceries of Hanceville,"780 Main St NE, Hanceville, AL 35077, USA",(256) 352-6245,https://www.warehousediscountgroceries.com/store-locations/warehouse-discount-groceries-of-hanceville/?utm_source=gbp&utm_medium=organic,34.0725,-86.77666669999999,4.4,916.0,ChIJcXDk4qu3iYgRXxOs9ihoURY,"grocery_or_supermarket, supermarket, food, store, point_of_interest, establishment"
"Arley, AL",grocery store,retail,445110,DG Market,"5288 Curry Hwy, Jasper, AL 35503, USA",(205) 282-0670,https://www.dollargeneral.com/store-directory/al/jasper/4926,33.9414926,-87.2189137,4.0,205.0,ChIJoTXMTFRdiIgR9_5f86N8P3A,"grocery_or_supermarket, drugstore, convenience_store, home_goods_store, health, food, store, point_of_interest, establishment"
"Arley, AL",grocery store,retail,445110,Publix Super Market at Cullman Shopping Center,"1104 Cullman Shopping Center NW, Cullman, AL 35055, USA",(256) 736-7000,https://www.publix.com/?setstorenumber=1503&utm_medium=maps&utm_source=extendednetwork&utm_content=psm_website_url,34.1814204,-86.8493743,4.6,1610.0,ChIJXWReqpfLiYgR7WcZbxRCtmI,"supermarket, liquor_store, bakery, grocery_or_supermarket, food, florist, store, point_of_interest, establishment"
"Arley, AL",grocery store,retail,445110,DG Market,"457 E Pike Rd, Falkville, AL 35622, USA",(256) 502-4016,https://www.dollargeneral.com/store-directory/al/falkville/11230,34.3689621,-86.9064095,4.3,369.0,ChIJ00E0c03TiYgRprA29fWcOVI,"grocery_or_supermarket, drugstore, convenience_store, home_goods_store, health, food, store, point_of_interest, establishment"
"Arley, AL",grocery store,retail,452210,Walmart Supercenter,"5601 AL-157, Cullman, AL 35058, USA",(256) 615-6667,https://www.walmart.com/store/7280-cullman-al/?veh=seo_loc,34.2042804,-86.8695501,4.1,4226.0,ChIJ7QJx54PMiYgRznBOQSpuaDg,"department_store, hardware_store, bakery, electronics_store, furniture_store, grocery_or_supermarket, clothing_store, home_goods_store, food, store, point_of_interest, establishment"
"Arley, AL",grocery store,retail,445120,Dollar General,"820 Main St W, Hartselle, AL 35640, USA",(256) 502-5170,https://www.dollargeneral.com/store-directory/al/hartselle/1685,34.4422321,-86.94695139999999,4.1,197.0,ChIJWStQaF8qiIgRKOgMbZxFuDc,"drugstore, convenience_store, grocery_or_supermarket, health, food, store, point_of_interest, establishment"
"Arley, AL",grocery store,retail,445110,DG Market,"1624 Nauvoo Rd, Carbon Hill, AL 35549, USA",(205) 931-0671,https://www.dollargeneral.com/store-directory/al/carbon-hill/25342,33.9018049,-87.51413269999999,3.8,4.0,ChIJc3znGlN5iIgRF3bjYItrc00,"grocery_or_supermarket, drugstore, convenience_store, home_goods_store, health, food, store, point_of_interest, establishment"
"Arley, AL",grocery store,retail,445110,S & S Foods,"4340 Co Rd 216, Hanceville, AL 35077, USA",(256) 287-2663,https://www.ssfoods.net/,34.0440879,-86.8771311,4.6,726.0,ChIJCbm3oZS0iYgRZNFz5s4zj-M,"grocery_or_supermarket, supermarket, food, store, point_of_interest, establishment"
"Arley, AL",grocery store,retail,445120,Dollar General,"24 Hollis Crump Dr, Jasper, AL 35501, USA",(205) 878-4360,https://www.dollargeneral.com/store-directory/al/jasper/3660,33.8308144,-87.2126435,4.1,543.0,ChIJI7ZxG0BhiIgRjiQAG2HLAAU,"drugstore, convenience_store, grocery_or_supermarket, health, food, store, point_of_interest, establishment"
"Arley, AL",grocery store,retail,445120,Dollar General,"6178 Co Rd 41, Arley, AL 35541, USA",(205) 754-0301,https://www.dollargeneral.com/store-directory/al/arley/11219,34.0708965,-87.2147832,4.3,277.0,ChIJ29dbgy9AiIgR4xQoxeNpPOU,"drugstore, convenience_store, grocery_or_supermarket, health, food, store, point_of_interest, establishment"
"Arley, AL",grocery store,retail,445120,Dollar General,"573 Hwy 78 W, Jasper, AL 35501, USA",(205) 512-0881,https://www.dollargeneral.com/store-directory/al/jasper/7019,33.8481284,-87.2818437,4.1,375.0,ChIJqdfrT05hiIgR6OnG2BdAIK8,"drugstore, convenience_store, grocery_or_supermarket, health, food, store, point_of_interest, establishment"
"Arley, AL",grocery store,retail,445120,Dollar General,"643 Second Ave, Nauvoo, AL 35578, USA",(205) 924-5518,https://www.dollargeneral.com/store-directory/al/nauvoo/11146,33.9898747,-87.48627839999999,4.0,237.0,ChIJt-JURhx3iIgR0abU4FK_w6g,"drugstore, convenience_store, grocery_or_supermarket, health, food, store, point_of_interest, establishment"
"Arley, AL",grocery store,retail,445120,Dollar General,"11511 US-278, Cullman, AL 35057, USA",(256) 507-9176,https://www.dollargeneral.com/store-directory/al/cullman/11184,34.2095725,-87.0540549,4.2,331.0,ChIJ1xo6ma0wiIgRLbnAAoeJZFY,"convenience_store, grocery_or_supermarket, drugstore, store, health, food, point_of_interest, establishment"
"Arley, AL",grocery store,retail,445120,Dollar General,"31 Megan Ln, Cullman, AL 35057, USA",(256) 507-9195,https://www.dollargeneral.com/store-directory/al/cullman/10884,34.1067569,-86.8720776,4.2,366.0,ChIJvbuDSXu1iYgRIapJ6EVVZj0,"convenience_store, grocery_or_supermarket, drugstore, store, health, food, point_of_interest, establishment"
"Arley, AL",grocery store,retail,445110,Tienda Y Carnicería Chivarreto,"4430 Hwy 78, Jasper, AL 35501, USA",(205) 265-3225,,33.8377228,-87.22572559999999,3.9,71.0,ChIJPU6QNaFgiIgRlfOTNZ7qrzo,"grocery_or_supermarket, store, food, point_of_interest, establishment"
"Arley, AL",grocery store,retail,445120,Dollar General,"1208 4th St SW, Cullman, AL 35055, USA",(256) 531-9055,https://www.dollargeneral.com/store-directory/al/cullman/9500,34.1714454,-86.8515998,4.2,372.0,ChIJ07FMI7vLiYgRsAi2rQaA4wQ,"convenience_store, grocery_or_supermarket, drugstore, store, health, food, point_of_interest, establishment"
"Arley, AL",grocery store,retail,445120,Dollar General,"171 AL-5, Jasper, AL 35503, USA",(205) 878-4105,https://www.dollargeneral.com/store-directory/al/jasper/10523,33.8550896,-87.2908891,4.2,377.0,ChIJAb0hckxhiIgRer3ipNrUrC0,"convenience_store, grocery_or_supermarket, drugstore, store, health, food, point_of_interest, establishment"
"Arley, AL",grocery store,retail,445110,Good Hope Grocery,"2253 Co Rd 437, Cullman, AL 35057, USA",(256) 739-2591,http://www.facebook.com/GoodHopeGrocery,34.1086479,-86.8697212,4.4,101.0,ChIJv08jiHy1iYgR-lR5JHlf7qk,"grocery_or_supermarket, gas_station, liquor_store, store, restaurant, food, point_of_interest, establishment"
"Arley, AL",grocery store,retail,445120,Dollar General,"1600 3rd St SE, Cullman, AL 35055, USA",(256) 507-9109,https://www.dollargeneral.com/store-directory/al/cullman/11250,34.1817677,-86.8162057,4.2,364.0,ChIJ05hU7FzJiYgRVxF980EFA18,"convenience_store, grocery_or_supermarket, drugstore, store, health, food, point_of_interest, establishment"
"Arley, AL",grocery store,retail,445120,Dollar General,"4717 AL-195, Jasper, AL 35503, USA",(205) 754-0022,https://www.dollargeneral.com/store-directory/al/jasper/12666,33.9079453,-87.3041372,4.1,394.0,ChIJLWf2iNBliIgRxV6IZbBdLT4,"convenience_store, grocery_or_supermarket, drugstore, store, health, food, point_of_interest, establishment"
"Arley, AL",grocery store,retail,445120,Dollar General,"1981 N Airport Rd, Jasper, AL 35504, USA",(205) 282-0240,https://www.dollargeneral.com/store-directory/al/jasper/6449,33.8697396,-87.2660688,4.2,270.0,ChIJ25ke3NtmiIgR3e7-0zcJHuU,"convenience_store, grocery_or_supermarket, drugstore, store, health, food, point_of_interest, establishment"
"Arley, AL",grocery store,retail,445120,Dollar General,"31366 NE 1st Ave, Carbon Hill, AL 35549, USA",(205) 549-5155,https://www.dollargeneral.com/store-directory/al/carbon-hill/637,33.8859809,-87.51994479999999,3.9,333.0,ChIJrfb-f0N5iIgR6JJ_VxhVpbQ,"convenience_store, grocery_or_supermarket, drugstore, store, health, food, point_of_interest, establishment"
"Arley, AL",grocery store,retail,445120,Dollar General,"3687 Sipsey Rd, Sipsey, AL 35584, USA",(205) 649-1246,https://www.dollargeneral.com/store-directory/al/sipsey/12660,33.8262846,-87.090763,4.2,197.0,ChIJN4yF7rhZiIgRntsWWAUy-tk,"convenience_store, grocery_or_supermarket, drugstore, store, health, food, point_of_interest, establishment"
"Arley, AL",grocery store,retail,445110,Gateway Foodland,"5100 Curry Hwy Suite 146, Jasper, AL 35503, USA",(205) 384-3536,,33.9397285,-87.2193861,4.5,529.0,ChIJoTXMTFRdiIgR0SCT2uOuy28,"grocery_or_supermarket, bakery, supermarket, store, food, point_of_interest, establishment"
"Arley, AL",grocery store,retail,445120,Dollar General,"27654 AL-69, Jasper, AL 35504, USA",(205) 754-0012,https://www.dollargeneral.com/store-directory/al/jasper/12653,33.8537997,-87.1816398,4.2,362.0,ChIJKdrlVNVdiIgRCCHKQlqtdYU,"convenience_store, grocery_or_supermarket, drugstore, store, health, food, point_of_interest, establishment"
"Arley, AL",grocery store,retail,445120,Dollar General,"120 U.S. Hwy 278 W, Cullman, AL 35057, USA",(256) 507-9115,https://www.dollargeneral.com/store-directory/al/cullman/15211,34.1702068,-86.8813608,4.1,433.0,ChIJhZ8McZbLiYgRpuHDHS7cRXM,"convenience_store, grocery_or_supermarket, drugstore, store, health, food, point_of_interest, establishment"
"Arley, AL",grocery store,retail,445120,V & W Food Mart,"19129 US Hwy 31, South Vinemont, AL 35179, USA",(256) 739-3911,,34.2425879,-86.86745789999999,4.4,176.0,ChIJkd3In_7MiYgR3jQzj9n-Nj8,"convenience_store, gas_station, grocery_or_supermarket, store, restaurant, food, point_of_interest, establishment"
"Arley, AL",grocery store,retail,445120,Dollar General,"26222 AL-195 N, Double Springs, AL 35553, USA",(205) 627-2095,https://www.dollargeneral.com/store-directory/al/double-springs/4506,34.1587645,-87.41296589999999,4.2,321.0,ChIJoafjJxsNiIgRN8emW1HMOHQ,"convenience_store, grocery_or_supermarket, drugstore, store, health, food, point_of_interest, establishment"
"Arley, AL",grocery store,retail,445120,Dollar General,"41 Park Dr, Vinemont, AL 35179, USA",(256) 507-9230,https://www.dollargeneral.com/store-directory/al/vinemont/8701,34.2305394,-86.86214009999999,4.2,350.0,ChIJ_zcupP7MiYgRXaDCW2h51ys,"convenience_store, grocery_or_supermarket, drugstore, store, health, food, point_of_interest, establishment"
"Arley, AL",grocery store,retail,445110,157 Shell & Grocery,"13873 AL-157, Vinemont, AL 35179, USA",(256) 737-0090,,34.2642157,-86.9893056,3.8,10.0,ChIJpYj1sxYuiIgRTA0dtNLE26k,"grocery_or_supermarket, store, food, point_of_interest, establishment"
"Arley, AL",grocery store,retail,445120,Dollar General,"6901 U.S. Hwy 278 W, Cullman, AL 35057, USA",(256) 787-2894,https://www.dollargeneral.com/store-directory/al/cullman/22865,34.19466,-86.98062,3.7,19.0,ChIJoQynw-81iIgRZ3xMx0aC1UI,"convenience_store, grocery_or_supermarket, drugstore, store, health, food, point_of_interest, establishment"
"Arley, AL",grocery store,retail,445120,Dollar General,"121 Co Rd 1435, Cullman, AL 35058, USA",(256) 531-9505,https://www.dollargeneral.com/store-directory/al/cullman/14825,34.2049876,-86.8276164,4.2,389.0,ChIJqVTfHNdZYogRSqaohHUq3mk,"convenience_store, grocery_or_supermarket, drugstore, store, health, food, point_of_interest, establishment"
"Arley, AL",grocery store,retail,445120,Dollar General,"171 AL-69 S, Hanceville, AL 35077, USA",(256) 787-2121,https://www.dollargeneral.com/store-directory/al/hanceville/9554,34.052629,-86.8681002,4.1,404.0,ChIJj3QUffG0iYgROtVWQn8GKsI,"drugstore, convenience_store, grocery_or_supermarket, health, food, point_of_interest, store, establishment"
"Arley, AL",grocery store,retail,445120,Dollar General,"40 Co Rd 1237, Vinemont, AL 35179, USA",(256) 531-9120,https://www.dollargeneral.com/store-directory/al/vinemont/9404,34.2521559,-86.9695143,4.2,417.0,ChIJtZlrwH8B3ogRX7Dq5k1l4rQ,"drugstore, convenience_store, grocery_or_supermarket, health, food, point_of_interest, store, establishment"
"Arley, AL",grocery store,retail,445120,Dollar General,"6155 County Rd 222, Cullman, AL 35057, USA",(256) 297-3620,https://www.dollargeneral.com/store-directory/al/cullman/18460,34.0957238,-86.94246249999999,4.4,181.0,ChIJAbqx1GFKiIgReqz2KSpP8FA,"drugstore, convenience_store, grocery_or_supermarket, health, food, point_of_interest, store, establishment"
"Arley, AL",grocery store,retail,445120,Dollar General,"1902 7th Ave W, Jasper, AL 35501, USA",(205) 754-0392,https://www.dollargeneral.com/store-directory/al/jasper/6397,33.8320173,-87.28250709999999,3.8,419.0,ChIJI7ZxG0BhiIgRmYSrh3in2OE,"drugstore, convenience_store, grocery_or_supermarket, health, food, point_of_interest, store, establishment"
"Arley, AL",grocery store,retail,445120,Dollar General,"14765 County Rd 222, Crane Hill, AL 35053, USA",(256) 507-9125,https://www.dollargeneral.com/store-directory/al/crane-hill/11537,34.0956393,-87.0581718,4.4,190.0,ChIJ9yp6rBRIiIgRXGbk1g8Fk5o,"drugstore, convenience_store, grocery_or_supermarket, health, food, point_of_interest, store, establishment"
"Arley, AL",grocery store,retail,445120,Dollar General,"7684 AL-69 S, Cullman, AL 35057, USA",(256) 787-2153,https://www.dollargeneral.com/store-directory/al/cullman/18646,33.9940238,-86.9700419,4.2,204.0,ChIJpRuMhjpMiIgROdiHRO_P8rM,"drugstore, convenience_store, grocery_or_supermarket, health, food, point_of_interest, store, establishment"
"Arley, AL",grocery store,retail,445120,Dollar General,"7996 AL-5, Nauvoo, AL 35578, USA",(205) 379-0640,https://www.dollargeneral.com/store-directory/al/nauvoo/21309,33.9223656,-87.3921275,4.3,83.0,ChIJq29nUOd7iIgRufGe6c8AxWA,"drugstore, convenience_store, grocery_or_supermarket, health, food, point_of_interest, store, establishment"
"Arley, AL",grocery store,retail,445120,Dollar General,"149 Skyline Dr, Warrior, AL 35180, USA",(659) 265-4980,https://www.dollargeneral.com/store-directory/al/warrior/25028,33.8416003,-86.88934429999999,2.5,11.0,ChIJF3GEIjariYgRINxmiJqZ5Eo,"drugstore, convenience_store, grocery_or_supermarket, health, food, point_of_interest, store, establishment"
"Arley, AL",grocery store,retail,445120,Dollar General,"16526 AL-157, Vinemont, AL 35179, USA",(256) 531-9212,https://www.dollargeneral.com/store-directory/al/vinemont/20150,34.3009961,-86.9962786,4.4,141.0,ChIJI1hTUXgviIgRIQ3FDHncxr0,"drugstore, convenience_store, grocery_or_supermarket, health, food, point_of_interest, store, establishment"
"Arley, AL",grocery store,retail,445120,Dollar General,"3455 Co Rd 1435, Vinemont, AL 35179, USA",(256) 531-9515,https://www.dollargeneral.com/store-directory/al/vinemont/20739,34.2506958,-86.8224807,4.4,99.0,ChIJnUSsLS3NiYgRqIWkJvq_8J0,"drugstore, convenience_store, grocery_or_supermarket, health, food, point_of_interest, store, establishment"
"Arley, AL",grocery store,retail,445120,Dollar General,"1642 Town Square S W, Cullman, AL 35055, USA",(256) 531-9491,https://www.dollargeneral.com/store-directory/al/cullman/2190,34.160132,-86.83701529999999,4.3,316.0,ChIJ9TU6r4HLiYgRWvajEfzLIFs,"drugstore, convenience_store, grocery_or_supermarket, health, food, point_of_interest, store, establishment"
"Arley, AL",grocery store,retail,445120,Dollar General,"2001 Hwy 31 SW, Hartselle, AL 35640, USA",(256) 502-5215,https://www.dollargeneral.com/store-directory/al/hartselle/23142,34.42374,-86.92811999999999,3.1,16.0,ChIJvQQCNBUriIgR0mrgqHcqeNw,"drugstore, convenience_store, grocery_or_supermarket, health, food, point_of_interest, store, establishment"
"Arley, AL",grocery store,retail,445120,Danville Grocery,"5715 AL-36, Danville, AL 35619, USA",(256) 773-1010,,34.4149598,-87.0868945,4.4,154.0,ChIJzz164bghiIgR_8bg-EMN5a4,"convenience_store, grocery_or_supermarket, atm, finance, food, point_of_interest, store, establishment"
"Arley, AL",grocery store,retail,445120,Dollar General,"11180 AL-33, Moulton, AL 35650, USA",(256) 410-2912,https://www.dollargeneral.com/store-directory/al/moulton/20284,34.4331212,-87.29200829999999,4.6,80.0,ChIJQf5Y4TMfiIgRXQa31b2xdts,"drugstore, convenience_store, grocery_or_supermarket, health, food, point_of_interest, store, establishment"
"Arley, AL",grocery store,retail,445120,Dollar General,"1470 Co Rd 715, Cullman, AL 35055, USA",(256) 297-3021,https://www.dollargeneral.com/store-directory/al/cullman/22440,34.1325363,-86.8178854,3.8,17.0,ChIJB7iVbKrJiYgRCkpjg9rWOB8,"drugstore, convenience_store, grocery_or_supermarket, health, food, point_of_interest, store, establishment"
"Arley, AL",grocery store,retail,445120,Dollar General,"801 2nd Ave NW, Cullman, AL 35055, USA",(256) 531-9076,https://www.dollargeneral.com/store-directory/al/cullman/6623,34.1847783,-86.8501886,4.3,394.0,ChIJoVlfKZfLiYgR1KlM4-V2bb0,"drugstore, convenience_store, grocery_or_supermarket, health, food, point_of_interest, store, establishment"
"Arley, AL",grocery store,retail,445120,Dollar General,"14950 AL-91, Hanceville, AL 35077, USA",(256) 787-2392,https://www.dollargeneral.com/store-directory/al/hanceville/20778,33.948055,-86.8635528,4.4,96.0,ChIJR-6_jYCziYgRX26jgvjKUQs,"drugstore, convenience_store, grocery_or_supermarket, health, food, point_of_interest, store, establishment"
"Arley, AL",grocery store,retail,445120,Dollar General,"13101 AL-69 S, Bremen, AL 35033, USA",(256) 787-2455,https://www.dollargeneral.com/store-directory/al/bremen/14895,33.9506675,-87.03669939999999,4.4,213.0,ChIJvxBeDHVPiIgRw17UuM-Jbeo,"drugstore, convenience_store, grocery_or_supermarket, health, food, point_of_interest, store, establishment"
"Arley, AL",grocery store,retail,445110,Son's of Arley,"6710 Co Rd 41, Arley, AL 35541, USA",(205) 221-9315,,34.0788463,-87.21200569999999,4.4,198.0,ChIJy9B7TPZBiIgRS5J5VHBo5NY,"grocery_or_supermarket, food, point_of_interest, store, establishment"
"Arley, AL",grocery store,retail,445110,Manchester Grocery,"4560 AL-195, Jasper, AL 35503, USA",(205) 265-2190,https://www.facebook.com/p/Manchester-Foods-100057336254785/,33.9071028,-87.30120629999999,4.5,98.0,ChIJzVyNiNBliIgRm3aOoBjvBkw,"gas_station, grocery_or_supermarket, atm, finance, food, point_of_interest, store, establishment"
"Arley, AL",indian grocery,retail,,Warrior Mountain Trading Post,"11312 AL-33, Moulton, AL 35650, USA",(256) 974-7678,,34.434977,-87.2922728,4.4,208.0,ChIJsQTNXH0eiIgREtNXoU4BchI,"gas_station, food, store, point_of_interest, establishment"
"Arley, AL",indian grocery,retail,445120,Guthery's Store and Grill,"10836 County Rd 222, Logan, AL 35098, USA",(256) 747-1005,,34.1156309,-87.0110862,3.9,27.0,ChIJAU4bt9dJiIgRHNNjTxQV78Q,"convenience_store, food, store, point_of_interest, establishment"
"Arley, AL",indian grocery,retail,445310,Warrior Speed Mart,"510 US-31 So, Warrior, AL 35180, USA",(205) 543-6777,,33.8050826,-86.81316199999999,4.3,275.0,ChIJX6hlvS6qiYgRO7mhekMIgyE,"gas_station, liquor_store, meal_takeaway, restaurant, food, store, point_of_interest, establishment"
"Arley, AL",retail food,retail,,Crestwood Shopping Center,"241 US-31, Hartselle, AL 35640, USA",,,34.4404685,-86.9426563,4.2,1059.0,ChIJ75ogLPYqiIgRJbqCW-pHCao,"shopping_mall, point_of_interest, establishment"
"Arley, AL",retail food,retail,,Marktplatz Cntr Sw,"1908 marketplatz Center SW, Cullman, AL 35055, USA",,,34.1504642,-86.8398644,4.4,634.0,ChIJsU3ejzbKiYgRyoJmjFJC8vw,"shopping_mall, point_of_interest, establishment"
"Arley, AL",retail food,retail,445110,Lindas Surplus Grocery & Merchandise,"611 AL-160, Warrior, AL 35180, USA",(205) 647-0880,,33.8529304,-86.8172481,4.7,171.0,ChIJwdltLamuiYgR5dFN2t6JXm4,"grocery_or_supermarket, food, point_of_interest, store, establishment"
"Arley, AL",retail food,retail,445110,Piggly Wiggly Warrior,"415 Caldwell Dr, Warrior, AL 35180, USA",(205) 647-3241,http://russellpig.com/,33.8071938,-86.810434,4.4,1208.0,ChIJN1cdwHCpiYgR2f75hgbmmJo,"grocery_or_supermarket, food, point_of_interest, store, establishment"
"Arley, AL",retail food,retail,,Town Square,"1656 Town Square S W, Cullman, AL 35055, USA",,https://amzn.to/3EjxCFN,34.16053710000001,-86.8373313,4.1,793.0,ChIJR7ZVicvLiYgR22SNbRadoGo,"shopping_mall, point_of_interest, establishment"
"Arley, AL",retail food,retail,445120,Ice House West Convenience Store,"906 AL-69, Jasper, AL 35501, USA",(251) 243-1347,,33.8297421,-87.2858254,3.9,48.0,ChIJN4l5RlthiIgRrl_BMxW50Yk,"convenience_store, food, point_of_interest, store, establishment"
"Arley, AL",retail food,retail,445120,Morris Quick Mart,"8530 US-31, Morris, AL 35116, USA",(205) 543-6272,,33.7556621,-86.8151214,5.0,11.0,ChIJO2i4AEmpiYgR-cNUnxpU6hs,"convenience_store, food, point_of_interest, store, establishment"
"Arley, AL",retail food,retail,445120,Mike's Grocery & Deli,"3924 Sipsey Rd, Sipsey, AL 35584, USA",(205) 255-7139,,33.8247228,-87.0865906,4.0,7.0,ChIJ66zB0bhZiIgRO26B5fjQImo,"convenience_store, restaurant, food, point_of_interest, store, establishment"
"Arley, AL",retail food,retail,445110,Bill & Son's Super Market,"31040 NE 1st Ave #4, Carbon Hill, AL 35549, USA",(205) 924-8796,,33.8848764,-87.5152607,4.5,378.0,ChIJUwckfkN5iIgRoyi01t_fSvg,"grocery_or_supermarket, supermarket, food, point_of_interest, store, establishment"
"Arley, AL",retail food,retail,445120,Friendly Shop,"2300 11th Ave, Haleyville, AL 35565, USA",(205) 486-5495,,34.2299638,-87.62171939999999,4.1,38.0,ChIJBR3umQnkh4gRxt7F4pQv4vY,"convenience_store, gas_station, food, point_of_interest, store, establishment"
"Arley, AL",retail food,retail,,CULLMAN SHOPPING CENTER,"1106 2nd Ave NW, Cullman, AL 35055, USA",,,34.1836355,-86.8501541,4.4,987.0,ChIJ5WeyGZfLiYgRSW2nKD5E2fo,"shopping_mall, point_of_interest, establishment"
"Arley, AL",retail food,retail,445110,Hyatt's Market,"70 Mc Hann Rd, Addison, AL 35540, USA",(256) 747-6005,,34.2029811,-87.18267499999999,4.6,626.0,ChIJ6603b4c-iIgRwRHhkzh3OFI,"grocery_or_supermarket, supermarket, food, point_of_interest, store, establishment"
"Arley, AL",retail food,retail,445120,Smith Lake Trade Center,"9285 Curry Hwy, Jasper, AL 35503, USA",(205) 384-9403,,33.9953343,-87.229079,4.5,11.0,ChIJq6p6c9FpiIgRiUONcx2NFtY,"convenience_store, food, point_of_interest, store, establishment"
"Arley, AL",retail food,retail,,Grocery One,"5595 Coon Creek Rd, Empire, AL 35063, USA",,,33.8191952,-86.99212469999999,4.2,10.0,ChIJG7K4B4RXiIgRWjPvH5Uj12s,"store, point_of_interest, establishment"
"Arley, AL",retail food,retail,445110,Gateway Foodland,"14928 US-278, Double Springs, AL 35553, USA",(205) 489-5001,,34.1592014,-87.4155971,4.5,224.0,ChIJoTE4VBsNiIgRauAkiR9CVQM,"grocery_or_supermarket, food, point_of_interest, store, establishment"
"Arley, AL",retail food,retail,445310,Catoma Package,"100 Co Rd 1435, Cullman, AL 35058, USA",(256) 734-8443,https://www.facebook.com/thebestliquorstoreincullman,34.2043074,-86.82679560000001,4.6,345.0,ChIJo-R81AbMiYgRFFH3xYjjnD8,"point_of_interest, liquor_store, store, establishment"
"Arley, AL",retail food,retail,,South Cullman Shopping Center,"1620 2nd Ave SW, Cullman, AL 35055, USA",,,34.1613224,-86.83442269999999,4.4,1319.0,ChIJ4Q5zSMzLiYgR0-_4u7WF9_0,"shopping_mall, point_of_interest, establishment"
"Arley, AL",clothing store,retail,448140,Ross Dress for Less,"1224 Cullman Shopping Center NW, Cullman, AL 35055, USA",(256) 736-9216,https://www.rossstores.com/,34.1832715,-86.8512985,4.3,615.0,ChIJ4zn4dJfLiYgRB6tpfbbKeCg,"clothing_store, department_store, shoe_store, point_of_interest, store, establishment"
"Arley, AL",clothing store,retail,452210,T.J. Maxx,"1908 Marktplatz Center SW, Cullman, AL 35055, USA",(256) 736-5560,https://tjmaxx.tjx.com/store/index.jsp,34.1508612,-86.8390069,4.4,506.0,ChIJCX50Ob_LiYgRlVG-fbfQ-Ng,"department_store, jewelry_store, clothing_store, point_of_interest, store, establishment"
"Arley, AL",clothing store,retail,448140,bealls,"1200 Hwy 78 W Ste B, Jasper, AL 35501, USA",(205) 295-9019,https://stores.bealls.com/al/jasper/1200-highway-78-w,33.8496502,-87.28965099999999,4.5,216.0,ChIJU0DD6QHViogRWvR1yGtlLF4,"clothing_store, shoe_store, home_goods_store, point_of_interest, store, establishment"
"Arley, AL",clothing store,retail,448140,Factory Connection,"241 Hwy 31 SW, Hartselle, AL 35640, USA",(256) 751-4455,http://www.factory-connection.com/,34.4398978,-86.94316909999999,4.4,39.0,ChIJqXwaSWEqiIgRRK3-Ogrc5H4,"clothing_store, shoe_store, home_goods_store, point_of_interest, store, establishment"
"Arley, AL",clothing store,retail,448140,Dunham's Sports,"300 Hwy 78 E, Jasper, AL 35501, USA",(205) 282-4204,https://www.dunhamssports.com/store-details?storeID=263&city=JASPER&state=AL,33.85139540000001,-87.270504,4.1,181.0,ChIJO1jdZJ1hiIgRJbQFR5uHCV4,"clothing_store, point_of_interest, store, establishment"
"Arley, AL",clothing store,retail,452210,T.J. Maxx,"606 Hwy 78 E, Jasper, AL 35501, USA",(205) 295-9273,https://tjmaxx.tjx.com/store/index.jsp,33.8498855,-87.2690193,4.3,396.0,ChIJ2ewGuAHViogRqV7XfSJgXhk,"department_store, jewelry_store, clothing_store, point_of_interest, store, establishment"
"Arley, AL",clothing store,retail,448140,Factory Connection,"1621 Town Square S W, Cullman, AL 35055, USA",(256) 736-5631,http://www.factory-connection.com/,34.161794,-86.83806299999999,4.4,58.0,ChIJm3tDQcnLiYgRAyeJzTTxYRY,"clothing_store, point_of_interest, store, establishment"
"Arley, AL",clothing store,retail,452210,Walmart Supercenter,"690 Hwy 78, Sumiton, AL 35148, USA",(205) 648-4100,https://www.walmart.com/store/2723-sumiton-al/?veh=seo_loc,33.7452125,-87.0420532,4.0,2477.0,ChIJ40JHjF34iIgRunuQGMVjqAQ,"department_store, electronics_store, grocery_or_supermarket, bakery, hardware_store, clothing_store, furniture_store, home_goods_store, food, point_of_interest, store, establishment"
"Arley, AL",clothing store,retail,448140,America's Thrift Stores & Donation Center,"4121 Hwy 78 E, Jasper, AL 35501, USA",(205) 221-0585,http://www.americasthrift.com/,33.8362443,-87.22687010000001,3.9,477.0,ChIJ1_2xUpxgiIgR-po1ykL5J0g,"clothing_store, point_of_interest, store, establishment"
"Arley, AL",clothing store,retail,448140,Amanda Grace Clothing and Boutique,"411 Fieldcrest St SW, Hartselle, AL 35640, USA",,,34.4055619,-86.9312562,,,ChIJE-ywM9oriIgRLZ2lObTJUXo,"clothing_store, point_of_interest, store, establishment"
"Arley, AL",clothing store,retail,448210,DICK'S Sporting Goods,"1106 Cullman Shopping Center NW, Cullman, AL 35055, USA",(256) 841-3534,https://stores.dickssportinggoods.com/al/cullman/1161/?seo=localpack,34.1820415,-86.8496182,3.8,382.0,ChIJF-MCOb_LiYgR70NOBuLfuYs,"shoe_store, bicycle_store, clothing_store, point_of_interest, store, establishment"
"Arley, AL",clothing store,retail,452210,Walmart Supercenter,"42466 AL-195, Haleyville, AL 35565, USA",(205) 486-9498,https://www.walmart.com/store/409-haleyville-al/?veh=seo_loc,34.2404501,-87.5987332,4.1,1351.0,ChIJt_V1pLbjh4gRV0gedfTlbag,"department_store, electronics_store, grocery_or_supermarket, bakery, hardware_store, clothing_store, furniture_store, home_goods_store, food, point_of_interest, store, establishment"
"Arley, AL",clothing store,retail,448140,Lavish Boutique,"207 19th St E, Jasper, AL 35501, USA",(205) 265-2911,http://www.lavishboutiqueclothing.com/,33.8322833,-87.272519,4.8,83.0,ChIJOfTIExhhiIgRosbcvQdFfJQ,"clothing_store, point_of_interest, store, establishment"
"Arley, AL",clothing store,retail,452210,Belk,"1216 Cullman Shopping Center NW, Cullman, AL 35055, USA",(256) 734-8941,https://www.belk.com/store/belk-cullman-al/?StoreID=417,34.18259,-86.851035,4.2,903.0,ChIJ12O3HcnLiYgRUtqYz_68Bb8,"department_store, shoe_store, clothing_store, home_goods_store, point_of_interest, store, establishment"
"Arley, AL",clothing store,retail,448140,Two Bloom Clothing,"7093 Mill Creek Ln, Dora, AL 35062, USA",,,33.7158123,-87.0063775,,,ChIJncYk1rv5iIgRCxU8aX_E3vc,"clothing_store, point_of_interest, store, establishment"
"Arley, AL",clothing store,retail,448210,Three Pears,"118 5th St SE, Cullman, AL 35055, USA",(256) 739-5577,,34.1737597,-86.83969549999999,4.5,12.0,ChIJgajqKsfLiYgRbiabNC_iQkM,"shoe_store, jewelry_store, clothing_store, point_of_interest, store, establishment"
"Arley, AL",clothing store,retail,452210,Belk,"300 Hwy 78 E, Jasper, AL 35501, USA",(205) 384-6361,https://www.belk.com/store/belk-jasper-al/?StoreID=253,33.8524298,-87.2716373,4.2,637.0,ChIJ-UsyBTTWh4gR8LUbmZdEFYA,"department_store, shoe_store, clothing_store, home_goods_store, point_of_interest, store, establishment"
"Arley, AL",clothing store,retail,448210,Cato Fashions,"1916 Market Platz Center SW, Cullman, AL 35055, USA",(256) 734-0932,https://stores.catofashions.com/al/cullman/1916-market-platz-center-sw?utm_source=gmb&utm_medium=Yext&y_source=1_MjY1NTk5MzUtNzE1LWxvY2F0aW9uLndlYnNpdGU%3D,34.1504717,-86.83915619999999,4.2,66.0,ChIJCX50Ob_LiYgRyJX9IYKEx0Q,"shoe_store, clothing_store, store, point_of_interest, establishment"
"Arley, AL",clothing store,retail,448140,KS Boutique,"1164 Morris Majestic Rd, Morris, AL 35116, USA",(205) 567-0172,http://www.ksboutiqueshop.com/,33.7598217,-86.7910897,4.9,39.0,ChIJFRIx4wupiYgRBqfeb5iL5PA,"clothing_store, store, point_of_interest, establishment"
"Arley, AL",clothing store,retail,448140,Fishers Men's Shop Jasper,"300 Hwy 78 E, Jasper, AL 35501, USA",(205) 221-4559,,33.8518338,-87.2717845,3.5,11.0,ChIJWXgbS-BhiIgRX8I3ur6trHY,"clothing_store, store, point_of_interest, establishment"
"Arley, AL",clothing store,retail,448140,Dixie Duds and Decor,"300 2nd St SE, Cullman, AL 35055, USA",(256) 841-6444,http://www.dixiedudsanddecor.com/,34.177306,-86.8400542,4.2,30.0,ChIJd4JehjXLiYgRmwN_F3f5Vcs,"clothing_store, jewelry_store, store, point_of_interest, establishment"
"Arley, AL",clothing store,retail,448140,Carol's Boutique,"109 19th St E, Jasper, AL 35501, USA",(205) 384-5270,https://www.shopcarols.com/,33.8322289,-87.2735711,4.1,52.0,ChIJPV_6dTJhiIgR2giXTR_o-Ag,"clothing_store, store, point_of_interest, establishment"
"Arley, AL",clothing store,retail,448140,Platform,"115 1st Ave NE, Cullman, AL 35055, USA",(256) 775-3722,http://www.platformcullman.com/,34.1783922,-86.84337459999999,4.5,16.0,ChIJwXY2jY7LiYgRZ8zxeSwbdEA,"clothing_store, store, point_of_interest, establishment"
"Arley, AL",clothing store,retail,448140,Jack's Western & Outdoor Wear,"114 Schwaiger Rd, Cullman, AL 35055, USA",(256) 739-3612,http://jackswestern.com/,34.1130518,-86.8648307,4.6,665.0,ChIJe0PqOX61iYgRqTmOaggx_OE,"clothing_store, shoe_store, store, point_of_interest, establishment"
"Arley, AL",clothing store,retail,448140,Nomadic Threads,"106 1st Ave NE, Cullman, AL 35055, USA",(256) 962-1789,https://nomadicthreadscullman.com/,34.1781266,-86.8432404,5.0,18.0,ChIJEba1mC_LiYgRt6vZmYDhvwg,"clothing_store, store, point_of_interest, establishment"
"Arley, AL",clothing store,retail,448140,J K TAYLOR,"421 3rd Ave SE Suite 150, Cullman, AL 35055, USA",(256) 735-4380,http://www.shopjktaylor.com/,34.1745967,-86.83905419999999,4.4,10.0,ChIJgbe3AZfLiYgRW-G6SVimLiU,"clothing_store, store, point_of_interest, establishment"
"Arley, AL",clothing store,retail,448140,Wild Thang,"1614 2nd Ave SW, Cullman, AL 35055, USA",(256) 737-9453,http://www.wildthanglingerie.com/,34.1621901,-86.8347577,4.2,137.0,ChIJUaIrUMzLiYgRWwy3e4R7aLc,"clothing_store, store, point_of_interest, establishment"
"Arley, AL",clothing store,retail,445110,Big Lots,"1100 Hwy 78 W, Jasper, AL 35501, USA",(205) 221-9711,http://www.biglots.com/,33.8497006,-87.2882271,4.3,639.0,ChIJd1DKzUvWh4gRBrQXm-Qt5M0,"grocery_or_supermarket, clothing_store, store, point_of_interest, food, establishment"
"Arley, AL",clothing store,retail,448140,Southern Belle Boutique Cullman Al,"1354 U.S. Hwy 278 W, Cullman, AL 35057, USA",(256) 595-2298,http://www.southernbelleboutiqueal.com/,34.1756354,-86.90102619999999,5.0,2.0,ChIJ-xDrAtDLiYgRVagt5GgGDzY,"clothing_store, store, point_of_interest, establishment"
"Arley, AL",clothing store,retail,448140,The Curiosity Shop,"1008 22nd St W, Jasper, AL 35501, USA",(205) 387-1010,http://thecuriosityshop.co/,33.8288046,-87.2869821,4.1,63.0,ChIJvzE442thiIgRZ9tcHKrAdSU,"clothing_store, store, point_of_interest, establishment"
"Arley, AL",clothing store,retail,448140,Zero Gravity,"1404 2nd Ave NW, Cullman, AL 35055, USA",(256) 736-2199,https://www.facebook.com/ZeroGravityAlabama/?ref=hl,34.1901111,-86.85186139999999,4.4,582.0,ChIJi3Sr15bLiYgRp6ntf0yrQIY,"clothing_store, jewelry_store, store, point_of_interest, establishment"
"Arley, AL",clothing store,retail,448140,Stitched by Steph,"1442 Co Rd 1282, Falkville, AL 35622, USA",(256) 665-8986,,34.2816242,-86.9169999,4.0,2.0,ChIJcUWX9V7JiYgRG2eNNgWcEKU,"clothing_store, store, point_of_interest, establishment"
"Arley, AL",clothing store,retail,448140,Eternal Light Co.,"714 Hwy 78 E Suite 106, Jasper, AL 35501, USA",(205) 379-0398,https://www.eternallightco.com/,33.8478606,-87.2663867,4.9,3930.0,ChIJgb40kuH3iIgR77wN5Tfjpmw,"clothing_store, store, point_of_interest, establishment"
"Arley, AL",clothing store,retail,448140,Meraki Boutique,"1406 2nd Ave NW, Cullman, AL 35055, USA",,http://www.merakiboutiqueshoponline.com/,34.1902556,-86.85180559999999,5.0,7.0,ChIJmSf7osjLiYgRnhqN3CE4oDE,"clothing_store, store, point_of_interest, establishment"
"Arley, AL",clothing store,retail,448140,Nate's Western Wear,"59 Douglas Rd, Falkville, AL 35622, USA",(256) 796-6026,http://www.nateswesternwear.com/,34.36664,-86.8946552,4.7,40.0,ChIJK4Nw1GHQiYgRII9Ptf24S3Y,"clothing_store, store, point_of_interest, establishment"
"Arley, AL",clothing store,retail,448140,CJ's Boutique,"2478 Warrior Jasper Rd, Warrior, AL 35180, USA",,https://www.facebook.com/groups/1345887255855920/,33.7807859,-86.89916679999999,5.0,3.0,ChIJXZfshPOpiYgRe3Mc3oVlHkA,"bakery, clothing_store, home_goods_store, store, point_of_interest, food, establishment"
"Arley, AL",clothing store,retail,448140,MR.HICKS Mens Wear,"217 Compass Way SW, Cullman, AL 35055, USA",(256) 739-1007,http://www.suitsformen.com/,34.1569986,-86.8362915,4.5,39.0,ChIJlzZds8zLiYgRJR3cpFp6mBs,"clothing_store, store, point_of_interest, establishment"
"Arley, AL",clothing store,retail,448210,Hibbett Sports,"714 Hwy 78 Ste 110, Jasper, AL 35501, USA",(205) 221-0505,https://www.hibbett.com/storedetails/AL/Jasper/1040?utm_source=gmblisting&utm_medium=organic,33.8500021,-87.2658391,4.4,81.0,ChIJBauNPTZhiIgR7gerCPfSds8,"shoe_store, clothing_store, point_of_interest, store, establishment"
"Arley, AL",clothing store,retail,448210,Hibbett Sports,"300 Hwy 78 E Ste 438, Jasper, AL 35501, USA",(205) 302-0013,https://www.hibbett.com/storedetails/AL/Jasper/6?utm_source=gmblisting&utm_medium=organic,33.8518293,-87.2726589,4.3,48.0,ChIJkRtB6E5hiIgR5W-sxL89NUo,"shoe_store, clothing_store, point_of_interest, store, establishment"
"Arley, AL",clothing store,retail,448210,Hibbett Sports,"1631 Town Square S W, Cullman, AL 35055, USA",(256) 775-3990,https://www.hibbett.com/storedetails/AL/Cullman/169?utm_source=gmblisting&utm_medium=organic,34.1614904,-86.8383654,4.2,110.0,ChIJ9TU6r4HLiYgRuplm2tL3aXE,"shoe_store, clothing_store, point_of_interest, store, establishment"
"Arley, AL",clothing store,retail,448140,Debs on 5th,"777 5th St E, Jasper, AL 35501, USA",(205) 265-2137,https://debson5th.com/,33.8471617,-87.2671621,4.7,25.0,ChIJ-99X3zphiIgRK6pyveWvzGU,"clothing_store, point_of_interest, store, establishment"
"Arley, AL",clothing store,retail,448140,Lavish Boutique Cullman,"103 1st Ave NE suite 100, Cullman, AL 35055, USA",(205) 265-2911,https://www.facebook.com/lavishboutiquecullman/,34.178518,-86.843673,4.9,19.0,ChIJXTtfHZrLiYgRC8O8gxS49_U,"clothing_store, point_of_interest, store, establishment"
"Arley, AL",clothing store,retail,448140,Deb & Co.,"300 Hwy 78 W Suite 106, Jasper, AL 35504, USA",(205) 221-3950,http://shopdebnco.com/,33.8497863,-87.2771613,3.0,8.0,ChIJiShkdjJhiIgRwfCCaJU8VEg,"clothing_store, point_of_interest, store, establishment"
"Arley, AL",clothing store,retail,448140,Deb & Co,"300 Hwy 78 E Suite 430, Jasper, AL 35501, USA",(205) 221-3950,http://shopdebnco.com/,33.8518338,-87.2717845,3.8,9.0,ChIJ-UsyBTTWh4gRfYv70cmL73k,"clothing_store, home_goods_store, point_of_interest, store, establishment"
"Arley, AL",clothing store,retail,448140,Black Sheep Boutique,"228 Co Rd 209, Crane Hill, AL 35053, USA",,,34.026761,-87.06233549999999,,,ChIJ2ft0cMZFiIgRjvaxmg4rogI,"clothing_store, point_of_interest, store, establishment"
"Arley, AL",clothing store,retail,448140,Gibson Girl Boutique,"1809 4th Ave S, Jasper, AL 35501, USA",(205) 388-0322,https://gibsongirlboutique.com/,33.833252,-87.2785384,4.4,9.0,ChIJGfmMtWJhiIgRkxT_K3MyNPE,"clothing_store, point_of_interest, store, establishment"
"Arley, AL",clothing store,retail,448140,Marlee Jane's,"460 20th St W, Jasper, AL 35501, USA",(205) 512-1199,http://www.marleejanes.co/,33.8313794,-87.2793093,4.7,12.0,ChIJo_f4RBhhiIgRi-KeZ_aSlAk,"clothing_store, point_of_interest, store, establishment"
"Arley, AL",clothing store,retail,448140,Bubble Gum & Blue Jeans,"400 5th St SW A, Cullman, AL 35055, USA",(256) 734-2829,https://www.facebook.com/bubblegumandbluejeans/,34.1715828,-86.84481579999999,4.9,202.0,ChIJ8-C4vMDLiYgRKrcHkKCp9qM,"clothing_store, point_of_interest, store, establishment"
"Arley, AL",clothing store,retail,445120,Walgreens,"201 Hwy 31 NW, Hartselle, AL 35640, USA",(256) 773-4377,https://www.walgreens.com/locator/walgreens-201+highway+31+nw-hartselle-al-35640/id=10966,34.4430437,-86.9432339,2.7,85.0,ChIJaUSHdvUqiIgR5qC-Hum5QDg,"drugstore, convenience_store, clothing_store, health, food, point_of_interest, store, establishment"
"Arley, AL",clothing store,retail,448140,Bernards Store For Men,"217 19th St W, Jasper, AL 35501, USA",(205) 384-6421,https://www.bernardsstoreformen.com/,33.8320455,-87.27707749999999,4.8,48.0,ChIJbTWfIWphiIgR38pV4lPxCDw,"clothing_store, point_of_interest, store, establishment"
"Arley, AL",clothing store,retail,445310,CVS,"1906 Cherokee Ave SW, Cullman, AL 35055, USA",(256) 775-8778,https://www.cvs.com/store-locator/cullman-al-pharmacies/1906-cherokee-ave-sw-cullman-al-35055/storeid=10416?WT.mc_id=LS_GOOGLE_FS_10416,34.1506442,-86.8445825,3.6,52.0,ChIJORJ47EjKiYgR-uTMiYWQILM,"drugstore, liquor_store, convenience_store, clothing_store, health, food, point_of_interest, store, establishment"
"Arley, AL",clothing store,retail,445310,CVS,"101 N Airport Rd, Jasper, AL 35504, USA",(205) 387-0572,https://www.cvs.com/store-locator/jasper-al-pharmacies/101-airport-rd-north-jasper-al-35501/storeid=4834?WT.mc_id=LS_GOOGLE_FS_4834,33.8488473,-87.26700149999999,2.6,107.0,ChIJCy2EsC5hiIgRB8UlDKx33GM,"drugstore, liquor_store, convenience_store, clothing_store, health, food, point_of_interest, store, establishment"
"Arley, AL",clothing store,retail,448140,Tickled Pink Boutique,"2981 AL-195, Jasper, AL 35503, USA",(205) 512-1091,http://facebook.com/tickledpinkboutiquejasper,33.8891454,-87.2840452,5.0,8.0,ChIJ59iKmZJmiIgRCGyFs7YLabg,"clothing_store, point_of_interest, store, establishment"
"Arley, AL",clothing store,retail,448140,Spirit Shop LLC,"1402 2nd Ave NW, Cullman, AL 35055, USA",(256) 775-8444,,34.1900658,-86.8518441,4.3,35.0,ChIJG4Cs15bLiYgRZ3vVSrX8eLM,"clothing_store, point_of_interest, store, establishment"
"Arley, AL",clothing store,retail,448140,America's Thrift Stores & Donation Center,"15472 US-278, Double Springs, AL 35553, USA",(205) 489-1772,http://www.americasthrift.com/,34.1550609,-87.4071312,4.2,100.0,ChIJcbv9AJIUiIgR-SIu4DdJhek,"clothing_store, point_of_interest, store, establishment"
"Arley, AL",clothing store,retail,448140,Grey Barn Boutique,"918 20th St, Haleyville, AL 35565, USA",(205) 430-2565,http://www.greybarnboutique.com/,34.2264792,-87.62330109999999,5.0,6.0,ChIJIauloEz3h4gRitr1RJen5cE,"clothing_store, point_of_interest, store, establishment"
"Arley, AL",clothing store,retail,445120,Walgreens,"100 N Airport Rd, Jasper, AL 35504, USA",(205) 221-3150,https://www.walgreens.com/locator/walgreens-100+n+airport+rd-jasper-al-35504/id=9683,33.8489945,-87.2679536,2.8,87.0,ChIJz4t-ui5hiIgRvH7x4hSLWXI,"drugstore, convenience_store, clothing_store, health, food, point_of_interest, store, establishment"
"Arley, AL",convenience store,retail,445120,Toad 2,"N Walston Bridge Rd, Jasper, AL 35504, USA",(205) 265-2566,,33.8775123,-87.24424259999999,4.2,37.0,ChIJqd-vJUVniIgRzgzky00QC50,"convenience_store, store, food, point_of_interest, establishment"
"Arley, AL",convenience store,retail,445120,RJS FOOD MART,"1206 AL-69, Jasper, AL 35501, USA",,,33.8271331,-87.2904789,4.0,17.0,ChIJDQR5JG9hiIgR4aogX7pcp1k,"convenience_store, store, food, point_of_interest, establishment"
"Arley, AL",convenience store,retail,445120,dale’s market,"364 County Rd 222 Suite A, Cullman, AL 35055, USA",(256) 841-7150,,34.1306938,-86.8621122,5.0,4.0,ChIJzf70UWXLiYgRf-irnQn9n7c,"convenience_store, store, food, point_of_interest, establishment"
"Arley, AL",convenience store,retail,445120,Circle K,"613 Hwy 78 E, Jasper, AL 35501, USA",(205) 221-9515,https://www.circlek.com/store-locator/US/jasper/613-hwy-78-e/2723832?utm_source=google&utm_medium=local&utm_campaign=google-local,33.8477877,-87.26864789999999,4.0,118.0,ChIJfVjtBTTWh4gRR4FgLBJujDo,"convenience_store, gas_station, atm, cafe, finance, store, food, point_of_interest, establishment"
"Arley, AL",convenience store,retail,445120,Chevron,"5400 Hwy 78 W, Jasper, AL 35501, USA",(205) 221-1103,https://www.chevronwithtechron.com/station/5400-Old-Us-78-Jasper-AL-35504-id375300,33.8554716,-87.3338168,4.2,168.0,ChIJZRQ9oIdjiIgR77XvhKMcrGY,"gas_station, convenience_store, liquor_store, atm, finance, store, food, point_of_interest, establishment"
"Arley, AL",convenience store,retail,445120,Four Way,"4244 Co Rd 109, Bremen, AL 35033, USA",(256) 287-0545,,34.0152814,-86.9803872,2.8,17.0,ChIJARcI0IhOiIgRA_NknK1XigU,"convenience_store, store, food, point_of_interest, establishment"
"Arley, AL",convenience store,retail,445120,Cordova Mini Mart,"6801 Hwy 78 E, Cordova, AL 35550, USA",(205) 255-6597,,33.8004583,-87.116749,4.4,7.0,ChIJ294iHORYiIgRS3EJM1Fs7q8,"convenience_store, atm, finance, store, food, point_of_interest, establishment"
"Arley, AL",convenience store,retail,445120,Circle K,"6001 AL-157, Cullman, AL 35058, USA",(256) 775-9016,"https://www.circlek.com/store-locator/US/cullman/6001-al-hwy-157/2704889?address=Cullman,%20Alabama%2035058,%20United%20States&lat=34.25&lng=-86.68&lang=en",34.2066678,-86.87535299999999,4.2,161.0,ChIJsQ0AaJzMiYgRuEvsZsF3bn0,"convenience_store, gas_station, store, food, point_of_interest, establishment"
"Arley, AL",convenience store,retail,445120,Addison Quik Stop,"16590 Co Rd 41, Addison, AL 35540, USA",(256) 747-4569,,34.207024,-87.17964970000001,4.4,12.0,ChIJe957xoA-iIgRNe-b6m60N6A,"convenience_store, store, food, point_of_interest, establishment"
"Arley, AL",convenience store,retail,445120,Stuckey's Hayden,"7600 County Hwy 5, Hayden, AL 35079, USA",(205) 647-7043,,33.9103961,-86.86630269999999,4.3,25.0,ChIJW-uIdgutiYgRXCtxpVvR9eg,"convenience_store, store, food, point_of_interest, establishment"
"Arley, AL",convenience store,retail,445120,Mill Creek Grocery,"2085 Nauvoo Rd, Carbon Hill, AL 35549, USA",(205) 924-9170,,33.9070431,-87.50882899999999,4.5,11.0,ChIJ9fcvvld4iIgRgYTZkuC2_Ig,"convenience_store, gas_station, store, food, point_of_interest, establishment"
"Arley, AL",convenience store,retail,445120,M & M Mini Mart,"5801 AL-157, Cullman, AL 35058, USA",(256) 739-0352,,34.2061087,-86.8722327,4.0,4.0,ChIJIS5Da4PMiYgRxA1RrBNy5cw,"convenience_store, gas_station, store, food, point_of_interest, establishment"
"Arley, AL",convenience store,retail,445120,Texaco,"3266 AL-157, Cullman, AL 35055, USA",(256) 737-0255,https://www.texaco.com/content/texaco/en_us/home/find-a-station.html?/station/3266-HWY-157-CULLMAN-AL-35055-id302809,34.203749,-86.8279049,4.0,25.0,ChIJrUaeN1XJiYgRPObemiX56jI,"gas_station, convenience_store, store, food, point_of_interest, establishment"
"Arley, AL",convenience store,retail,445120,Toad,"2501 Airport Rd, Jasper, AL 35504, USA",(205) 265-3600,,33.8773876,-87.2678043,4.4,15.0,ChIJZ0eRi91miIgR7Axu3HpHOl0,"gas_station, convenience_store, liquor_store, store, food, point_of_interest, establishment"
"Arley, AL",convenience store,retail,445120,Pure Gas Station Five Points Grocery,"205 Rosemont Ave NW, Cullman, AL 35055, USA",(256) 734-9825,,34.1778594,-86.8566343,4.7,18.0,ChIJkXA7JKLLiYgRopNgYIFwN1U,"convenience_store, gas_station, store, food, point_of_interest, establishment"
"Arley, AL",convenience store,retail,445120,Falkville Food Mart,"380 Buster Rd, Falkville, AL 35622, USA",(256) 784-6200,,34.3690369,-86.89321340000001,,,ChIJEx_-UdPTiYgR1Q_FNQDGPcQ,"convenience_store, food, point_of_interest, store, establishment"
"Arley, AL",convenience store,retail,445120,Sheri's One Stop Inc,"3919 N Massachusetts Ave, Cordova, AL 35550, USA",(205) 483-0111,,33.76456,-87.1851879,4.1,25.0,ChIJjc2DBH_1iIgRdA_4OOaRLlk,"gas_station, convenience_store, food, point_of_interest, store, establishment"
"Arley, AL",convenience store,retail,445120,Moore's Pure,"2100 Main Ave SW, Cullman, AL 35055, USA",(256) 734-1910,http://moores-pure.keeq.io/,34.1436807,-86.8479523,3.6,51.0,ChIJi4MoyEXKiYgRYAx0QvBFiEU,"convenience_store, gas_station, food, point_of_interest, store, establishment"
"Arley, AL",convenience store,retail,445120,Chevron,"352 Hwy 78, Jasper, AL 35501, USA",(205) 387-0066,https://www.chevronwithtechron.com/,33.8496005,-87.2788819,2.9,14.0,ChIJlXi2ii5hiIgRYqm1wK6wgLY,"gas_station, convenience_store, food, point_of_interest, store, establishment"
"Arley, AL",convenience store,retail,445120,Mobil,"415 2nd Ave NW, Cullman, AL 35055, USA",(256) 775-0158,https://www.chevronwithtechron.com/station/,34.1805733,-86.8474902,3.4,14.0,ChIJNZ6jU4XLiYgRIzOjPfNxxfk,"gas_station, convenience_store, car_repair, food, point_of_interest, store, establishment"
"Arley, AL",convenience store,retail,445120,Shell,"2085 Nauvoo Rd, Carbon Hill, AL 35549, USA",(205) 924-1970,https://find.shell.com/us/fuel/10002365-2085-nauvoo-rd/en_US,33.9069729,-87.5087394,4.0,24.0,ChIJa8LUr1d4iIgRVRrdjEYRiDU,"gas_station, convenience_store, atm, finance, restaurant, food, point_of_interest, store, establishment"
"Arley, AL",convenience store,retail,445120,Shell,"100 Hwy 31 SW, Hartselle, AL 35640, USA",(256) 751-0058,https://find.shell.com/us/fuel/10010378-100-highway-31-sw/en_US,34.4421667,-86.94175670000001,4.3,39.0,ChIJ410RcV8qiIgRWihJZUHxdHs,"gas_station, convenience_store, food, point_of_interest, store, establishment"
"Arley, AL",convenience store,retail,445120,Zippy Market LLC,"3022 AL-195, Jasper, AL 35503, USA",(205) 302-0335,,33.8891458,-87.2831963,5.0,1.0,ChIJ97HVeI1miIgRr2NjnPod0uQ,"convenience_store, gas_station, food, point_of_interest, store, establishment"
"Arley, AL",convenience store,retail,445120,Dollar General,"10115 Corner School Rd, Warrior, AL 35180, USA",(205) 749-0007,https://www.dollargeneral.com/store-directory/al/warrior/5811,33.80358930000001,-86.9418714,4.0,250.0,ChIJb2s-BwBViIgReNfO4DVs3Sk,"drugstore, convenience_store, grocery_or_supermarket, store, health, point_of_interest, food, establishment"
"Arley, AL",convenience store,retail,445120,Murphy USA,"624 Olive St SW, Cullman, AL 35055, USA",(256) 739-7143,http://www.murphyusa.com/,34.1508991,-86.8429414,4.1,67.0,ChIJK_XWKTLKiYgRTJIEw-KOhpY,"gas_station, convenience_store, store, point_of_interest, food, establishment"
"Arley, AL",convenience store,retail,445120,Texaco Carbon Hill,"31804 NE 1st Ave, Carbon Hill, AL 35549, USA",(205) 924-0413,https://www.texaco.com/content/texaco/en_us/home/find-a-station.html?/station/31804-FIRST-AVE-NE-CARBON-HILL-AL-35549-id303123,33.8884019,-87.5278184,3.6,27.0,ChIJubYBgER5iIgRfk57b_MwM5w,"gas_station, convenience_store, car_repair, store, point_of_interest, food, establishment"
"Arley, AL",convenience store,retail,445120,Shell,"1408 2nd Ave SW, Cullman, AL 35055, USA",(256) 734-7042,https://find.shell.com/us/fuel/10010323-1408-2nd-ave-sw/en_US,34.1626328,-86.8359759,3.5,34.0,ChIJNcNNrs7LiYgRDo-zXZrfEN8,"gas_station, convenience_store, store, point_of_interest, food, establishment"
"Arley, AL",convenience store,retail,445120,Shell,"5500 W Hwy 78 W, Jasper, AL 35501, USA",(205) 384-0733,https://find.shell.com/us/fuel/10071942-5500-highway-78-w/en_US,33.8554162,-87.33646689999999,3.9,108.0,ChIJI2busxheiIgRWld0GS_Sgvw,"gas_station, convenience_store, store, point_of_interest, food, establishment"
"Arley, AL",convenience store,retail,445120,Chevron,"1275 Hwy 78 W, Jasper, AL 35501, USA",(205) 384-4669,http://www.chevron.com/,33.848019,-87.28900089999999,5.0,4.0,ChIJhwJZtuReiIgRdh_Tmq9GzlQ,"gas_station, convenience_store, store, point_of_interest, food, establishment"
"Arley, AL",convenience store,retail,445120,Nauvoo Food Mart,"9071 AL-5, Nauvoo, AL 35578, USA",(205) 221-9237,,33.9367367,-87.3971902,4.4,97.0,ChIJ161Pv_J2iIgRue2wAaa0yBo,"convenience_store, store, point_of_interest, food, establishment"
"Arley, AL",convenience store,retail,445120,Marathon,"26102 AL-195, Double Springs, AL 35553, USA",(205) 465-2415,,34.1576001,-87.4118295,4.3,9.0,ChIJp5w2fBoNiIgRV3zL45m4-38,"gas_station, convenience_store, store, point_of_interest, food, establishment"
"Arley, AL",convenience store,retail,445120,Texaco Cullman,"5801 AL-157, Cullman, AL 35055, USA",(256) 739-0352,https://www.texaco.com/content/texaco/en_us/home/find-a-station.html?/station/6381-HWY-157-NORTHWEST-CULLMAN-AL-350577037-id386342,34.2062878,-86.87254600000001,2.8,18.0,ChIJh5Hwy5zMiYgRc_yj5I0X6gk,"gas_station, convenience_store, car_repair, store, point_of_interest, food, establishment"
"Arley, AL",convenience store,retail,445120,Shell,"233 AL-69 S, Hanceville, AL 35077, USA",(256) 287-0548,https://find.shell.com/us/fuel/10015811-233-al-highway-69-s/en_US,34.051931,-86.8691358,3.8,188.0,ChIJAfCrLPK0iYgRIfLcPpxQi7o,"gas_station, convenience_store, store, restaurant, point_of_interest, food, establishment"
"Arley, AL",convenience store,retail,445120,Chevron Jasper,"I-22 &, 1315 AL-269, Jasper, AL 35501, USA",(205) 387-7227,https://www.chevronwithtechron.com/station,33.8121246,-87.28113460000002,3.3,57.0,ChIJO-PH6gHViogR3c0WeAlh0PQ,"gas_station, convenience_store, store, point_of_interest, food, establishment"
"Arley, AL",convenience store,retail,445120,Shell,"1102 4th St SW, Cullman, AL 35055, USA",(256) 734-0285,https://find.shell.com/us/fuel/10071588-1102-4th-st-sw/en_US,34.171644,-86.84880400000002,3.9,84.0,ChIJaTjWs7vLiYgREtWx-h36nVQ,"gas_station, convenience_store, store, restaurant, point_of_interest, food, establishment"
"Arley, AL",wholesale,retail,,C&C Internet Plant Nursery,"4989 Mt Olive Rd, Gardendale, AL 35071, USA",,,33.7271769,-86.8771299,,,ChIJBxxU-TsBiYgR3SyKZ_AteX4,"point_of_interest, establishment"
"Arley, AL",wholesale,retail,,American Classics Inc,"160 Co Rd 565, Hanceville, AL 35077, USA",(256) 737-9995,http://americanclassicsonline.com/,34.0568535,-86.8604437,4.2,5.0,ChIJB5EIDxC2iYgRRx4b7ZrZVTk,"point_of_interest, establishment"
"Arley, AL",distributor,retail,,Walmart Distribution Center,"2200 7th Ave SW, Cullman, AL 35055, USA",(256) 739-0763,http://www.walmart.com/,34.1361682,-86.84560739999999,3.6,604.0,ChIJrYe7GUHKiYgRdmyUOf3UnH4,"storage, point_of_interest, establishment"
"Arley, AL",distributor,retail,,The Nutrition Hub,"4330 Hwy 78 E ste 113, Jasper, AL 35501, USA",(205) 512-7306,,33.8385889,-87.2257554,4.0,5.0,ChIJ0fyPsB5hiIgRX_VYis_Sd24,"point_of_interest, establishment"
"Arley, AL",distributor,retail,,Alabama Furniture Distribution,"921 20th St, Haleyville, AL 35565, USA",(205) 486-6491,,34.2261039,-87.6230432,5.0,1.0,ChIJFwXVnwbkh4gRa8ulU8P992U,"point_of_interest, establishment"
"Arley, AL",distributor,retail,,Cullman Coca-Cola Bottling Company,"1145 Co Rd 437, Cullman, AL 35057, USA",(256) 734-0613,http://cocacolaunited.com/locations/cullman,34.1216241,-86.8577679,5.0,7.0,ChIJ18ao9HzKiYgR1BXdvqeoXQk,"food, point_of_interest, establishment"
"Arley, AL",distributor,retail,,Roze Distribution Inc,"1601 22nd St SE Ste 1, Cullman, AL 35055, USA",(256) 739-1426,https://www.rozedist.com/,34.139508,-86.81932359999999,4.3,12.0,ChIJx_J51ovJiYgRA-fagPr-Hwk,"point_of_interest, establishment"
"Arley, AL",distributor,retail,,Addison Steel Truss,"33884 US-278, Addison, AL 35540, USA",(256) 747-1554,http://addisonsteeltruss.com/,34.180014,-87.13169219999999,1.0,1.0,ChIJTb678PE5iIgRpu4sV95DdxQ,"point_of_interest, establishment"
"Arley, AL",distributor,retail,,Olympic Steel - Alabama,"4005 Co Rd 35, Hanceville, AL 35077, USA",(256) 287-5340,http://www.olysteel.com/,33.9115166,-86.9702629,5.0,1.0,ChIJ2Z79GvBTiIgRIDCtVfT1Msw,"point_of_interest, establishment"
"Arley, AL",distributor,retail,,Carbon Hill Coca-Cola Bottling Company,"4959 Prospect Rd, Carbon Hill, AL 35549, USA",(205) 924-9922,https://cocacolaunited.com/locations/carbon-hill/,33.9234488,-87.4728442,4.7,7.0,ChIJ0zUgfaN5iIgRAZSBKTy5Q9s,"food, point_of_interest, establishment"
"Arley, AL",distributor,retail,,Harris Metal,"4860 County Rd 222, Cullman, AL 35057, USA",(256) 708-4411,,34.107975,-86.926515,5.0,1.0,ChIJQZM1pD5LiIgR_UfDY2-U-xw,"point_of_interest, establishment"
"Arley, AL",distributor,retail,,Rusken Packaging Inc,"64 Walnut St NW, Cullman, AL 35055, USA",(256) 734-0092,http://rusken.com/,34.1984825,-86.851799,4.4,45.0,ChIJSQb0pojLiYgRoNwmzbsHQuo,"point_of_interest, establishment"
"Arley, AL",food distributor,retail,,Cullman Foodservice Co,"33 AL-69, Cullman, AL 35055, USA",(256) 739-3296,,34.1836742,-86.7926956,3.7,3.0,ChIJA_JwpzzJiYgROcY5DzAEgGg,"point_of_interest, establishment"
"Arley, AL",food distributor,retail,,Hope Janitorial,"760 Co Rd 437, Cullman, AL 35055, USA",(256) 736-9944,,34.1269136,-86.8577066,4.4,7.0,ChIJkZpaf2PKiYgRbXfs1MDQS2s,"food, point_of_interest, establishment"
"Arley, AL",food distributor,retail,722511,Crawfish Warehouse,"1825 6th Ave S, Jasper, AL 35501, USA",(205) 265-2205,,33.8328879,-87.28054639999999,3.8,121.0,ChIJiY7nQMlhiIgR6kmQISyM5C8,"restaurant, food, point_of_interest, establishment"
"Arley, AL",food distributor,retail,,Downrown Foods,"Jasper, AL 35501, USA",,,33.831826,-87.2756606,,,ChIJPVPaQRZhiIgRGaM20J6aQxs,"point_of_interest, establishment"
"Arley, AL",food distributor,retail,453910,Chambers Farm and Garden Supply,"404 Mcnabb Rd SW, Cullman, AL 35055, USA",(256) 734-3894,https://chambersfarmandgardensupply.com/,34.1716197,-86.8603523,4.7,257.0,ChIJo5ngoKfLiYgROp2Rb5lSNzQ,"pet_store, general_contractor, food, florist, store, point_of_interest, establishment"
"Arley, AL",food distributor,retail,,The Hen Den,"834 National Forest Road #121, Houston, AL 35572, USA",,,34.181813,-87.251756,,,ChIJxbiu0IAViIgRptYfPM58rg8,"food, point_of_interest, establishment"
"Arley, AL",grocery wholesaler,retail,442110,Sweatmon's,"14413 County Rd 222, Crane Hill, AL 35053, USA",(256) 615-3191,,34.0966,-87.052644,4.8,53.0,ChIJn6JdVRNIiIgR8rri6VS26Oo,"furniture_store, grocery_or_supermarket, home_goods_store, general_contractor, store, point_of_interest, food, establishment"
"Arley, AL",wholesale grocery,retail,,CHEEPO DEPOT,"Jasper, AL 35504, USA",(205) 544-9527,,33.8499226,-87.2768061,3.3,13.0,ChIJKaRbqzZhiIgRTdBkAUOKAcY,"point_of_interest, establishment"
"Arley, AL",wholesale meat,retail,,Southern Integrity Meats,"12345 AL-157, Vinemont, AL 35179, USA",(256) 962-5545,http://si-meats.com/,34.2501017,-86.9695505,5.0,14.0,ChIJI0Oes1cziIgR8wcYVVQzizI,"food, point_of_interest, store, establishment"
"Arley, AL",wholesale meat,retail,,Brickyard Meats- Butcher Shop & Custom Processing,"257 Co Rd 471, Cullman, AL 35055, USA",(256) 739-6615,http://www.brickyardmeats.com/,34.1556332,-86.8710741,4.7,148.0,ChIJI8E1yf3KiYgR4n5IWF1_O78,"food, point_of_interest, store, establishment"
"Arley, AL",wholesale meat,retail,,Brothers Processing,"551 Co Rd 485, Hanceville, AL 35077, USA",(205) 388-7049,,34.1187366,-86.8236154,4.3,55.0,ChIJjS07XQLKiYgRt7bIQP1tUHE,"food, point_of_interest, store, establishment"
"Arley, AL",wholesale meat,retail,,Hayes meat processing,"36 Filter Plant Rd, Cordova, AL 35550, USA",(205) 544-4324,,33.791207,-87.0913297,4.5,8.0,ChIJr_V8q2lZiIgR55dNeQ9ukxM,"food, point_of_interest, store, establishment"
"Arley, AL",wholesale meat,retail,,Beef 4 U,"148 W Pike Rd, Falkville, AL 35622, USA",(256) 758-0653,https://www.beef4u.org/contact,34.3717309,-86.91467589999999,,,ChIJRakiA6UsiIgR_9ugODGCNBw,"food, point_of_interest, establishment"
