Location,Search Keyword,Segment,NAICS Code,Business Name,Address,Phone Number,Website,Latitude,Longitude,Rating,User Ratings,Place ID,Types
"Baileyton, AL",ethnic store,retail,445110,Lakou Lakay Caribbean Market,"1000 Beltline Rd SW Unit K, Decatur, AL 35601, USA",(256) 227-3989,,34.5616901,-87.00292999999999,4.4,7.0,ChIJzQkl7GSFYogRbieJ67Vt1BA,"grocery_or_supermarket, food, store, point_of_interest, establishment"
"Baileyton, AL",ethnic store,retail,445110,La Guerrerense,"1530 6th Ave SE A, Decatur, AL 35601, USA",(256) 350-5731,https://www.facebook.com/supermercadolaguerrerense/,34.5827102,-86.978264,4.5,233.0,ChIJ4faam5-GYogRb2Q4b0CI-M4,"grocery_or_supermarket, food, store, point_of_interest, establishment"
"Baileyton, AL",grocery store,retail,445110,Publix Super Market at Mountain Cove Crossing,"12796 Bailey Cove Rd SE, Huntsville, AL 35803, USA",(256) 885-0002,https://www.publix.com/?setstorenumber=209&utm_medium=maps&utm_source=extendednetwork&utm_content=psm_website_url,34.622752,-86.53849230000002,4.6,961.0,ChIJfw49CZ0NYogR3Ua-puoOpDo,"supermarket, liquor_store, florist, bakery, grocery_or_supermarket, store, point_of_interest, food, establishment"
"Baileyton, AL",grocery store,retail,445110,Kroger,"241 Hwy 31 SW Ste K, Hartselle, AL 35640, USA",(256) 773-6413,https://www.kroger.com/stores/grocery/al/hartselle/crestwood-shopping-center/026/00894?cid=loc_02600894_gmb,34.4394307,-86.9426778,4.3,373.0,ChIJqXwaSWEqiIgRtY8aqrRh7Hg,"grocery_or_supermarket, store, point_of_interest, food, establishment"
"Baileyton, AL",grocery store,retail,445110,Piggly Wiggly,"1455 Sunset Dr, Guntersville, AL 35976, USA",(256) 582-2865,https://www.pigglywiggly.com/store-locations/alabama/,34.3524716,-86.31424,4.4,652.0,ChIJS1-vKDj5iYgR4l8du03dY2s,"grocery_or_supermarket, supermarket, store, point_of_interest, food, establishment"
"Baileyton, AL",grocery store,retail,445110,ALDI,"11100 US-431, Guntersville, AL 35976, USA",(855) 955-2534,https://stores.aldi.us/al/guntersville/11100-us-hwy-431?utm_source=google&utm_medium=local&utm_campaign=brand&utm_content=storepage_webclick,34.29884980000001,-86.2667895,4.5,1409.0,ChIJf7vefG34iYgRlJNTizCD_EU,"supermarket, grocery_or_supermarket, store, point_of_interest, food, establishment"
"Baileyton, AL",grocery store,retail,445110,Hometown Market,"412 Sparkman St NW, Hartselle, AL 35640, USA",(256) 502-5399,https://www.myiga.com/,34.4468042,-86.93570849999999,4.5,738.0,ChIJsen6DfMqiIgRvKkJQtSLX_o,"grocery_or_supermarket, supermarket, store, point_of_interest, food, establishment"
"Baileyton, AL",grocery store,retail,445110,Lucky's Supermarket,"70670 Main St, Blountsville, AL 35031, USA",(205) 429-3265,https://www.shopmyluckys.com/weekly-ads,34.0994239,-86.57414299999999,4.2,349.0,ChIJ3eV2V1GViYgRWN1OBPriehc,"grocery_or_supermarket, supermarket, store, point_of_interest, food, establishment"
"Baileyton, AL",grocery store,retail,445110,Guntersville Foodland Plus,"14214 Southgate Plaza, Guntersville, AL 35976, USA",(256) 582-3470,https://www.foodlandgrocery.com/store-locations/guntersville-foodland-plus/?utm_source=gbp&utm_medium=organic,34.320854,-86.31056439999999,4.4,530.0,ChIJ0QwfxQn5iYgRazEGY01n2NU,"supermarket, grocery_or_supermarket, store, point_of_interest, food, establishment"
"Baileyton, AL",grocery store,retail,445110,Publix Super Market at Guntersville Landing,"2300 Gunter Ave, Guntersville, AL 35976, USA",(256) 571-2501,https://www.publix.com/?setstorenumber=1462&utm_medium=maps&utm_source=extendednetwork&utm_content=psm_website_url,34.3338462,-86.3164911,4.7,1826.0,ChIJTXT15RL5iYgRhG-yC8JciyY,"supermarket, liquor_store, florist, bakery, grocery_or_supermarket, store, point_of_interest, food, establishment"
"Baileyton, AL",grocery store,retail,445110,ALDI,"11909 Memorial Pkwy SW, Huntsville, AL 35803, USA",(855) 955-2534,https://stores.aldi.us/al/huntsville/11909-memorial-pkwy-s?utm_source=google&utm_medium=local&utm_campaign=brand&utm_content=storepage_webclick,34.6127229,-86.56583239999999,4.5,1236.0,ChIJLZHG3TgNYogRDNK9tQMBFw8,"supermarket, grocery_or_supermarket, store, point_of_interest, food, establishment"
"Baileyton, AL",grocery store,retail,445110,Publix Super Market at Point Mallard Centre,"2934 Point Mallard Pkwy SE, Decatur, AL 35603, USA",(256) 351-5261,https://www.publix.com/?setstorenumber=1609&utm_medium=maps&utm_source=extendednetwork&utm_content=psm_website_url,34.5426762,-86.9203713,4.7,1148.0,ChIJEcEpzbiAYogRsAPpx0zs-a4,"supermarket, liquor_store, florist, bakery, grocery_or_supermarket, store, point_of_interest, food, establishment"
"Baileyton, AL",grocery store,retail,445110,Price Less IGA,"929 2nd Ave E, Oneonta, AL 35121, USA",(256) 875-3080,http://pricelessiga.com/,33.9554398,-86.46395489999999,4.3,716.0,ChIJIzisi_GQiYgReCH3qPoReic,"grocery_or_supermarket, supermarket, bakery, store, point_of_interest, food, establishment"
"Baileyton, AL",grocery store,retail,445110,Food Valu,"9405 AL-75, Douglas, AL 35964, USA",(256) 593-0151,http://douglasfoodvalu.com/,34.1694444,-86.33027779999999,4.4,380.0,ChIJ_c-HMAz0iYgRREqS_PAZDUU,"supermarket, grocery_or_supermarket, store, point_of_interest, food, establishment"
"Baileyton, AL",grocery store,retail,445110,Warehouse Discount Groceries TownSquare,"1615 Town Square S W, Cullman, AL 35055, USA",(256) 739-4380,https://www.warehousediscountgroceries.com/store-locations/warehouse-discount-groceries-of-townsquare/?utm_source=gbp&utm_medium=organic,34.1619444,-86.8372222,4.4,801.0,ChIJ9TU6r4HLiYgRwaoaVct70c4,"grocery_or_supermarket, supermarket, store, point_of_interest, food, establishment"
"Baileyton, AL",grocery store,retail,452210,Walmart Supercenter,"11610 Memorial Pkwy SW, Huntsville, AL 35803, USA",(256) 881-0581,https://www.walmart.com/store/434-huntsville-al/?veh=seo_loc,34.6158511,-86.5706988,3.9,3374.0,ChIJ0yphDkcNYogR6wxMhMMivAc,"department_store, hardware_store, electronics_store, clothing_store, bakery, grocery_or_supermarket, furniture_store, home_goods_store, store, point_of_interest, food, establishment"
"Baileyton, AL",grocery store,retail,445110,Dennis Foodland,"4592 Main St, Grant, AL 35747, USA",(256) 728-4312,https://www.foodlandgrocery.com/store-locations/dennis-foodland/,34.5154699,-86.25729439999999,4.3,461.0,ChIJhVTWvN8BYogRRtTkmJvKY5Q,"grocery_or_supermarket, supermarket, store, point_of_interest, food, establishment"
"Baileyton, AL",grocery store,retail,445110,Publix Super Market at Cullman Shopping Center,"1104 Cullman Shopping Center NW, Cullman, AL 35055, USA",(256) 736-7000,https://www.publix.com/?setstorenumber=1503&utm_medium=maps&utm_source=extendednetwork&utm_content=psm_website_url,34.1814204,-86.8493743,4.6,1610.0,ChIJXWReqpfLiYgR7WcZbxRCtmI,"supermarket, liquor_store, florist, bakery, grocery_or_supermarket, store, point_of_interest, food, establishment"
"Baileyton, AL",grocery store,retail,445110,Priceville Foodland,"470 AL-67, Decatur, AL 35603, USA",(256) 355-5412,http://pricevillefoodland.com/,34.5248256,-86.89345379999999,4.5,651.0,ChIJ5foUiy9-YogRbxmrwr2sMSs,"supermarket, grocery_or_supermarket, store, point_of_interest, food, establishment"
"Baileyton, AL",grocery store,retail,445110,S&S Foods,"35 Camp Rd, Cleveland, AL 35049, USA",(205) 274-0456,http://www.ssfoods.net/,33.9866919,-86.58371079999999,4.6,894.0,ChIJnVSnHom9iYgReEfIrjojyYU,"grocery_or_supermarket, liquor_store, supermarket, store, point_of_interest, food, establishment"
"Baileyton, AL",grocery store,retail,452210,Walmart Supercenter,"1450 N Brindlee Mountain Pkwy, Arab, AL 35016, USA",(256) 586-8168,https://www.walmart.com/store/306-arab-al/?veh=seo_loc,34.3417674,-86.50058279999999,3.9,2578.0,ChIJRYLP6J3miYgRQIWAypwSLuQ,"department_store, hardware_store, electronics_store, clothing_store, bakery, grocery_or_supermarket, furniture_store, home_goods_store, store, point_of_interest, food, establishment"
"Baileyton, AL",grocery store,retail,445110,Warehouse Discount Groceries of Arab,"2250 N Brindlee Mountain Pkwy, Arab, AL 35016, USA",(256) 586-6567,https://www.warehousediscountgroceries.com/store-locations/warehouse-discount-groceries-of-arab/?utm_source=gbp&utm_medium=organic,34.357398,-86.5043367,4.5,694.0,ChIJB4zX1KXmiYgRBEoyIbQvomw,"grocery_or_supermarket, supermarket, store, point_of_interest, food, establishment"
"Baileyton, AL",grocery store,retail,445110,Hopper Family Market,"7467 AL-69 N, Cullman, AL 35058, USA",(256) 796-6500,https://www.hoppersfamilymarket.com/weekly-ad/,34.2461932,-86.6879091,4.5,369.0,ChIJ5cY-7_bEiYgRMqYMneRRs-I,"grocery_or_supermarket, atm, supermarket, finance, store, food, point_of_interest, establishment"
"Baileyton, AL",grocery store,retail,452210,Walmart Supercenter,"626 Olive St SW, Cullman, AL 35055, USA",(256) 739-1664,https://www.walmart.com/store/670-cullman-al/?veh=seo_loc,34.1495662,-86.8414852,4.1,4733.0,ChIJf5mS10nKiYgRHH8YfbW0NfE,"department_store, hardware_store, bakery, electronics_store, clothing_store, furniture_store, grocery_or_supermarket, home_goods_store, store, food, point_of_interest, establishment"
"Baileyton, AL",grocery store,retail,445110,S & S Foods,"4340 Co Rd 216, Hanceville, AL 35077, USA",(256) 287-2663,https://www.ssfoods.net/,34.0440879,-86.8771311,4.6,726.0,ChIJCbm3oZS0iYgRZNFz5s4zj-M,"grocery_or_supermarket, supermarket, store, food, point_of_interest, establishment"
"Baileyton, AL",grocery store,retail,445110,Food 4 Less,"4110 Hwy 231 B, Laceys Spring, AL 35754, USA",(256) 498-2869,https://shop.food4less.com/,34.4775791,-86.5730712,4.2,292.0,ChIJvYPO57AKYogR1bo_kBSybbc,"grocery_or_supermarket, supermarket, store, food, point_of_interest, establishment"
"Baileyton, AL",grocery store,retail,445110,ALDI,"1831 Cherokee Ave SW, Cullman, AL 35055, USA",(855) 955-2534,https://stores.aldi.us/al/cullman/1831-cherokee-ave-sw?utm_source=google&utm_medium=local&utm_campaign=brand&utm_content=storepage_webclick,34.153404,-86.84201399999999,4.4,967.0,ChIJ8fg-o0jKiYgR-tnyH0XPa28,"supermarket, grocery_or_supermarket, store, food, point_of_interest, establishment"
"Baileyton, AL",grocery store,retail,445110,DG Market,"87000 US-278, Snead, AL 35952, USA",(256) 673-2670,https://www.dollargeneral.com/store-directory/al/snead/1671,34.1199524,-86.3967424,4.2,225.0,ChIJccQZjcPyiYgRiHg9lsoLPHY,"grocery_or_supermarket, convenience_store, drugstore, home_goods_store, health, store, food, point_of_interest, establishment"
"Baileyton, AL",grocery store,retail,445110,Good Hope Grocery,"2253 Co Rd 437, Cullman, AL 35057, USA",(256) 739-2591,http://www.facebook.com/GoodHopeGrocery,34.1086479,-86.8697212,4.4,102.0,ChIJv08jiHy1iYgR-lR5JHlf7qk,"grocery_or_supermarket, gas_station, liquor_store, store, restaurant, food, point_of_interest, establishment"
"Baileyton, AL",grocery store,retail,445110,Springhill Grocery,"5531 U.S. Hwy 278 W, Cullman, AL 35057, USA",(256) 737-0724,,34.1940702,-86.9568434,4.5,157.0,ChIJ6RMb8nE0iIgRpoqgGG1WlzI,"grocery_or_supermarket, store, food, point_of_interest, establishment"
"Baileyton, AL",grocery store,retail,445110,Jim's Grocery,"839 New Hope Cedar Point Rd, New Hope, AL 35760, USA",(256) 723-4541,,34.5550058,-86.3716839,4.6,112.0,ChIJZ6sG3TEEYogRjXcYnNmz_6Y,"grocery_or_supermarket, store, food, point_of_interest, establishment"
"Baileyton, AL",grocery store,retail,445120,Dollar General,"15 N Brindlee Mountain Pkwy Pk, Arab, AL 35016, USA",(256) 673-2601,https://www.dollargeneral.com/store-directory/al/arab/2602,34.3153861,-86.5045896,4.2,515.0,ChIJPfTMvXnmiYgRjhAj6v5vjww,"convenience_store, drugstore, grocery_or_supermarket, health, store, food, point_of_interest, establishment"
"Baileyton, AL",grocery store,retail,445110,Fresh Value Somerville,"5276 Hwy 67 S, Somerville, AL 35670, USA",(256) 781-1049,http://fresh-value.com/,34.4476257,-86.7575038,4.4,46.0,ChIJBZ96WCTXiYgRMf9TrRuK-7A,"grocery_or_supermarket, store, food, point_of_interest, establishment"
"Baileyton, AL",grocery store,retail,445120,Dollar General,"12879 Memorial Pkwy SW, Huntsville, AL 35803, USA",(256) 469-1160,https://www.dollargeneral.com/store-directory/al/huntsville/10566,34.5981014,-86.5609681,4.2,401.0,ChIJObqnviENYogRhy1M7ZNRmxc,"convenience_store, drugstore, grocery_or_supermarket, health, store, food, point_of_interest, establishment"
"Baileyton, AL",grocery store,retail,445110,Warehouse Discount Groceries of Cullman 817,"5754 AL-157, Cullman, AL 35055, USA",(256) 739-4310,https://www.warehousediscountgroceries.com/store-locations/warehouse-discount-groceries-of-cullman/?utm_source=gbp&utm_medium=organic,34.2076473,-86.8709863,4.3,774.0,ChIJF_3ybIPMiYgRFKfbOFgwFRo,"grocery_or_supermarket, store, food, point_of_interest, establishment"
"Baileyton, AL",grocery store,retail,445120,Dollar General,"820 Main St W, Hartselle, AL 35640, USA",(256) 502-5170,https://www.dollargeneral.com/store-directory/al/hartselle/1685,34.4422321,-86.94695139999999,4.1,197.0,ChIJWStQaF8qiIgRKOgMbZxFuDc,"convenience_store, drugstore, grocery_or_supermarket, health, store, food, point_of_interest, establishment"
"Baileyton, AL",grocery store,retail,445110,DG Market,"11145 AL-74 E, Holly Pond, AL 35083, USA",(256) 297-3580,https://www.dollargeneral.com/store-directory/al/holly-pond/9190,34.1746354,-86.6110494,4.1,223.0,ChIJv4cdlJXBiYgRFPzEsxZnO-Y,"grocery_or_supermarket, convenience_store, drugstore, home_goods_store, health, store, food, point_of_interest, establishment"
"Baileyton, AL",grocery store,retail,445120,Dollar General,"1642 Town Square S W, Cullman, AL 35055, USA",(256) 531-9491,https://www.dollargeneral.com/store-directory/al/cullman/2190,34.160132,-86.83701529999999,4.3,316.0,ChIJ9TU6r4HLiYgRWvajEfzLIFs,"convenience_store, drugstore, grocery_or_supermarket, health, store, food, point_of_interest, establishment"
"Baileyton, AL",grocery store,retail,445110,Warehouse Discount Groceries of Hanceville,"780 Main St NE, Hanceville, AL 35077, USA",(256) 352-6245,https://www.warehousediscountgroceries.com/store-locations/warehouse-discount-groceries-of-hanceville/?utm_source=gbp&utm_medium=organic,34.0725,-86.77666669999999,4.4,916.0,ChIJcXDk4qu3iYgRXxOs9ihoURY,"grocery_or_supermarket, supermarket, store, food, point_of_interest, establishment"
"Baileyton, AL",grocery store,retail,445110,Holly Pond Supermarket,"1845 US-278, Holly Pond, AL 35083, USA",(256) 796-2667,,34.17448590000001,-86.616241,4.4,53.0,ChIJ-edJspjBiYgR-ydKugzbcyg,"supermarket, grocery_or_supermarket, store, food, point_of_interest, establishment"
"Baileyton, AL",grocery store,retail,445120,Dollar General,"1901 Henry St, Guntersville, AL 35976, USA",(256) 673-2389,https://www.dollargeneral.com/store-directory/al/guntersville/2508,34.3483148,-86.3074097,4.3,417.0,ChIJY497Lzj5iYgRfQ6xRI-nlZI,"convenience_store, drugstore, grocery_or_supermarket, health, store, food, point_of_interest, establishment"
"Baileyton, AL",grocery store,retail,445120,Dollar General,"1505 Main St E, Hartselle, AL 35640, USA",(256) 502-4680,https://www.dollargeneral.com/store-directory/al/hartselle/14448,34.4499247,-86.9078684,4.2,435.0,ChIJq23KQ7YqiIgRowJL29bb_iI,"convenience_store, drugstore, grocery_or_supermarket, health, store, food, point_of_interest, establishment"
"Baileyton, AL",grocery store,retail,452210,Walmart Supercenter,"11697 US-431, Guntersville, AL 35976, USA",(256) 878-0685,https://www.walmart.com/store/681-guntersville-al/?veh=seo_loc,34.2996711,-86.27897639999999,3.9,4077.0,ChIJA6DXLUL4iYgRPcDT8AHkhDs,"department_store, hardware_store, bakery, electronics_store, grocery_or_supermarket, clothing_store, furniture_store, home_goods_store, store, food, point_of_interest, establishment"
"Baileyton, AL",grocery store,retail,445110,Arab Foodland,"137 N Brindlee Mountain Pkwy, Arab, AL 35016, USA",(256) 586-8625,https://www.foodlandgrocery.com/store-locations/arab-foodland/?utm_source=gbp&utm_medium=organic,34.3184599,-86.5046471,4.4,947.0,ChIJjSRCX37miYgR_hvaR0mrjqw,"grocery_or_supermarket, supermarket, store, food, point_of_interest, establishment"
"Baileyton, AL",grocery store,retail,452210,Walmart Supercenter,"1201 Hwy 31 SW, Hartselle, AL 35640, USA",(256) 773-1675,https://www.walmart.com/store/1124-hartselle-al/?veh=seo_loc,34.4525267,-86.94882779999999,3.9,2440.0,ChIJx1emr18qiIgRa36DjnjFHhU,"department_store, hardware_store, bakery, electronics_store, grocery_or_supermarket, clothing_store, furniture_store, home_goods_store, store, food, point_of_interest, establishment"
"Baileyton, AL",grocery store,retail,452210,Target,"1235 Point Mallard Pkwy, Decatur, AL 35601, USA",(256) 898-3036,https://www.target.com/sl/decatur/2084,34.5588258,-86.9705499,4.2,536.0,ChIJq1L47rKGYogRYhMgQrHyor8,"department_store, shoe_store, electronics_store, clothing_store, furniture_store, home_goods_store, store, point_of_interest, establishment"
"Baileyton, AL",grocery store,retail,445110,Boaz Foodland,"9464 AL-168, Boaz, AL 35957, USA",(256) 593-7206,https://www.foodlandgrocery.com/store-locations/boaz-foodland/?utm_source=gbp&utm_medium=organic,34.1979252,-86.17660339999999,4.3,515.0,ChIJ-anR6gkciogRft_It7tfUDE,"grocery_or_supermarket, supermarket, store, food, point_of_interest, establishment"
"Baileyton, AL",grocery store,retail,452210,Walmart Supercenter,"2453 2nd Ave E, Oneonta, AL 35121, USA",(205) 625-6474,https://www.walmart.com/store/315-oneonta-al/?veh=seo_loc,33.9710849,-86.4467212,4.0,2412.0,ChIJyWCFFLKRiYgRg3XKgnJJhAE,"department_store, hardware_store, bakery, electronics_store, grocery_or_supermarket, clothing_store, furniture_store, home_goods_store, store, food, point_of_interest, establishment"
"Baileyton, AL",grocery store,retail,445110,Jack's Foodland,"5564 Hwy 55 W, Eva, AL 35621, USA",(256) 796-5122,http://jacksfoodland.com/,34.3119987,-86.7325889,4.6,405.0,ChIJy4_gt5naiYgR28dO5cDfvZM,"grocery_or_supermarket, supermarket, store, food, point_of_interest, establishment"
"Baileyton, AL",grocery store,retail,445110,S & S Foods,"10675 US-278, Holly Pond, AL 35083, USA",(256) 796-9800,http://www.ssfoods.net/,34.1753634,-86.6191887,4.6,504.0,ChIJT2rhlJXBiYgRIbwFzHf8s3I,"grocery_or_supermarket, store, food, point_of_interest, establishment"
"Baileyton, AL",grocery store,retail,445110,DG Market,"872 Main St NE, Hanceville, AL 35077, USA",(256) 787-2468,https://www.dollargeneral.com/store-directory/al/hanceville/13195,34.0772891,-86.7813501,4.2,887.0,ChIJbxq2tlK2iYgRmPD1QeppTfQ,"grocery_or_supermarket, convenience_store, drugstore, home_goods_store, store, health, food, point_of_interest, establishment"
"Baileyton, AL",grocery store,retail,445120,Dollar General,"1218 Mill Rd SW, Decatur, AL 35603, USA",(256) 580-6854,https://www.dollargeneral.com/store-directory/al/decatur/12413,34.5234326,-86.97120729999999,4.2,395.0,ChIJx23Pj3CBYogRzsI952p2pYg,"convenience_store, grocery_or_supermarket, drugstore, store, health, food, point_of_interest, establishment"
"Baileyton, AL",grocery store,retail,452210,Walmart Supercenter,"5601 AL-157, Cullman, AL 35058, USA",(256) 615-6667,https://www.walmart.com/store/7280-cullman-al/?veh=seo_loc,34.2042804,-86.8695501,4.1,4226.0,ChIJ7QJx54PMiYgRznBOQSpuaDg,"department_store, hardware_store, bakery, electronics_store, grocery_or_supermarket, clothing_store, furniture_store, home_goods_store, store, food, point_of_interest, establishment"
"Baileyton, AL",grocery store,retail,445120,Dollar General,"18 Gum Springs Cut Off Rd Rd, Hartselle, AL 35640, USA",(256) 502-4380,https://www.dollargeneral.com/store-directory/al/hartselle/18767,34.4468576,-86.8349643,4.4,220.0,ChIJMceQuOnViYgR3BexClf3PAM,"convenience_store, grocery_or_supermarket, drugstore, store, health, food, point_of_interest, establishment"
"Baileyton, AL",grocery store,retail,445120,Dollar General,"4397 Cathedral Caverns Hwy, Grant, AL 35747, USA",(256) 384-6755,https://www.dollargeneral.com/store-directory/al/grant/4136,34.5134281,-86.2603427,4.1,302.0,ChIJ4bpDo98BYogRRFdlz4Z8Myg,"convenience_store, grocery_or_supermarket, drugstore, store, health, food, point_of_interest, establishment"
"Baileyton, AL",grocery store,retail,445120,Dollar General,"50944 US-231, Oneonta, AL 35121, USA",(205) 762-0975,https://www.dollargeneral.com/store-directory/al/oneonta/15419,33.9430831,-86.4148166,4.4,198.0,ChIJi26T3-CPiYgRydaMZmf7Zg4,"convenience_store, grocery_or_supermarket, drugstore, store, health, food, point_of_interest, establishment"
"Baileyton, AL",grocery store,retail,445120,Dollar General,"10188 US-431, New Hope, AL 35760, USA",(256) 715-6663,https://www.dollargeneral.com/store-directory/al/new-hope/1680,34.5481429,-86.432011,4.3,276.0,ChIJAdmgS0wPYogRqc5FDEZdaPk,"convenience_store, grocery_or_supermarket, drugstore, store, health, food, point_of_interest, establishment"
"Baileyton, AL",grocery store,retail,445110,Asian Market at Redstone,"2130 Redstone Rd SW Suite g, Huntsville, AL 35803, USA",(256) 701-3804,,34.6176997,-86.569261,4.6,21.0,ChIJ1cDZIvMNYogR0CL_MrGhxYk,"grocery_or_supermarket, store, food, point_of_interest, establishment"
"Baileyton, AL",grocery store,retail,445110,DG Market,"457 E Pike Rd, Falkville, AL 35622, USA",(256) 502-4016,https://www.dollargeneral.com/store-directory/al/falkville/11230,34.3689621,-86.9064095,4.3,369.0,ChIJ00E0c03TiYgRprA29fWcOVI,"grocery_or_supermarket, convenience_store, drugstore, home_goods_store, store, health, food, point_of_interest, establishment"
"Baileyton, AL",grocery store,retail,445120,Dollar General,"15 Robinson St, Decatur, AL 35603, USA",(256) 445-6863,https://www.dollargeneral.com/store-directory/al/priceville/4128,34.5289836,-86.89924789999999,4.1,491.0,ChIJj55yJid-YogRm9KGCYPlTTI,"convenience_store, grocery_or_supermarket, drugstore, store, health, food, point_of_interest, establishment"
"Baileyton, AL",grocery store,retail,445120,Dollar General,"7285 AL-160, Hayden, AL 35079, USA",(205) 289-1751,https://www.dollargeneral.com/store-directory/al/hayden/9077,33.9104151,-86.7281596,4.1,211.0,ChIJD6REEkKliYgRo_U2a2wpwQw,"convenience_store, grocery_or_supermarket, drugstore, store, health, food, point_of_interest, establishment"
"Baileyton, AL",grocery store,retail,445110,Mercado El Valle,"605 1st Ave E, Oneonta, AL 35121, USA",(205) 274-4901,https://m.facebook.com/Mercadoelvalle/,33.9479491,-86.4707518,4.2,147.0,ChIJadT264uQiYgR0PXmMulWgoE,"grocery_or_supermarket, store, food, point_of_interest, establishment"
"Baileyton, AL",indian grocery,retail,445110,Oak Ridge Groceries,"2661 Vaughn Brg Rd, Hartselle, AL 35640, USA",(256) 502-8433,,34.4745985,-86.9981463,4.5,71.0,ChIJWyTpNAqCYogRzIOc7aAdPPc,"grocery_or_supermarket, store, food, point_of_interest, establishment"
"Baileyton, AL",retail food,retail,445110,Decatur Commons,"1605 Beltline Rd SW, Decatur, AL 35601, USA",(256) 301-0023,,34.5651489,-87.0130276,4.3,1056.0,ChIJgzZCRHeEYogR3w5BDDqFdmE,"grocery_or_supermarket, food, store, point_of_interest, establishment"
"Baileyton, AL",retail food,retail,,Farm Fresh Foods,"245-269 Grimes Dr, Guntersville, AL 35976, USA",(256) 264-9180,https://www.fsis.usda.gov/inspection/fsis-inspected-establishments/farm-fresh-foods-llc,34.30881460000001,-86.2822041,3.0,159.0,ChIJXwiRT1v4iYgRpfUrnZ0Ku4g,"point_of_interest, establishment"
"Baileyton, AL",retail food,retail,445110,Shaddix's Country Mall,"8482 Co Rd 1545, Cullman, AL 35058, USA",(256) 796-5085,,34.2937732,-86.71517659999999,4.6,154.0,ChIJ4RoFls7aiYgRH6efrI0K5FY,"grocery_or_supermarket, gas_station, food, store, point_of_interest, establishment"
"Baileyton, AL",retail food,retail,445120,V & W Food Mart,"19129 US Hwy 31, South Vinemont, AL 35179, USA",(256) 739-3911,,34.2425879,-86.86745789999999,4.4,176.0,ChIJkd3In_7MiYgR3jQzj9n-Nj8,"convenience_store, gas_station, grocery_or_supermarket, restaurant, food, store, point_of_interest, establishment"
"Baileyton, AL",retail food,retail,,Crestwood Shopping Center,"241 US-31, Hartselle, AL 35640, USA",,,34.4404685,-86.9426563,4.2,1059.0,ChIJ75ogLPYqiIgRJbqCW-pHCao,"shopping_mall, point_of_interest, establishment"
"Baileyton, AL",retail food,retail,445120,Riverside Minimart&Deli,"1602 Grant St SE, Decatur, AL 35601, USA",(256) 686-2027,https://www.facebook.com/riversidedecatur,34.6017361,-86.9665955,4.2,12.0,ChIJJREyY-2HYogRYPh65q52R2E,"convenience_store, food, store, point_of_interest, establishment"
"Baileyton, AL",retail food,retail,,South Cullman Shopping Center,"1620 2nd Ave SW, Cullman, AL 35055, USA",,,34.1613224,-86.83442269999999,4.4,1319.0,ChIJ4Q5zSMzLiYgR0-_4u7WF9_0,"shopping_mall, point_of_interest, establishment"
"Baileyton, AL",retail food,retail,,AlaTrade Foods - Boaz,"695 Henderson Ave W, Boaz, AL 35957, USA",(256) 593-3152,http://www.alatrade.com/,34.219841,-86.18342419999999,2.7,101.0,ChIJ1a21_HsciogRXCKZK6UJ8Os,"food, store, point_of_interest, establishment"
"Baileyton, AL",retail food,retail,,Plumtree Center,"1000 Beltline Rd SW, Decatur, AL 35601, USA",(256) 355-0721,http://www.gatewaycommercial.com/,34.5614787,-87.0048762,4.2,920.0,ChIJUYmku3WEYogR_ceGCFMg3do,"shopping_mall, point_of_interest, establishment"
"Baileyton, AL",retail food,retail,,Decatur Mall,"1801 Beltline Rd SW, Decatur, AL 35601, USA",(256) 350-0453,http://www.shopdecaturmall.com/,34.5721749,-87.0175067,3.6,2302.0,ChIJgxjqUmOEYogR0SF8CJRUSqs,"shopping_mall, point_of_interest, establishment"
"Baileyton, AL",retail food,retail,453910,Chambers Farm and Garden Supply,"404 Mcnabb Rd SW, Cullman, AL 35055, USA",(256) 734-3894,https://chambersfarmandgardensupply.com/,34.1716197,-86.8603523,4.7,257.0,ChIJo5ngoKfLiYgROp2Rb5lSNzQ,"florist, pet_store, general_contractor, food, store, point_of_interest, establishment"
"Baileyton, AL",retail food,retail,445110,Supermercado La Popular,"101 Sand Mountain Dr, Albertville, AL 35950, USA",(256) 878-5405,,34.2669992,-86.2053863,4.5,304.0,ChIJm7O9_c0ciogRXCS5ZjhcQOo,"supermarket, grocery_or_supermarket, food, store, point_of_interest, establishment"
"Baileyton, AL",retail food,retail,445120,5th ave food mart,"601 5th Ave SW, Decatur, AL 35601, USA",(256) 686-3434,,34.6003496,-86.9944245,5.0,5.0,ChIJe9KUMxCFYogRsOqwPYq_62o,"convenience_store, food, store, point_of_interest, establishment"
"Baileyton, AL",retail food,retail,445110,Piggly Wiggly Altoona,"87354 US-278, Altoona, AL 35952, USA",(205) 466-7972,https://www.pigglywiggly.com/store-locations/alabama/,34.1165525,-86.39187849999999,4.3,339.0,ChIJp38BjcPyiYgR4sybOdoMeJQ,"grocery_or_supermarket, supermarket, food, store, point_of_interest, establishment"
"Baileyton, AL",retail food,retail,,Marktplatz Cntr Sw,"1908 marketplatz Center SW, Cullman, AL 35055, USA",,,34.1504642,-86.8398644,4.4,634.0,ChIJsU3ejzbKiYgRyoJmjFJC8vw,"shopping_mall, point_of_interest, establishment"
"Baileyton, AL",retail food,retail,,Decatur Shopping Center,"Decatur, AL 35601, USA",,,34.5828535,-86.97927990000001,4.1,629.0,ChIJrfWam5-GYogR50tKM_idmjE,"shopping_mall, point_of_interest, establishment"
"Baileyton, AL",retail food,retail,445310,Beverage Warehouse,"764 Cullman Rd, Arab, AL 35016, USA",(256) 586-0958,http://beverage-warehouse.edan.io/,34.3144673,-86.507576,4.4,222.0,ChIJAdOEfHDmiYgRfGc4_Ve9jpY,"liquor_store, store, point_of_interest, establishment"
"Baileyton, AL",retail food,retail,445120,Wavaho Food Mart,"707 Wilson St NW, Decatur, AL 35601, USA",(256) 353-0122,,34.6198114,-86.9910053,3.4,10.0,ChIJnfJEatuFYogRVBxcQtrd1IQ,"convenience_store, gas_station, food, store, point_of_interest, establishment"
"Baileyton, AL",retail food,retail,722511,McAlister's Deli,"5721 AL-157, Cullman, AL 35055, USA",(256) 727-5550,https://locations.mcalistersdeli.com/al/cullman/5721-al-hwy-157-nw?utm_source=google&utm_medium=organic&utm_campaign=locations_partner,34.2060541,-86.8699408,3.7,237.0,ChIJPRJTQA3NiYgRHH5Heg65gbM,"restaurant, food, point_of_interest, establishment"
"Baileyton, AL",retail food,retail,445310,Beverage Market,"3095 US-278, Altoona, AL 35952, USA",(205) 962-9577,,34.0719106,-86.321788,4.4,57.0,ChIJxZTFXxSLiYgRDE-Va8kq7io,"liquor_store, store, food, point_of_interest, establishment"
"Baileyton, AL",retail food,retail,,The Crossings Of Decatur,"1241 Point Mallard Pkwy, Decatur, AL 35601, USA",,,34.5596716,-86.9709439,4.4,672.0,ChIJ6wnJNE2BYogRHXQG2Mo8I7A,"shopping_mall, point_of_interest, establishment"
"Baileyton, AL",retail food,retail,445310,One Stop Beverages,"13375 Memorial Pkwy SW, Huntsville, AL 35803, USA",(256) 650-2023,,34.58729599999999,-86.5626776,4.4,94.0,ChIJn_sowBkNYogRsDbffj709R4,"liquor_store, store, point_of_interest, establishment"
"Baileyton, AL",retail food,retail,,Town Square,"1656 Town Square S W, Cullman, AL 35055, USA",,https://amzn.to/3EjxCFN,34.16053710000001,-86.8373313,4.1,793.0,ChIJR7ZVicvLiYgR22SNbRadoGo,"shopping_mall, point_of_interest, establishment"
"Baileyton, AL",retail food,retail,445110,People's Market,"323 Memorial Dr NW, Decatur, AL 35601, USA",(256) 822-2260,,34.6091743,-86.9990157,3.8,4.0,ChIJAQAwxMuFYogROmGlUnjtz1o,"grocery_or_supermarket, store, food, point_of_interest, establishment"
"Baileyton, AL",retail food,retail,445120,Big A Convenience Stores,"5520 US-31, Hartselle, AL 35640, USA",(256) 773-6994,,34.4887874,-86.9640125,4.2,17.0,ChIJ-Sq0J-qBYogRHIh90cLCgns,"convenience_store, gas_station, store, food, point_of_interest, establishment"
"Baileyton, AL",retail food,retail,,CULLMAN SHOPPING CENTER,"1106 2nd Ave NW, Cullman, AL 35055, USA",,,34.1836355,-86.8501541,4.4,987.0,ChIJ5WeyGZfLiYgRSW2nKD5E2fo,"shopping_mall, point_of_interest, establishment"
"Baileyton, AL",retail food,retail,,Morgan Plaza,"240 US-31, Hartselle, AL 35640, USA",,,34.4424321,-86.94054070000001,4.3,57.0,ChIJidYZjhYriIgRkFtC3K7VHXw,"shopping_mall, point_of_interest, establishment"
"Baileyton, AL",retail food,retail,722511,609 Social Market & Provisions,"Historic District, 609 Bank St NE, Decatur, AL 35601, USA",(256) 938-8350,https://www.609social.com/,34.6121764,-86.986159,4.4,158.0,ChIJQTSIeZmFYogR8BIxKhObDZs,"restaurant, liquor_store, store, food, point_of_interest, establishment"
"Baileyton, AL",retail food,retail,,Treasures By Hea,"106 1st Ave S, Hanceville, AL 35077, USA",,https://www.facebook.com/113229380195878/,34.0144837,-86.748041,4.6,158.0,ChIJwbJqjcuxiYgR4psnPn8A_4o,"store, point_of_interest, establishment"
"Baileyton, AL",retail food,retail,,Shoppes of Albertville,"Albertville, AL 35951, USA",(615) 370-0670,,34.2792826,-86.2061731,4.5,914.0,ChIJH1_bDC4DiogRkHv_9w-iw_w,"shopping_mall, point_of_interest, establishment"
"Baileyton, AL",retail food,retail,445110,Baileyton Super Market baileyton food Mart,"12122 AL-69, Baileyton, AL 35019, USA",(256) 796-2913,,34.2626146,-86.6123786,4.1,126.0,ChIJd0SLat3CiYgRs2Ba2XUU9lY,"gas_station, grocery_or_supermarket, store, food, point_of_interest, establishment"
"Baileyton, AL",retail food,retail,,Finlay Plaza Shopping Center,"1455 Sunset Dr, Guntersville, AL 35976, USA",,,34.3525161,-86.314619,4.2,1021.0,ChIJrdfDzjn5iYgRp4S6cS1NRso,"point_of_interest, establishment"
"Baileyton, AL",retail food,retail,445120,The Corner Store,"1101 Moulton St W, Decatur, AL 35601, USA",(256) 355-1722,,34.603929,-87.00194479999999,5.0,3.0,ChIJ-cW_WjWEYogRkhMVxCr_l6E,"convenience_store, store, food, point_of_interest, establishment"
"Baileyton, AL",retail food,retail,,99 Cent and Up Store,"1531 6th Ave SE, Decatur, AL 35601, USA",(256) 580-5399,,34.5826264,-86.97826529999999,3.8,249.0,ChIJ9a-GUJ-GYogRuYzoQfNwcXc,"store, point_of_interest, establishment"
"Baileyton, AL",retail food,retail,443142,Staples,"817 Beltline Rd SW, Decatur, AL 35601, USA",(256) 353-0373,https://stores.staples.com/al/decatur/817-beltline-rd-sw?cmpid=st_ll_goo&cid=LS:RETAIL:G&utm_source=google&utm_medium=organic&utm_campaign=Google_Business_Listing,34.5591294,-86.99800429999999,4.1,125.0,ChIJuwV96vWDYogRz8EYptiBCxU,"electronics_store, furniture_store, home_goods_store, store, point_of_interest, establishment"
"Baileyton, AL",retail food,retail,443142,Electronic Express,"303 Beltline Pl SW, Decatur, AL 35603, USA",(256) 580-8155,https://www.electronicexpress.com/stores/4/decatur-al?utm_source=google&utm_medium=gmb&utm_campaign=store_04,34.5589287,-86.98939759999999,4.3,756.0,ChIJ2TrwqWSEYogR0coFdfSGsVk,"electronics_store, furniture_store, home_goods_store, store, point_of_interest, establishment"
"Baileyton, AL",retail food,retail,,Mike's Merchandise,"715 14th St SE, Decatur, AL 35601, USA",(256) 351-1917,https://mikesmerchandise.com/decatur-store/,34.5770646,-86.97871250000001,3.9,383.0,ChIJI4KPe6GGYogRROjneIb4lPg,"store, point_of_interest, establishment"
"Baileyton, AL",clothing store,retail,448140,Ross Dress for Less,"7360 US-431, Albertville, AL 35950, USA",(256) 878-0726,https://www.rossstores.com/,34.2793845,-86.2067168,4.3,564.0,ChIJCxnDXzMDiogRN5V7LZJKagc,"clothing_store, department_store, shoe_store, store, point_of_interest, establishment"
"Baileyton, AL",clothing store,retail,452210,T.J. Maxx,"7360 US-431, Albertville, AL 35950, USA",(256) 894-8107,https://tjmaxx.tjx.com/store/index.jsp,34.2790813,-86.20667949999999,4.4,751.0,ChIJO9lUFC4DiogRpuHdeyQLydA,"department_store, jewelry_store, clothing_store, store, point_of_interest, establishment"
"Baileyton, AL",clothing store,retail,448140,Martin's Family Clothing,"2150 Beltline Rd SW, Decatur, AL 35601, USA",(256) 350-2812,http://www.martinsfc.com/,34.5837799,-87.021941,4.2,805.0,ChIJJ4s87l-EYogR-XD47nWXlJM,"clothing_store, store, point_of_interest, establishment"
"Baileyton, AL",clothing store,retail,448140,bealls,"1477 Sunset Dr, Guntersville, AL 35976, USA",(256) 571-1646,https://stores.bealls.com/al/guntersville/1477-sunset-drive,34.3519271,-86.31525839999999,4.4,84.0,ChIJeR9d3IP5iYgRRjEUqZLDv_E,"clothing_store, home_goods_store, shoe_store, store, point_of_interest, establishment"
"Baileyton, AL",clothing store,retail,448140,Old Navy,"1241 Point Mallard Pkwy, Decatur, AL 35601, USA",(256) 353-7300,https://oldnavy.gap.com/stores/al/decatur/oldnavy-5600.html,34.558882,-86.9714048,4.2,270.0,ChIJV5i4ELOGYogRVjKr1tSjH9Y,"clothing_store, store, point_of_interest, establishment"
"Baileyton, AL",clothing store,retail,448140,Factory Connection,"241 Hwy 31 SW, Hartselle, AL 35640, USA",(256) 751-4455,http://www.factory-connection.com/,34.4398978,-86.94316909999999,4.4,39.0,ChIJqXwaSWEqiIgRRK3-Ogrc5H4,"clothing_store, home_goods_store, shoe_store, store, point_of_interest, establishment"
"Baileyton, AL",clothing store,retail,448140,Ross Dress for Less,"1241 Point Mallard Pkwy, Decatur, AL 35601, USA",(256) 301-0168,https://www.rossstores.com/,34.5588765,-86.97180759999999,4.2,860.0,ChIJV5i4ELOGYogRk1WEfoGo0mA,"clothing_store, department_store, shoe_store, store, point_of_interest, establishment"
"Baileyton, AL",clothing store,retail,452210,T.J. Maxx,"1107 Beltline Rd SE, Decatur, AL 35601, USA",(256) 584-6839,https://tjmaxx.tjx.com/store/index.jsp,34.5603179,-86.97501369999999,4.4,743.0,ChIJ4xTn-XCEYogRCNUZlMtsD2A,"department_store, jewelry_store, clothing_store, store, point_of_interest, establishment"
"Baileyton, AL",clothing store,retail,448140,Ross Dress for Less,"1224 Cullman Shopping Center NW, Cullman, AL 35055, USA",(256) 736-9216,https://www.rossstores.com/,34.1832715,-86.8512985,4.3,615.0,ChIJ4zn4dJfLiYgRB6tpfbbKeCg,"clothing_store, department_store, shoe_store, store, point_of_interest, establishment"
"Baileyton, AL",clothing store,retail,452210,T.J. Maxx,"1908 Marktplatz Center SW, Cullman, AL 35055, USA",(256) 736-5560,https://tjmaxx.tjx.com/store/index.jsp,34.1508612,-86.8390069,4.4,506.0,ChIJCX50Ob_LiYgRlVG-fbfQ-Ng,"department_store, jewelry_store, clothing_store, store, point_of_interest, establishment"
"Baileyton, AL",clothing store,retail,448140,Factory Connection,"14216 US-431, Guntersville, AL 35976, USA",(256) 582-8226,http://www.factory-connection.com/,34.3211691,-86.3107469,4.2,85.0,ChIJJ_XVYov_iYgRgKuVITxG4XY,"clothing_store, home_goods_store, store, point_of_interest, establishment"
"Baileyton, AL",clothing store,retail,448140,Factory Connection,"1113 2nd Ave E, Oneonta, AL 35121, USA",(205) 274-0434,http://www.factory-connection.com/,33.9580803,-86.4630492,4.4,82.0,ChIJA3sh4KyRiYgRkJk4Nss0XOc,"clothing_store, home_goods_store, shoe_store, store, point_of_interest, establishment"
"Baileyton, AL",clothing store,retail,448140,Factory Connection,"145 N Brindlee Mountain Pkwy STE 7, Arab, AL 35016, USA",(256) 957-1692,http://www.factory-connection.com/,34.318849,-86.5046618,4.5,39.0,ChIJORw1RH7miYgRti7glPoEtRM,"clothing_store, home_goods_store, shoe_store, store, point_of_interest, establishment"
"Baileyton, AL",clothing store,retail,448140,Factory Connection,"7315 US-431, Albertville, AL 35950, USA",(256) 878-0026,http://www.factory-connection.com/,34.2763871,-86.20668359999999,4.5,43.0,ChIJCwEdky0DiogR_QHCgFGA6n0,"clothing_store, home_goods_store, shoe_store, store, point_of_interest, establishment"
"Baileyton, AL",clothing store,retail,448140,Factory Connection,"1000 Beltline Rd SW STE R, Decatur, AL 35601, USA",(256) 355-1799,http://www.factory-connection.com/,34.5615245,-87.00322919999999,4.5,42.0,ChIJUYmku3WEYogReL_XWqAjm4Q,"clothing_store, home_goods_store, shoe_store, store, point_of_interest, establishment"
"Baileyton, AL",clothing store,retail,452210,Belk,"1801 Beltline Rd SW, Decatur, AL 35601, USA",(256) 351-5300,https://www.belk.com/store/belk-decatur-al/?StoreID=611,34.57097,-87.01699699999999,4.1,863.0,ChIJu5IkN2CEYogRovt8ufZ7JIg,"department_store, home_goods_store, clothing_store, shoe_store, store, point_of_interest, establishment"
"Baileyton, AL",clothing store,retail,448140,Dirty Boyz Clothing,"1820 6th Ave SE unit o, Decatur, AL 35601, USA",(256) 224-1101,,34.5776456,-86.9735106,5.0,37.0,ChIJjbzjVdGLY6ARAHRPLGtEess,"clothing_store, store, point_of_interest, establishment"
"Baileyton, AL",clothing store,retail,448140,Cato Fashions,"11700 Memorial Pkwy SW, Huntsville, AL 35803, USA",(256) 885-2016,https://stores.catofashions.com/al/huntsville/11700-s.-memorial-parkway?utm_source=gmb&utm_medium=Yext&y_source=1_MjY1NTk3NDktNzE1LWxvY2F0aW9uLndlYnNpdGU%3D,34.6141513,-86.56957,3.8,35.0,ChIJT5EbDUcNYogRTT9yubj3XJw,"clothing_store, shoe_store, store, point_of_interest, establishment"
"Baileyton, AL",clothing store,retail,448140,The Katie Grace Boutique,"113 Railroad St SW, Hartselle, AL 35640, USA",,http://www.shopkatiegrace.com/,34.4435095,-86.9334836,4.4,83.0,ChIJrU5ZrD5hYogRQ_YA_jZyq5Q,"clothing_store, store, point_of_interest, establishment"
"Baileyton, AL",clothing store,retail,452210,Belk,"1216 Cullman Shopping Center NW, Cullman, AL 35055, USA",(256) 734-8941,https://www.belk.com/store/belk-cullman-al/?StoreID=417,34.18259,-86.851035,4.2,903.0,ChIJ12O3HcnLiYgRUtqYz_68Bb8,"department_store, home_goods_store, clothing_store, shoe_store, store, point_of_interest, establishment"
"Baileyton, AL",clothing store,retail,448210,Novedades la Reyna Clothing,"1707 Central Pkwy SW, Decatur, AL 35601, USA",(256) 565-9589,,34.5797208,-86.9861661,3.5,24.0,ChIJsfmXbB-EYogRPxlv9VMKkTs,"shoe_store, clothing_store, store, point_of_interest, establishment"
"Baileyton, AL",clothing store,retail,452210,Belk,"11655 US Hwy 431 S, Guntersville, AL 35976, USA",(256) 891-1314,https://www.belk.com/store/belk-guntersville-al/?StoreID=348,34.2990684,-86.2773208,4.1,877.0,ChIJH-U0tkX4iYgRLBF6kRVrY7k,"department_store, shoe_store, clothing_store, home_goods_store, store, point_of_interest, establishment"
"Baileyton, AL",clothing store,retail,452210,The Southern,"214 1st Ave E, Oneonta, AL 35121, USA",(205) 274-2936,https://www.thesouthernonline.com/,33.9453956,-86.47544189999999,4.9,44.0,ChIJsXFYlJSQiYgR1HTnlUdI4oU,"department_store, clothing_store, store, point_of_interest, establishment"
"Baileyton, AL",clothing store,retail,448140,Vogue To Vintage,"5659 US-431, Albertville, AL 35950, USA",(256) 878-0516,https://www.voguetovintageboutique.com/,34.2597346,-86.18738359999999,4.5,32.0,ChIJd1nT6i0DiogRslbEa-CSklM,"clothing_store, store, point_of_interest, establishment"
"Baileyton, AL",clothing store,retail,448210,Cato Fashions,"11611 Highway 431 South, Guntersville, AL 35976, USA",(256) 878-2674,https://stores.catofashions.com/al/guntersville/11611-highway-431-south?utm_source=gmb&utm_medium=Yext&y_source=1_MjY1NjAxMzgtNzE1LWxvY2F0aW9uLndlYnNpdGU%3D,34.298652,-86.2764392,4.5,43.0,ChIJA6DXLUL4iYgRUg3HZnGzLKk,"shoe_store, clothing_store, store, point_of_interest, establishment"
"Baileyton, AL",clothing store,retail,448140,True South Boutique,"390-A Gunter Ave, Guntersville, AL 35976, USA",(256) 486-3517,https://shoptruesouthboutique.com/,34.35978619999999,-86.29366279999999,4.4,20.0,ChIJ6YenO5b5iYgR_GHt1noNhjs,"clothing_store, store, point_of_interest, establishment"
"Baileyton, AL",clothing store,retail,448140,Shoefisticated,"101 Main St W, Hartselle, AL 35640, USA",(256) 773-1080,https://www.shoefisticated.com/,34.4440076,-86.9335037,4.4,17.0,ChIJLaGCbPIqiIgR9-agABtkEew,"clothing_store, store, point_of_interest, establishment"
"Baileyton, AL",clothing store,retail,448140,Better Than Before Consignments,"1820 6th Ave SE, Decatur, AL 35601, USA",(256) 351-0666,http://btbconsignments.com/,34.5761577,-86.97396460000002,4.4,94.0,ChIJ1-AFi6SGYogRJGMfwgcwBqI,"clothing_store, store, point_of_interest, establishment"
"Baileyton, AL",clothing store,retail,448210,Cato Fashions,"2812 Spring Ave SW, Decatur, AL 35603, USA",(256) 350-1243,https://stores.catofashions.com/al/decatur/2812-spring-avenue-sw?utm_source=gmb&utm_medium=Yext&y_source=1_MjY1NTk5NzQtNzE1LWxvY2F0aW9uLndlYnNpdGU%3D,34.5555237,-86.9963066,4.3,26.0,ChIJS5wjC_WDYogR1pkQSFlvjow,"shoe_store, clothing_store, store, point_of_interest, establishment"
"Baileyton, AL",clothing store,retail,448140,Platform,"115 1st Ave NE, Cullman, AL 35055, USA",(256) 775-3722,http://www.platformcullman.com/,34.1783922,-86.84337459999999,4.5,16.0,ChIJwXY2jY7LiYgRZ8zxeSwbdEA,"clothing_store, store, point_of_interest, establishment"
"Baileyton, AL",clothing store,retail,448140,bealls,"1605 Beltline Rd SW STE A-2, Decatur, AL 35601, USA",(256) 686-7756,https://stores.bealls.com/al/decatur/1605-beltline-rd-sw,34.5654026,-87.012512,4.6,18.0,ChIJFf2OuAyFYogR2w5xE7sttyQ,"clothing_store, shoe_store, home_goods_store, store, point_of_interest, establishment"
"Baileyton, AL",clothing store,retail,448140,Maurices,"1801 Beltline Rd SW Suite 26, Decatur, AL 35601, USA",(256) 309-5847,https://locations.maurices.com/us/al/decatur/1801-beltline-road-s-w,34.5719534,-87.01763940000001,4.6,50.0,ChIJdfNqfXWEYogRaCf7_IQIE48,"clothing_store, store, point_of_interest, establishment"
"Baileyton, AL",clothing store,retail,452210,Kohl's,"2407 6th Ave SE, Decatur, AL 35601, USA",(256) 355-7401,https://www.kohls.com/stores/al/decatur-1492.shtml?utm_source=google&utm_medium=organic&utm_campaign=local,34.5641245,-86.97507859999999,4.3,916.0,ChIJ5zgOmq2GYogRg4SUUB7O_CY,"department_store, store, point_of_interest, establishment"
"Baileyton, AL",clothing store,retail,448140,JPosh Apparel,"103 Main St W, Hartselle, AL 35640, USA",(256) 502-9454,http://www.jposhapparel.com/,34.4440367,-86.93361390000001,5.0,1.0,ChIJE9O1ly0riIgR6qOzzLjRcP0,"clothing_store, store, point_of_interest, establishment"
"Baileyton, AL",clothing store,retail,448140,Euphoria Boutique LA,"17 14th St SW suite b, Decatur, AL 35601, USA",(256) 686-0020,,34.577234,-86.98588720000001,4.9,17.0,ChIJF4GInh6EYogRdwWn2bhWf5I,"clothing_store, store, point_of_interest, establishment"
"Baileyton, AL",clothing store,retail,448140,J K TAYLOR,"421 3rd Ave SE Suite 150, Cullman, AL 35055, USA",(256) 735-4380,http://www.shopjktaylor.com/,34.1745967,-86.83905419999999,4.4,10.0,ChIJgbe3AZfLiYgRW-G6SVimLiU,"clothing_store, store, point_of_interest, establishment"
"Baileyton, AL",clothing store,retail,448140,Good Cop Clothing,"2812 Wimberly Dr SW Apartment B8, Decatur, AL 35603, USA",(913) 240-3283,,34.5583562,-87.0092809,3.0,2.0,ChIJXSj6XhiDYogRHXop9WdL7tg,"clothing_store, store, point_of_interest, establishment"
"Baileyton, AL",clothing store,retail,452210,Fants Inc,"355 Gunter Ave, Guntersville, AL 35976, USA",(256) 582-3845,https://fantsstore.com/,34.360073,-86.2929458,4.2,99.0,ChIJfyXzbtT4iYgRd13ZkBa7LTw,"department_store, jewelry_store, clothing_store, furniture_store, home_goods_store, store, point_of_interest, establishment"
"Baileyton, AL",clothing store,retail,448140,Dixie Duds and Decor,"300 2nd St SE, Cullman, AL 35055, USA",(256) 841-6444,http://www.dixiedudsanddecor.com/,34.177306,-86.8400542,4.2,30.0,ChIJd4JehjXLiYgRmwN_F3f5Vcs,"clothing_store, jewelry_store, store, point_of_interest, establishment"
"Baileyton, AL",clothing store,retail,448140,Goody 2 Shoes,"8488 US-431, Owens Cross Roads, AL 35763, USA",(256) 725-3610,https://m.facebook.com/goody2shoesocr/,34.6021718,-86.45446520000002,4.5,122.0,ChIJf-MoGrIPYogRNR8Ppw9Y1kQ,"clothing_store, store, point_of_interest, establishment"
"Baileyton, AL",clothing store,retail,448140,America's Thrift Stores & Donation Center,"2812 Spring Ave SW Suite V, Decatur, AL 35603, USA",(256) 355-5554,http://www.americasthrift.com/,34.5547037,-86.9972962,4.1,508.0,ChIJCaIFq_aDYogRMeugLsMwq3A,"clothing_store, store, point_of_interest, establishment"
"Baileyton, AL",clothing store,retail,448140,Wiley's Trading Company,"1820 6th Ave SE U, Decatur, AL 35601, USA",(256) 203-5079,https://www.outdoorclothingdecatur.com/,34.5756848,-86.97390070000002,4.8,208.0,ChIJ1-AFi6SGYogRBGvE6GzZrzw,"clothing_store, store, point_of_interest, establishment"
"Baileyton, AL",clothing store,retail,448140,Wild Thang,"1614 2nd Ave SW, Cullman, AL 35055, USA",(256) 737-9453,http://www.wildthanglingerie.com/,34.1621901,-86.8347577,4.2,137.0,ChIJUaIrUMzLiYgRWwy3e4R7aLc,"clothing_store, store, point_of_interest, establishment"
"Baileyton, AL",clothing store,retail,448140,Indigo's Boutique,"209 B 2nd Ave SE, Decatur, AL 35601, USA",(256) 686-3699,http://myindigos.com/,34.602502,-86.985417,4.9,20.0,ChIJndI1GiuEYogRkBx4BQk6NcQ,"clothing_store, store, point_of_interest, establishment"
"Baileyton, AL",clothing store,retail,448140,SHOP 5TH STREET LLC,"435 5th St SW, Arab, AL 35016, USA",(256) 640-3120,https://shop5thst.com/,34.3101819,-86.5008728,5.0,2.0,ChIJQ4Nxen3niYgRsB1iE8fg5HA,"clothing_store, store, point_of_interest, establishment"
"Baileyton, AL",clothing store,retail,448210,Academy Sports + Outdoors,"1205 Wimberly Dr SW, Decatur, AL 35603, USA",(256) 340-7800,https://www.academy.com/storelocator/alabama/decatur/store-0164,34.5572821,-87.0040615,4.3,1925.0,ChIJC-bO5oqDYogR5QdsmwP6ipg,"shoe_store, clothing_store, store, point_of_interest, establishment"
"Baileyton, AL",clothing store,retail,448140,ISLAND BOUTIQUE STORE,"901 Wimberly Dr SW, Decatur, AL 35603, USA",(256) 945-5364,,34.5587586,-87.0010106,5.0,1.0,ChIJMSlmY_aFYogRgUI6tVrPWwI,"clothing_store, store, point_of_interest, establishment"
"Baileyton, AL",clothing store,retail,448140,Nomadic Threads,"106 1st Ave NE, Cullman, AL 35055, USA",(256) 962-1789,https://nomadicthreadscullman.com/,34.1781266,-86.8432404,5.0,18.0,ChIJEba1mC_LiYgRt6vZmYDhvwg,"clothing_store, store, point_of_interest, establishment"
"Baileyton, AL",clothing store,retail,448210,Cato Fashions,"1916 Market Platz Center SW, Cullman, AL 35055, USA",(256) 734-0932,https://stores.catofashions.com/al/cullman/1916-market-platz-center-sw?utm_source=gmb&utm_medium=Yext&y_source=1_MjY1NTk5MzUtNzE1LWxvY2F0aW9uLndlYnNpdGU%3D,34.1504717,-86.83915619999999,4.2,66.0,ChIJCX50Ob_LiYgRyJX9IYKEx0Q,"shoe_store, clothing_store, store, point_of_interest, establishment"
"Baileyton, AL",clothing store,retail,448210,Bucci Boutique,"121 S Broad St, Albertville, AL 35950, USA",(256) 660-1535,https://mybuccilife.com/,34.2671826,-86.2094767,4.4,8.0,ChIJXeJNYJ0diogR_aMsdSKhpMw,"shoe_store, clothing_store, store, point_of_interest, establishment"
"Baileyton, AL",clothing store,retail,448140,Carriage House,"115 Johnston St SE # 101, Decatur, AL 35601, USA",(256) 355-4349,https://www.shopcarriagehouse.com/,34.6027523,-86.9857892,5.0,7.0,ChIJmcSqFiuEYogRKyC_GIUYZjc,"clothing_store, store, point_of_interest, establishment"
"Baileyton, AL",clothing store,retail,448140,Pearls of Grace Boutique & Gifts,"1112 N Brindlee Mountain Pkwy, Arab, AL 35016, USA",(256) 339-2605,https://pearlsofgraceboutique.com/,34.3352111,-86.50240699999999,4.0,5.0,ChIJ9_ARwtbliYgR07Wkr_UMJAw,"jewelry_store, clothing_store, store, point_of_interest, establishment"
"Baileyton, AL",clothing store,retail,448140,Jack's Western & Outdoor Wear,"114 Schwaiger Rd, Cullman, AL 35055, USA",(256) 739-3612,http://jackswestern.com/,34.1130518,-86.8648307,4.6,665.0,ChIJe0PqOX61iYgRqTmOaggx_OE,"clothing_store, shoe_store, store, point_of_interest, establishment"
"Baileyton, AL",clothing store,retail,448140,West Coast Loft,"1820 6th Ave SE, Decatur, AL 35601, USA",(205) 203-5933,,34.5761577,-86.97396460000002,4.7,15.0,ChIJy4V-6xiHYogR64ALEt5Pfxw,"clothing_store, store, point_of_interest, establishment"
"Baileyton, AL",clothing store,retail,448210,Three Pears,"118 5th St SE, Cullman, AL 35055, USA",(256) 739-5577,,34.1737597,-86.83969549999999,4.5,12.0,ChIJgajqKsfLiYgRbiabNC_iQkM,"shoe_store, jewelry_store, clothing_store, store, point_of_interest, establishment"
"Baileyton, AL",clothing store,retail,448140,Venture Out Supply Co,"534 Gunter Ave, Guntersville, AL 35976, USA",(256) 582-6320,http://www.guntersvilleoutfitters.com/,34.35718,-86.29540410000001,4.6,53.0,ChIJkbIXZtb4iYgRqwypcMLfQHk,"clothing_store, store, point_of_interest, establishment"
"Baileyton, AL",clothing store,retail,448140,Trading Post Western & Outdoor - Decatur,"1803 6th Ave SE, Decatur, AL 35601, USA",(256) 445-7100,https://tradingpostboots.com/,34.577621,-86.97724199999999,4.6,135.0,ChIJJTYO4aOGYogRs0ojyEYWc7M,"clothing_store, shoe_store, store, point_of_interest, establishment"
"Baileyton, AL",clothing store,retail,448140,Zero Gravity,"1404 2nd Ave NW, Cullman, AL 35055, USA",(256) 736-2199,https://www.facebook.com/ZeroGravityAlabama/?ref=hl,34.1901111,-86.85186139999999,4.4,582.0,ChIJi3Sr15bLiYgRp6ntf0yrQIY,"clothing_store, jewelry_store, store, point_of_interest, establishment"
"Baileyton, AL",clothing store,retail,448210,Finish Line,"1801 Beltline Rd SW F4, Decatur, AL 35601, USA",(256) 353-7911,https://www.finishline.com/?utm_source=googlemybusiness&utm_medium=organic,34.572549,-87.01759,4.4,91.0,ChIJEylm03qEYogRmBAEr2rQGE0,"shoe_store, clothing_store, store, point_of_interest, establishment"
"Baileyton, AL",clothing store,retail,448140,Southern Belle Boutique Cullman Al,"1354 U.S. Hwy 278 W, Cullman, AL 35057, USA",(256) 595-2298,http://www.southernbelleboutiqueal.com/,34.1756354,-86.90102619999999,5.0,2.0,ChIJ-xDrAtDLiYgRVagt5GgGDzY,"clothing_store, store, point_of_interest, establishment"
"Baileyton, AL",convenience store,retail,445120,Vinemont Super Saver,"1791 Co Rd 1354, Vinemont, AL 35179, USA",(256) 734-3647,,34.2569225,-86.8513316,4.6,124.0,ChIJFVMZDbDNiYgR-8E4PT_tZxM,"convenience_store, grocery_or_supermarket, store, food, point_of_interest, establishment"
"Baileyton, AL",convenience store,retail,445120,Highland Super Stop,"12052747921, 1976 County Hwy 29, Oneonta, AL 35121, USA",(205) 274-7921,,33.9167345,-86.42568759999999,3.7,27.0,ChIJjzSRXdqaiYgRmqUALQzf4Ws,"convenience_store, atm, store, food, point_of_interest, finance, establishment"
"Baileyton, AL",convenience store,retail,445120,Grant Food Mart,"29538 US-431, Grant, AL 35747, USA",,,34.4590726,-86.3496582,4.0,2.0,ChIJNw7oj1kHYogRCTGIrcfpypU,"convenience_store, store, food, point_of_interest, establishment"
"Baileyton, AL",convenience store,retail,445120,Don's Convenience Store,"1010 Cullman Rd, Arab, AL 35016, USA",(256) 586-1249,,34.3150506,-86.5132526,4.5,17.0,ChIJfdAxYm_miYgReKr2qBdqz1U,"convenience_store, store, food, point_of_interest, establishment"
"Baileyton, AL",convenience store,retail,445120,Union Grove Food Town,"3755 Union Grove Rd, Union Grove, AL 35175, USA",(256) 752-0078,,34.4008316,-86.4470424,4.0,6.0,ChIJG3avaBDjiYgRxfJ4K6z79aU,"convenience_store, gas_station, store, food, point_of_interest, establishment"
"Baileyton, AL",convenience store,retail,445120,Jiff-E-Mart,"183 College Ave, New Hope, AL 35760, USA",(256) 723-4227,,34.5390528,-86.3908658,4.4,16.0,ChIJ9_0G1nYGYogRI25esOzsc2E,"gas_station, convenience_store, store, food, point_of_interest, establishment"
"Baileyton, AL",convenience store,retail,445120,WAVAHO,"12565 US-431, Guntersville, AL 35976, USA",(256) 582-9159,,34.3059128,-86.2907326,4.4,149.0,ChIJ572JXE74iYgRxVBuQWTOGcw,"gas_station, convenience_store, store, food, point_of_interest, establishment"
"Baileyton, AL",convenience store,retail,445120,Trimble Super Saver,"5981 County Rd 222, Cullman, AL 35057, USA",(256) 739-4461,,34.0979803,-86.94149209999999,4.3,30.0,ChIJ12qqGopKiIgR7hasKm2X8ss,"gas_station, atm, convenience_store, store, restaurant, food, point_of_interest, finance, establishment"
"Baileyton, AL",convenience store,retail,445120,Four Way,"4244 Co Rd 109, Bremen, AL 35033, USA",(256) 287-0545,,34.0152814,-86.9803872,2.8,17.0,ChIJARcI0IhOiIgRA_NknK1XigU,"convenience_store, store, food, point_of_interest, establishment"
"Baileyton, AL",convenience store,retail,445120,Arab Fine Food And Gas / Eastside Convenience,"952 Guntersville Rd, Arab, AL 35016, USA",(256) 586-7118,,34.3318944,-86.4801367,4.8,4.0,ChIJ7YnkGzbkiYgR4BVU_kPMYaY,"convenience_store, gas_station, store, food, point_of_interest, establishment"
"Baileyton, AL",convenience store,retail,445120,Sprint Mart,"172 AL-67, Decatur, AL 35603, USA",(800) 836-6662,https://www.sprintmart.com/,34.5300574,-86.9006014,4.8,21.0,ChIJF2N4tZR_YogREPhCZLdy5gs,"gas_station, convenience_store, store, food, point_of_interest, establishment"
"Baileyton, AL",convenience store,retail,445120,Bud's Convenience Store,"3339 Point Mallard Pkwy SE, Decatur, AL 35603, USA",(256) 340-2306,,34.5364903,-86.9088481,2.5,4.0,ChIJt0dOnJiAYogR4GqTyEQjjXs,"convenience_store, gas_station, store, food, point_of_interest, establishment"
"Baileyton, AL",convenience store,retail,445120,High Point Grocery,"4239 Highpoint Rd, Albertville, AL 35950, USA",(256) 891-6155,,34.241552,-86.27868319999999,4.4,20.0,ChIJqUKqGLj3iYgRyRML1qQmJGg,"gas_station, convenience_store, store, food, point_of_interest, establishment"
"Baileyton, AL",convenience store,retail,445120,Locust Fork Grocery & Hardware/Marathon Petroleum,"30228 AL-79, Locust Fork, AL 35097, USA",(205) 681-9297,,33.9063775,-86.6169738,4.1,18.0,ChIJtWL1neCiiYgR9cqubUkmd-4,"gas_station, convenience_store, hardware_store, grocery_or_supermarket, store, food, point_of_interest, establishment"
"Baileyton, AL",convenience store,retail,445120,Stuckey's Hayden,"7600 County Hwy 5, Hayden, AL 35079, USA",(205) 647-7043,,33.9103961,-86.86630269999999,4.3,25.0,ChIJW-uIdgutiYgRXCtxpVvR9eg,"convenience_store, store, food, point_of_interest, establishment"
"Baileyton, AL",convenience store,retail,445120,JOYCE AND STEVES COUNTRY STORE,"3803 Union Hill Rd, Laceys Spring, AL 35754, USA",(256) 498-7774,,34.4719051,-86.56932599999999,4.1,35.0,ChIJIUj3zah0YogRY1WY5f8O-Kw,"convenience_store, store, food, point_of_interest, establishment"
"Baileyton, AL",convenience store,retail,445120,New Hope Food Mart,"10122 US-431, New Hope, AL 35760, USA",(256) 723-4115,,34.5502916,-86.4335047,4.2,5.0,ChIJX7-XBUwPYogROXzzmizXOjg,"convenience_store, gas_station, store, food, point_of_interest, establishment"
"Baileyton, AL",convenience store,retail,445120,Mikes Chevron,"552 Hwy 231, Laceys Spring, AL 35754, USA",(256) 261-8032,,34.5625426,-86.5785787,5.0,1.0,ChIJw0b-FQANYogRnLMZiy7a1K8,"convenience_store, store, food, point_of_interest, establishment"
"Baileyton, AL",convenience store,retail,445120,Hayden Food Mart,"7245 AL-160, Hayden, AL 35079, USA",(205) 590-0407,,33.9098123,-86.7280585,4.1,11.0,ChIJ2dmIdEKliYgRzNvE3dTk_HA,"convenience_store, store, food, point_of_interest, establishment"
"Baileyton, AL",convenience store,retail,445120,dales market,"364 County Rd 222 Suite A, Cullman, AL 35055, USA",(256) 841-7150,,34.1306938,-86.8621122,5.0,4.0,ChIJzf70UWXLiYgRf-irnQn9n7c,"convenience_store, store, food, point_of_interest, establishment"
"Baileyton, AL",convenience store,retail,445120,Circle K,"Buck Island Dr, Guntersville, AL 35976, USA",,,34.3933095,-86.27435799999999,3.9,25.0,ChIJ9ZXz-Gz_iYgRceIcJwslavU,"convenience_store, store, food, point_of_interest, establishment"
"Baileyton, AL",convenience store,retail,445120,Circle K,"8947 US-431, Owens Cross Roads, AL 35763, USA",(256) 725-3415,https://www.circlek.com/store-locator/US/owens-cross-roads/8947-us-hwy-431/2709065?utm_source=google&utm_medium=local&utm_campaign=google-local,34.5871605,-86.45047579999999,3.3,76.0,ChIJj5TKTAYPYogRaLUFu2ifMeE,"convenience_store, gas_station, store, food, point_of_interest, establishment"
"Baileyton, AL",convenience store,retail,445120,75 Quick Stop,"35250 AL-75, Oneonta, AL 35121, USA",(205) 274-2541,,34.0213566,-86.4484997,4.1,17.0,ChIJSQTogSWSiYgRQ9Rqt0qEdJA,"convenience_store, gas_station, store, food, point_of_interest, establishment"
"Baileyton, AL",convenience store,retail,445120,Tucker's Corner,"3854 AL-67, Somerville, AL 35670, USA",(256) 778-9599,,34.4708112,-86.7977416,4.5,17.0,ChIJLwfNl554YogR8GCyR6obSrU,"convenience_store, gas_station, store, food, point_of_interest, establishment"
"Baileyton, AL",convenience store,retail,445120,Tucker's Grocery,"2201 AL-67 s, Somerville, AL 35670, USA",(256) 822-2000,,34.495318,-86.846373,3.8,23.0,ChIJE0V8YQ9_YogR01f1wCdaCck,"convenience_store, liquor_store, store, food, point_of_interest, establishment"
"Baileyton, AL",convenience store,retail,445120,Dale's 1,"100 Arkadelphia Rd, Hanceville, AL 35077, USA",(256) 352-3199,https://m.facebook.com/dalesblackmountainbeverage,34.06669430000001,-86.7631286,4.1,123.0,ChIJv3nUnQq3iYgRow5HqwkDkc8,"convenience_store, liquor_store, gas_station, store, food, point_of_interest, establishment"
"Baileyton, AL",convenience store,retail,445120,Brooksville Foodmart/Jet-pep,"81551 US-278, Blountsville, AL 35031, USA",(205) 429-4881,,34.1620062,-86.4744482,4.1,17.0,ChIJDZ3Fi0_siYgRNjDjOORqyEM,"convenience_store, gas_station, store, food, point_of_interest, establishment"
"Baileyton, AL",convenience store,retail,445120,MinitMan Food Stores,"12985 Highway 431 South, 12985 US-431, Guntersville, AL 35976, USA",(256) 582-8877,,34.307798,-86.2966532,3.1,9.0,ChIJcTf6VE34iYgRIHMGxzMPiq4,"convenience_store, gas_station, store, food, point_of_interest, establishment"
"Baileyton, AL",convenience store,retail,445120,Circle K,"6001 AL-157, Cullman, AL 35058, USA",(256) 775-9016,"https://www.circlek.com/store-locator/US/cullman/6001-al-hwy-157/2704889?address=Cullman,%20Alabama%2035058,%20United%20States&lat=34.25&lng=-86.68&lang=en",34.2066678,-86.87535299999999,4.2,161.0,ChIJsQ0AaJzMiYgRuEvsZsF3bn0,"convenience_store, gas_station, store, food, point_of_interest, establishment"
"Baileyton, AL",convenience store,retail,445120,MinitMan Food Stores,"11900 Memorial Pkwy SW, Huntsville, AL 35803, USA",(256) 882-2932,,34.61288510000001,-86.5678238,,,ChIJB8-D_jgNYogR2SWZt23xJgc,"convenience_store, gas_station, store, food, point_of_interest, establishment"
"Baileyton, AL",convenience store,retail,445120,OM FOOD MART,"7178 AL-67, Somerville, AL 35670, USA",(256) 778-9003,,34.4158346,-86.70360389999999,4.5,24.0,ChIJS0YcSqrZiYgRzEefxcNXrOU,"gas_station, convenience_store, store, food, point_of_interest, establishment"
"Baileyton, AL",convenience store,retail,445120,Citgo,"13001 AL-69, Bremen, AL 35033, USA",(256) 287-0725,"https://www.citgo.com/station-locator?search=13001+Alabama+69,+Bremen,+Alabama+35033,+United+States",33.9512963,-87.03517269999999,3.7,21.0,ChIJH4SLP91PiIgRrEXIUZOReP8,"gas_station, convenience_store, store, food, point_of_interest, establishment"
"Baileyton, AL",convenience store,retail,445120,Shell,"100 Hwy 31 SW, Hartselle, AL 35640, USA",(256) 751-0058,https://find.shell.com/us/fuel/10010378-100-highway-31-sw/en_US,34.4421667,-86.94175670000001,4.3,39.0,ChIJ410RcV8qiIgRWihJZUHxdHs,"gas_station, convenience_store, store, food, point_of_interest, establishment"
"Baileyton, AL",convenience store,retail,445120,Chevron,"42941 AL-75, Snead, AL 35952, USA",(205) 466-5620,https://www.chevronwithtechron.com/station/,34.1195838,-86.3960031,3.4,19.0,ChIJnasCBcHyiYgRD9gsptE53oE,"gas_station, convenience_store, car_repair, store, food, point_of_interest, establishment"
"Baileyton, AL",convenience store,retail,445120,Guthery's Store and Grill,"10836 County Rd 222, Logan, AL 35098, USA",(256) 747-1005,,34.1156309,-87.0110862,3.9,27.0,ChIJAU4bt9dJiIgRHNNjTxQV78Q,"convenience_store, store, food, point_of_interest, establishment"
"Baileyton, AL",convenience store,retail,445120,Dollar General,"300 7th St N, Oneonta, AL 35121, USA",(205) 558-6694,https://www.dollargeneral.com/store-directory/al/oneonta/4150,33.9505164,-86.4711997,3.9,435.0,ChIJtQdKpe2QiYgRqfutkcYZsxA,"convenience_store, grocery_or_supermarket, drugstore, store, food, point_of_interest, health, establishment"
"Baileyton, AL",convenience store,retail,445120,Murphy USA,"11610 Memorial Pkwy SW, Huntsville, AL 35803, USA",(256) 880-5180,http://www.murphyusa.com/,34.6167743,-86.5688035,3.8,78.0,ChIJ0yphDkcNYogR2zECf5DJt4o,"gas_station, convenience_store, store, food, point_of_interest, establishment"
"Baileyton, AL",convenience store,retail,445120,Rosa Market,"58485 US-231, Oneonta, AL 35121, USA",(205) 274-2025,https://splinternetmarketing.com/local-pros/alabama/oneonta/rosa-market/,33.9885736,-86.5116841,2.9,10.0,ChIJK5jPQsaWiYgRoEWP7tignTg,"gas_station, convenience_store, store, food, point_of_interest, establishment"
"Baileyton, AL",convenience store,retail,445120,wavaho priceville,"732 AL-67, Decatur, AL 35603, USA",(256) 686-0808,,34.519937,-86.8872859,4.4,17.0,ChIJU0EZlix_YogRqAFaQjzqVoU,"convenience_store, gas_station, store, food, point_of_interest, establishment"
"Baileyton, AL",convenience store,retail,445120,MinitMan Food Stores,"172 AL-67, Decatur, AL 35603, USA",(256) 350-0656,,34.53013079999999,-86.9005031,3.7,3.0,ChIJ-6K_Syd-YogRs9LorSKIb5U,"convenience_store, gas_station, store, food, point_of_interest, establishment"
"Baileyton, AL",convenience store,retail,445120,Falkville Food Mart,"380 Buster Rd, Falkville, AL 35622, USA",(256) 784-6200,,34.3690369,-86.89321340000001,,,ChIJEx_-UdPTiYgR1Q_FNQDGPcQ,"convenience_store, store, food, point_of_interest, establishment"
"Baileyton, AL",convenience store,retail,445120,RaceTrac,"13401 Memorial Pkwy SW, Huntsville, AL 35803, USA",(404) 829-6130,https://www.racetrac.com/Locations/Detail/482?utm_source=google&utm_medium=organic&utm_campaign=gmb-listing,34.5863044,-86.5627757,2.9,49.0,ChIJM1XXaFwNYogRrrvY7AEaBgg,"convenience_store, gas_station, cafe, meal_takeaway, liquor_store, store, restaurant, food, point_of_interest, establishment"
"Baileyton, AL",convenience store,retail,445120,Murphy USA,"1468 N Brindlee Mountain Pkwy, Arab, AL 35016, USA",(256) 216-4138,http://www.murphyusa.com/,34.3427908,-86.5025722,3.9,116.0,ChIJjahmFpzmiYgRxWSIjRIIqKY,"gas_station, convenience_store, store, food, point_of_interest, establishment"
"Baileyton, AL",convenience store,retail,445120,Circle K,"11821 Memorial Pkwy SW, Huntsville, AL 35803, USA",(938) 222-0303,https://www.circlek.com/store-locator/US/huntsville/11821-memorial-pkwy-sw/2709328,34.6135445,-86.56658720000001,3.0,19.0,ChIJs9lwwjgNYogRYvE0I1PNEK0,"convenience_store, store, food, point_of_interest, establishment"
"Baileyton, AL",convenience store,retail,445120,Dollar General,"890 Fields Rd, Laceys Spring, AL 35754, USA",(256) 529-4168,https://www.dollargeneral.com/store-directory/al/laceys-spring/20320,34.559659,-86.5818899,4.3,186.0,ChIJt71JR5tzYogRxxZAf7xgKNA,"convenience_store, grocery_or_supermarket, drugstore, store, food, point_of_interest, health, establishment"
"Baileyton, AL",convenience store,retail,445120,Dollar General,"1600 3rd St SE, Cullman, AL 35055, USA",(256) 507-9109,https://www.dollargeneral.com/store-directory/al/cullman/11250,34.1817677,-86.8162057,4.2,364.0,ChIJ05hU7FzJiYgRVxF980EFA18,"convenience_store, grocery_or_supermarket, drugstore, store, food, point_of_interest, health, establishment"
"Baileyton, AL",convenience store,retail,445120,Dollar General,"70680 Main St, Blountsville, AL 35031, USA",(256) 803-0360,https://www.dollargeneral.com/store-directory/al/blountsville/9783,34.0996769,-86.5738197,4.0,211.0,ChIJ3eV2V1GViYgRr4Cn88LppEE,"convenience_store, grocery_or_supermarket, drugstore, store, food, point_of_interest, health, establishment"
"Baileyton, AL",convenience store,retail,445120,Dollar General,"549 6th St, Madison, AL 35756, USA",(256) 258-8965,https://www.dollargeneral.com/store-directory/al/madison/19594,34.5835895,-86.7378179,4.6,110.0,ChIJ044PHoJxYogRWMuydaA83lI,"convenience_store, grocery_or_supermarket, drugstore, store, food, point_of_interest, health, establishment"
"Baileyton, AL",convenience store,retail,445120,Chevron,"8220 AL-69 #6, Arab, AL 35016, USA",(256) 753-1015,https://www.chevronwithtechron.com/station/8220-Al-Hwy-69-Arab-AL-35016-id206482,34.3622447,-86.4239522,4.1,15.0,ChIJnZ7RVankiYgRjcdxjxC2AEE,"gas_station, convenience_store, store, food, point_of_interest, establishment"
"Baileyton, AL",convenience store,retail,445120,Space Age Service Station,"2311 N Brindlee Mountain Pkwy, Arab, AL 35016, USA",(256) 586-8044,,34.3573129,-86.5060489,4.3,128.0,ChIJIQUE7KXmiYgRy7mFSV1EXv0,"gas_station, convenience_store, storage, car_repair, store, food, point_of_interest, establishment"
"Baileyton, AL",wholesale,retail,,Judson & Company,"715 Summit Dr SE, Decatur, AL 35601, USA",(866) 969-1455,http://www.judson.biz/,34.5714506,-86.98083310000001,4.7,31.0,ChIJi2tKLF-BYogRenc21dt71So,"jewelry_store, store, point_of_interest, establishment"
"Baileyton, AL",wholesale,retail,,DECATUR DISTRO,"1520 Moulton St W, Decatur, AL 35601, USA",(256) 686-0286,,34.6051635,-87.0082452,5.0,2.0,ChIJ__8_TrOFYogRaQDmTPpZuD0,"point_of_interest, establishment"
"Baileyton, AL",wholesale,retail,,Mitchell Grocery Corporation,"550 Railroad Ave, Albertville, AL 35950, USA",(256) 878-4211,http://mitchellgrocery.com/,34.27865,-86.2142135,3.4,363.0,ChIJJ3s18SkDiogR4Xo_Zl4p2rY,"food, point_of_interest, establishment"
"Baileyton, AL",wholesale,retail,,Fieldstone Meats-Alabama Inc,"282 Fieldstone Rd, Oneonta, AL 35121, USA",(205) 625-3686,https://www.fsis.usda.gov/inspection/fsis-inspected-establishments/fieldstone-meats-alabama-inc.,33.934832,-86.4872917,4.2,20.0,ChIJS3weHqWQiYgRSJkslNVFX7o,"food, point_of_interest, establishment"
"Baileyton, AL",distributor,retail,,Walmart Distribution Center,"2200 7th Ave SW, Cullman, AL 35055, USA",(256) 739-0763,http://www.walmart.com/,34.1361682,-86.84560739999999,3.6,604.0,ChIJrYe7GUHKiYgRdmyUOf3UnH4,"storage, point_of_interest, establishment"
"Baileyton, AL",distributor,retail,,Cullman Coca-Cola Bottling Company,"1145 Co Rd 437, Cullman, AL 35057, USA",(256) 734-0613,http://cocacolaunited.com/locations/cullman,34.1216241,-86.8577679,5.0,7.0,ChIJ18ao9HzKiYgR1BXdvqeoXQk,"food, point_of_interest, establishment"
"Baileyton, AL",distributor,retail,,Wittichen Supply Co,"501 Railroad Ave, Albertville, AL 35950, USA",(256) 878-0381,http://wittichen-supply.com/locations/albertville-store/,34.2764247,-86.21191449999999,4.5,15.0,ChIJnzKEkisDiogRGsR-naa13Mc,"home_goods_store, store, point_of_interest, establishment"
"Baileyton, AL",distributor,retail,445310,Windmill Beverages,"13136 Memorial Pkwy SW STE C, Huntsville, AL 35803, USA",(256) 882-1313,http://www.yelp.com/biz/windmill-beverages-huntsville,34.5887276,-86.5637124,4.4,323.0,ChIJ74Laj94MYogRBcvlFuy6OKo,"liquor_store, store, point_of_interest, establishment"
"Baileyton, AL",distributor,retail,,Hornsby Steel,"540 Industrial Park Rd, Oneonta, AL 35121, USA",,,33.9281113,-86.4860084,5.0,1.0,ChIJR2lB4aaQiYgRlVTwyfYMXCw,"point_of_interest, establishment"
"Baileyton, AL",distributor,retail,,JTR Distributing,"134 Co Rd 1632, Cullman, AL 35058, USA",(256) 796-1148,,34.209491,-86.74508800000001,4.7,6.0,ChIJmWNLb1fPiYgRnXrD8kzQpy4,"point_of_interest, establishment"
"Baileyton, AL",distributor,retail,,Decatur Coca-Cola Bottling Company,"1 Refreshment Pl, Decatur, AL 35601, USA",(256) 353-9211,https://www.decaturcocacola.com/,34.6108831,-87.0406603,4.1,7.0,ChIJ6REwjxyFYogReN14xMKZoUc,"point_of_interest, establishment"
"Baileyton, AL",distributor,retail,,Trident Beverage,"515 Church St NE, Decatur, AL 35601, USA",,https://www.tridentbeverage.com/,34.6091783,-86.9788195,,,ChIJ097lyH6GYogRArvWC8bYYkk,"point_of_interest, establishment"
"Baileyton, AL",distributor,retail,445120,Eastlake Beverage and Spirits,"3701 Lake Guntersville Park Dr, Guntersville, AL 35976, USA",(256) 582-1005,,34.3458645,-86.2771049,4.5,52.0,ChIJabukKzz5iYgR2wAuCYuByQ4,"convenience_store, liquor_store, store, food, point_of_interest, establishment"
"Baileyton, AL",distributor,retail,,Olympic Steel - Alabama,"4005 Co Rd 35, Hanceville, AL 35077, USA",(256) 287-5340,http://www.olysteel.com/,33.9115166,-86.9702629,5.0,1.0,ChIJ2Z79GvBTiIgRIDCtVfT1Msw,"point_of_interest, establishment"
"Baileyton, AL",food distributor,retail,,Tyson Foods Inc,"67240 Main St, Blountsville, AL 35031, USA",(205) 429-2421,http://www.tyson.com/,34.0578824,-86.57854669999999,2.6,141.0,ChIJwzgdaym-iYgRetNbtUDoBKo,"food, point_of_interest, establishment"
"Baileyton, AL",food distributor,retail,,Woodruff Produce Inc,"209 Central Cir SW, Decatur, AL 35603, USA",(256) 355-3442,,34.5386573,-86.9815589,4.5,2.0,ChIJh6Qs5F-BYogRDdjkTuzZnq0,"food, point_of_interest, establishment"
"Baileyton, AL",food distributor,retail,,OK Foods 431,"5000 US-431, Albertville, AL 35950, USA",(256) 894-3339,,34.2532412,-86.1798036,2.9,43.0,ChIJJVg7bKEciogRJdBoDkVZI6o,"food, point_of_interest, establishment"
"Baileyton, AL",food distributor,retail,,G.A. Food Services,"516 Veterans Wy, Guntersville, AL 35976, USA",(888) 311-8003,,34.313099,-86.3077485,4.4,14.0,ChIJpW2TSn75iYgR-yx8Zt7_dIY,"food, point_of_interest, establishment"
"Baileyton, AL",food distributor,retail,445310,Smith's Farms Country Meat,"1825 4th St SW, Cullman, AL 35055, USA",(256) 737-0505,https://smithfarmsalabama.com/,34.1711081,-86.8720889,4.5,189.0,ChIJa4ZDKgjLiYgRxbJpLztBHP4,"liquor_store, grocery_or_supermarket, store, food, point_of_interest, establishment"
"Baileyton, AL",food distributor,retail,,Cullman Foodservice Co,"33 AL-69, Cullman, AL 35055, USA",(256) 739-3296,,34.1836742,-86.7926956,3.7,3.0,ChIJA_JwpzzJiYgROcY5DzAEgGg,"point_of_interest, establishment"
"Baileyton, AL",food distributor,retail,,Saputo USA - Decatur,"1611 6th Ave SE, Decatur, AL 35601, USA",(256) 355-9777,http://www.saputo.com/,34.5811955,-86.9795092,3.3,137.0,ChIJffE6M6CGYogRTNFms06n7P8,"food, point_of_interest, establishment"
"Baileyton, AL",food distributor,retail,,Tyson Foods Freight Entrance,"40535 AL-79, Blountsville, AL 35031, USA",(205) 429-2421,,34.0521233,-86.5754122,2.5,88.0,ChIJlWVnXoaViYgR9WeHbKOX4cs,"food, point_of_interest, establishment"
"Baileyton, AL",food distributor,retail,444130,Mike's Merchandise,"1801 Gunter Ave, Guntersville, AL 35976, USA",(256) 582-0098,https://www.ebay.com/str/mikesmerchandise?mkcid=16&mkevt=1&mkrid=711-127632-2357-0&ssspo=B7bZGOBYSbm&sssrc=3418065&ssuid=B7bZGOBYSbm&widget_ver=artemis&media=COPY,34.3402667,-86.3089747,4.2,640.0,ChIJJ5T7Vhb5iYgRbdYyK5I9D18,"hardware_store, store, point_of_interest, establishment"
"Baileyton, AL",food distributor,retail,445110,Sweatmon's,"14413 County Rd 222, Crane Hill, AL 35053, USA",(256) 615-3191,,34.0966,-87.052644,4.8,53.0,ChIJn6JdVRNIiIgR8rri6VS26Oo,"grocery_or_supermarket, furniture_store, home_goods_store, store, general_contractor, food, point_of_interest, establishment"
"Baileyton, AL",food distributor,retail,,Emmaus Foods LLC,"661 Railroad Ave, Albertville, AL 35951, USA",(256) 894-5934,http://www.emmausfoods.com/,34.2831174,-86.2159193,3.5,39.0,ChIJQcvwvSkDiogR4gjqQZpnkwQ,"food, point_of_interest, establishment"
"Baileyton, AL",food distributor,retail,,Brickyard Meats- Butcher Shop & Custom Processing,"257 Co Rd 471, Cullman, AL 35055, USA",(256) 739-6615,http://www.brickyardmeats.com/,34.1556332,-86.8710741,4.7,148.0,ChIJI8E1yf3KiYgR4n5IWF1_O78,"store, food, point_of_interest, establishment"
"Baileyton, AL",food distributor,retail,,John A Woodruff Produce Co,"1519 5th Ave SE, Decatur, AL 35601, USA",(256) 355-3442,,34.58353100000001,-86.9820215,1.0,2.0,ChIJh6Qs5F-BYogR9ToywxGWQQA,"food, point_of_interest, establishment"
"Baileyton, AL",food distributor,retail,,Ardent Mills Decatur Mill,"2050 Market St NE, Decatur, AL 35601, USA",(256) 280-4761,https://www.ardentmills.com/our-facilities/alabama/decatur-mill/,34.6009951,-86.958074,4.0,43.0,ChIJ9z1Hy_WGYogRrMlxLUaypdY,"food, point_of_interest, establishment"
"Baileyton, AL",food distributor,retail,,"Piper and Leaf Tea Co - Shop, Farm, and Production","997 Heart of Dixie Hwy, Laceys Spring, AL 35754, USA",(256) 929-9404,https://piperandleaf.com/pages/about,34.5506935,-86.5889511,4.9,99.0,ChIJ7ZrM3hZzYogRkMkgEBYkO7A,"cafe, store, food, point_of_interest, establishment"
"Baileyton, AL",food distributor,retail,445110,"K Supply Company, Inc","930 Nixon Chapel Rd, Albertville, AL 35950, USA",(256) 894-0034,https://www.ksupplycompany.com/,34.2575236,-86.295611,4.9,13.0,ChIJ8yEmPJ73iYgRJ2Suk9kVlQ8,"grocery_or_supermarket, store, food, point_of_interest, establishment"
"Baileyton, AL",food distributor,retail,,The Butcher Meat Co.,"149 Patton Dr, Cullman, AL 35058, USA",(256) 747-5416,https://butchermeatco.com/,34.2351158,-86.8633727,4.8,107.0,ChIJo1uVYV_NiYgRVUeuKFBdgoc,"store, food, point_of_interest, establishment"
"Baileyton, AL",food distributor,retail,,Tucker Milling LLC,"85 Signal Point Rd, Guntersville, AL 35976, USA",(256) 582-2552,http://tuckermilling.com/,34.348827,-86.2697006,4.3,106.0,ChIJybZrXcH4iYgRuyCqF4vE4Jg,"point_of_interest, establishment"
"Baileyton, AL",food distributor,retail,,"Gemstone Foods, LLC.","641 Holly St NE, Decatur, AL 35601, USA",(256) 341-3804,http://www.gemstonefoods.com/,34.6046217,-86.97820279999999,2.7,28.0,ChIJd_v9G36GYogRkpM5j_WJfik,"store, food, point_of_interest, establishment"
"Baileyton, AL",food distributor,retail,722511,Downtown Nutrition - Cullman,"324 2nd Ave SE, Cullman, AL 35055, USA",(256) 709-5467,https://www.facebook.com/downtownnutritioncullman/,34.1753562,-86.8402021,4.8,89.0,ChIJcSycdLHLiYgRXXy4eiJem04,"restaurant, food, point_of_interest, establishment"
"Baileyton, AL",food distributor,retail,,Brothers Processing,"551 Co Rd 485, Hanceville, AL 35077, USA",(205) 388-7049,,34.1187366,-86.8236154,4.3,55.0,ChIJjS07XQLKiYgRt7bIQP1tUHE,"store, food, point_of_interest, establishment"
"Baileyton, AL",food distributor,retail,,JW Farm,"132 R B Orr Rd, Hartselle, AL 35640, USA",(256) 502-3793,https://facebook.com/jwfarmhorseboard,34.4101746,-87.01588749999999,,,ChIJYx_N0u4piIgRDDIf4-9TmrY,"store, food, point_of_interest, establishment"
"Baileyton, AL",food distributor,retail,,Warren Farms,"799 Dove Cir, Union Grove, AL 35175, USA",(256) 202-7536,,34.403328,-86.480091,,,ChIJ2RYmUlXjiYgRvaXaVCi2-xE,"food, point_of_interest, establishment"
"Baileyton, AL",grocery wholesaler,retail,445110,Walmart Decatur Market,"1203 6th Ave SE, Decatur, AL 35601, USA",(256) 822-6366,https://www.walmart.com/store/2488-decatur-al/?veh=seo_loc,34.5890012,-86.98158629999999,4.2,1740.0,ChIJWWxEvp2GYogR1xdu_U-MDKg,"grocery_or_supermarket, department_store, supermarket, bakery, store, food, point_of_interest, establishment"
"Baileyton, AL",grocery wholesaler,retail,,Mitchell Grocery Corporation,"2320 George Wallace Dr, Albertville, AL 35951, USA",(256) 891-0496,,34.2926712,-86.2174072,3.9,13.0,ChIJL5Dkz98CiogRjur0opQQPOs,"point_of_interest, establishment"
"Baileyton, AL",wholesale grocery,retail,445110,Price Less IGA,"1820 6th Ave SE # T, Decatur, AL 35601, USA",(256) 274-1012,https://www.pricelessiga.com/online/decatural/register,34.5759934,-86.9739284,4.4,541.0,ChIJ1-AFi6SGYogRkl5qNzesSqM,"grocery_or_supermarket, supermarket, food, store, point_of_interest, establishment"
"Baileyton, AL",wholesale grocery,retail,,Graves Family Market,"40020 AL-75, Susan Moore, AL 35952, USA",(205) 466-3055,http://www.gravesfamilymarket.com/,34.0820421,-86.4191865,4.7,283.0,ChIJf2r4iKCSiYgRTBQ8vQ3vCj0,"store, point_of_interest, establishment"
"Baileyton, AL",wholesale meat,retail,,Southern Integrity Meats,"12345 AL-157, Vinemont, AL 35179, USA",(256) 962-5545,http://si-meats.com/,34.2501017,-86.9695505,5.0,14.0,ChIJI0Oes1cziIgR8wcYVVQzizI,"food, store, point_of_interest, establishment"
"Baileyton, AL",wholesale meat,retail,,Arab Meat Market,"10 N Main St, Arab, AL 35016, USA",(256) 586-4811,https://www.facebook.com/arabmeatmarket/,34.3166696,-86.49530899999999,4.8,79.0,ChIJ594RJdfliYgRPN3HZ8UXohA,"food, store, point_of_interest, establishment"
"Baileyton, AL",wholesale seafood,retail,,Bragg's Fish Market,"1625 Henry St, Guntersville, AL 35976, USA",(256) 582-5996,,34.35062240000001,-86.31043729999999,4.7,155.0,ChIJi4VmHDr5iYgRKu0P-GMCo0A,"food, point_of_interest, establishment"
"Baileyton, AL",wholesale seafood,retail,445310,Ard's Seafood Market,"1216 Beltline Rd SW, Decatur, AL 35601, USA",(256) 301-4600,https://ardseafoodal.com/,34.5620146,-87.0064875,4.5,251.0,ChIJn1ZrwnWEYogR16aifsJ6Tfs,"liquor_store, restaurant, food, store, point_of_interest, establishment"
"Baileyton, AL",wholesale dairy,retail,,Milk Products of Alabama,"1611 6th Ave SE, Decatur, AL 35601, USA",(256) 306-0788,,34.5811817,-86.9794991,3.8,39.0,ChIJffE6M6CGYogRfURu1OAugJk,"point_of_interest, establishment"
"Baileyton, AL",wholesale dairy,retail,,Dayspring Dairy - NOT OPEN TO THE PUBLIC,"212 Dogwood Dr, Gallant, AL 35972, USA",,http://dayspringdairy.com/,33.9834853,-86.2606763,5.0,15.0,ChIJrR2KjN6JiYgRYQkdycCo0SY,"food, point_of_interest, establishment"
"Baileyton, AL",wholesale dairy,retail,,R W Huddleston Dairy Farm,"11 Co Rd 1720, Holly Pond, AL 35083, USA",,,34.239116,-86.6135139,4.0,3.0,ChIJq7KpMVbCiYgR2Bfsgky2kAQ,"point_of_interest, establishment"
"Baileyton, AL",produce wholesaler,retail,445110,Snead Produce,"Snead, AL 35952, USA",(205) 359-2137,,34.119992,-86.39595670000001,5.0,2.0,ChIJSylMJdfziYgRZwtpHrdIPkc,"grocery_or_supermarket, store, food, point_of_interest, establishment"
"Baileyton, AL",produce wholesaler,retail,445110,J Calvert Farms,"30 Co Rd 260, Cullman, AL 35057, USA",(256) 636-2752,https://www.jcalvertfarms.com/,34.0215329,-86.9162571,4.9,67.0,ChIJFck2wKZMiIgRdYJlp6aUvMo,"grocery_or_supermarket, store, food, point_of_interest, establishment"
"Baileyton, AL",produce wholesaler,retail,,Natures Best Egg Co,"1400 Co Rd 1568, Cullman, AL 35058, USA",(256) 796-8818,,34.261248,-86.6467727,4.8,4.0,ChIJ9Q6c9mnDiYgR0zJwnh4FpMA,"food, point_of_interest, establishment"
