Location,Search Keyword,Segment,NAICS Code,Business Name,Address,Phone Number,Website,Latitude,Longitude,Rating,User Ratings,Place ID,Types
"West Memphis, AR",,retail,445110,Kroger,"7942 Winchester Road, Memphis, TN, 38125",+1 901-758-3615,https://www.kroger.com/stores/grocery/tn/memphis/winchester-hacks/025/00437,35.0500258,-89.7980497,,,n_612898490,"shop=supermarket, brand=Kroger"
"West Memphis, AR",,retail,452319,Family Dollar,,,,35.2091828,-90.2033703,,,n_1239655076,"shop=variety_store, brand=Family Dollar"
"West Memphis, AR",,retail,445110,Kroger,"1675 North Germantown Parkway, Cordova, TN, 38016",+1 901-624-1338,https://www.kroger.com/stores/grocery/tn/cordova/dexter-cordova/025/00426,35.1707775,-89.7951434,,,n_1313732812,"shop=supermarket, brand=Kroger"
"West Memphis, AR",,retail,445310,Buster's Liquors & Wines,,,,35.1269037,-89.9457104,,,n_1403547449,shop=alcohol
"West Memphis, AR",,retail,445110,Kroger,"6660 Poplar Avenue, Memphis, TN, 38138",+1 901-757-8780,https://www.kroger.com/stores/grocery/tn/memphis/kirby-woods/025/00339,35.1004603,-89.8410198,,,n_1668790253,"shop=supermarket, brand=Kroger"
"West Memphis, AR",,retail,445120,Berryhill Market,,,,35.1769664,-89.7571798,,,n_1886023440,shop=convenience
"West Memphis, AR",,retail,445120,Murphy's USA,,,,34.9630631,-89.8842357,,,n_1966288851,shop=convenience
"West Memphis, AR",,retail,445110,Kroger,"7427 Goodman Road, Olive Branch, MS, 38654",+1 662-895-1460,https://www.kroger.com/stores/grocery/ms/olive-branch/olive-branch/025/00452,34.9602934,-89.8576764,,,n_1966289426,"shop=supermarket, brand=Kroger"
"West Memphis, AR",,retail,445110,High Point Grocery,"469 High Point Terrace, 38122",,https://www.highpointgrocery.com/,35.1444938,-89.9376722,,,n_2326594332,shop=supermarket
"West Memphis, AR",,retail,445110,Kroger,"676 North Germantown Parkway, Cordova, TN, 38018",+1 901-756-1138,https://www.kroger.com/stores/grocery/tn/cordova/trinity/025/00410,35.143396,-89.7928604,,,n_2351373211,"shop=supermarket, brand=Kroger"
"West Memphis, AR",,retail,445310,Trinity Wine & Liquors,,,,35.1426915,-89.7925525,,,n_2351373214,shop=alcohol
"West Memphis, AR",,retail,445310,Lucchesi's Deli & Beer Store,"3358 Poplar Avenue, Memphis, TN, 38111",+19014523002,,35.1293815,-89.9500449,,,n_2351816060,shop=alcohol
"West Memphis, AR",,retail,452210,Target,"601 Colonial Road, Memphis, TN, 38117-5132",+1 901-685-9240,https://www.target.com/sl/memphis-central/90,35.1134618,-89.9029842,,,n_2605168284,"shop=department_store, brand=Target"
"West Memphis, AR",,retail,445110,Superlo Foods,,,,35.1135539,-89.9041402,,,n_2605170032,shop=supermarket
"West Memphis, AR",,retail,452319,Family Dollar,,,,35.1511747,-89.9795944,,,n_2796565775,"shop=variety_store, brand=Family Dollar"
"West Memphis, AR",,retail,445110,Kroger,"1366 Poplar Avenue, Memphis, TN, 38104",+1 901-272-7881,https://www.kroger.com/stores/grocery/tn/memphis/poplar-cleveland/025/00415,35.1452795,-90.0147635,,,n_2796596190,"shop=supermarket, brand=Kroger"
"West Memphis, AR",,retail,445110,Superlo Foods,2269 Lamar Avenue,,,35.1057449,-89.9878279,,,n_2796632932,shop=supermarket
"West Memphis, AR",,retail,452210,Macy's,,,https://www.macys.com/stores/tn/memphis/oak-court-mall_795.html,35.1165897,-89.911828,,,n_2918109268,"shop=department_store, brand=Macy's"
"West Memphis, AR",,retail,452319,Dollar Tree,,,https://www.dollartree.com/locations/tn/memphis/4082/,35.0380894,-90.0258147,,,n_2937717076,"shop=variety_store, brand=Dollar Tree"
"West Memphis, AR",,retail,452319,Family Dollar,,,,35.0559579,-90.0255111,,,n_2937717077,"shop=variety_store, brand=Family Dollar"
"West Memphis, AR",,retail,445120,Pemex,"3233 Ridgeway Rd., Memphis, TN, 38115",9014338282,,35.0606766,-89.8575581,,,n_3502497983,"shop=convenience, amenity=fuel, brand=Independent"
"West Memphis, AR",,retail,452319,Dollar Tree,,,https://www.dollartree.com/locations/ms/southaven/1472/,34.9610217,-89.9928585,,,n_3792860862,"shop=variety_store, brand=Dollar Tree"
"West Memphis, AR",,retail,445120,Midtown Mini Mart,"634 North McLean Boulevard, Memphis, TN, 38107",,,35.1552223,-89.9973117,,,n_4150307084,shop=convenience
"West Memphis, AR",,retail,452319,Dollar General,,,https://www.dollargeneral.com/store-directory/tn/millington/14328,35.2909358,-89.9195145,,,n_4434583773,"shop=variety_store, brand=Dollar General"
"West Memphis, AR",,retail,446120,Omololu International,"3163 Bellbrook Drive, Memphis, TN, 38116",+1-901-332-3335,https://omololu.com/,35.0621386,-90.0276624,,,n_4505623871,shop=beauty
"West Memphis, AR",,retail,453110,"Piano's Flowers & Gifts, Inc","4532 Elvis Presley Blvd, Memphis, TN, 38116",+1 901-345-7670,https://www.pianosflowers.net/,35.0249256,-90.0246521,,,n_4541073586,shop=florist
"West Memphis, AR",,retail,446120,Mary Kay Cosmetics: Barbara Vaughn,"2712 Cedar Grove Cove, Cordova, TN, 38016",+1 901-372-1883,https://www.marykay.com/bvaughn,35.199656,-89.747625,,,n_4605246924,shop=cosmetics
"West Memphis, AR",,retail,452319,Dollar General,"4111 Summer Avenue, Memphis, TN, 38122",(901) 452-1618,https://www.dollargeneral.com/store-directory/tn/memphis/11958,35.1484713,-89.9237661,,,n_4944605516,"shop=variety_store, brand=Dollar General"
"West Memphis, AR",,retail,446120,Perfumania,,,,35.2020414,-89.788062,,,n_5193985139,"shop=perfumery, brand=Perfumania"
"West Memphis, AR",,retail,446120,Gould's Styling Salon,,,,35.202078,-89.7884003,,,n_5193985148,shop=beauty
"West Memphis, AR",,retail,446120,Brow Art 23,,,,35.2018659,-89.7882343,,,n_5193985150,shop=beauty
"West Memphis, AR",,retail,446120,Sephora,,,,35.2012915,-89.7880425,,,n_5193985160,"shop=cosmetics, brand=Sephora"
"West Memphis, AR",,retail,446120,Nail Pro,,,,35.2003312,-89.7872206,,,n_5194065563,shop=beauty
"West Memphis, AR",,retail,446120,Bath & Body Works,,,,35.2015823,-89.787652,,,n_5194065569,"shop=cosmetics, brand=Bath & Body Works"
"West Memphis, AR",,retail,452210,Dillard's Women,,+1 901-685-0382,https://www.dillards.com/stores/tennessee/oak-court-mall-memphis/0410,35.1174825,-89.9146473,,,n_5194759509,"shop=department_store, brand=Dillard's"
"West Memphis, AR",,retail,452210,Dillard's Men Children & Home,,,,35.1167421,-89.9136126,,,n_5194759510,shop=department_store
"West Memphis, AR",,retail,446120,Brow Art 23,,,,35.1170352,-89.913534,,,n_5224953859,shop=beauty
"West Memphis, AR",,retail,445292,Godiva Chocolatier,,,,35.1172899,-89.91338,,,n_5224953863,"shop=chocolate, brand=Godiva Chocolatier"
"West Memphis, AR",,retail,446120,Nail Pro,,,,35.1174145,-89.9133515,,,n_5224953866,shop=beauty
"West Memphis, AR",,retail,446120,Bath & Body Works,,,,35.1172187,-89.9138387,,,n_5224953871,"shop=cosmetics, brand=Bath & Body Works"
"West Memphis, AR",,retail,446120,Dream Spa,,,,35.1172406,-89.914053,,,n_5224978183,shop=beauty
"West Memphis, AR",,retail,446120,Regis Salon,,,,35.1167791,-89.9127622,,,n_5224978188,shop=beauty
"West Memphis, AR",,retail,445110,Kroger,"4770 Riverdale Road, Memphis, TN, 38141",+1 901-756-7291,https://www.kroger.com/stores/grocery/tn/memphis/gleneagles/025/00401,35.0184289,-89.8290772,,,n_5268930624,"shop=supermarket, brand=Kroger"
"West Memphis, AR",,retail,445110,Walmart Neighborhood Market,"6990 East Shelby Drive, Memphis, TN, 38125",+1 901-309-7876,https://www.walmart.com/store/5043-memphis-tn,35.022153,-89.830391,,,n_5315597922,"shop=supermarket, brand=Walmart, operator=Walmart"
"West Memphis, AR",,retail,445110,Walmart Neighborhood Market,"2401 Goodman Road West, Horn Lake, MS, 38637",+1 662-342-5929,https://www.walmart.com/store/3593-horn-lake-ms,34.961086,-90.032598,,,n_5315598255,"shop=supermarket, brand=Walmart, operator=Walmart"
"West Memphis, AR",,retail,445292,Dinstuhl's,,,,35.1191712,-89.9113205,,,n_5317191846,shop=confectionery
"West Memphis, AR",,retail,452210,Target,"5150 Goodman Road, Olive Branch, MS, 38654-7903",+1 662-892-3031,https://www.target.com/sl/olive-branch-west/2442,34.9654223,-89.8980653,,,n_5371373401,"shop=department_store, brand=Target"
"West Memphis, AR",,retail,452319,Family Dollar,,,,35.2760742,-90.4692175,,,n_5436375922,"shop=variety_store, brand=Family Dollar"
"West Memphis, AR",,retail,445110,Kroger,"799 Truse Parkway, Memphis, TN, 38117",+1 901-682-2989,https://www.kroger.com/stores/grocery/tn/memphis/truse-pkwy/025/00491,35.1098869,-89.894219,,,n_5716494761,"shop=supermarket, brand=Kroger"
"West Memphis, AR",,retail,445110,Trader Joe's,"2130 Exeter Road, Germantown, TN, 38138",+1 901-759-2803,https://locations.traderjoes.com/tn/germantown/738/,35.0909747,-89.8011646,,,n_5924712671,"shop=supermarket, brand=Trader Joe's"
"West Memphis, AR",,retail,445120,K Circle Convenience Store,,,,35.1381234,-90.0001139,,,n_6058652407,shop=convenience
"West Memphis, AR",,retail,445310,Tip Top Liquors and Wine,,,,35.1373322,-89.9986059,,,n_6058691208,shop=alcohol
"West Memphis, AR",,retail,452319,Dollar Tree,995 East Parkway South,,https://www.dollartree.com/locations/tn/memphis/5940/,35.1180939,-89.9849384,,,n_6551416188,"shop=variety_store, brand=Dollar Tree"
"West Memphis, AR",,retail,445120,B & G Food Mart,1076 South Cooper Street,,,35.1164299,-89.9910164,,,n_6551423285,shop=convenience
"West Memphis, AR",,retail,446120,Arch 2 Arch Spa & Threading Salon,"3750 Hacks Cross Road, Memphis, TN, 38125",+1-888-224-2724,https://a2aspasalon.com,35.0460643,-89.794879,,,n_6788668397,shop=beauty
"West Memphis, AR",,retail,446120,Nail Palace,"3750 Hacks Cross Road, Memphis, TN, 38125",+1-901-522-6900,,35.0460281,-89.7948773,,,n_6788668398,shop=beauty
"West Memphis, AR",,retail,445310,Liquor & Wine,"3750 Hacks Cross Road, Memphis, TN, 38125",,,35.0463443,-89.7948746,,,n_6788668400,shop=alcohol
"West Memphis, AR",,retail,452319,Sai Gruha India Mart,"7227 Winchester Road, Memphis, TN, 38125",+1-901-755-3558,,35.0484978,-89.8224576,,,n_6806981487,shop=general
"West Memphis, AR",,retail,446120,Salon 49,"7245 Winchester Road, Memphis, TN, 38125",+1-901-207-1279,,35.0485358,-89.8220906,,,n_6806981492,shop=beauty
"West Memphis, AR",,retail,446120,Glossy Nails,"7261 Winchester Road, Memphis, TN, 38125",+1-901-757-2328,,35.0485513,-89.8216107,,,n_6806981498,shop=beauty
"West Memphis, AR",,retail,446120,Echelon Of Beauty,"7271 Winchester Road, Memphis, TN, 38125",+1-901-752-0702,,35.0485692,-89.8213443,,,n_6806981502,shop=beauty
"West Memphis, AR",,retail,446110,Walgreens,,,https://www.walgreens.com/locator/walgreens-4028+goodman+rd+w-horn+lake-ms-38637/id=6754,34.9636571,-90.061291,,,n_7149757390,"shop=chemist, brand=Walgreens"
"West Memphis, AR",,retail,445110,Kroger,"3095 Goodman Road East, Southaven, MS, 38672",+1 662-536-3741,https://www.kroger.com/stores/grocery/ms/southaven/goodman-getwell/025/00464,34.9609009,-89.9347129,,,n_7196452590,"shop=supermarket, brand=Kroger"
"West Memphis, AR",,retail,452319,Cordelia's Market,"737 Harbor Bend Road, Memphis, TN, 38103",+1-901-526-4772,https://cordeliasmarket.com,35.1611316,-90.0536725,,,n_7359362818,shop=general
"West Memphis, AR",,retail,445120,Marathon,"4135 Riverdale Road, Memphis, TN, 38111",,,35.0355814,-89.8320695,,,n_7393317670,"shop=convenience, brand=Marathon"
"West Memphis, AR",,retail,446120,Spa Nails,"4135 Riverdale Road, Memphis, TN, 38111",+1-901-794-6966,,35.0356682,-89.8319658,,,n_7393317671,shop=beauty
"West Memphis, AR",,retail,453991,Whatever,"2027 Madison Avenue, Memphis, TN, 38104",+1-901-590-0084,https://whatevershopmemphis.com,35.1369086,-89.9936595,,,n_7447594216,shop=tobacco
"West Memphis, AR",,retail,452210,Ross,"8540 Highway 51 North, Millington, TN, 38053",+1 901-873-0866,,35.3587292,-89.8904733,,,n_7604103046,"shop=department_store, brand=Ross"
"West Memphis, AR",,retail,452319,Five Below,,+1 901-872-2250,https://locations.fivebelow.com/tn/millington/8540-us-highway-51-n,35.3590758,-89.8903192,,,n_7604103049,"shop=variety_store, brand=Five Below"
"West Memphis, AR",,retail,445110,Kroger,"8039 US Highway 51 North, Millington, TN, 38053",+1 901-872-6741,https://www.kroger.com/stores/grocery/tn/millington/millington/025/00393,35.3465307,-89.9069284,,,n_7604103057,"shop=supermarket, brand=Kroger"
"West Memphis, AR",,retail,452210,Big Lots,"8055 US Highway 51 North, Millington, TN, 38053",+1 901-873-1855,https://local.biglots.com/tn/millington/8055-us-hwy-51-n,35.3471369,-89.9063833,,,n_7604103058,"shop=department_store, brand=Big Lots"
"West Memphis, AR",,retail,452319,Dollar General,,,https://www.dollargeneral.com/store-directory/tn/millington/2698,35.3449892,-89.9070471,,,n_7604103061,"shop=variety_store, brand=Dollar General"
"West Memphis, AR",,retail,446110,Walgreens,"Millington, TN, 38053",,https://www.walgreens.com/locator/walgreens-7994+us+highway+51+n-millington-tn-38053/id=7792,35.3445436,-89.9059497,,,n_7604103064,"shop=chemist, brand=Walgreens"
"West Memphis, AR",,retail,445110,Save-A-Lot,,,https://savealot.com/grocery-stores/millington-38053-45041/,35.3388255,-89.9136248,,,n_7604103075,"shop=supermarket, brand=Save-A-Lot"
"West Memphis, AR",,retail,445110,Superlo Foods,,,,34.9610149,-89.9735904,,,n_7606880901,shop=supermarket
"West Memphis, AR",,retail,446110,Walgreens,,,https://www.walgreens.com/locator/walgreens-1011+goodman+rd+e-southaven-ms-38671/id=5396,34.962114,-89.9710236,,,n_7606880904,"shop=chemist, brand=Walgreens"
"West Memphis, AR",,retail,452210,Kohl's,"1160 Goodman Road East, Southaven, MS, 38671",+1 662-536-3151,https://www.kohls.com/stores/ms/southaven-719.shtml,34.9639325,-89.9691,,,n_7606880905,"shop=department_store, brand=Kohl's"
"West Memphis, AR",,retail,445120,Pop's Express,,,,34.9327152,-89.9352006,,,n_7606880921,shop=convenience
"West Memphis, AR",,retail,445120,Bull Market,,,,34.9341283,-89.9889562,,,n_7606881021,shop=convenience
"West Memphis, AR",,retail,452210,Burlington,"7761 Winchester Road, Memphis, TN, 38125",+1 901-758-4034,https://stores.burlington.com/tn/memphis/277,35.0468621,-89.8052426,,,n_7662617955,"shop=department_store, brand=Burlington"
"West Memphis, AR",,retail,445120,Shell,"1920 Whitten Road, Memphis, TN, 38133",+1-901-371-0617,https://shell.us,35.178168,-89.835564,,,n_7678030748,"shop=convenience, brand=Shell"
"West Memphis, AR",,retail,445110,Asiana Market,5940 Mount Moriah Road,901-363-8902,,35.0735998,-89.865016,,,n_7729587132,shop=supermarket
"West Memphis, AR",,retail,445230,Curb Market,"1350 Concourse Avenue, Memphis, TN, 38104",,https://curbmarket901.com/,35.1518794,-90.0140373,,,n_7799209078,shop=greengrocer
"West Memphis, AR",,retail,446191,Juice Bar,"1350 Concourse Avenue, Memphis, TN, 38104",,https://ilovejuicebar.com/,35.1519186,-90.0145828,,,n_7799231188,shop=health_food
"West Memphis, AR",,retail,446120,T-Nails,"7825 Winchester Road, Memphis, TN, 38125",+1-901-758-0077,,35.0481647,-89.8025079,,,n_7840685539,shop=beauty
"West Memphis, AR",,retail,446120,Mary King Nails,"8071 Trinity Road, Memphis, TN, 38018",,,35.1418611,-89.7938064,,,n_7893335296,shop=beauty
"West Memphis, AR",,retail,452319,Family Dollar,"3500 Ramill Road, Memphis, TN, 38128",+1-901-377-3493,,35.2211053,-89.9263877,,,n_7934700936,"shop=variety_store, brand=Family Dollar"
"West Memphis, AR",,retail,446120,Splendid Nails,"5010 Park Avenue, Memphis, TN, 38117",+1-901-685-6485,,35.1071442,-89.8947865,,,n_7940305568,shop=beauty
"West Memphis, AR",,retail,445310,Yorkshire Liquors,"5669 Quince Road, Memphis, TN, 38119",+1-901-767-1971,,35.0886807,-89.874366,,,n_7998537387,shop=alcohol
"West Memphis, AR",,retail,445120,Petro,3900 Petro Road,1 (870) 702-5540,,35.1543551,-90.135907,,,n_8086364364,shop=convenience
"West Memphis, AR",,retail,446120,X'pert Nails Salon,"6528 Quince Road, Memphis, TN, 38119",+1-901-755-4171,,35.070369,-89.8453422,,,n_8243437754,shop=beauty
"West Memphis, AR",,retail,446120,Katie Nails,"2809 Kirby Parkway, Memphis, TN, 38119",+1-901-522-6269,,35.0726793,-89.8442691,,,n_8243437767,shop=beauty
"West Memphis, AR",,retail,445110,Kroger,"2835 Kirby Parkway, Memphis, TN, 38119",+1 901-353-1822,https://www.kroger.com/stores/grocery/tn/memphis/kirby-quince/025/00451,35.0717484,-89.844417,,,n_8243437769,"shop=supermarket, brand=Kroger"
"West Memphis, AR",,retail,446120,Special Nails,,,,35.1013396,-89.8582174,,,n_8256842322,shop=beauty
"West Memphis, AR",,retail,445110,Kroger,"300 West Service Road, West Memphis, AR, 72301",+1 870-732-2692,https://www.kroger.com/stores/grocery/ar/west-memphis/w-memphis/025/00469,35.1681193,-90.1920318,,,n_8389289058,"shop=supermarket, brand=Kroger"
"West Memphis, AR",,retail,445110,ALDI,"4065 Goodman Road West, Horn Lake, MS, 38637",+1 833-470-7076,https://stores.aldi.us/ms/horn-lake/4065-goodman-road-west,34.9619158,-90.0618115,,,n_8663463359,"shop=supermarket, brand=ALDI"
"West Memphis, AR",,retail,446120,Kim's Nails,"6198 Macon Road, Memphis, TN, 38134",+1-901-729-6026,,35.1636689,-89.856648,,,n_8787861354,shop=beauty
"West Memphis, AR",,retail,445110,Viet Hoa Food Market,"40 North Cleveland Street, Memphis, TN, 38104",+1-901-726-9388,https://www.viethoafood.com/,35.1398789,-90.0158553,,,n_8816103393,shop=supermarket
"West Memphis, AR",,retail,446120,Royal Bee Beauty,"1330 Jackson Avenue, Memphis, TN, 38107",,,35.1584507,-90.0138521,,,n_8829770814,shop=beauty
"West Memphis, AR",,retail,446120,Nail Art,"1334 Jackson Avenue, Memphis, TN, 38107",,,35.1584398,-90.0137093,,,n_8829770815,shop=beauty
"West Memphis, AR",,retail,446120,Nina's Nails,,,,35.1390063,-90.0160706,,,n_8846474166,shop=beauty
"West Memphis, AR",,retail,445120,Hop In,"3796 East Shelby Drive, Memphis, TN, 38118",,,35.0211871,-89.9376557,,,n_8927831882,shop=convenience
"West Memphis, AR",,retail,452319,Family Dollar,"3315 East Shelby Drive, Memphis, TN, 38118",,,35.0203408,-89.9536454,,,n_8927831884,"shop=variety_store, brand=Family Dollar"
"West Memphis, AR",,retail,452319,Dollar General,"3258 East Shelby Drive, Memphis, TN, 38118",,https://www.dollargeneral.com/store-directory/tn/memphis/11599,35.0212431,-89.9557314,,,n_8927831885,"shop=variety_store, brand=Dollar General"
"West Memphis, AR",,retail,445120,Mapco Express,"3271 East Shelby Drive, Memphis, TN, 38118",,,35.0203194,-89.9550733,,,n_8927831886,shop=convenience
"West Memphis, AR",,retail,445120,Airport Food Mart,"2205 East Shelby Drive, Memphis, TN, 38116",,,35.0204674,-89.9902793,,,n_8927831887,shop=convenience
"West Memphis, AR",,retail,445120,Citgo,"2038 East Shelby Drive, Memphis, TN, 38116",+1 901 395 0599,https://gas-stations.citgo.com/tn/memphis/38116/2038-e-shelby-dr,35.0216528,-89.9958403,,,n_8927831889,"shop=convenience, brand=Citgo"
"West Memphis, AR",,retail,445120,H & N Market,"2006 East Shelby Drive, Memphis, TN, 38116",,,35.0214905,-89.9970013,,,n_8927831890,shop=convenience
"West Memphis, AR",,retail,445110,Stepherson's,"3942 Macon Road, Memphis, TN, 38122",,,35.1627635,-89.9293844,,,n_9143702230,shop=supermarket
"West Memphis, AR",,retail,446120,Regal Nails,,,,35.1404476,-89.7981128,,,n_9178809088,"shop=beauty, brand=Regal Nails"
"West Memphis, AR",,retail,452319,Dollar General,,,https://www.dollargeneral.com/store-directory/ms/southaven/22209,34.9632729,-89.9524545,,,n_9238293199,"shop=variety_store, brand=Dollar General"
"West Memphis, AR",,retail,445120,Tiger Mart,,,,34.9922068,-90.023506,,,n_9644659789,"shop=convenience, brand=Tiger Mart"
"West Memphis, AR",,retail,445120,Circle K,,,,34.9864801,-90.0186331,,,n_9644659791,shop=convenience
"West Memphis, AR",,retail,445120,Getco,,,,34.9815564,-90.0162171,,,n_9644659793,shop=convenience
"West Memphis, AR",,retail,445120,,,,,34.9744755,-90.0154403,,,n_9644659798,shop=convenience
"West Memphis, AR",,retail,446110,,,,,34.9635421,-90.0171931,,,n_9644659801,shop=chemist
"West Memphis, AR",,retail,446110,,,,,34.9618415,-90.01738,,,n_9644659805,shop=chemist
"West Memphis, AR",,retail,445120,,,,,34.9597832,-90.0169856,,,n_9644659808,shop=convenience
"West Memphis, AR",,retail,445120,,,,,34.9488134,-90.017372,,,n_9644680752,shop=convenience
"West Memphis, AR",,retail,445120,,,,,34.9475894,-90.0172202,,,n_9644680755,shop=convenience
"West Memphis, AR",,retail,445120,,,,,34.9342571,-89.9981295,,,n_9644680779,shop=convenience
"West Memphis, AR",,retail,445120,,,,,34.9723126,-89.9893664,,,n_9644680781,shop=convenience
"West Memphis, AR",,retail,445120,Z Express,,,,34.9778898,-89.9904715,,,n_9644680784,shop=convenience
"West Memphis, AR",,retail,445110,Kroger,"465 Stateline Road West, Southaven, MS, 38671",+1 662-393-3426,https://www.kroger.com/stores/grocery/ms/southaven/stateline-rd/025/00404,34.99027,-89.9974562,,,n_9644680785,"shop=supermarket, brand=Kroger"
"West Memphis, AR",,retail,446120,Garra Spas,,,,35.2000366,-89.7878592,,,n_9664284454,shop=beauty
"West Memphis, AR",,retail,452319,Dollar Tree,,,https://www.dollartree.com/locations/tn/memphis/346/,35.2010754,-89.7964288,,,n_9664284462,"shop=variety_store, brand=Dollar Tree"
"West Memphis, AR",,retail,452319,Dollar General,"6659 Quince Road, Memphis, TN, 38119",,https://www.dollargeneral.com/store-directory/tn/memphis/22748,35.0670758,-89.8406404,,,n_9908267472,"shop=variety_store, brand=Dollar General"
"West Memphis, AR",,retail,445120,Market 901,,,,35.0413955,-89.9806217,,,n_10249418165,shop=convenience
"West Memphis, AR",,retail,445120,Bluff City Market,,,,35.0408798,-89.9798275,,,n_10249418168,shop=convenience
"West Memphis, AR",,retail,446120,Feathers Spa,,,,35.1418372,-90.0515752,,,n_10251522158,shop=beauty
"West Memphis, AR",,retail,445310,Grapevine Liquor & Wine,"5847 Getwell Rd, A13, Southaven, MS, 38672",662-253-8836,https://grapevineliquorandwine-ms.com,34.9457555,-89.93733,,,n_10302095893,"shop=alcohol, operator=Owner"
"West Memphis, AR",,retail,445120,Hop-In,,,,35.0205887,-90.0259,,,n_10751841011,shop=convenience
"West Memphis, AR",,retail,446191,,,,,34.9631409,-89.9507727,,,n_10751841309,shop=health_food
"West Memphis, AR",,retail,445120,Family Dollar,,,,34.9870974,-90.017808,,,n_10751841406,shop=convenience
"West Memphis, AR",,retail,445310,Williams Liquor & Wines,,,,34.9722188,-89.989351,,,n_10751841408,shop=alcohol
"West Memphis, AR",,retail,445120,Riverdale Express,,,,35.019892,-89.8306563,,,n_10751869712,shop=convenience
"West Memphis, AR",,retail,445110,Corner Grocery and Deli,,,,34.9617458,-89.9206623,,,n_10751869805,shop=grocery
"West Memphis, AR",,retail,445110,Piggly Wiggly,"6459 Cockrum Street, Olive Branch, MS, 38654",+1 662-890-9033,,34.9546079,-89.8310733,,,n_10751869811,"shop=supermarket, brand=Piggly Wiggly"
"West Memphis, AR",,retail,445120,Hop-In,,,,35.0498505,-89.829442,,,n_10751869813,shop=convenience
"West Memphis, AR",,retail,445120,Mapco,,,,34.9621261,-89.901959,,,n_10751871705,shop=convenience
"West Memphis, AR",,retail,445120,Chickasaw Express,,,,35.1336101,-89.9627856,,,n_10751880605,shop=convenience
"West Memphis, AR",,retail,446120,American Nails,,,,35.1387637,-89.9792651,,,n_10751880705,shop=beauty
"West Memphis, AR",,retail,446120,Curl Up & Dye Hair & Nail Salon,"2810 Bartlett Road, Memphis, TN, 38134",+1-901-373-9748,https://curlupanddyehairandnailsalon.com,35.2023901,-89.8681796,,,n_10839455037,"shop=beauty, operator=Tracey Christensen"
"West Memphis, AR",,retail,452210,Target,"7255 Interstate Drive, Horn Lake, MS, 38637-1410",+1 662-349-1585,https://www.target.com/sl/horn-lake/1169,34.9661756,-90.005126,,,n_10872810139,"shop=department_store, brand=Target"
"West Memphis, AR",,retail,445110,Kroger,"7251 Interstate Drive, Horn Lake, MS, 38637",+1 662-349-8336,https://www.kroger.com/stores/grocery/ms/horn-lake/horn-lake-i-55/025/00453,34.9643372,-90.0057081,,,n_10872810140,"shop=supermarket, brand=Kroger"
"West Memphis, AR",,retail,445120,Love's,,,,35.1537864,-90.1383451,,,n_11051805634,"shop=convenience, brand=Love's"
"West Memphis, AR",,retail,452319,Dollar General,,,https://www.dollargeneral.com/store-directory/tn/memphis/12109,35.0955475,-89.9304216,,,n_11186178404,"shop=variety_store, brand=Dollar General"
"West Memphis, AR",,retail,452319,Dollar General,,,https://www.dollargeneral.com/store-directory/ar/west-memphis/1731,35.1450901,-90.1962731,,,n_11273078211,"shop=variety_store, brand=Dollar General"
"West Memphis, AR",,retail,445310,Desoto Liquor & Wine,,,,34.9631926,-90.0058959,,,n_11273078284,shop=alcohol
"West Memphis, AR",,retail,445310,Discount Wine & Liquor,"8946 Airways Boulevard, Southaven, MS, 38671",6622538654,,34.9904801,-89.9892491,,,n_11273078286,shop=alcohol
"West Memphis, AR",,retail,445120,Marathon,,,,35.1060916,-89.9858272,,,n_11522491623,"shop=convenience, brand=Marathon"
"West Memphis, AR",,retail,446120,EyeCandy Fragrances,"111 S Highland St, #477, Memphis, TN, 38111",844-645-7787,https://eyecandyfragrances.com,35.1289237,-89.9457417,,,n_11782342991,"shop=perfumery, operator=Ruth A. Gentry"
"West Memphis, AR",,retail,445110,ALDI,"8699 US, Millington, TN, 38053",+1 855-955-2534,https://stores.aldi.us/tn/millington/8699-us-51,35.3636721,-89.8931299,,,n_11802566366,"shop=supermarket, brand=ALDI"
"West Memphis, AR",,retail,445110,Sprouts Farmers Market,"3150 Village Shops Drive, Germantown, TN, 38138",+1 901-259-7020,https://www.sprouts.com/store/tn/germantown/germantown/,35.0635713,-89.7571651,,,n_11802566367,"shop=supermarket, brand=Sprouts Farmer Market"
"West Memphis, AR",,retail,445110,Sprouts Farmers Market,"576 South Perkins, Memphis, TN, 38117",+1 901-620-4405,https://www.sprouts.com/store/tn/memphis/east-memphis/,35.115334,-89.906296,,,n_11802566368,"shop=supermarket, brand=Sprouts Farmers Market"
"West Memphis, AR",,retail,445110,Kroger,"4264 Summer Avenue, Memphis, TN, 38122",+1 901-763-0831,https://www.kroger.com/stores/grocery/tn/memphis/summer-avenue/025/00439,35.1504701,-89.9184469,,,n_11802569669,"shop=supermarket, brand=Kroger"
"West Memphis, AR",,retail,445110,Kroger,"2632 Frayser Boulevard, Memphis, TN, 38127",+1 901-353-8284,https://www.kroger.com/stores/grocery/tn/memphis/frayser/025/00425,35.2226893,-89.9767774,,,n_11802569670,"shop=supermarket, brand=Kroger"
"West Memphis, AR",,retail,445110,Kroger,"3860 Austin Peay Highway, Memphis, TN, 38128",+1 901-383-4847,https://www.kroger.com/stores/grocery/tn/memphis/raleigh/025/00438,35.2311122,-89.8953313,,,n_11802569671,"shop=supermarket, brand=Kroger"
"West Memphis, AR",,retail,445110,Kroger,"5995 Stage Road, Bartlett, TN, 38134",+1 901-385-7097,https://www.kroger.com/stores/grocery/tn/bartlett/bartlett-towne-center/025/00405,35.2025118,-89.8628432,,,n_11802569672,"shop=supermarket, brand=Kroger"
"West Memphis, AR",,retail,445110,Kroger,"7615 US Highway 70, Bartlett, TN, 38133",+1 901-758-3622,https://www.kroger.com/health-services/clinic/details/855/00210;https://www.kroger.com/stores/grocery/tn/bartlett/summer-appling/025/00456,35.229631,-89.808114,,,n_11802569673,"shop=supermarket, brand=Kroger"
"West Memphis, AR",,retail,445110,Sprouts Farmers Market,"9050 Highway 64, Lakeland, TN, 38002",+1 901-259-3450,https://www.sprouts.com/store/tn/lakeland/lakeland/,35.2058568,-89.7612867,,,n_11802569674,"shop=supermarket, brand=Sprouts Farmer Market"
"West Memphis, AR",,retail,445110,Cordova Farmer's Market,,+19014178407,,35.1572584,-89.7931106,,,n_11829400169,shop=supermarket
"West Memphis, AR",,retail,446120,Magnolia Nails & Spa,"6874 Goodman Road, Olive Branch, MS, 38654",,,34.9628318,-89.8686441,,,n_11948490950,shop=beauty
"West Memphis, AR",,retail,445110,,,,,35.0662437,-90.0702642,,,n_12074300037,shop=supermarket
"West Memphis, AR",,retail,446110,Walgreens,3515 Park,,,35.1074524,-89.9450989,,,n_12147268634,shop=chemist
"West Memphis, AR",,retail,445230,DG Grocery,"3502 PARK AVE (Normal) 3502, Memphis",,,35.1084789,-89.9454517,,,n_12147270431,shop=greengrocer
"West Memphis, AR",,retail,445120,,,,,35.149074,-89.9073917,,,n_12166251650,shop=convenience
"West Memphis, AR",,retail,445120,,,,,35.1479346,-89.9083041,,,n_12166251664,shop=convenience
"West Memphis, AR",,retail,445120,TA,,,,35.1363989,-90.4881082,,,n_12166255031,"shop=convenience, brand=TA"
"West Memphis, AR",,retail,445120,,,,,35.1359832,-90.4892002,,,n_12166255035,shop=convenience
"West Memphis, AR",,retail,445120,PJ’s,,,,35.1470042,-90.2918492,,,n_12166260857,shop=convenience
"West Memphis, AR",,retail,445120,,,,,35.146995,-90.2923439,,,n_12166260858,shop=convenience
"West Memphis, AR",,retail,445110,Barakat Middle Eastern Market,"5782 Raleigh-Lagrange Road, Memphis, TN, 38134",,,35.1830644,-89.8706429,,,n_12177363034,shop=supermarket
"West Memphis, AR",,retail,445110,Astonville community store,Delaney Lane,,,34.8859804,-89.9301952,,,n_12208571638,shop=supermarket
"West Memphis, AR",,retail,445120,City Market,"66 South Main Street, Memphis, TN, 38103",+1-901-729-6152,,35.1433151,-90.053445,,,n_12304992002,shop=convenience
"West Memphis, AR",,retail,445120,Circle K,"3971 Goodman Road West, Horn Lake, MS, 38637",+1 662-280-1946,,34.9619921,-90.0598653,,,n_12310192529,"shop=convenience, brand=Circle K"
"West Memphis, AR",,retail,445120,Mapco,"2120 Frayser Boulevard, Memphis, TN, 38127",+1 901-358-5374,,35.2176481,-89.9928122,,,n_12350253871,"shop=convenience, brand=Mapco"
"West Memphis, AR",,retail,445120,,,,,35.0611191,-90.0312212,,,n_12361541029,shop=convenience
"West Memphis, AR",,retail,445120,,,,,35.1573281,-89.8831804,,,n_12361583991,shop=convenience
"West Memphis, AR",,retail,452319,Blues City General Store,,,,35.140035,-90.0530689,,,n_12461877454,shop=general
"West Memphis, AR",,retail,445120,Sandra's Sundries,,,,35.1481814,-90.0521816,,,n_12463093243,shop=convenience
"West Memphis, AR",,retail,445120,,,,,35.0198575,-89.796592,,,n_12535221835,shop=convenience
"West Memphis, AR",,retail,445120,,,,,35.0643079,-90.0583796,,,n_12670934955,shop=convenience
"West Memphis, AR",,retail,445120,,,,,35.0209843,-89.8792309,,,n_12670967910,shop=convenience
"West Memphis, AR",,retail,445120,,,,,35.1728634,-89.8685181,,,n_12696380227,shop=convenience
"West Memphis, AR",,retail,445120,,,,,35.0679259,-89.7597967,,,n_13011777963,shop=convenience
"West Memphis, AR",,retail,445120,,,,,35.0934426,-89.8092736,,,n_13013879349,shop=convenience
"West Memphis, AR",,retail,445120,,,,,35.0925435,-89.8093894,,,n_13013890350,shop=convenience
"West Memphis, AR",,retail,445110,Walmart Supercenter,"7950 Craft Goodman Frontage Road, Olive Branch, MS, 38654",+1 662-890-2500,https://www.walmart.com/store/2846/olive-branch-ms,34.9650183,-89.8495639,,,w_25888861,"shop=supermarket, brand=Walmart, operator=Walmart"
"West Memphis, AR",,retail,445110,Whole Foods Market,"5014 Poplar Avenue, Memphis, TN, 38117",+1 901-969-4368,https://www.wholefoodsmarket.com/stores/poplaravenue,35.1131994,-89.8941234,,,w_105241601,"shop=supermarket, brand=Whole Foods Market"
"West Memphis, AR",,retail,445110,Target,"5959 Poplar Avenue, Memphis, TN, 38119-3938",+1 901-261-5079,https://www.target.com/sl/memphis-east/2474,35.1008938,-89.8635878,,,w_108277298,"shop=supermarket, brand=Target"
"West Memphis, AR",,retail,452210,Navy Exchange,,,,35.3337144,-89.8716309,,,w_142093418,"shop=department_store, brand=Navy Exchange"
"West Memphis, AR",,retail,445120,Navy Exchange Convenience Store,,,,35.326946,-89.869775,,,w_142093422,"shop=convenience, brand=Navy Exchange, operator=Navy Exchange"
"West Memphis, AR",,retail,445310,Navy Exchange Package Store,,,,35.3333726,-89.8710271,,,w_142093423,"shop=alcohol, brand=Navy Exchange"
"West Memphis, AR",,retail,445120,,,,,34.8386629,-90.3008673,,,w_142440759,"shop=convenience, amenity=fuel"
"West Memphis, AR",,retail,445120,,,,,34.8193759,-90.3154959,,,w_142440760,"shop=convenience, amenity=fuel"
"West Memphis, AR",,retail,445120,,,,,34.8587729,-90.2480657,,,w_142440762,"shop=convenience, amenity=fuel"
"West Memphis, AR",,retail,445120,Tiger Mart,,,,35.0538907,-90.0243765,,,w_166639921,"shop=convenience, brand=Tiger Mart"
"West Memphis, AR",,retail,445120,Phillips 66,,,,35.0505729,-90.0256657,,,w_166639923,shop=convenience
"West Memphis, AR",,retail,445110,Kroger,"2942 Kirby-Whitten Parkway, Bartlett, TN, 38134",+1 901-371-0626,https://www.kroger.com/stores/grocery/tn/bartlett/kirby-whitten/025/00489,35.2067359,-89.8381009,,,w_185565907,"shop=supermarket, brand=Kroger"
"West Memphis, AR",,retail,452210,Target,"7989 Highway 64, Memphis, TN, 38133-4007",+1 901-383-1649,https://www.target.com/sl/memphis-ne/1030,35.2037697,-89.7971849,,,w_186014761,"shop=department_store, brand=Target"
"West Memphis, AR",,retail,445110,Walmart Supercenter,"8400 Highway 64, Bartlett, TN, 38133",+1 901-382-6101,https://www.walmart.com/store/950-bartlett-tn,35.207204,-89.7828164,,,w_186058072,"shop=supermarket, brand=Walmart, operator=Walmart"
"West Memphis, AR",,retail,445120,,,,,35.2052229,-89.7925716,,,w_186544645,shop=convenience
"West Memphis, AR",,retail,446110,Walgreens,,,https://www.walgreens.com/locator/walgreens-5950+stage+rd-bartlett-tn-38134/id=4083,35.2055994,-89.8648544,,,w_186558316,"shop=chemist, brand=Walgreens"
"West Memphis, AR",,retail,446110,Walgreens,,,https://www.walgreens.com/locator/walgreens-5080+stage+rd-memphis-tn-38128/id=10103,35.2073867,-89.8938706,,,w_187293014,"shop=chemist, brand=Walgreens"
"West Memphis, AR",,retail,446110,Walgreens,6697 Stage Road,,https://www.walgreens.com/locator/walgreens-6697+stage+rd-bartlett-tn-38134/id=6465,35.204222,-89.8398757,,,w_187734350,"shop=chemist, brand=Walgreens"
"West Memphis, AR",,retail,445120,Flying J,"3400 Service Loop Road, West Memphis, AR, 72301",,,35.1541741,-90.1439223,,,w_219424152,shop=convenience
"West Memphis, AR",,retail,445120,City Market Groceries & Deli,"836 South Cooper Street, Memphis, TN, 38104",,,35.1229222,-89.9904768,,,w_225041077,shop=convenience
"West Memphis, AR",,retail,445120,Tiger Mart,,,,35.1273255,-89.9457817,,,w_226737698,"shop=convenience, brand=Tiger Mart"
"West Memphis, AR",,retail,445120,,,,,35.1361172,-89.9625774,,,w_227172268,shop=convenience
"West Memphis, AR",,retail,452319,Dollar General,,,https://www.dollargeneral.com/store-directory/tn/memphis/6647,35.1263184,-89.980088,,,w_227222919,"shop=variety_store, brand=Dollar General"
"West Memphis, AR",,retail,445110,Commissary,,,,35.3291126,-89.8667593,,,w_231969151,shop=supermarket
"West Memphis, AR",,retail,445120,,,,,35.1374791,-90.0055971,,,w_239268378,shop=convenience
"West Memphis, AR",,retail,445120,,,,,35.1354756,-90.0057189,,,w_239268380,shop=convenience
"West Memphis, AR",,retail,445110,Kroger,"540 South Mendenhall Road, Memphis, TN, 38117",+1 901-683-8843,https://www.kroger.com/stores/grocery/tn/memphis/mendenhall-sanderlin/025/00430,35.1164183,-89.8942415,,,w_277183442,"shop=supermarket, brand=Kroger"
"West Memphis, AR",,retail,446120,Dabbles Hair Company,,,,35.1372192,-89.9903131,,,w_280177231,shop=beauty
"West Memphis, AR",,retail,445110,The Fresh Market,,,,35.1333625,-89.9896516,,,w_280420612,"shop=supermarket, brand=The Fresh Market"
"West Memphis, AR",,retail,446110,Walgreens,"1863 Union Avenue, Memphis, TN, 38104",,,35.1345803,-89.9993135,,,w_280949916,"shop=chemist, brand=Walgreens"
"West Memphis, AR",,retail,445110,Kroger,"3444 Plaza Avenue, Memphis, TN, 38111",+1 901-324-1013,https://www.kroger.com/stores/grocery/tn/memphis/poplar-plaza/025/00488,35.1305609,-89.94803,,,w_283272768,"shop=supermarket, brand=Kroger"
"West Memphis, AR",,retail,452210,Burlington,"225 Goodman Road West, Southaven, MS, 38671",+1 662-349-2795,https://stores.burlington.com/ms/southaven/536,34.9598233,-89.9933201,,,w_285729843,"shop=department_store, brand=Burlington"
"West Memphis, AR",,retail,452210,Marshalls,,,,34.9598067,-89.9911808,,,w_285730376,"shop=department_store, brand=Marshalls"
"West Memphis, AR",,retail,445110,ALDI,"4056 Elvis Presley Boulevard, Memphis, TN, 38116",+1 833-470-4070,https://stores.aldi.us/tn/memphis/4056-elvis-presley-blvd,35.0381618,-90.0242349,,,w_290216988,"shop=supermarket, brand=ALDI"
"West Memphis, AR",,retail,452319,Family Dollar,,,,35.0367027,-90.0265297,,,w_290216994,"shop=variety_store, brand=Family Dollar"
"West Memphis, AR",,retail,452319,Family Dollar,,,,35.133629,-89.9624699,,,w_293864054,"shop=variety_store, brand=Family Dollar"
"West Memphis, AR",,retail,452319,Dollar General,,,https://www.dollargeneral.com/store-directory/tn/memphis/11798,35.1985361,-89.9431615,,,w_318307325,"shop=variety_store, brand=Dollar General"
"West Memphis, AR",,retail,446110,CVS Pharmacy,,,https://www.cvs.com/store-locator/southaven-ms-pharmacies/55-goodman-road-west-southaven-ms-38671/storeid=8955,34.9621895,-89.990637,,,w_375949741,"shop=chemist, brand=CVS Pharmacy"
"West Memphis, AR",,retail,452210,Sears,"209 Shoppingway Boulevard, West Memphis, AR, 72301",,,35.1672059,-90.1888809,,,w_384668097,"shop=department_store, brand=Sears"
"West Memphis, AR",,retail,446110,Walgreens,"1800 North Missouri Street, West Memphis, AR, 72301",,https://www.walgreens.com/locator/walgreens-1800+n+missouri+st-west+memphis-ar-72301/id=5789,35.1672208,-90.1861429,,,w_384668101,"shop=chemist, brand=Walgreens"
"West Memphis, AR",,retail,445110,Cash Saver,"1620 Madison Avenue, Memphis, TN, 38104",+1-901-272-0171,https://www.memphiscashsaver.com/,35.1393739,-90.0070803,,,w_391736398,shop=supermarket
"West Memphis, AR",,retail,446110,CVS Pharmacy,,,https://www.cvs.com/store-locator/memphis-tn-pharmacies/2115-union-ave-memphis-tn-38104/storeid=4992,35.1335562,-89.9907905,,,w_405550555,"shop=chemist, brand=CVS Pharmacy"
"West Memphis, AR",,retail,446110,CVS Pharmacy,,,https://www.cvs.com/store-locator/olive-branch-ms-pharmacies/5025-hwy-305-olive-branch-ms-38654/storeid=5604,34.9339315,-89.8311514,,,w_408876423,"shop=chemist, brand=CVS Pharmacy"
"West Memphis, AR",,retail,445120,,,,,34.9335709,-89.8295618,,,w_408876631,shop=convenience
"West Memphis, AR",,retail,445120,Circle K,"8000 Winchester Road, Memphis, TN, 38125",,,35.0489049,-89.7960214,,,w_439376772,"shop=convenience, brand=Circle K"
"West Memphis, AR",,retail,445110,Walmart Neighborhood Market,"6520 Memphis Arlington Road, Bartlett, TN, 38135",+1 901-388-1004,https://www.walmart.com/store/3599-bartlett-tn,35.2278565,-89.8471289,,,w_449383328,"shop=supermarket, brand=Walmart, operator=Walmart"
"West Memphis, AR",,retail,445120,,,,,35.2265709,-89.8460388,,,w_449387017,shop=convenience
"West Memphis, AR",,retail,445120,,,,,35.2408016,-89.8442984,,,w_449389613,shop=convenience
"West Memphis, AR",,retail,445120,Circle K,,,,35.1945469,-89.8142226,,,w_460553099,shop=convenience
"West Memphis, AR",,retail,445120,Fill N Chill,,,,35.1958038,-89.8356696,,,w_460553104,shop=convenience
"West Memphis, AR",,retail,452210,JCPenney,"7700 Polo Grounds Boulevard, Memphis, TN, 38125",,,35.0523546,-89.8061282,,,w_477589278,"shop=department_store, brand=JCPenney"
"West Memphis, AR",,retail,452319,Dollar General,,,https://www.dollargeneral.com/store-directory/tn/memphis/11455,35.2218185,-89.9736496,,,w_483293664,"shop=variety_store, brand=Dollar General"
"West Memphis, AR",,retail,452319,Dollar General,,,https://www.dollargeneral.com/store-directory/tn/memphis/12833,35.1071019,-89.988162,,,w_483295949,"shop=variety_store, brand=Dollar General"
"West Memphis, AR",,retail,445110,Kroger,"2380 Mount Pleasant Road, Hernando, MS, 38632",+1 662-429-0355,https://www.kroger.com/stores/grocery/ms/hernando/kroger-marketplace/025/00478,34.8263497,-89.9817538,,,w_493053057,"shop=supermarket, brand=Kroger"
"West Memphis, AR",,retail,445110,Walmart Neighborhood Market,"2100 Highway 77, Marion, AR, 72364",+1 870-394-7308,https://www.walmart.com/store/4654-marion-ar,35.1979382,-90.1825391,,,w_499747003,"shop=supermarket, brand=Walmart"
"West Memphis, AR",,retail,445110,Walmart Supercenter,"5255 Elvis Presley Boulevard, Memphis, TN, 38116",+1 901-346-4994,https://www.walmart.com/store/5196-memphis-tn,35.0050356,-90.0277741,,,w_531616903,"shop=supermarket, brand=Walmart, operator=Walmart"
"West Memphis, AR",,retail,445120,Flash Mart,"1621 North Missouri Street, West Memphis, AR, 72301",+18704000188,,35.1640811,-90.1842465,,,w_534396134,shop=convenience
"West Memphis, AR",,retail,445120,Shell,,,,35.2130807,-90.2064766,,,w_534396189,"shop=convenience, brand=Shell"
"West Memphis, AR",,retail,452319,Dollar General,"3732 I-55 Service Road, Marion, AR, 72364",,https://www.dollargeneral.com/store-directory/ar/marion/9061,35.2173242,-90.2076481,,,w_534396292,"shop=variety_store, brand=Dollar General"
"West Memphis, AR",,retail,445110,ALDI,"2877 Lamar Avenue, Memphis, TN, 38114",,,35.0909609,-89.9674247,,,w_534525427,"shop=supermarket, brand=ALDI"
"West Memphis, AR",,retail,452319,Dollar Tree,,,https://www.dollartree.com/locations/tn/memphis/6623/,35.0209396,-89.8247361,,,w_534584205,"shop=variety_store, brand=Dollar Tree"
"West Memphis, AR",,retail,452319,Dollar General,,,https://www.dollargeneral.com/store-directory/tn/memphis/4482,35.0209591,-89.8264745,,,w_534584231,"shop=variety_store, brand=Dollar General"
"West Memphis, AR",,retail,445120,Marathon,,,,35.020902,-89.8305541,,,w_534584242,"shop=convenience, brand=Marathon"
"West Memphis, AR",,retail,452319,Family Dollar,,,,35.0209173,-89.8419413,,,w_534591301,"shop=variety_store, brand=Family Dollar"
"West Memphis, AR",,retail,445120,,"4195 Hacks Cross Road, Memphis, TN, 38125",,,35.0346209,-89.7966058,,,w_545140195,shop=convenience
"West Memphis, AR",,retail,445120,"Super ""M"" Market","4215 Hacks Cross Road, TN, 38125",+1-901-755-8377,,35.0325343,-89.7964335,,,w_545140203,shop=convenience
"West Memphis, AR",,retail,452319,Family Dollar,"6550 Mount Moriah Road, Memphis, TN",,,35.0647273,-89.8443497,,,w_561728398,"shop=variety_store, brand=Family Dollar"
"West Memphis, AR",,retail,445110,Walmart Neighborhood Market,"2856 Hickory Hill Road, Memphis, TN, 38115",+1 901-362-3622,https://www.walmart.com/store/5122-memphis-tn,35.0699248,-89.8627764,,,w_562610587,"shop=supermarket, brand=Walmart, operator=Walmart"
"West Memphis, AR",,retail,446110,Walgreens,,,https://www.walgreens.com/locator/walgreens-6310+poplar+ave-memphis-tn-38119/id=7808,35.1012342,-89.8525312,,,w_567866382,"shop=chemist, brand=Walgreens"
"West Memphis, AR",,retail,445110,ALDI,"2765 South Perkins Road, Memphis, TN, 38118",+1 833-470-7068,https://stores.aldi.us/tn/memphis/2765-s-perkins,35.073099,-89.906278,,,w_569479677,"shop=supermarket, brand=ALDI"
"West Memphis, AR",,retail,445120,BP Shop,,,,35.3879872,-90.2715939,,,w_574536263,"shop=convenience, brand=BP Shop"
"West Memphis, AR",,retail,446110,Walgreens,,,https://www.walgreens.com/locator/walgreens-6939+e+shelby+dr-memphis-tn-38141/id=15928,35.0199066,-89.8320428,,,w_576051419,"shop=chemist, brand=Walgreens"
"West Memphis, AR",,retail,452319,Village Mart,,,,35.0198763,-89.8371097,,,w_581958006,shop=variety_store
"West Memphis, AR",,retail,445120,,,,,35.0518099,-89.9512898,,,w_586979567,shop=convenience
"West Memphis, AR",,retail,445110,Kroger,"1761 Union Avenue, Memphis, TN, 38104",+1 901-272-8630,https://www.kroger.com/stores/grocery/tn/memphis/union-ave/025/00402,35.1351292,-90.0035335,,,w_602715700,"shop=supermarket, brand=Kroger"
"West Memphis, AR",,retail,452319,Dollar Tree,,,https://www.dollartree.com/locations/tn/memphis/6818/,35.004072,-90.1077686,,,w_623554265,"shop=variety_store, brand=Dollar Tree"
"West Memphis, AR",,retail,446110,Walgreens,"2996 Church Road East, Southaven, MS, 38671",,https://www.walgreens.com/locator/walgreens-2996+church+rd+e-southaven-ms-38671/id=11890,34.933789,-89.9374864,,,w_638878609,"shop=chemist, brand=Walgreens"
"West Memphis, AR",,retail,446110,CVS Pharmacy,"2955 Church Road East, Southaven, MS, 38672",,https://www.cvs.com/store-locator/southaven-ms-pharmacies/2955-church-street-east-southaven-ms-38671/storeid=8994,34.9326706,-89.9375735,,,w_638878610,"shop=chemist, brand=CVS Pharmacy"
"West Memphis, AR",,retail,446110,CVS Pharmacy,"2945 Goodman Road East, Southaven, MS, 38672",,,34.961794,-89.938662,,,w_640487073,"shop=chemist, brand=CVS Pharmacy"
"West Memphis, AR",,retail,445110,Target,"9235 Poplar Avenue, Germantown, TN, 38138-7903",+1 901-756-6011,https://www.target.com/sl/germantown/682,35.0647698,-89.755404,,,w_642056636,"shop=supermarket, brand=Target"
"West Memphis, AR",,retail,445110,Kroger,"3926 Goodman Road West, Horn Lake, MS, 38637",+1 662-393-7868,https://www.kroger.com/stores/grocery/ms/horn-lake/goodman-rd-and-horn-lake/025/00499,34.964455,-90.0597217,,,w_642114656,"shop=supermarket, brand=Kroger"
"West Memphis, AR",,retail,452319,Dollar Tree,,,https://www.dollartree.com/locations/ms/horn-lake/2020/,34.9642919,-90.0585334,,,w_642114657,"shop=variety_store, brand=Dollar Tree"
"West Memphis, AR",,retail,445110,Walmart Supercenter,"4150 Goodman Road West, Horn Lake, MS, 38637",+1 662-253-6184,https://www.walmart.com/store/6964/horn-lake-ms,34.9647058,-90.063225,,,w_642114708,"shop=supermarket, brand=Walmart, operator=Walmart"
"West Memphis, AR",,retail,452319,Family Dollar,"Riverdale Road, TN, 38141",,,35.0051547,-89.831592,,,w_653441036,"shop=variety_store, brand=Family Dollar"
"West Memphis, AR",,retail,452319,Dollar General,,,https://www.dollargeneral.com/store-directory/tn/memphis/12536,35.0051303,-89.8466375,,,w_654083175,"shop=variety_store, brand=Dollar General"
"West Memphis, AR",,retail,445110,Walmart Supercenter,"7525 Winchester Road, Memphis, TN, 38125",+1 901-757-1442,https://www.walmart.com/store/1248-memphis-tn,35.0476562,-89.8112339,,,w_656393306,"shop=supermarket, brand=Walmart, operator=Walmart"
"West Memphis, AR",,retail,445110,ALDI,"7520 Winchester Road, Memphis, TN, 38125",+1 833-470-7065,https://stores.aldi.us/tn/memphis/7520-winchester-rd,35.0511602,-89.8121516,,,w_656515528,"shop=supermarket, brand=ALDI"
"West Memphis, AR",,retail,452319,Dollar Tree,"7686 Polo Grounds Boulevard, Memphis, TN, 38125",+1-901-509-6998,https://www.dollartree.com/locations/tn/memphis/3871/,35.0522018,-89.8068506,,,w_656524417,"shop=variety_store, brand=Dollar Tree"
"West Memphis, AR",,retail,452210,Marshalls,"7660 Polo Grounds Boulevard, Memphis, TN, 38125",+1-901-754-0784,https://tjx.com/businesses/us/marshalls,35.0525525,-89.8083377,,,w_656524424,"shop=department_store, brand=Marshalls"
"West Memphis, AR",,retail,446110,Walgreens,"2891 Kirby Parkway, Memphis, TN, 38119",+1-901-757-5017,https://www.walgreens.com/locator/walgreens-2891+kirby+rd-memphis-tn-38119/id=5345,35.0699798,-89.8434281,,,w_659350792,"shop=chemist, brand=Walgreens"
"West Memphis, AR",,retail,445310,Kirby Wines & Liquors,"2865 Kirby Parkway, Memphis, TN, 38119",+1-901-756-1993,https://kirbywines.com,35.0703692,-89.843104,,,w_659350795,shop=alcohol
"West Memphis, AR",,retail,446110,CVS Pharmacy,,,https://www.cvs.com/store-locator/memphis-tn-pharmacies/6116-quince-rd-memphis-tn-38119/storeid=6304,35.0865737,-89.859364,,,w_665483583,"shop=chemist, brand=CVS Pharmacy"
"West Memphis, AR",,retail,452319,Dollar General,"Hernando, MS, 38632",,https://www.dollargeneral.com/store-directory/ms/hernando/10727,34.8378696,-89.9938456,,,w_676958609,"shop=variety_store, brand=Dollar General"
"West Memphis, AR",,retail,445110,Aldi,"7051 Sleepy Hollow Drive, Southaven, MS, 38671",+1 833-470-7067,https://stores.aldi.us/ms/southaven/7051-sleepy-hollow-dr,34.963449,-89.9967827,,,w_683254329,"shop=supermarket, brand=Aldi"
"West Memphis, AR",,retail,452210,Marshalls,,,,35.0669517,-89.758701,,,w_686136442,"shop=department_store, brand=Marshalls"
"West Memphis, AR",,retail,446110,Walgreens,,,,35.1502054,-89.943973,,,w_705550961,"shop=chemist, brand=Walgreens"
"West Memphis, AR",,retail,445120,,,,,34.9328895,-90.0123676,,,w_720912876,shop=convenience
"West Memphis, AR",,retail,446110,,,,,34.9330161,-90.0143262,,,w_720912885,shop=chemist
"West Memphis, AR",,retail,446110,Walgreens,,,https://www.walgreens.com/locator/walgreens-4653+elvis+presley+blvd-memphis-tn-38116/id=3013,35.0214135,-90.026278,,,w_727334605,"shop=chemist, brand=Walgreens"
"West Memphis, AR",,retail,445110,Kroger,"1212 East Shelby Drive, Memphis, TN, 38116",+1 901-346-3336,https://www.kroger.com/stores/grocery/tn/memphis/whitehaven/025/00486,35.022705,-90.0234688,,,w_727336152,"shop=supermarket, brand=Kroger"
"West Memphis, AR",,retail,445120,,,,,35.0214193,-90.0204009,,,w_727336157,shop=convenience
"West Memphis, AR",,retail,453110,Rachel's Flowers & Gifts,"2488 Poplar Avenue, Memphis, TN, 38112",,,35.1391494,-89.9779482,,,w_727525649,shop=florist
"West Memphis, AR",,retail,445120,,,,,34.9345038,-90.0129491,,,w_728055610,shop=convenience
"West Memphis, AR",,retail,446110,Walgreens,,,,35.1359675,-90.0009021,,,w_739471364,"shop=chemist, brand=Walgreens"
"West Memphis, AR",,retail,446110,CVS Pharmacy,"3502 Park Avenue, Memphis, TN, 38111",+1-901-324-1050,https://cvs.com/?icid=cvsheader:cvslogo,35.108523,-89.9454194,,,w_739797364,"shop=chemist, brand=CVS Pharmacy"
"West Memphis, AR",,retail,445120,Hop-In,,,,35.1514254,-89.9807194,,,w_755748892,shop=convenience
"West Memphis, AR",,retail,445120,,,,,35.1510013,-89.9772789,,,w_755748895,shop=convenience
"West Memphis, AR",,retail,446110,Walgreens,"987 Union Avenue, Memphis, TN, 38104",,https://www.walgreens.com/locator/walgreens-987+union+ave-memphis-tn-38104/id=4628,35.1373461,-90.0287399,,,w_756146435,"shop=chemist, brand=Walgreens"
"West Memphis, AR",,retail,445120,Circle K,,,,34.9632468,-89.989305,,,w_757925026,"shop=convenience, brand=Circle K"
"West Memphis, AR",,retail,445120,,,,,34.9620502,-89.9893716,,,w_757925028,shop=convenience
"West Memphis, AR",,retail,452319,Family Dollar,,,,35.1612071,-90.0012647,,,w_758155599,"shop=variety_store, brand=Family Dollar"
"West Memphis, AR",,retail,445120,,,,,35.160538,-90.000491,,,w_759484475,shop=convenience
"West Memphis, AR",,retail,445310,Joe's Wines & Liquor,"1681 Poplar Avenue, Memphis, TN, 38104",,https://joeswinesandliquor.com/,35.1426699,-90.004736,,,w_761142300,shop=alcohol
"West Memphis, AR",,retail,453991,Wizard's,"1999 Madison Avenue, Memphis, TN, 38104",+1-901-726-6800,https://wizardsmemphis.com,35.1367812,-89.9945371,,,w_761768168,shop=tobacco
"West Memphis, AR",,retail,446110,Walgreens,,,https://www.walgreens.com/locator/walgreens-1489+airways+blvd-memphis-tn-38114/id=3866,35.1051884,-89.9864035,,,w_765290973,"shop=chemist, brand=Walgreens"
"West Memphis, AR",,retail,445120,,,,,34.9925804,-90.0003585,,,w_766703817,shop=convenience
"West Memphis, AR",,retail,452319,Family Dollar,,,,35.146761,-90.015386,,,w_768144870,"shop=variety_store, brand=Family Dollar"
"West Memphis, AR",,retail,452319,Dollar Tree,,,https://www.dollartree.com/locations/tn/memphis/5282/,35.2087859,-90.0322635,,,w_791949713,"shop=variety_store, brand=Dollar Tree"
"West Memphis, AR",,retail,452319,Dollar General,,,https://www.dollargeneral.com/store-directory/tn/memphis/11603,35.2111654,-90.0329546,,,w_791949721,"shop=variety_store, brand=Dollar General"
"West Memphis, AR",,retail,445110,Superlo Foods,"3327 North Watkins Street, Memphis, TN, 38127",+1-901-357-7617,,35.2165036,-90.004748,,,w_807337180,shop=supermarket
"West Memphis, AR",,retail,452319,Family Dollar,"3515 Ridgemont Avenus, Memphis, TN, 38128",+1-901-377-6399,https://familydollar.com,35.2427551,-89.9461849,,,w_809592807,"shop=variety_store, brand=Family Dollar"
"West Memphis, AR",,retail,452319,Dollar General,,,https://www.dollargeneral.com/store-directory/tn/memphis/15124,35.2416344,-89.9263898,,,w_812622949,"shop=variety_store, brand=Dollar General"
"West Memphis, AR",,retail,445110,Walmart Supercenter,"3950 Austin Peay Highway, Memphis, TN, 38128",+1 901-377-1211,https://www.walmart.com/store/1561-memphis-tn,35.2321461,-89.8939389,,,w_815016197,"shop=supermarket, brand=Walmart, operator=Walmart"
"West Memphis, AR",,retail,445110,ALDI,"3176 Austin Peay Highway, Memphis, TN, 38128",+1 833-470-7062,https://stores.aldi.us/tn/memphis/3176-austin-peay-hwy,35.2114731,-89.9175488,,,w_815576906,"shop=supermarket, brand=ALDI"
"West Memphis, AR",,retail,452319,Family Dollar,,,,35.1728652,-89.869835,,,w_819961531,"shop=variety_store, brand=Family Dollar"
"West Memphis, AR",,retail,445120,,,,,35.1831774,-89.8707733,,,w_822226014,shop=convenience
"West Memphis, AR",,retail,445110,Walmart Supercenter,"6727 Raleigh-Lagrange Road, Memphis, TN, 38133",+1 901-498-5340,https://www.walmart.com/store/6807-memphis-tn,35.1762033,-89.8392975,,,w_822297062,"shop=supermarket, brand=Walmart, operator=Walmart"
"West Memphis, AR",,retail,445120,Kangaroo Express,"1974 Whitten Road, Memphis, TN, 38133",,https://circlek.com,35.1789675,-89.8355358,,,w_822303012,"shop=convenience, brand=Kangaroo Express"
"West Memphis, AR",,retail,452319,Dollar Tree,"2085 Whitten Road, Memphis, TN, 38133",+1-901-801-6516,https://www.dollartree.com/locations/tn/memphis/7772/,35.1824104,-89.8367394,,,w_822748402,"shop=variety_store, brand=Dollar Tree"
"West Memphis, AR",,retail,445120,,,,,35.1995883,-89.8394527,,,w_823005949,shop=convenience
"West Memphis, AR",,retail,445120,,,,,35.1587391,-89.795991,,,w_827867114,shop=convenience
"West Memphis, AR",,retail,445110,Walmart Supercenter,"577 North Germantown Parkway, Cordova, TN, 38018",+1 901-758-1591,https://www.walmart.com/store/2322-cordova-tn,35.1408674,-89.7982566,,,w_828611618,"shop=supermarket, brand=Walmart, operator=Walmart"
"West Memphis, AR",,retail,445120,BP Shop,,,,35.1418274,-89.7964429,,,w_828611620,"shop=convenience, brand=BP Shop"
"West Memphis, AR",,retail,452319,Dollar General,,,https://www.dollargeneral.com/store-directory/tn/memphis/7492,35.1667692,-89.839389,,,w_832682794,"shop=variety_store, brand=Dollar General"
"West Memphis, AR",,retail,445110,Walmart Supercenter,"8445 Us Highway 51 North, Millington, TN, 38053",+1 901-872-6100,https://www.walmart.com/store/94-millington-tn,35.3577619,-89.8970414,,,w_833522901,"shop=supermarket, brand=Walmart, operator=Walmart"
"West Memphis, AR",,retail,452319,Dollar General,,,https://www.dollargeneral.com/store-directory/tn/memphis/12940,35.2194022,-89.9279352,,,w_834255615,"shop=variety_store, brand=Dollar General"
"West Memphis, AR",,retail,445120,,,,,35.1500496,-89.9763809,,,w_835570070,shop=convenience
"West Memphis, AR",,retail,445120,,,,,35.1477907,-89.9616965,,,w_835570143,shop=convenience
"West Memphis, AR",,retail,452319,Dollar General,,,https://www.dollargeneral.com/store-directory/tn/memphis/18671,35.1489738,-89.951047,,,w_836186681,"shop=variety_store, brand=Dollar General"
"West Memphis, AR",,retail,445120,,,,,35.0527369,-89.9510915,,,w_837581605,shop=convenience
"West Memphis, AR",,retail,445110,Kroger,"9025 US Highway 64, Lakeland, TN, 38002",+1 901-381-9065,https://www.kroger.com/stores/grocery/tn/lakeland/stonebridge-crossing-sc/025/00440,35.2026148,-89.7618878,,,w_838844212,"shop=supermarket, brand=Kroger"
"West Memphis, AR",,retail,445110,ALDI,"1610 North Germantown Parkway, Cordova, TN, 38016",+1 833-470-7064,https://stores.aldi.us/tn/cordova/1610-n-germantown-pkwy,35.1693554,-89.7920523,,,w_842179354,"shop=supermarket, brand=ALDI"
"West Memphis, AR",,retail,445120,Shell,"2310 North Germantown Parkway, Memphis, TN, 38016",+1-901-266-5222,,35.1887907,-89.7917735,,,w_844013206,"shop=convenience, brand=Shell"
"West Memphis, AR",,retail,446110,CVS Pharmacy,,,https://www.cvs.com/store-locator/cordova-tn-pharmacies/786-n-germantown-pkwy-cordova-tn-38018/storeid=6628,35.1463647,-89.7946624,,,w_846153175,"shop=chemist, brand=CVS Pharmacy"
"West Memphis, AR",,retail,446110,Walgreens,,,https://www.walgreens.com/locator/walgreens-8097+highway+70-arlington-tn-38002/id=6958,35.2369795,-89.7927859,,,w_868469225,"shop=chemist, brand=Walgreens"
"West Memphis, AR",,retail,452319,Dollar Tree,"6532 Kirby Gate Boulevard, Memphis, TN, 38119",+1-901-390-2750,https://www.dollartree.com/locations/tn/memphis/7634/,35.0736145,-89.8437644,,,w_886470003,"shop=variety_store, brand=Dollar Tree"
"West Memphis, AR",,retail,445110,Walmart Supercenter,"798 West Service Road, West Memphis, AR, 72301",+1 870-732-0175,https://www.walmart.com/store/70-west-memphis-ar,35.1654621,-90.20001,,,w_903252941,"shop=supermarket, brand=Walmart"
"West Memphis, AR",,retail,445120,Shell,"700 North Service Road, West Memphis, AR, 72301",,,35.1656195,-90.1751507,,,w_903252951,"shop=convenience, brand=Shell"
"West Memphis, AR",,retail,446110,Walgreens,,,https://www.walgreens.com/locator/walgreens-7650+w+farmington+blvd-germantown-tn-38138/id=1512,35.0962823,-89.8082584,,,w_916371581,"shop=chemist, brand=Walgreens"
"West Memphis, AR",,retail,445110,ALDI,"6626 Goodman Road, Olive Branch, MS, 38654",+1 833-470-7073,https://stores.aldi.us/ms/olive-branch/6626-goodman-rd,34.9629915,-89.8727027,,,w_934863337,"shop=supermarket, brand=ALDI"
"West Memphis, AR",,retail,445110,ALDI,"4720 Summer Avenue, Memphis, TN, 38122",+1 833-470-7069,https://stores.aldi.us/tn/memphis/4720-summer-ave,35.1494829,-89.9035394,,,w_941621518,"shop=supermarket, brand=ALDI"
"West Memphis, AR",,retail,445110,ALDI,"2867 Kirby-Whitten Parkway, Bartlett, TN, 38134",+1 833-470-7066,https://stores.aldi.us/tn/bartlett/2867-kirby-whitten-pkwy,35.2037428,-89.8416243,,,w_941622245,"shop=supermarket, brand=ALDI"
"West Memphis, AR",,retail,445120,Speedway,"4302 East Shelby Drive, Memphis, TN, 38118",,,35.0211888,-89.9200143,,,w_965096584,"shop=convenience, brand=Speedway"
"West Memphis, AR",,retail,445120,S & P Express Mart,"4789 East Shelby Drive, Memphis, TN, 38118",+1-901-365-2568,,35.0199637,-89.903968,,,w_965096586,shop=convenience
"West Memphis, AR",,retail,445120,Shell,"3799 East Shelby Drive, Memphis, TN, 38118",,,35.0201082,-89.9373656,,,w_965096591,"shop=convenience, brand=Shell"
"West Memphis, AR",,retail,452319,Dollar Tree,,,https://www.dollartree.com/locations/ar/marion/8494/,35.203202,-90.1918661,,,w_979688475,"shop=variety_store, brand=Dollar Tree"
"West Memphis, AR",,retail,445120,,"8535 Stage Road, Memphis, TN, 38133",,,35.2037275,-89.77827,,,w_1013226922,shop=convenience
"West Memphis, AR",,retail,445120,Circle K,,,,35.1126921,-89.8030008,,,w_1015718041,"shop=convenience, brand=Circle K"
"West Memphis, AR",,retail,445120,,,,,35.2053543,-89.8637161,,,w_1040940928,shop=convenience
"West Memphis, AR",,retail,452319,Dollar General,,,https://www.dollargeneral.com/store-directory/ar/earle/11357,35.276318,-90.471844,,,w_1046499630,"shop=variety_store, brand=Dollar General"
"West Memphis, AR",,retail,452210,Macy's,,,https://www.macys.com/stores/tn/memphis/wolfchase-galleria_796.html,35.2027285,-89.7888976,,,w_1051651759,"shop=department_store, brand=Macy's"
"West Memphis, AR",,retail,452210,,,,,35.2019438,-89.7871555,,,w_1051651760,shop=department_store
"West Memphis, AR",,retail,452210,JCPenney,,,,35.2009087,-89.7887787,,,w_1051651761,"shop=department_store, brand=JCPenney"
"West Memphis, AR",,retail,452210,Dillard's,,+1 901-383-1029,https://www.dillards.com/stores/tennessee/wolfchase-galleria-memphis/0411,35.1992655,-89.7886747,,,w_1051651762,"shop=department_store, brand=Dillard's"
"West Memphis, AR",,retail,446110,Walgreens,,,https://www.walgreens.com/locator/walgreens-7790+wolf+river+blvd-germantown-tn-38138/id=6037,35.113671,-89.8032463,,,w_1125669927,"shop=chemist, brand=Walgreens"
"West Memphis, AR",,retail,445120,Jordan's,"9595 US-70, Proctor, AR, 72376",+1-870-733-1216,,35.1467349,-90.2933766,,,w_1126407251,shop=convenience
"West Memphis, AR",,retail,445120,Flash Market,"101 East Broadway Boulevard, West Memphis, AR, 72301",+1-870-514-1600,,35.1461824,-90.1844986,,,w_1126610835,shop=convenience
"West Memphis, AR",,retail,446110,Walgreens,"346 West Broadway Boulevard, West Memphis, AR, 72301",+1-870-733-0138,https://www.walgreens.com/locator/walgreens-346+w+broadway+st-west+memphis-ar-72301/id=2774,35.1456638,-90.1930885,,,w_1126842637,"shop=chemist, brand=Walgreens"
"West Memphis, AR",,retail,445120,Broadway Deli & Pizza,"400 West Broadway Boulevard, West Memphis, AR, 72301",,,35.145995,-90.1939981,,,w_1126842641,shop=convenience
"West Memphis, AR",,retail,445110,Marion Market Place,"220 East Military Road, Marion, AR, 72364",,,35.2139019,-90.2056946,,,w_1154865992,shop=supermarket
"West Memphis, AR",,retail,445120,Flash Market,"3440 I-55 Service Road, Marion, AR, 72364",,,35.2132422,-90.2061245,,,w_1154866004,shop=convenience
"West Memphis, AR",,retail,445120,Citgo,"5660 U.S. 64 Highway, Parkin, AR, 72373",,,35.2728775,-90.555347,,,w_1158069735,"shop=convenience, brand=Citgo"
"West Memphis, AR",,retail,445120,Valero,"5665 U.S. 64 Highway, Parkin, AR, 72373",,,35.2720372,-90.5554139,,,w_1158069736,"shop=convenience, brand=Valero"
"West Memphis, AR",,retail,452319,Dollar General,,,https://www.dollargeneral.com/store-directory/ms/walls/5886,34.9921883,-90.0945193,,,w_1191200108,"shop=variety_store, brand=Dollar General"
"West Memphis, AR",,retail,446120,Mani/Pedi Spa,,,,34.935544,-89.9911345,,,w_1195261786,shop=beauty
"West Memphis, AR",,retail,446120,Perfume 4U,,,,34.9358546,-89.9915991,,,w_1195261800,shop=perfumery
"West Memphis, AR",,retail,446120,Bath & Body Works,,,,34.9359984,-89.9906964,,,w_1195265608,"shop=cosmetics, brand=Bath & Body Works"
"West Memphis, AR",,retail,446120,The Cosmetics Warehouse,,,,34.936645,-89.9925092,,,w_1195276132,shop=cosmetics
"West Memphis, AR",,retail,445120,,,,,34.934136,-89.9889463,,,w_1195278173,shop=convenience
"West Memphis, AR",,retail,452210,JCPenney,,,,34.9572511,-89.9962955,,,w_1195286590,"shop=department_store, brand=JCPenney"
"West Memphis, AR",,retail,446120,Bath & Body Works,,,,34.9556902,-89.995858,,,w_1195286603,"shop=cosmetics, brand=Bath & Body Works"
"West Memphis, AR",,retail,445292,Sugar Coated Candy Shoppe,,,,34.9561355,-89.9959006,,,w_1195286608,shop=confectionery
"West Memphis, AR",,retail,445110,Walmart Supercenter,"6811 Southcrest Parkway, Southaven, MS, 38671",+1 662-349-1838,https://www.walmart.com/store/848-southaven-ms,34.9597239,-89.9961069,,,w_1195286625,"shop=supermarket, brand=Walmart"
"West Memphis, AR",,retail,452210,Dillard's,,+1 662-536-4786,https://www.dillards.com/stores/mississippi/southaven-towne-center-southaven/0412,34.9538982,-89.9939312,,,w_1195288293,"shop=department_store, brand=Dillard's"
"West Memphis, AR",,retail,446120,Ulta Beauty,"6554 Towne Center Drive, Southaven, MS, 38671",+1 662-349-0684,https://www.ulta.com/stores/southaven-ms-670,34.9563042,-89.991905,,,w_1195288296,"shop=beauty, brand=Ulta Beauty"
"West Memphis, AR",,retail,445120,Bridgetown Market,,,,34.8913309,-89.9137488,,,w_1197865208,shop=convenience
"West Memphis, AR",,retail,446110,Quess Pharmacy,,,,35.1457799,-90.1952448,,,w_1201537711,shop=chemist
"West Memphis, AR",,retail,445110,Gene Stimson's Big Star #3,,,,35.1472167,-90.1945754,,,w_1201537712,shop=supermarket
"West Memphis, AR",,retail,445110,Gene Stimson's Big Star #14,,,,35.1471251,-90.1603813,,,w_1201537714,shop=supermarket
"West Memphis, AR",,retail,452319,Dollar General,,,https://www.dollargeneral.com/store-directory/ar/hughes/11344,34.9495372,-90.4816468,,,w_1202696307,"shop=variety_store, brand=Dollar General"
"West Memphis, AR",,retail,452319,Dollar General,,,https://www.dollargeneral.com/store-directory/ar/proctor/23887,35.1076022,-90.2941628,,,w_1202696312,"shop=variety_store, brand=Dollar General"
"West Memphis, AR",,retail,452319,Dollar General,,,https://www.dollargeneral.com/store-directory/tn/cordova/21432,35.178112,-89.7558572,,,w_1207218352,"shop=variety_store, brand=Dollar General"
"West Memphis, AR",,retail,452319,Dollar General,,,https://www.dollargeneral.com/store-directory/tn/millington/21819,35.3368616,-89.8433217,,,w_1207554538,"shop=variety_store, brand=Dollar General"
"West Memphis, AR",,retail,445110,Kroger,"7735 Farmington Boulevard, Germantown, TN, 38138",+1 901-758-3400,https://www.kroger.com/stores/grocery/tn/germantown/germantown-farmington/025/00419,35.093782,-89.8056955,,,w_1218535990,"shop=supermarket, brand=Kroger"
"West Memphis, AR",,retail,445110,Whole Foods Market,"7825 US Highway 72, Germantown, TN, 38138",+1 901-896-3245,https://www.wholefoodsmarket.com/stores/germantown,35.0888953,-89.8021217,,,w_1218535991,"shop=supermarket, brand=Whole Foods Market"
"West Memphis, AR",,retail,452319,Dollar General,,,https://www.dollargeneral.com/store-directory/tn/memphis/23977,35.0528222,-90.0615009,,,w_1222594125,"shop=variety_store, brand=Dollar General"
"West Memphis, AR",,retail,446110,Walgreens,"6958 Goodman Road, Olive Branch, MS, 38654",,,34.9628046,-89.8667851,,,w_1285171404,"shop=chemist, brand=Walgreens"
"West Memphis, AR",,retail,445310,Interstate Liquors,,,,35.2636773,-90.2275285,,,w_1303356680,shop=alcohol
"West Memphis, AR",,retail,445120,MYS Marion Travel Center,,,,35.2610722,-90.2260614,,,w_1303356681,shop=convenience
"West Memphis, AR",,retail,445120,QwikTrip,,,,35.1625971,-90.1746961,,,w_1303575022,"shop=convenience, brand=QuikTrip"
"West Memphis, AR",,retail,445120,,,,,35.2365031,-89.7945185,,,w_1315832415,shop=convenience
"West Memphis, AR",,retail,445120,,,,,35.1469959,-90.2918576,,,w_1318978176,shop=convenience
"West Memphis, AR",,retail,445120,Shamrock Gas,"824 Old Military Road, Marion, AR, 72364",,,35.211175,-90.2110329,,,w_1419230532,shop=convenience
