Location,Search Keyword,Segment,NAICS Code,Business Name,Address,Phone Number,Website,Latitude,Longitude,Rating,User Ratings,Place ID,Types
"Mayflower, AR",,retail,445110,Harvest Foods,,,,34.6286513,-92.5687098,,,n_718928117,shop=supermarket
"Mayflower, AR",,retail,445110,Terry's,,,,34.7696986,-92.329459,,,n_719878713,shop=supermarket
"Mayflower, AR",,retail,445120,Shell,,,,35.0783002,-92.5471368,,,n_843074206,"shop=convenience, amenity=fuel"
"Mayflower, AR",,retail,452319,Dollar General,,,,34.6269402,-92.4175897,,,n_1266931066,"shop=variety_store, brand=Dollar General"
"Mayflower, AR",,retail,445310,JR's Liquor,,,,34.7400909,-92.3055071,,,n_1309409563,shop=alcohol
"Mayflower, AR",,retail,445120,Williams Junction Grocery,"3151 AR-10, Harmony, AR, 72126",+1-501-333-2422,,34.8811155,-92.7735339,,,n_1437075134,shop=convenience
"Mayflower, AR",,retail,445310,O'Looney's Wine and Liquor,"3 Rahling Circle, Little Rock, 72223",,https://www.olooneys.com/,34.7697854,-92.4563641,,,n_2112863090,shop=alcohol
"Mayflower, AR",,retail,446120,CLIPS Hair Studio (Inside Sola Salons),"12310 Chenal Parkway, Little Rock, 72211",+1-501-554-6026,https://www.clips-hairstudio.com/,34.7518557,-92.4117806,,,n_2532387860,shop=beauty
"Mayflower, AR",,retail,452319,Dollar Tree,,,https://www.dollartree.com/locations/ar/north-little-rock/4018/,34.8301075,-92.3911523,,,n_2986712819,"shop=variety_store, brand=Dollar Tree"
"Mayflower, AR",,retail,446120,The Cut Off,,,,34.8246101,-92.3810955,,,n_2996231289,shop=beauty
"Mayflower, AR",,retail,452319,Dollar Tree,"204 South Rockwood Road, Cabot, AR, 72023",,https://www.dollartree.com/locations/ar/cabot/1062/,34.979291,-92.039572,,,n_3256825289,"shop=variety_store, brand=Dollar Tree"
"Mayflower, AR",,retail,445120,,,,,34.9821193,-92.0709133,,,n_3256836644,shop=convenience
"Mayflower, AR",,retail,445310,Rock Creek Wine & Spirits,"12310 Chenal Parkway, Little Rock, AR, 72211",,,34.7521356,-92.4117779,,,n_3658880309,shop=alcohol
"Mayflower, AR",,retail,445110,Edwards Food Giant,,,,34.7707712,-92.3574288,,,n_3801011354,shop=supermarket
"Mayflower, AR",,retail,445110,Edwards Food Giant,,,,34.6688291,-92.3615279,,,n_4373029434,shop=supermarket
"Mayflower, AR",,retail,446120,Jane White Cosmetics,"3 Innwood Circle, Little Rock, AR, 72211",+1-501-223-8012,http://janewhitecosmetics.org,34.76571,-92.3988163,,,n_4620607766,shop=cosmetics
"Mayflower, AR",,retail,452210,Dillard's,"6000 West Markham Street, Little Rock, AR, 72205",+1 501-661-0053,https://www.dillards.com/stores/arkansas/park-plaza-center-little-rock/0405,34.7536013,-92.3441911,,,n_4756738121,"shop=department_store, brand=Dillard's"
"Mayflower, AR",,retail,452210,Dillard's,,,,34.7534383,-92.341941,,,n_4756738123,"shop=department_store, brand=Dillard's"
"Mayflower, AR",,retail,446120,Fancy Nails,"800 Reservoir Road, Little Rock, AR, 72227",,,34.7593056,-92.3768903,,,n_5252795909,shop=beauty
"Mayflower, AR",,retail,446120,City Nails,,,,34.9763842,-92.0230299,,,n_5276522349,shop=beauty
"Mayflower, AR",,retail,446120,Merle Norman,,,,34.9766224,-92.0255163,,,n_5276562214,"shop=cosmetics, brand=Merle Norman Cosmetics"
"Mayflower, AR",,retail,452210,Sears,,,,34.9748803,-92.0246257,,,n_5278786932,"shop=department_store, brand=Sears"
"Mayflower, AR",,retail,446120,Ultratan of Cabot/Jeans Etc.,,,,34.9749166,-92.0243602,,,n_5278786933,shop=beauty
"Mayflower, AR",,retail,453991,Tobacco Store,,,,34.9754051,-92.0199555,,,n_5278786945,shop=tobacco
"Mayflower, AR",,retail,445110,Walmart Neighborhood Market,"2550 Prince Street, Conway, AR, 72034",+1 501-205-7262,https://www.walmart.com/store/3168-conway-ar,35.0944854,-92.4631765,,,n_5315598892,"shop=supermarket, brand=Walmart, operator=Walmart"
"Mayflower, AR",,retail,445110,Harps,"582 AR 365, Mayflower, AR, 72106",,,34.9657707,-92.4237251,,,n_5341795042,"shop=supermarket, brand=Harps, operator=Harps"
"Mayflower, AR",,retail,452319,Dollar General,"502 AR 365, Mayflower, AR, 72106",,https://www.dollargeneral.com/store-directory/ar/mayflower/7695,34.9651598,-92.4238676,,,n_5341795043,"shop=variety_store, brand=Dollar General, operator=Dollar General"
"Mayflower, AR",,retail,453110,Jacksonville Florist & Gifts,"511 North 1st Street, Jacksonville, AR, 72076",+1-501-982-6596,https://www.jacksonvilleflorist.com/,34.8718395,-92.1087949,,,n_5792007657,shop=florist
"Mayflower, AR",,retail,445120,Superstop,,,,34.7773859,-92.2012792,,,n_5812723042,shop=convenience
"Mayflower, AR",,retail,445120,Win’s Mart,"2511 HWY 161, North Little Rock, AR, 72117",,,34.7767217,-92.201556,,,n_5812723044,shop=convenience
"Mayflower, AR",,retail,445120,,,,,34.7774496,-92.2025723,,,n_5812723045,shop=convenience
"Mayflower, AR",,retail,445120,,,,,34.7765649,-92.2002714,,,n_5812723047,shop=convenience
"Mayflower, AR",,retail,445310,,,,,34.7770329,-92.2017599,,,n_5812723048,shop=alcohol
"Mayflower, AR",,retail,446120,Scarlet Beauty,"11525 Cantrell Road, Little Rock, AR, 72212",+1 501-313-4594,http://scarletbeautyar.com,34.7937019,-92.4000292,,,n_5814652091,shop=beauty
"Mayflower, AR",,retail,445310,Sullivans Liquor,,,,34.7771755,-92.3658888,,,n_5873575035,shop=alcohol
"Mayflower, AR",,retail,445120,Superstop,"7400 Cantrell Road, Little Rock, AR, 72207",+1-501-666-5056,,34.7713057,-92.3558521,,,n_5873575052,shop=convenience
"Mayflower, AR",,retail,445310,Cantrell Wines and Spirits,"7312 Cantrell Road, Little Rock, AR, 72207",+15016641264,https://www.facebook.com/cantrellwineandspirites/,34.7710038,-92.354756,,,n_5873575059,shop=alcohol
"Mayflower, AR",,retail,446120,Fashion nails,,,,34.7771948,-92.366008,,,n_5874419693,shop=beauty
"Mayflower, AR",,retail,446120,,,,,34.7733603,-92.3599813,,,n_5876272916,shop=beauty
"Mayflower, AR",,retail,452319,Family Dollar,,,,34.7592634,-92.3054281,,,n_5890697663,"shop=variety_store, brand=Family Dollar"
"Mayflower, AR",,retail,445110,Natural Grocery,,,,34.7923727,-92.400444,,,n_5898048509,shop=supermarket
"Mayflower, AR",,retail,453110,Frances Flower Shop,"1222 West Capitol Avenue, Little Rock, AR, 72201",,,34.7463245,-92.2851178,,,n_6164143836,shop=florist
"Mayflower, AR",,retail,446120,Star Nails,"201 Skyline Drive, Conway, AR, 72032",,https://starnail.com,35.1104954,-92.430695,,,n_6297640589,shop=beauty
"Mayflower, AR",,retail,452319,Dollar Tree,"201 Skyline Dr, Conway, AR, 72032",,https://www.dollartree.com/locations/ar/conway/1327/,35.1098401,-92.4288834,,,n_6298789866,"shop=variety_store, brand=Dollar Tree"
"Mayflower, AR",,retail,446120,Bath & Body Works,"201 Skyline Drive, Conway, AR, 72032",,,35.1106488,-92.4282599,,,n_6298789873,"shop=cosmetics, brand=Bath & Body Works"
"Mayflower, AR",,retail,445110,Kroger,"614 Beechwood Street, Little Rock, AR, 72205",+1 501-666-0102,https://www.kroger.com/stores/grocery/ar/little-rock/hillcrest/025/00636,34.7567967,-92.3248568,,,n_6310949066,"shop=supermarket, brand=Kroger"
"Mayflower, AR",,retail,445310,Vending Machines,,,,34.7538673,-92.2667391,,,n_6549327386,shop=beverages
"Mayflower, AR",,retail,445120,8 Mile Store,,,,35.0774147,-92.3050575,,,n_6645561084,shop=convenience
"Mayflower, AR",,retail,453991,Tobacco Station USA,,,,35.1124602,-92.448437,,,n_6800536877,shop=tobacco
"Mayflower, AR",,retail,446120,Nail Designers,,,,35.1124235,-92.4487529,,,n_6800536879,shop=beauty
"Mayflower, AR",,retail,445120,Zone Mart,,,,34.8120092,-92.3589217,,,n_6944226755,shop=convenience
"Mayflower, AR",,retail,445120,,,,,34.8837266,-92.3823788,,,n_6965335737,shop=convenience
"Mayflower, AR",,retail,446120,Jess' Threading & Beauty Salon,"10300 North Rodney Parham Road, Little Rock, AR, 72227",+1-501-508-5380,http://jessthreadingbeautysalon.net/,34.7681206,-92.3872096,,,n_7064024106,shop=beauty
"Mayflower, AR",,retail,452319,Dollar Tree,,,https://www.dollartree.com/locations/ar/sherwood/1575/,34.8200237,-92.2379477,,,n_7234483817,"shop=variety_store, brand=Dollar Tree"
"Mayflower, AR",,retail,445310,,,,,34.8215026,-92.234359,,,n_7234484092,shop=alcohol
"Mayflower, AR",,retail,446120,,,,,34.8187632,-92.2374532,,,n_7234511376,shop=beauty
"Mayflower, AR",,retail,445310,107 Liquor,,,,34.8328081,-92.2326695,,,n_7234519016,shop=alcohol
"Mayflower, AR",,retail,446120,,,,,34.8212606,-92.2335242,,,n_7253719693,shop=beauty
"Mayflower, AR",,retail,446120,Rejuvenate Salon,,,,34.6008067,-92.4902186,,,n_7557876320,shop=beauty
"Mayflower, AR",,retail,445110,Kroger,"4401 Camp Robinson Road, North Little Rock, AR, 72118",+1 501-758-6360,https://www.kroger.com/stores/grocery/ar/north-little-rock/camp-robinson/025/00638,34.7950914,-92.2727776,,,n_7732259994,"shop=supermarket, brand=Kroger"
"Mayflower, AR",,retail,452319,Dollar General,,,https://www.dollargeneral.com/store-directory/ar/north-little-rock/13767,34.7963657,-92.2713413,,,n_7932362073,"shop=variety_store, brand=Dollar General"
"Mayflower, AR",,retail,446120,Merle Norman,,,,34.9763874,-92.0301083,,,n_8268149129,"shop=cosmetics, brand=Merle Norman Cosmetics"
"Mayflower, AR",,retail,445110,,,,,34.6233449,-92.3942055,,,n_8808187787,shop=supermarket
"Mayflower, AR",,retail,445310,Palarm Liquor,,,,34.894575,-92.4427343,,,n_8941347703,shop=alcohol
"Mayflower, AR",,retail,445310,Sody's Liquor,,,,34.8945665,-92.4415643,,,n_8941348217,shop=alcohol
"Mayflower, AR",,retail,452319,Dollar Tree,"3900 Dave Ward Drive, Conway, AR, 72034",,https://www.dollartree.com/locations/ar/conway/2741/,35.0724774,-92.4937691,,,n_9018303350,"shop=variety_store, brand=Dollar Tree"
"Mayflower, AR",,retail,452319,Silver Moon Variety Store,,,,34.8864231,-92.4089038,,,n_9203557122,shop=variety_store
"Mayflower, AR",,retail,446120,Arkansas Laser & Skin Care,"308 Smokey Ln, North Little Rock, AR, 72117",+1-501-771-0445,https://arkansaslaserandskincare.com,34.793311,-92.2158189,,,n_9695627665,"shop=beauty, operator=Lami Garlapati"
"Mayflower, AR",,retail,445310,Pinnacle Valley Liquor,"18300 Cantrell Road, 72223",(501) 868-5182,,34.8103098,-92.4748671,,,n_9997258717,shop=alcohol
"Mayflower, AR",,retail,445120,Main Shoppette,"1035 Redmond Road, Jacksonville, AR, 72099",,,34.8953153,-92.1353318,,,n_10682152988,shop=convenience
"Mayflower, AR",,retail,452210,Base Exchange,,,,34.9007969,-92.1497442,,,n_10691702873,"shop=department_store, operator=AAFES"
"Mayflower, AR",,retail,445110,Commisary,,,,34.899863,-92.1503416,,,n_10691702874,shop=supermarket
"Mayflower, AR",,retail,445110,The Fresh Market,,,,34.7921477,-92.400756,,,n_11140592308,"shop=supermarket, brand=The Fresh Market"
"Mayflower, AR",,retail,445120,Doublebee's,,,,35.0862427,-92.3347746,,,n_11268707322,shop=convenience
"Mayflower, AR",,retail,445120,,,,,35.10195,-92.4530467,,,n_11758820715,shop=convenience
"Mayflower, AR",,retail,452210,Big Lots,"150 East Oak Street, Conway, AR, 72032",+1 501-327-1875,https://local.biglots.com/ar/conway/150-e-oak-st,35.0927891,-92.4273562,,,n_11794428038,"shop=department_store, brand=Big Lots"
"Mayflower, AR",,retail,453991,Smoke N Vape City,"2915 Dave Ward Drive, Conway, AR, 72034",,,35.0699042,-92.4726539,,,n_11943099268,shop=tobacco
"Mayflower, AR",,retail,446120,Anna Eyebrow Threading & Nails Spa,"2915 Dave Ward Drive, Conway, AR, 72034",+1-501-329-7786,https://annaeyebrowthreading.com/,35.0701934,-92.4730239,,,n_11943107874,shop=beauty
"Mayflower, AR",,retail,446120,Conway Women's Med Spa,"2425 Dave Ward Drive, Conway, AR, 72034",+1-501-932-0936,https://www.conwaymedspa.com/,35.0699458,-92.4618189,,,n_12058439216,shop=beauty
"Mayflower, AR",,retail,453991,Mr. Smoke,"2405 Dave Ward Drive, Conway, AR, 72034",+1-501-932-6025,https://reachoutmore.net/pages/mr-smoke-vape-shop-conway-ar,35.0698367,-92.4605011,,,n_12058439622,shop=tobacco
"Mayflower, AR",,retail,446120,Nail Teks,"2501 Dave Ward Drive, Conway, AR, 72034",,,35.0697945,-92.4640274,,,n_12058658962,shop=beauty
"Mayflower, AR",,retail,446120,Palm Beach Tan,"2501 Dave Ward Drive, Conway, AR, 72034",+1-501-764-4610,https://palmbeachtan.com/locations/AR/Conway-Dave-Ward-Drive,35.0697975,-92.4642364,,,n_12058658964,"shop=beauty, brand=Palm Beach Tan"
"Mayflower, AR",,retail,446120,Studio B,"2501 Dave Ward Drive, Conway, AR, 72034",+1-501-205-1103,,35.0697964,-92.464164,,,n_12058658965,shop=beauty
"Mayflower, AR",,retail,446120,The Spa'ah,"2501 Dave Ward Drive, Conway, AR, 72034",+1-501-730-1515,https://thespaah.com/,35.0697899,-92.463695,,,n_12058677270,shop=beauty
"Mayflower, AR",,retail,446120,The Soap Factory,"11525 Cantrell Road, Little Rock, AR, 72212",+1-501-353-2744,,34.7938514,-92.4025264,,,n_12154490083,shop=cosmetics
"Mayflower, AR",,retail,446120,Ideal Image Little Rock,"11525 Cantrell Road, Little Rock, AR, 72212",+1-501-313-0101,,34.7937919,-92.4025586,,,n_12154490084,shop=beauty
"Mayflower, AR",,retail,445310,First and Last Chance,,,,34.7836184,-92.1322846,,,n_12166252749,shop=alcohol
"Mayflower, AR",,retail,445120,Love's,,,,34.7860835,-92.1255399,,,n_12166252750,"shop=convenience, brand=Love's"
"Mayflower, AR",,retail,445120,,,,,34.7483738,-92.1642129,,,n_12166265832,shop=convenience
"Mayflower, AR",,retail,446120,Salon 1014,,,,35.0922093,-92.4397143,,,n_12337315808,shop=beauty
"Mayflower, AR",,retail,445120,,,,,34.7322646,-92.1581925,,,n_12361426235,shop=convenience
"Mayflower, AR",,retail,446120,Head To Toes Salon,"1117 Front Street, Conway, AR, 72032",,,35.0938789,-92.4426645,,,n_12505183705,shop=beauty
"Mayflower, AR",,retail,446120,B. Lashed,"1000 Front Street, Conway, AR, 72032",+1 (501) 472-3046,,35.0917571,-92.4412457,,,n_12506123929,shop=beauty
"Mayflower, AR",,retail,452319,Discount Bins,,,,34.8665518,-92.1197229,,,n_12580261654,shop=variety_store
"Mayflower, AR",,retail,445110,Edwards Cash Saver,"315 South James Street, Jacksonville, AR, 72076",(501) 982-3841,,34.8647495,-92.1207158,,,n_12605436659,shop=supermarket
"Mayflower, AR",,retail,446120,City Nails,"North 1st Street, Jacksonville, AR, 72076",,,34.886001,-92.10549,,,n_12605437640,shop=beauty
"Mayflower, AR",,retail,452319,pOpshelf,,,,34.7480868,-92.4018107,,,n_12613484258,"shop=variety_store, brand=pOpshelf"
"Mayflower, AR",,retail,446120,Natural Nails,,,,34.8011085,-92.2553275,,,n_12629094284,shop=beauty
"Mayflower, AR",,retail,446120,Forever Nails,"906 South Pine Street, Cabot, AR, 72023",,,34.9569578,-92.0096238,,,n_12957236855,shop=beauty
"Mayflower, AR",,retail,446120,Diva’s Beauty,72076,,,34.8791955,-92.1112724,,,n_12960208601,shop=beauty
"Mayflower, AR",,retail,453991,Tobacco Outlet,"507 North J P Wright Loop Road, Jacksonville, AR, 72076",,,34.8839016,-92.1068886,,,n_12960214001,shop=tobacco
"Mayflower, AR",,retail,446120,Le Nails & Spa,"290 South Rockwood Road, Cabot, AR, 72023",,,34.9779662,-92.0389684,,,n_12961193001,shop=beauty
"Mayflower, AR",,retail,446120,Cabot Nails & Spa,,,,34.9796535,-92.0384869,,,n_12961245062,shop=beauty
"Mayflower, AR",,retail,446120,Art Nails,,,,34.9816354,-92.0406707,,,n_12961245077,shop=beauty
"Mayflower, AR",,retail,445120,Casey's General Store,,,,35.2336445,-92.3886101,,,n_12973597973,"shop=convenience, brand=Casey's General Store"
"Mayflower, AR",,retail,445120,Toad Suck One-Stop,,,,35.0784469,-92.5471061,,,n_13005217152,shop=convenience
"Mayflower, AR",,retail,445110,New Dragon Asian Food Market,"625 Salem Road, 72034",,https://newdragonasianfoodmarket.com/,35.0872738,-92.4722795,,,n_13007483201,shop=grocery
"Mayflower, AR",,retail,445230,Farm Stand at Bell Urban Farm,"2011 Tyler Street, Conway, AR, 72032",,,35.1026561,-92.4515819,,,n_13009468268,shop=greengrocer
"Mayflower, AR",,retail,453991,Tobacco World,,,,34.8686897,-92.1979241,,,n_13023570354,shop=tobacco
"Mayflower, AR",,retail,446120,Deluxe Nails & Spa,,,,34.8667851,-92.1975664,,,n_13023570364,shop=beauty
"Mayflower, AR",,retail,445110,Aldi,,,,34.9780172,-92.027272,,,n_13025782101,"shop=supermarket, brand=Aldi"
"Mayflower, AR",,retail,452319,Five Below,,,,34.8803492,-92.1116442,,,n_13046007256,"shop=variety_store, brand=Five Below"
"Mayflower, AR",,retail,452319,pOpshelf,"701 Elsinger Boulevard, Conway, AR, 72032-4719",(501) 459-5035,https://www.popshelf.com/store/25704,35.0887357,-92.4142738,,,n_13074643401,"shop=variety_store, brand=pOpshelf"
"Mayflower, AR",,retail,446191,Ann's Health Food,"9800 AR-107, 72120",,,34.8442904,-92.2311025,,,n_13074796702,shop=health_food
"Mayflower, AR",,retail,445120,Bears Den,"811 East German Lane, Conway, AR, 72032",+1-501-932-6688,,35.0906377,-92.4015971,,,w_70541286,shop=convenience
"Mayflower, AR",,retail,445110,Walmart Supercenter,"1155 Highway 65 North, Conway, AR, 72032",+1 501-329-0023,https://www.walmart.com/store/5-conway-ar,35.1086252,-92.4368855,,,w_70661495,"shop=supermarket, brand=Walmart, operator=Walmart"
"Mayflower, AR",,retail,445120,Mobil Mart,"875 Skyline Drive, Conway, AR, 72032",+1-501-205-8198,,35.1111209,-92.4374672,,,w_70661934,"shop=convenience, brand=Mobil Mart"
"Mayflower, AR",,retail,445120,,,,,35.111667,-92.4389794,,,w_70661937,shop=convenience
"Mayflower, AR",,retail,445120,,,,,35.1128178,-92.4308757,,,w_70666624,shop=convenience
"Mayflower, AR",,retail,452319,Dollar General,,,https://www.dollargeneral.com/store-directory/ar/conway/2730,35.0675441,-92.4428852,,,w_70690476,"shop=variety_store, brand=Dollar General"
"Mayflower, AR",,retail,445120,,,,,35.0673188,-92.442266,,,w_70690477,shop=convenience
"Mayflower, AR",,retail,445120,Pilot,"3300 AR Highway 391 North, North Little Rock, AR",+1-501-945-2226,,34.781206,-92.1278555,,,w_218548056,shop=convenience
"Mayflower, AR",,retail,445120,Pilot,"7901 Alcoa Road, Benton, AR, 72019",,,34.6083518,-92.5333538,,,w_264987546,"shop=convenience, brand=Pilot"
"Mayflower, AR",,retail,445110,Walmart Supercenter,"304 South Rockwood Drive, Cabot, AR, 72023",+1 501-941-5200,https://www.walmart.com/store/2587-cabot-ar,34.9763938,-92.0407511,,,w_266602778,"shop=supermarket, brand=Walmart, operator=Walmart"
"Mayflower, AR",,retail,446110,Walgreens,,,https://www.walgreens.com/locator/walgreens-1325+w+main+st-cabot-ar-72023/id=10059,34.9776705,-92.0292679,,,w_266605907,"shop=chemist, brand=Walgreens"
"Mayflower, AR",,retail,445110,Kroger,"1295 West Main Street, Cabot, AR, 72023",+1 501-628-5187,https://www.kroger.com/stores/grocery/ar/cabot/cabot/025/00613,34.9751778,-92.0288549,,,w_267435343,"shop=supermarket, brand=Kroger"
"Mayflower, AR",,retail,453110,Petals & Plants,,,,34.9752408,-92.0196015,,,w_267437188,shop=florist
"Mayflower, AR",,retail,445120,,"West Main Street, Cabot, AR",,,34.9787915,-92.029232,,,w_267437191,shop=convenience
"Mayflower, AR",,retail,445120,Cabot Mart,,,,34.9765838,-92.0245713,,,w_267437195,shop=convenience
"Mayflower, AR",,retail,453110,Double R Florist,,,,34.975267,-92.0162848,,,w_267463015,shop=florist
"Mayflower, AR",,retail,445210,Cabot Meat Market,,,,34.9736136,-92.0149019,,,w_268047420,shop=butcher
"Mayflower, AR",,retail,445120,Superstop,"605 East Broadway Street, North Little Rock, AR, 72114",+1-501-375-3776,,34.756464,-92.2613965,,,w_278056827,shop=convenience
"Mayflower, AR",,retail,445310,,,,,34.7601718,-92.2669781,,,w_278592315,shop=alcohol
"Mayflower, AR",,retail,445120,Circle K,"700 East Broadway Street, North Little Rock, AR, 72114",+1-501-400-8940,https://www.circlek.com/,34.7554795,-92.2602131,,,w_278726243,"shop=convenience, brand=Circle K"
"Mayflower, AR",,retail,445120,Argenta Mart,"623 North Cypress Street, North Little Rock, AR, 72114",+1-501-372-4245,,34.7596009,-92.2633466,,,w_278865386,shop=convenience
"Mayflower, AR",,retail,445110,Kroger,"8415 West Markham Street, Little Rock, AR, 72205",+1 501-227-7262,https://www.kroger.com/stores/grocery/ar/little-rock/markham/025/00630,34.7518847,-92.3682596,,,w_297477826,"shop=supermarket, brand=Kroger"
"Mayflower, AR",,retail,445110,Edwards Cash Saver,"6420 Colonel Glenn Road, Little Rock, AR, 72204",+1-501-468-0213,https://www.edwardscashsaver.com/,34.7194259,-92.347339,,,w_297762725,shop=supermarket
"Mayflower, AR",,retail,445120,Tiger Mart,,,,34.8554053,-92.402938,,,w_298002670,"shop=convenience, brand=Tiger Mart"
"Mayflower, AR",,retail,445110,Whole Foods Market,"501 Bowman Road, Little Rock, AR, 72211",+1 501-312-2326,https://www.wholefoodsmarket.com/stores/bowman,34.7503598,-92.4055902,,,w_361400859,"shop=supermarket, brand=Whole Foods Market"
"Mayflower, AR",,retail,445110,Walmart Supercenter,"700 Bowman Road, Little Rock, AR, 72211",+1 501-859-8703,https://www.walmart.com/store/5706-little-rock-ar,34.7484187,-92.4105258,,,w_361402080,"shop=supermarket, brand=Walmart, operator=Walmart"
"Mayflower, AR",,retail,445120,Kingwood Exxon,"7600 Cantrell Road, Little Rock, AR, 72227",+1-501-225-2693,https://www.exxon.com/en/find-station/littlerock-ar-kingwoodexxon-200310634,34.7726897,-92.3585198,,,w_376434419,shop=convenience
"Mayflower, AR",,retail,445120,Shell,"7320 Cantrell Road, Little Rock, AR, 72207",+1-501-___-____,,34.771196,-92.3551322,,,w_376436423,"shop=convenience, brand=Shell"
"Mayflower, AR",,retail,445110,Kroger,"1900 North Polk Street, Little Rock, AR, 72207",+1 501-663-4748,https://www.kroger.com/stores/grocery/ar/little-rock/the-heights/025/00644,34.7695322,-92.3352541,,,w_376705462,"shop=supermarket, brand=Kroger"
"Mayflower, AR",,retail,445120,Shell,"5801 R Street, Little Rock, AR, 72207",+15016633664,https://find.shell.com/us/fuel/10006495-5801-r-st,34.7690018,-92.3386464,,,w_381865119,"shop=convenience, brand=Shell"
"Mayflower, AR",,retail,446110,Walgreens,"9200 North Rodney Parham Road, Little Rock, AR, 72227",+1-501-223-9814,https://www.walgreens.com/locator/walgreens-9200+n+rodney+parham+rd-little+rock-ar-72227/id=10364,34.7585173,-92.3768844,,,w_381865592,"shop=chemist, brand=Walgreens"
"Mayflower, AR",,retail,446110,Drug Emporium,"0112 North Rodney Parham Road, Little Rock, AR, 72205",+15012232576,https://www.drugemporiuminc.com/stores/little-rock-ar/,34.758223,-92.3753164,,,w_381865611,shop=chemist
"Mayflower, AR",,retail,445110,Harps,,,,34.9792724,-92.0107187,,,w_382975465,"shop=supermarket, brand=Harps"
"Mayflower, AR",,retail,445110,Walmart Supercenter,"19301 Cantrell Road, Little Rock, AR, 72223",+1 501-868-4659,https://www.walmart.com/store/5244-little-rock-ar,34.8095667,-92.4859773,,,w_388091830,"shop=supermarket, brand=Walmart, operator=Walmart"
"Mayflower, AR",,retail,452319,Five Below,,+1 501-821-0171,https://locations.fivebelow.com/ar/little-rock/16105-chenal-parkway,34.7562007,-92.4478266,,,w_388148500,"shop=variety_store, brand=Five Below"
"Mayflower, AR",,retail,445110,Kroger Marketplace,,,https://www.kroger.com/stores/grocery/ar/little-rock/chenal-marketplace/025/00623,34.7561359,-92.4491151,,,w_388148503,"shop=supermarket, brand=Kroger"
"Mayflower, AR",,retail,445120,,,,,34.7557022,-92.4428903,,,w_388148507,shop=convenience
"Mayflower, AR",,retail,452210,Target,"420 South University Avenue, Little Rock, AR, 72205",+1 501-801-3412,https://www.target.com/sl/Little-Rock-Univer--Target-Store/2737,34.7493116,-92.3446115,,,w_403548764,"shop=department_store, brand=Target"
"Mayflower, AR",,retail,445120,,,,,34.6709991,-92.4189578,,,w_441805614,shop=convenience
"Mayflower, AR",,retail,452319,Dollar General,,,https://www.dollargeneral.com/store-directory/ar/little-rock/11727,34.6689639,-92.4186553,,,w_441805615,"shop=variety_store, brand=Dollar General"
"Mayflower, AR",,retail,445120,Circle K,"10501 Stagecoach Road, Little Rock, AR, 72210",+1-501-451-7564,,34.6554468,-92.4258447,,,w_441805623,"shop=convenience, brand=Circle K"
"Mayflower, AR",,retail,452210,Kohl's,"801 Elsinger Boulevard, Conway, AR, 72032",+1 501-450-7177,https://www.kohls.com/stores/ar/conway-698.shtml,35.089717,-92.4144925,,,w_442970824,"shop=department_store, brand=Kohl's"
"Mayflower, AR",,retail,452210,TJ Maxx,"Conway, AR",,,35.0881735,-92.4145627,,,w_442970826,"shop=department_store, brand=TJ Maxx"
"Mayflower, AR",,retail,452210,Target,"501 Elsinger Boulevard, Conway, AR, 72032-4717",+1 501-328-5739,https://www.target.com/sl/conway/1891,35.0861794,-92.4146189,,,w_442970828,"shop=department_store, brand=Target"
"Mayflower, AR",,retail,452210,JCPenney,"2600 South Shackleford Road, Little Rock, AR, 72205",+1-501-224-0347,,34.7329211,-92.3975898,,,w_454296894,"shop=department_store, brand=JCPenney"
"Mayflower, AR",,retail,445110,Walmart Supercenter,"2700 South Shackleford Road, Little Rock, AR, 72205",+1 501-223-0604,https://www.walmart.com/store/126-little-rock-ar,34.7282874,-92.3977986,,,w_454296903,"shop=supermarket, brand=Walmart, operator=Walmart"
"Mayflower, AR",,retail,445110,Walmart Supercenter,"400 Bryant Avenue, Bryant, AR, 72022",+1 501-847-2857,https://www.walmart.com/store/3230-bryant-ar,34.6241608,-92.4943215,,,w_485241700,"shop=supermarket, brand=Walmart, operator=Walmart"
"Mayflower, AR",,retail,452210,Burlington,"20815 Interstate 30 South, Benton, AR, 72015",+1 501-315-6401,https://stores.burlington.com/ar/benton/1187,34.6061183,-92.5309716,,,w_485979231,"shop=department_store, brand=Burlington"
"Mayflower, AR",,retail,445110,Walmart Supercenter,"4450 East McCain Boulevard, North Little Rock, AR, 72117",+1 501-945-2700,https://www.walmart.com/store/1105/north-little%20rock-ar/whats-new,34.7865293,-92.2148179,,,w_486881018,"shop=supermarket, brand=Walmart, operator=Walmart"
"Mayflower, AR",,retail,445110,Walmart Supercenter,"9053 Highway 107, Sherwood, AR, 72120",+1-501-833-0972,https://www.walmart.com/store/7-sherwood-ar,34.8387472,-92.2368593,,,w_486913479,"shop=supermarket, brand=Walmart, operator=Walmart"
"Mayflower, AR",,retail,445110,Walmart Neighborhood Market,"8801 Highway 107, Sherwood, AR, 72120",+1-501-833-3127,https://www.walmart.com/store/2743-sherwood-ar,34.835262,-92.2331515,,,w_486914952,"shop=supermarket, brand=Walmart Neighborhood Market, operator=Walmart"
"Mayflower, AR",,retail,445110,Natural Grocers,"9210 North Rodney Parham Road, Little Rock, AR, 72227",+1-501-312-8300,https://www.naturalgrocers.com/,34.7585204,-92.3778268,,,w_517495041,"shop=supermarket, brand=Natural Grocers"
"Mayflower, AR",,retail,445110,Trader Joe's,"11500 Financial Centre Parkway, Little Rock, AR, 72211",+1 501-954-7659,https://locations.traderjoes.com/ar/little-rock/756/,34.7482959,-92.4016188,,,w_520629266,"shop=supermarket, brand=Trader Joe's"
"Mayflower, AR",,retail,445110,Kroger,"10300 North Rodney Parham Road, Little Rock, AR, 72227",+1 501-221-8301,https://www.kroger.com/stores/grocery/ar/little-rock/colony-west/025/00582,34.7683091,-92.3879791,,,w_526926530,"shop=supermarket, brand=Kroger"
"Mayflower, AR",,retail,445310,Economy Liqour Mart,"9612 North Rodney Parham Road, Little Rock, AR, 72227",,,34.7608154,-92.3807101,,,w_528156524,shop=alcohol
"Mayflower, AR",,retail,452210,TJ Maxx,"9100 North Rodney Parham Road, Little Rock, AR, 72205",,,34.7601575,-92.3752011,,,w_528156594,"shop=department_store, brand=TJ Maxx"
"Mayflower, AR",,retail,446120,Vogue Visage,"9100 North Rodney Parham Road, Little Rock, AR, 72205",,,34.7600475,-92.3750117,,,w_528156598,shop=cosmetics
"Mayflower, AR",,retail,452319,Dollar Tree,,,https://www.dollartree.com/locations/ar/little-rock/6121/,34.7601813,-92.3757157,,,w_528156603,"shop=variety_store, brand=Dollar Tree"
"Mayflower, AR",,retail,452319,Dollar General,,,https://www.dollargeneral.com/store-directory/ar/cabot/3100,34.9702844,-92.0218529,,,w_547171370,"shop=variety_store, brand=Dollar General"
"Mayflower, AR",,retail,452319,Dollar General,,,https://www.dollargeneral.com/store-directory/ar/sherwood/13861,34.8835811,-92.2364884,,,w_548732674,"shop=variety_store, brand=Dollar General"
"Mayflower, AR",,retail,453110,,,,,34.9597942,-92.4235229,,,w_553378345,shop=florist
"Mayflower, AR",,retail,446110,CVS Pharmacy,"3220 North Reynolds Road, Bryant, AR, 72022",,https://www.cvs.com/store-locator/bryant-ar-pharmacies/3220-n-reynolds-rd-bryant-ar-72022/storeid=10432,34.6244123,-92.4986076,,,w_553379984,"shop=chemist, brand=CVS Pharmacy"
"Mayflower, AR",,retail,452319,Dollar Tree,"218 Bryant Avenue, Bryant, AR, 72022",,https://www.dollartree.com/locations/ar/bryant/1948/,34.6228759,-92.4964799,,,w_553380008,"shop=variety_store, brand=Dollar Tree"
"Mayflower, AR",,retail,445120,Corner Store,"Mayflower, AR",,,34.956606,-92.4237058,,,w_553425682,shop=convenience
"Mayflower, AR",,retail,446120,,,,,34.9566052,-92.4257186,,,w_553425683,shop=beauty
"Mayflower, AR",,retail,445110,Grocery Outlet,,,,34.9555117,-92.4244388,,,w_553425684,"shop=supermarket, brand=Grocery Outlet"
"Mayflower, AR",,retail,446110,Walgreens,"5500 AR-5 N, Bryant, AR, 72022",,https://www.walgreens.com/locator/walgreens-5500+highway+5+n-bryant-ar-72022/id=10240,34.6234104,-92.5006976,,,w_553576708,"shop=chemist, brand=Walgreens"
"Mayflower, AR",,retail,445310,Crush Wine & Spirits,"3345 AR-5 N, Bryant, AR, 72019",,,34.6149781,-92.5197088,,,w_553576763,shop=alcohol
"Mayflower, AR",,retail,445110,Kroger,"20820 I- 30 Service Road, Benton, AR, 72019",+1 501-574-3880,https://www.kroger.com/stores/grocery/ar/benton/benton-marketplace/025/00629,34.6106507,-92.5306894,,,w_553576767,"shop=supermarket, brand=Kroger"
"Mayflower, AR",,retail,445110,Walmart Neighborhood Market,"1203 South Pine Street, Cabot, AR, 72023",+1 501-628-9200,https://www.walmart.com/store/6975-cabot-ar,34.9533614,-92.0069857,,,w_584497732,"shop=supermarket, brand=Walmart, operator=Walmart"
"Mayflower, AR",,retail,445120,Kum & Go,,,https://www.kumandgo.com/store-locator?details=0143,34.9523314,-92.007877,,,w_584807382,"shop=convenience, brand=Kum & Go"
"Mayflower, AR",,retail,452319,Family Dollar,,,,34.9523394,-92.0091726,,,w_584807384,"shop=variety_store, brand=Family Dollar"
"Mayflower, AR",,retail,445110,Kroger Marketplace,"14000 Cantrell Road, Little Rock, AR, 72223",+1-501-225-4588,https://www.kroger.com/stores/grocery/ar/little-rock/cantrell-marketplace/025/00622,34.8040177,-92.4286544,,,w_585196283,"shop=supermarket, brand=Kroger"
"Mayflower, AR",,retail,452210,Ross,"1266 South Amity Road, Conway, AR, 72032",+1 501-504-2500,,35.0626535,-92.4137804,,,w_585534264,"shop=department_store, brand=Ross"
"Mayflower, AR",,retail,445110,ALDI,"1272 South Amity Road, AR, 72032-8732",+1 855-955-2534,https://stores.aldi.us/ar/conway/1272-s-amity-road,35.0626549,-92.4133187,,,w_585534267,"shop=supermarket, brand=ALDI"
"Mayflower, AR",,retail,446120,Ulta Beauty,"1278 South Amity Road, Conway, AR, 72032",+1 501-504-2533,https://www.ulta.com/stores/conway-ar-665,35.0627318,-92.4129768,,,w_585534268,"shop=cosmetics, brand=Ulta Beauty"
"Mayflower, AR",,retail,445120,Murphy USA,"2164 Harkrider Street, Conway, AR, 72032",,,35.1085362,-92.4394757,,,w_586460719,"shop=convenience, brand=Murphy USA"
"Mayflower, AR",,retail,445120,Murphy USA,"Dave Ward Drive, Conway, AR, 72034",,,35.0712291,-92.4958027,,,w_587325816,"shop=convenience, brand=Murphy USA"
"Mayflower, AR",,retail,445110,Walmart Supercenter,"3900 Dave Ward Drive, Conway, AR, 72034",+1 501-328-9570,https://www.walmart.com/store/2575-conway-ar,35.0728881,-92.4950747,,,w_587329723,"shop=supermarket, brand=Walmart, operator=Walmart"
"Mayflower, AR",,retail,445120,Kum & Go,"2050 Dave Ward Drive, Conway",,https://www.kumandgo.com/store-locator?details=0158,35.0707545,-92.4538773,,,w_587605226,"shop=convenience, brand=Kum & Go"
"Mayflower, AR",,retail,453991,,,,,34.9642224,-92.0287349,,,w_594404586,shop=tobacco
"Mayflower, AR",,retail,446120,Beauty Cuts,,,,34.7344311,-92.2724965,,,w_597790262,shop=beauty
"Mayflower, AR",,retail,445110,,,,,34.7315981,-92.2726142,,,w_597790347,shop=supermarket
"Mayflower, AR",,retail,445120,Superstop,"3200 South University Avenue, Little Rock, AR, 72204",,,34.7229928,-92.3425539,,,w_597892854,shop=convenience
"Mayflower, AR",,retail,445110,Walmart Supercenter,"8801 Baseline Road, Little Rock, AR, 72209",+1 501-565-0274,https://www.walmart.com/store/124-little-rock-ar,34.6670879,-92.3771647,,,w_640956160,"shop=supermarket, brand=Walmart, operator=Walmart"
"Mayflower, AR",,retail,445120,,"6317 West Markham Street, Little Rock, AR, 72205",,,34.7520722,-92.345089,,,w_641654695,shop=convenience
"Mayflower, AR",,retail,452319,Dollar General,,,https://www.dollargeneral.com/store-directory/ar/cabot/25560,34.9602724,-92.0076907,,,w_655503892,"shop=variety_store, brand=Dollar General"
"Mayflower, AR",,retail,452210,JCPenney,"201 Skyline Drive, Conway, AR, 72032",,,35.1098302,-92.4284077,,,w_672557223,"shop=department_store, brand=JCPenney"
"Mayflower, AR",,retail,445120,,"Cantrell Road, Little Rock, AR",,,34.7928007,-92.3995025,,,w_675258593,shop=convenience
"Mayflower, AR",,retail,445310,Express Liquor,"3601 John Barrow Road, Little Rock, AR, 72204",+1-501-562-6522,,34.7204512,-92.3726363,,,w_699408049,shop=alcohol
"Mayflower, AR",,retail,446120,Sun's Casuals,,,,35.1100857,-92.4375908,,,w_702435785,shop=cosmetics
"Mayflower, AR",,retail,445120,Road Runner,"Skyline Drive, Conway, AR",,,35.1115865,-92.4322315,,,w_725193550,shop=convenience
"Mayflower, AR",,retail,445120,Kum & Go,,,https://www.kumandgo.com/store-locator?details=0171,35.1129669,-92.4477877,,,w_725193556,"shop=convenience, brand=Kum & Go"
"Mayflower, AR",,retail,452319,Dollar General,"2560 Donaghey, Conway, AR, 72032",,https://www.dollargeneral.com/store-directory/ar/conway/953,35.1111714,-92.4519981,,,w_725193560,"shop=variety_store, brand=Dollar General"
"Mayflower, AR",,retail,446110,Walgreens,,,https://www.walgreens.com/locator/walgreens-115+commons+dr-maumelle-ar-72113/id=12418,34.8468605,-92.4063474,,,w_727285891,"shop=chemist, brand=Walgreens"
"Mayflower, AR",,retail,445310,LSL Liquor,"9127 Highway 161, North Little Rock, AR, 72117",,,34.8354612,-92.1338206,,,w_731725922,shop=alcohol
"Mayflower, AR",,retail,445120,Shell,"800 Broadway Street, Little Rock, AR, 72201",,,34.7416291,-92.2768722,,,w_742971990,"shop=convenience, brand=Shell, operator=Roadrunner"
"Mayflower, AR",,retail,446110,Walgreens,"3901 West Markham Street, Little Rock, AR, 72205",,https://www.walgreens.com/locator/walgreens-3901+w+markham+st-little+rock-ar-72205/id=12738,34.750967,-92.3170035,,,w_775439395,"shop=chemist, brand=Walgreens"
"Mayflower, AR",,retail,446110,Walgreens,,,https://www.walgreens.com/locator/walgreens-4823+john+f+kennedy+blvd-north+little+rock-ar-72116/id=3416,34.7997757,-92.2557788,,,w_775441439,"shop=chemist, brand=Walgreens"
"Mayflower, AR",,retail,445110,Kroger,"6929 John F Kennedy Boulevard, North Little Rock, AR, 72116",+1 501-835-6530,https://www.kroger.com/stores/grocery/ar/north-little-rock/indian-hills/025/00642,34.8195076,-92.2386958,,,w_775441895,"shop=supermarket, brand=Kroger"
"Mayflower, AR",,retail,446110,Walgreens,"Sherwood, AR",,https://www.walgreens.com/locator/walgreens-8521+highway+107-sherwood-ar-72120/id=4017,34.8324708,-92.2321928,,,w_775445196,"shop=chemist, brand=Walgreens"
"Mayflower, AR",,retail,446110,CVS Pharmacy,"Sherwood, AR",,https://www.cvs.com/store-locator/sherwood-ar-pharmacies/8604-highway-107-sherwood-ar-72120/storeid=10430,34.833493,-92.2308864,,,w_775445197,"shop=chemist, brand=CVS Pharmacy"
"Mayflower, AR",,retail,445310,Baseline Liquor,,,,34.6703706,-92.375492,,,w_781900632,shop=alcohol
"Mayflower, AR",,retail,452319,Ollie's Bargain Outlet,,,,34.7906644,-92.2200371,,,w_792371505,"shop=variety_store, brand=Ollie's Bargain Outlet"
"Mayflower, AR",,retail,445310,Springhill Wine and Spirits,"4281 McCain Boulevard, North Little Rock, AR, 72116",,,34.7898196,-92.2198484,,,w_792371507,shop=alcohol
"Mayflower, AR",,retail,445120,Kum & Go,,,https://www.kumandgo.com/store-locator?details=0147,34.610158,-92.4947163,,,w_808245967,"shop=convenience, brand=Kum & Go"
"Mayflower, AR",,retail,445120,Murphy Express,"111 West Pershing Boulevard, North Little Rock, AR, 72114",+1-501-812-6206,,34.7796708,-92.2681858,,,w_809206951,"shop=convenience, brand=Murphy Express"
"Mayflower, AR",,retail,445310,Boulevard Wine and Liquour,,,,34.8282906,-92.3914982,,,w_810500022,shop=alcohol
"Mayflower, AR",,retail,445120,Circle K,"10321 Colonel Glenn Road, Little Rock, AR, 72204",+1-501-319-7559,,34.7116393,-92.3910424,,,w_817863631,"shop=convenience, brand=Circle K"
"Mayflower, AR",,retail,445120,RaceWay,"6425 South University Avenue, Little Rock, AR, 72209",+1-501-565-1999,https://www.racetrac.com/,34.6913616,-92.3461162,,,w_822803803,"shop=convenience, brand=RaceWay"
"Mayflower, AR",,retail,445120,Circle K,"6201 Colonel Glenn Road, Little Rock, AR, 72204",+1-501-975-1413,https://www.circlek.com/store-locator/US/little-rock/6201-colonel-glenn-rd/2654220,34.7167474,-92.3433503,,,w_823014665,"shop=convenience, brand=Circle K"
"Mayflower, AR",,retail,446120,Solutions Day Spa,,,,35.0933364,-92.4114654,,,w_857882384,shop=beauty
"Mayflower, AR",,retail,445120,Love's,"11700 I-30 Frontage Road, Little Rock, AR, 72210",,,34.6569109,-92.4129724,,,w_893136394,"shop=convenience, brand=Love's"
"Mayflower, AR",,retail,445120,A to Z Mini Mart,"2601 West 65th Street, Little Rock, AR, 72209",,,34.6887683,-92.3076011,,,w_893139858,shop=convenience
"Mayflower, AR",,retail,452210,Target,"4000 McCain Boulevard, North Little Rock, AR, 72116",+1 501-771-4220,https://www.target.com/sl/little-rock-north/162,34.788122,-92.228817,,,w_893448307,"shop=department_store, brand=Target"
"Mayflower, AR",,retail,445310,Old Mill Wine & Spirits,,,,34.7974937,-92.2331066,,,w_918407943,shop=alcohol
"Mayflower, AR",,retail,446120,Classic Nail Designs,,,,34.7973109,-92.2332416,,,w_918407947,shop=beauty
"Mayflower, AR",,retail,446120,Ulta Beauty,"2743 Lakewood Village Drive, North Little Rock, AR, 72116",+1 501-771-0626,https://www.ulta.com/stores/north-little-rock-ar-780,34.7977935,-92.2316079,,,w_918407953,"shop=cosmetics, brand=Ulta Beauty"
"Mayflower, AR",,retail,446191,360FIT Nutrition,,,,34.7958802,-92.2303499,,,w_918407968,shop=health_food
"Mayflower, AR",,retail,446120,Pro Nails,,,,34.7967953,-92.2306945,,,w_918407976,shop=beauty
"Mayflower, AR",,retail,452319,Dollar Tree,,,https://www.dollartree.com/locations/ar/north-little-rock/374/,34.7946232,-92.2328939,,,w_918407984,"shop=variety_store, brand=Dollar Tree"
"Mayflower, AR",,retail,446110,CVS Pharmacy,,,https://www.cvs.com/store-locator/north-little-rock-ar-pharmacies/2501-mccain-blvd-north-little-rock-ar-72116/storeid=10975,34.7976756,-92.2376948,,,w_918407997,"shop=chemist, brand=CVS Pharmacy"
"Mayflower, AR",,retail,445120,,,,,34.7886993,-92.216089,,,w_918502971,shop=convenience
"Mayflower, AR",,retail,452210,Big Lots,"4213 East McCain Boulevard, North Little Rock, AR, 72217",+1 501-945-1600,https://local.biglots.com/ar/north-little-rock/4213-e-mccain-boulevard,34.7913806,-92.2222139,,,w_918502987,"shop=department_store, brand=Big Lots"
"Mayflower, AR",,retail,446120,Great Nails,,,,34.7884991,-92.2143671,,,w_918502997,shop=beauty
"Mayflower, AR",,retail,445120,Kum & Go,,,https://www.kumandgo.com/store-locator?details=0152,34.7840257,-92.2175657,,,w_918503007,"shop=convenience, brand=Kum & Go"
"Mayflower, AR",,retail,445120,,,,,34.7846293,-92.2182922,,,w_918503009,shop=convenience
"Mayflower, AR",,retail,452210,Ross,"4124 East McCain Boulevard, North Little Rock, AR, 72117",+1 501-945-4656,,34.7873322,-92.2255229,,,w_918503011,"shop=department_store, brand=Ross"
"Mayflower, AR",,retail,452210,TJ Maxx,,,,34.7865686,-92.224688,,,w_918503014,"shop=department_store, brand=TJ Maxx"
"Mayflower, AR",,retail,452210,Burlington,"4220 East McCain Road, Little Rock, AR, 72117",+1 501-955-9300,https://stores.burlington.com/ar/little-rock/313,34.7875455,-92.2208491,,,w_918503017,"shop=department_store, brand=Burlington"
"Mayflower, AR",,retail,446120,Vina Nails,,,,34.7872219,-92.2221494,,,w_918503025,shop=beauty
"Mayflower, AR",,retail,446120,European Wax Center,,,https://locations.waxcenter.com/ar/northlittlerock/north-little-rock-0585.html,34.7889599,-92.229228,,,w_918503051,"shop=beauty, brand=European Wax Center"
"Mayflower, AR",,retail,446120,Sola Salons,"McCain Boulevard, North Little Rock, AR",,,34.7887621,-92.2292379,,,w_918503053,"shop=beauty, brand=Sola Salons"
"Mayflower, AR",,retail,445110,Kroger Marketplace,"2509 McCain Boulevard, North Little Rock, AR, 72116",,https://www.kroger.com/stores/grocery/ar/north-little-rock/mccain/025/00639,34.7978831,-92.2357913,,,w_918528750,"shop=supermarket, brand=Kroger Marketplace"
"Mayflower, AR",,retail,446120,Palm Beach Tan,,,https://palmbeachtan.com/locations/AR/North-Little-Rock-North-Hills-Blvd,34.7983848,-92.2361787,,,w_918528760,"shop=beauty, brand=Palm Beach Tan"
"Mayflower, AR",,retail,446120,Anna Threading & Beauty Salon,,,,34.7989593,-92.2372649,,,w_918528769,shop=beauty
"Mayflower, AR",,retail,453110,Tipton & Hurst,,,,34.797288,-92.2346747,,,w_918528775,shop=florist
"Mayflower, AR",,retail,445120,Circle K,"Warden Road, North Little Rock, AR",,,34.8001689,-92.2170744,,,w_918528804,"shop=convenience, brand=Circle K"
"Mayflower, AR",,retail,452319,Family Dollar,"715 East Broadway Street, North Little Rock, AR, 72114",,,34.7564407,-92.2597828,,,w_936814451,"shop=variety_store, brand=Family Dollar"
"Mayflower, AR",,retail,445120,Murphy Express,"12600 Chenal Parkway, Little Rock, AR, 72211",+1-501-225-6599,https://www.murphyusa.com/,34.7544917,-92.4138731,,,w_942938546,"shop=convenience, brand=Murphy Express"
"Mayflower, AR",,retail,452210,Target,"12700 Chenal Parkway, Little Rock, AR, 72211",+15012170200,https://www.target.com/sl/little-rock-west/1114,34.756048,-92.414933,,,w_942938548,"shop=department_store, brand=Target"
"Mayflower, AR",,retail,445120,,,,,34.7538836,-92.427988,,,w_944348921,shop=convenience
"Mayflower, AR",,retail,445120,Circle K,"10402 Mabelvale West Road, Little Rock, AR, 72103",+1-501-455-9541,,34.6574157,-92.3889732,,,w_947243773,"shop=convenience, brand=Circle K"
"Mayflower, AR",,retail,452210,Kohl's,"13909 Chenal Parkway, Little Rock, AR, 72211",+1 501-312-8000,https://www.kohls.com/stores/ar/littlerock-696.shtml,34.7526534,-92.4293066,,,w_950138301,"shop=department_store, brand=Kohl's"
"Mayflower, AR",,retail,446110,Walgreens,"North Bowman Road, Little Rock, AR",,https://www.walgreens.com/locator/walgreens-111+n+bowman+rd-little+rock-ar-72211/id=5993,34.754937,-92.4058369,,,w_952404883,"shop=chemist, brand=Walgreens"
"Mayflower, AR",,retail,445120,Casey's General Store,"1705 East Harding Street, Morrilton, AR, 72110",,,35.1705382,-92.7209613,,,w_959828019,"shop=convenience, brand=Casey's General Store"
"Mayflower, AR",,retail,445110,Walmart Supercenter,"1621 North Business 9, Morrilton, AR, 72110",+1 501-354-0290,https://www.walmart.com/store/8-morrilton-ar,35.1688412,-92.7267455,,,w_959828037,"shop=supermarket, brand=Walmart, operator=Walmart"
"Mayflower, AR",,retail,445120,,,,,34.6797849,-92.3444708,,,w_973606210,shop=convenience
"Mayflower, AR",,retail,445120,,,,,34.6796123,-92.3431572,,,w_973606212,shop=convenience
"Mayflower, AR",,retail,445120,Phillips 66,"2711 West Markham Street, Little Rock, AR, 72205",,,34.7505817,-92.304302,,,w_985577214,"shop=convenience, brand=Phillips 66"
"Mayflower, AR",,retail,452210,Kohl's,"7600 Warden Road, Sherwood, AR, 72120",+1-501-835-2920,https://www.kohls.com/stores/ar/sherwood-697.shtml,34.8279328,-92.1923375,,,w_1000090022,"shop=department_store, brand=Kohl's"
"Mayflower, AR",,retail,445120,Valero,"3900 East Kiehl Avenue, Sherwood, AR, 72120",,,34.8318065,-92.1904222,,,w_1000090024,"shop=convenience, brand=Valero, operator=Big Red Stores"
"Mayflower, AR",,retail,445120,Casey's General Store,"3615 East Kiehl Avenue, Sherwood, AR, 72120",,,34.832787,-92.1918705,,,w_1000334819,"shop=convenience, brand=Casey's General Store"
"Mayflower, AR",,retail,452319,Dollar General,"4109 East Kiehl Avenue, Sherwood, AR, 72120",,https://www.dollargeneral.com/store-directory/ar/sherwood/2542,34.8324714,-92.1860718,,,w_1000334828,"shop=variety_store, brand=Dollar General"
"Mayflower, AR",,retail,445120,Food Mart,"101 North Van Buren Street, Little Rock, AR, 72205",+15016668504,https://www.exxon.com/en/find-station/EXXON-LITTLEROCK-AR-DOUBLEBEESEXXON119-200317624?utm,34.7522321,-92.3300749,,,w_1005352201,shop=convenience
"Mayflower, AR",,retail,445110,Asian Groceries,"9112 North Rodney Parham Road, Little Rock, AR, 72205",+15012219977,,34.7584768,-92.375347,,,w_1012826075,shop=supermarket
"Mayflower, AR",,retail,445120,M&M Mart,"8724 Colonel Glenn Road, Little Rock, AR, 72204",+15015511488,,34.7109512,-92.3729376,,,w_1015833141,shop=convenience
"Mayflower, AR",,retail,445110,Kroger,"1100 East Roosevelt Road, Little Rock, AR, 72206",+1 501-375-0585,https://www.kroger.com/stores/grocery/ar/little-rock/e-roosevelt/025/00550,34.72496,-92.2609291,,,w_1016227577,"shop=supermarket, brand=Kroger"
"Mayflower, AR",,retail,452319,Family Dollar,"254 Oak Street, Conway, AR, 72032",+1-501-205-7002,,35.0923134,-92.4302203,,,w_1019457768,"shop=variety_store, brand=Family Dollar"
"Mayflower, AR",,retail,445120,Circle K,"14000 Kanis Road, Little Rock, AR, 72223",+1-501-228-4004,https://www.circlek.com/store-locator/US/little-rock/14000-kanis-rd/2741798,34.7451319,-92.4300257,,,w_1026881189,"shop=convenience, brand=Circle K"
"Mayflower, AR",,retail,445120,Circle K,"925 Fair Park Boulevard, Little Rock, AR, 72204",+1 501-451-7574,,34.7433127,-92.333881,,,w_1037766036,"shop=convenience, brand=Circle K"
"Mayflower, AR",,retail,445120,goodstop by Casey's,"5420 West 12th Street, Little Rock, AR, 72204",+1-501-664-3099,,34.7414696,-92.3338649,,,w_1037766039,shop=convenience
"Mayflower, AR",,retail,445120,Casey's General Store,"8818 Kanis Road, Little Rock, AR, 72205",+1-501-665-3521,,34.7409004,-92.3718233,,,w_1038913912,"shop=convenience, brand=Casey's General Store"
"Mayflower, AR",,retail,445120,Shell,"9001 West Markham Street, Little Rock, AR, 72205",+15012242203,https://find.shell.com/us/fuel/10005781-9001-w-markham-st,34.7529542,-92.3742359,,,w_1039131296,"shop=convenience, brand=Shell"
"Mayflower, AR",,retail,446110,CVS Pharmacy,,,https://www.cvs.com/store-locator/little-rock-ar-pharmacies/1122-s-university-avenue-little-rock-ar-72204/storeid=10779,34.742044,-92.3421379,,,w_1043477113,"shop=chemist, brand=CVS Pharmacy"
"Mayflower, AR",,retail,445120,Circle K,"7200 West 12th Street, Little Rock, AR, 72204",,,34.7424515,-92.3551677,,,w_1043601051,"shop=convenience, brand=Circle K"
"Mayflower, AR",,retail,445120,Super Galeria,"5103 Asher Avenue, Little Rock, AR, 72204",,,34.720528,-92.3305495,,,w_1044529139,shop=convenience
"Mayflower, AR",,retail,445120,Circle K,"12001 Colonel Glenn Road, Little Rock, AR, 72210",,,34.710128,-92.4091964,,,w_1047319148,"shop=convenience, brand=Circle K"
"Mayflower, AR",,retail,445120,Casey's General Store,"8101 Stagecoach Road, Little Rock, AR, 72210",+15016653520,https://www.caseys.com/general-store/ar-littlerock/8101-stagecoach-rd/4247?utm_medium=organic&utm_source=google&utm_campaign=yext&y_source=1_MzI3MTI4OTQtNzE1LWxvY2F0aW9uLndlYnNpdGU%3D,34.6761744,-92.4091375,,,w_1047766721,"shop=convenience, brand=Casey's General Store"
"Mayflower, AR",,retail,445120,Casey's General Store,"10340 AR 107, Sherwood, AR, 72120",+15013861554,https://www.caseys.com/general-store/ar-sherwood/10340-highway-107/4252?utm_medium=organic&utm_source=google&utm_campaign=yext&y_source=1_MzI3MTI4OTAtNzE1LWxvY2F0aW9uLndlYnNpdGU%3D,34.8523238,-92.2252564,,,w_1049127640,"shop=convenience, brand=Casey's General Store"
"Mayflower, AR",,retail,445110,Kroger,"8824 Geyer Springs Road, Little Rock, AR, 72209",+1 501-565-7584,https://www.kroger.com/stores/grocery/ar/little-rock/geyer-springs/025/00627,34.6700488,-92.3458976,,,w_1050880356,"shop=supermarket, brand=Kroger"
"Mayflower, AR",,retail,446110,Remedy Drug,"8511 West Markham Street, Little Rock, AR, 72205",+15013134480,https://remedydrugrx.com/,34.7524525,-92.3694667,,,w_1057752605,shop=chemist
"Mayflower, AR",,retail,452319,Dollar General,"3500 John Barrow Road, Little Rock, AR, 72204",+15012957113,https://www.dollargeneral.com/store-directory/ar/little-rock/15557,34.7213738,-92.3737315,,,w_1058090173,"shop=variety_store, brand=Dollar General"
"Mayflower, AR",,retail,445120,Road Runner,"1200 South Shackleford Road, Little Rock, AR, 72211",+1-501-223-3052,,34.742599,-92.3949592,,,w_1059030282,shop=convenience
"Mayflower, AR",,retail,452319,Dollar Tree,"11400 West Markham Street, Little Rock, AR, 72211",+1-501-492-0339,https://www.dollartree.com/locations/ar/little-rock/2813/,34.7553196,-92.4011381,,,w_1059389575,"shop=variety_store, brand=Dollar Tree"
"Mayflower, AR",,retail,446110,Walgreens,"1200 John Barrow Road, Little Rock, AR, 72205",+15014782655,https://www.walgreens.com/locator/walgreens-1200+john+barrow+rd-little+rock-ar-72205/id=16545,34.7417284,-92.3726946,,,w_1060108799,"shop=chemist, brand=Walgreens, operator=Community Pharmacy"
"Mayflower, AR",,retail,445120,Superstop,"1400 John Barrow Road, Little Rock, AR, 72204",+1-501-219-8749,,34.7399507,-92.3727962,,,w_1060164848,shop=convenience
"Mayflower, AR",,retail,452319,Dollar General,"16475 Congo Ferndale Road, Alexaner, AR, 72002",+15013036890,https://www.dollargeneral.com/store-directory/ar/alexander/19419,34.7142115,-92.5780087,,,w_1065089054,"shop=variety_store, brand=Dollar General"
"Mayflower, AR",,retail,446120,Heights Spa and Nail Salon,"5024 Club Road, Little Rock, AR, 72207",+15016032288,,34.7701836,-92.3295258,,,w_1068089199,shop=beauty
"Mayflower, AR",,retail,446120,Chic Nails & Spa,"301 South Bowman Road, Little Rock, AR, 72211",+15012256551,https://chicnailslr.com/,34.7523184,-92.4065152,,,w_1079617944,shop=beauty
"Mayflower, AR",,retail,446120,Pinky Threading and Waxing Salon,"303 South Bowman Road, Little Rock, AR, 72211",+15016131603,https://pinkythreadingandwaxingsalon.com/,34.7518709,-92.4065418,,,w_1079787291,shop=beauty
"Mayflower, AR",,retail,453991,Mr. Smoke,"303 South Bowman Road, Little Rock, AR, 72211",+15014201976,http://www.facebook.com/mr.smokelr,34.751815,-92.4065291,,,w_1079787293,shop=tobacco
"Mayflower, AR",,retail,445110,El Torito,"303 South Bowman Road, Little Rock, AR, 72211",+15012240444,,34.751714,-92.4065333,,,w_1079787294,shop=supermarket
"Mayflower, AR",,retail,445120,Superstop,"1200 South University Avenue, Little Rock, AR, 72204",,,34.7410291,-92.342126,,,w_1090808149,shop=convenience
"Mayflower, AR",,retail,445310,ACE Liquor Center,"8106 T P White Drive, Cabot, AR, 72023",+15019828027,,34.940083,-92.0737065,,,w_1091247040,shop=alcohol
"Mayflower, AR",,retail,445310,Hog Wild Wines and Spirits,"7950 T P White Drive, Cabot, AR, 72023",+15019889463,,34.9391415,-92.074624,,,w_1091247042,shop=alcohol
"Mayflower, AR",,retail,452319,Dollar General,"Springhill Road, AR",,https://www.dollargeneral.com/store-directory/ar/bryant/13365,34.617099,-92.516499,,,w_1091571497,"shop=variety_store, brand=Dollar General"
"Mayflower, AR",,retail,446120,TRANQUILITY Spa & Beauty,"3525 AR 5, Bryant, AR, 72019",+1-501-943-7082,,34.616184,-92.5166084,,,w_1091571505,shop=beauty
"Mayflower, AR",,retail,445120,Circle K,"2400 Springhill Road, Bryant, AR, 72022",+1-501-451-7550,,34.6165644,-92.5156276,,,w_1091571519,"shop=convenience, brand=Circle K"
"Mayflower, AR",,retail,445110,Walmart Supercenter,12001 Maumelle Blvd,+1-501-851-6102,https://www.walmart.com/store/4460/north-little%20rock-ar/whats-new,34.8320179,-92.3948743,,,w_1092334011,"shop=supermarket, brand=Walmart, operator=Walmart"
"Mayflower, AR",,retail,445110,Kroger,"110 Commons Drive, Maumelle, AR, 72113",+1 501-210-7670,https://www.kroger.com/stores/grocery/ar/maumelle/maumelle/025/00606,34.847807,-92.408518,,,w_1092339714,"shop=supermarket, brand=Kroger"
"Mayflower, AR",,retail,445120,Kum & Go,"8801 Maumelle Boulevard, North Little Rock, AR, 72113",+1-501-975-4130,https://www.kumandgo.com/store-locator?details=0153,34.8131787,-92.3604581,,,w_1092399193,"shop=convenience, brand=Kum & Go"
"Mayflower, AR",,retail,452319,Dollar General,,,https://www.dollargeneral.com/store-directory/ar/north-little-rock/21402,34.8118044,-92.3100096,,,w_1092402496,"shop=variety_store, brand=Dollar General"
"Mayflower, AR",,retail,452319,Dollar General,,,https://www.dollargeneral.com/store-directory/ar/cabot/22734,34.9378477,-92.0167806,,,w_1092639596,"shop=variety_store, brand=Dollar General"
"Mayflower, AR",,retail,452319,Dollar General,,,https://www.dollargeneral.com/store-directory/ar/maumelle/12853,34.8838055,-92.389415,,,w_1094106408,"shop=variety_store, brand=Dollar General"
"Mayflower, AR",,retail,445120,,,,,34.8843805,-92.3920495,,,w_1094106416,shop=convenience
"Mayflower, AR",,retail,445310,The Link Liquor Store,"9130 Highway 161, North Little Rock, AR, 72117",,,34.834987,-92.132908,,,w_1094595314,shop=alcohol
"Mayflower, AR",,retail,445120,Superstop,,,,34.868696,-92.196904,,,w_1094898065,shop=convenience
"Mayflower, AR",,retail,452319,Dollar General,,,https://www.dollargeneral.com/store-directory/ar/jacksonville/7284,34.8731935,-92.196459,,,w_1094898087,"shop=variety_store, brand=Dollar General"
"Mayflower, AR",,retail,452319,Dollar General,,,,34.8257325,-92.1489352,,,w_1095236218,"shop=variety_store, brand=Dollar General"
"Mayflower, AR",,retail,445120,Valero,,,,34.861252,-92.1166707,,,w_1095244160,"shop=convenience, brand=Valero"
"Mayflower, AR",,retail,452319,Dollar General,,,https://www.dollargeneral.com/store-directory/ar/sherwood/7081,34.84444,-92.2322425,,,w_1095277709,"shop=variety_store, brand=Dollar General"
"Mayflower, AR",,retail,445120,West 12th St Market,"4511 West 12th Street, Little Rock, AR, 72204",,,34.7404196,-92.3245926,,,w_1097751651,shop=convenience
"Mayflower, AR",,retail,446120,Beauty Nails,"4419 West 12th Street, Little Rock, AR, 72204",+1-501-280-0775,,34.7404202,-92.3233466,,,w_1098122136,shop=beauty
"Mayflower, AR",,retail,445120,flow mart,"4423 West 12th Street, Little Rock, AR, 72204",+1-501-615-8265,,34.7404498,-92.323549,,,w_1098122138,shop=convenience
"Mayflower, AR",,retail,452319,Dollar General,"11510 Mabelvale West Road, Little Rock, AR, 72103",,https://www.dollargeneral.com/store-directory/ar/mabelvale/19339,34.6562236,-92.4057374,,,w_1099339728,"shop=variety_store, brand=Dollar General"
"Mayflower, AR",,retail,445120,Circle K,"9723 Maumelle Boulevard, North Little Rock, AR, 72113",+1-501-771-4021,,34.8223172,-92.36932,,,w_1107289337,"shop=convenience, brand=Circle K"
"Mayflower, AR",,retail,445120,,"6109 Crystal Hill Road, North Little Rock, AR, 72118",+1-501-812-4444,,34.8163995,-92.3325205,,,w_1107877923,shop=convenience
"Mayflower, AR",,retail,445120,,"5919 Crystal Hill Road, North Little Rock, AR, 72118",+1 501 753-7475,,34.8170901,-92.3281904,,,w_1107877924,shop=convenience
"Mayflower, AR",,retail,445120,Crystal Food Mart,"6116 Crystal Hill Road, North Little Rock, AR, 72118",+1-501-753-8484,,34.8173385,-92.3328983,,,w_1107877928,shop=convenience
"Mayflower, AR",,retail,446110,Walgreens,"14820 Cantrell Road, Little Rock, AR, 72223",+1-501-868-6324,https://www.walgreens.com/locator/walgreens-14820+cantrell+rd-little+rock-ar-72223/id=7284,34.8014935,-92.4378777,,,w_1109010927,"shop=chemist, brand=Walgreens"
"Mayflower, AR",,retail,445120,Murphy Express,"14701 Cantrell Road, Little Rock, AR, 72223",,,34.8005582,-92.4360251,,,w_1109010929,"shop=convenience, brand=Murphy Express"
"Mayflower, AR",,retail,452319,Dollar General,"379 Highway 65, Conway, AR, 72032",,https://www.dollargeneral.com/store-directory/ar/conway/12878,35.1327574,-92.4017744,,,w_1109178229,"shop=variety_store, brand=Dollar General"
"Mayflower, AR",,retail,445120,Superstop,"8824 Fourche Dam Pike, Little Rock, AR, 72206",+1-501-490-0554,,34.7139988,-92.1902015,,,w_1114752429,shop=convenience
"Mayflower, AR",,retail,445120,Circle K,"8921 Fourche Dam Pike, Little Rock, AR, 72206",+1-501-490-0057,,34.7139751,-92.188844,,,w_1114752432,"shop=convenience, brand=Circle K"
"Mayflower, AR",,retail,445120,Shell,"8701 Fourche Dam Pike, Little Rock, AR, 72206",,,34.7180913,-92.1887187,,,w_1114752457,"shop=convenience, brand=Shell"
"Mayflower, AR",,retail,452319,Dollar Tree,"1100 East Roosevelt Road, Little Rock, AR, 72206",+1-501-404-3367,https://www.dollartree.com/locations/ar/little-rock/6332/,34.7245608,-92.2603876,,,w_1115654850,"shop=variety_store, brand=Dollar Tree"
"Mayflower, AR",,retail,445120,,"Rainwood Road, Little Rock, AR",,,34.7693803,-92.4032889,,,w_1118064331,shop=convenience
"Mayflower, AR",,retail,445120,Superstop,"375 East Oak Street, Conway, AR, 72032",+1-501-327-2087,,35.0912708,-92.4248775,,,w_1118506529,shop=convenience
"Mayflower, AR",,retail,445120,Doublebee's,"1324 John Barrow Road, Little Rock, AR, 72205",+1-501-224-5574,,34.7407815,-92.3726879,,,w_1118639106,shop=convenience
"Mayflower, AR",,retail,445120,Kum & Go,"3400 East Kiehl Avenue, Sherwood, AR, 72120",,https://www.kumandgo.com/store-locator?details=0150,34.8316868,-92.1971434,,,w_1119189951,"shop=convenience, brand=Kum & Go"
"Mayflower, AR",,retail,445310,Cork & Bottle,"8507 West Markham Street, Little Rock, AR, 72205",+1-501-228-0889,,34.7526574,-92.3688491,,,w_1119676051,shop=alcohol
"Mayflower, AR",,retail,445120,Kum & Go,"John F Kennedy Boulevard, North Little Rock, AR",,https://www.kumandgo.com/store-locator?details=0144,34.8028733,-92.2531391,,,w_1121088623,"shop=convenience, brand=Kum & Go"
"Mayflower, AR",,retail,445120,Freeway Mart,"7515 Baseline Road, Little Rock, AR, 72209",+1-501-565-1132,,34.6692729,-92.3614685,,,w_1122448133,shop=convenience
"Mayflower, AR",,retail,445120,Sharks Fish & Chicken,"3704 Asher Avenue, Little Rock, AR, 72204",,,34.7272954,-92.315547,,,w_1123282959,shop=convenience
"Mayflower, AR",,retail,445120,Circle K,"11821 Colonel Glenn Road, Little Rock, AR, 72210",,,34.7107371,-92.4076676,,,w_1123575100,"shop=convenience, brand=Circle K"
"Mayflower, AR",,retail,445110,Harps,"1515 AR 5, Benton, AR, 72019",+1-501-794-0820,,34.609067,-92.5399345,,,w_1126103442,"shop=supermarket, brand=Harps"
"Mayflower, AR",,retail,445120,Bucks Jr.,"729 North J P Wright Loop Road, Jacksonville, AR, 72076",,,34.8818644,-92.1019582,,,w_1133615764,shop=convenience
"Mayflower, AR",,retail,452319,Dollar General,"609 North J P Wright Loop Road, Jacksonville, AR, 72076",,,34.882916,-92.10526,,,w_1133854558,"shop=variety_store, brand=Dollar General"
"Mayflower, AR",,retail,452319,Dollar General,"2001 AR 294, Jacksonville, AR, 72076",+1 (501) 596-8145,https://www.dollargeneral.com/store-directory/ar/jacksonville/12782,34.851649,-92.0894964,,,w_1133855163,"shop=variety_store, brand=Dollar General"
"Mayflower, AR",,retail,445110,Walmart Supercenter,"2000 John Harden Drive, Jacksonville, AR, 72076",+1 501-985-8731,https://www.walmart.com/store/24-jacksonville-ar,34.8851508,-92.1125217,,,w_1133863266,"shop=supermarket, brand=Walmart, operator=Walmart"
"Mayflower, AR",,retail,445120,Jacksonville Food Mart,"1605 South J P Wright Loop Road, Jacksonville, AR, 72076",,,34.8526497,-92.0901421,,,w_1134373334,shop=convenience
"Mayflower, AR",,retail,452319,Family Dollar,"607 West Trickey Lane, Jacksonville, AR, 72076",,,34.8522307,-92.1164246,,,w_1134848056,"shop=variety_store, brand=Family Dollar"
"Mayflower, AR",,retail,445110,Kroger,"103 Gregory Place, Jacksonville, AR, 72076",+1 501-982-0151,https://www.kroger.com/stores/grocery/ar/jacksonville/jacksonville/025/00614,34.879132,-92.1102313,,,w_1135300547,"shop=supermarket, brand=Kroger"
"Mayflower, AR",,retail,445120,Kum & Go,"Jacksonville, AR, 72076",,https://www.kumandgo.com/store-locator?details=0138,34.8674092,-92.1257758,,,w_1135822958,"shop=convenience, brand=Kum & Go"
"Mayflower, AR",,retail,445120,Site Oil,"12024 Vimy Ridge Road, Alexander, AR, 72002",+1-501-313-5421,,34.6414941,-92.4169074,,,w_1136379336,shop=convenience
"Mayflower, AR",,retail,452210,Belk,"11525 Cantrell Road, Little Rock, AR, 72212",+1-501-907-6200,,34.7922516,-92.4025886,,,w_1137090894,"shop=department_store, brand=Belk"
"Mayflower, AR",,retail,445120,Doublebee's,"10724 West Markham Street, Lttle Rock, AR, 72211",+1-501-225-9513,,34.7543606,-92.3934713,,,w_1138012554,shop=convenience
"Mayflower, AR",,retail,445120,Circle K,"8108 Counts Massie Road, Maumelle, AR, 72113",+1 501-451-7531,,34.8363694,-92.3816439,,,w_1160482871,"shop=convenience, brand=Circle K"
"Mayflower, AR",,retail,445110,Mercado San Jose,"South Rodney Parham Road, Little Rock, AR, 72205",,,34.7521483,-92.3663426,,,w_1162586372,shop=supermarket
"Mayflower, AR",,retail,445120,Doublebee's,"2402 Cantrell Road, Little Rock, AR, 72202",,,34.7584367,-92.3026982,,,w_1163317040,shop=convenience
"Mayflower, AR",,retail,445120,Superstop,"700 East Roosevelt Road, Little Rock, AR, 72206",+1-501-372-7822,,34.7242456,-92.2657622,,,w_1163339387,shop=convenience
"Mayflower, AR",,retail,445120,Golden Foods,"1201 South Woodrow Street, Little Rock, AR, 72204",,,34.7395561,-92.3054404,,,w_1163544652,shop=convenience
"Mayflower, AR",,retail,445110,Edward's Food Giant,"10320 Stagecoach Road, Little Rock, AR, 72210",+1-501-455-3475,https://www.edwardsfoodgiant.com/stores/edwards-food-giant-3475,34.65763,-92.4275917,,,w_1164501104,shop=supermarket
"Mayflower, AR",,retail,445120,QuikTrip,"12115 Otter Creek Road, Little Rock, AR, 72210",,,34.6550992,-92.4124609,,,w_1164685655,"shop=convenience, brand=QuikTrip"
"Mayflower, AR",,retail,445120,Circle K,"Vimy Ridge Road, Alexander, AR, 72002",,,34.626989,-92.4163063,,,w_1165156764,"shop=convenience, brand=Circle K"
"Mayflower, AR",,retail,452319,Dollar General,"Vimy Ridge Road, Alexander, AR, 72002",,https://www.dollargeneral.com/store-directory/ar/alexander/293,34.6276889,-92.4161148,,,w_1165156765,"shop=variety_store, brand=Dollar General"
"Mayflower, AR",,retail,452319,Dollar General,"4701 West 65th Street, Little Rock, AR, 72209",,https://www.dollargeneral.com/store-directory/ar/little-rock/1837,34.6894459,-92.3280235,,,w_1167187036,"shop=variety_store, brand=Dollar General"
"Mayflower, AR",,retail,445120,Skyroad Gas,"5105 West 65th Street, Little Rock, AR, 72209",+1-501-569-9393,,34.6898884,-92.3336793,,,w_1167187038,shop=convenience
"Mayflower, AR",,retail,445120,Big Stop N Go,"5219 West 65th Street, Little Rock, AR, 72209",,,34.6897175,-92.3349575,,,w_1167187040,shop=convenience
"Mayflower, AR",,retail,445120,Circle K,"5506 MacArthur Drive, North Little Rock, AR, 72118",,,34.8066879,-92.291861,,,w_1167454858,"shop=convenience, brand=Circle K"
"Mayflower, AR",,retail,445120,Circle K,"6421 South University Avenue, Little Rock, AR, 72209",+1-501-451-7561,,34.6918824,-92.3462974,,,w_1167458498,"shop=convenience, brand=Circle K"
"Mayflower, AR",,retail,445120,Circle K,"6420 South University Avenue, Little Rock, AR, 72209",,,34.6916669,-92.3477454,,,w_1167458499,"shop=convenience, brand=Circle K"
"Mayflower, AR",,retail,445110,Del Campo A La Cuidad,"6500 South University Avenue, Little Rock, AR, 72209",+1-501-562-1281,,34.6907453,-92.3479299,,,w_1167673052,shop=supermarket
"Mayflower, AR",,retail,445120,Superstop,"7300 South University Avenue, Little Rock, AR, 72209",+1-501-565-1780,,34.6836804,-92.3518892,,,w_1167673056,shop=convenience
"Mayflower, AR",,retail,445120,Circle K,"2501 Northlake Road, Benton, AR, 72019",,,34.6496685,-92.5151196,,,w_1175223850,"shop=convenience, brand=Circle K"
"Mayflower, AR",,retail,445120,Road Runner,"Bryant, AR",,,34.6206469,-92.4962352,,,w_1175223852,shop=convenience
"Mayflower, AR",,retail,445120,Road Runner,"13400 I-30 Frontage Road, Little Rock, AR, 72210",+1 501 891-6756,,34.6421359,-92.4431474,,,w_1175223855,shop=convenience
"Mayflower, AR",,retail,445120,Circle K,"7701 Hwy 5 N, Bryant, AR",+1-501-451-7539,,34.6373155,-92.4726266,,,w_1178516729,"shop=convenience, brand=Circle K"
"Mayflower, AR",,retail,445120,Circle K,"North Reynolds Road, Bryant",,,34.6093965,-92.4937131,,,w_1178624074,"shop=convenience, brand=Circle K"
"Mayflower, AR",,retail,445120,Circle K,"601 West Broadway Street, North Little Rock, AR, 72114",+1-501-451-7571,,34.757225,-92.2742679,,,w_1178624086,"shop=convenience, brand=Circle K"
"Mayflower, AR",,retail,445120,AJ Mart,"1521 South 1st Street, Jacksonville, AR, 72076",,,34.8532913,-92.1152116,,,w_1194532957,shop=convenience
"Mayflower, AR",,retail,453991,Discount Tobacco Co.,"501 South James Street, Jacksonville, AR, 72076",(501) 982-6623,,34.8626728,-92.1192501,,,w_1195806407,shop=tobacco
"Mayflower, AR",,retail,452319,Dollar General,"380 South James Street, Jacksonville, AR, 72076",(501) 596-8727,,34.864635,-92.1179466,,,w_1195860215,"shop=variety_store, brand=Dollar General"
"Mayflower, AR",,retail,452319,Dollar General,,,https://www.dollargeneral.com/store-directory/ar/north-little-rock/13202,34.7308107,-92.1500709,,,w_1201542331,"shop=variety_store, brand=Dollar General"
"Mayflower, AR",,retail,452319,Dollar General,,,https://www.dollargeneral.com/store-directory/ar/little-rock/15285,34.7050247,-92.2467074,,,w_1201542365,"shop=variety_store, brand=Dollar General"
"Mayflower, AR",,retail,452319,Dollar General,"14600 Arch St Pike, Little Rock, AR, 72206",,https://www.dollargeneral.com/store-directory/ar/little-rock/15080,34.6180902,-92.3167674,,,w_1201542366,"shop=variety_store, brand=Dollar General"
"Mayflower, AR",,retail,452319,Dollar General,,,https://www.dollargeneral.com/store-directory/ar/little-rock/6819,34.6480915,-92.3070126,,,w_1201542367,"shop=variety_store, brand=Dollar General"
"Mayflower, AR",,retail,452319,Dollar General,"5023 Baseline Road, Little Rock, AR, 72209",,https://www.dollargeneral.com/store-directory/ar/little-rock/13012,34.6681628,-92.3340855,,,w_1201542373,"shop=variety_store, brand=Dollar General"
"Mayflower, AR",,retail,452319,Dollar General,,,https://www.dollargeneral.com/store-directory/ar/little-rock/15018,34.7251587,-92.2776892,,,w_1201623186,"shop=variety_store, brand=Dollar General"
"Mayflower, AR",,retail,452319,Dollar General,"12626 Lawson Road, Little Rock, AR, 72210",,https://www.dollargeneral.com/store-directory/ar/little-rock/13271,34.7083438,-92.4134075,,,w_1201691515,"shop=variety_store, brand=Dollar General"
"Mayflower, AR",,retail,452319,Dollar General,,,https://www.dollargeneral.com/store-directory/ar/alexander/18146,34.6506099,-92.5152813,,,w_1201691525,"shop=variety_store, brand=Dollar General"
"Mayflower, AR",,retail,452319,Dollar General,,,https://www.dollargeneral.com/store-directory/ar/benton/12196,34.6276963,-92.5676639,,,w_1201691536,"shop=variety_store, brand=Dollar General"
"Mayflower, AR",,retail,452319,Dollar General,,,https://www.dollargeneral.com/store-directory/ar/alexander/14698,34.6324183,-92.4436711,,,w_1201856574,"shop=variety_store, brand=Dollar General"
"Mayflower, AR",,retail,452319,Dollar General,,,https://www.dollargeneral.com/store-directory/ar/north-little-rock/12953,34.7710023,-92.2793505,,,w_1202331407,"shop=variety_store, brand=Dollar General"
"Mayflower, AR",,retail,452319,Dollar General,,,https://www.dollargeneral.com/store-directory/ar/cabot/22417,35.0185145,-92.0718423,,,w_1203459251,"shop=variety_store, brand=Dollar General"
"Mayflower, AR",,retail,452319,Dollar General,,,https://www.dollargeneral.com/store-directory/ar/austin/16784,35.0531703,-92.0841416,,,w_1203459252,"shop=variety_store, brand=Dollar General"
"Mayflower, AR",,retail,452319,Dollar General,"1082 Main Street, Vilonia, AR, 72173",,https://www.dollargeneral.com/store-directory/ar/vilonia/15919,35.0829162,-92.2105462,,,w_1203459253,"shop=variety_store, brand=Dollar General"
"Mayflower, AR",,retail,445110,Harps,"1086 Main Street, Vilonia, AR, 72173",,,35.0829385,-92.2092311,,,w_1203459255,"shop=supermarket, brand=Harps"
"Mayflower, AR",,retail,452319,Dollar General,,,https://www.dollargeneral.com/store-directory/ar/conway/20114,35.1319289,-92.2630725,,,w_1203459257,"shop=variety_store, brand=Dollar General"
"Mayflower, AR",,retail,452319,Dollar General,,,https://www.dollargeneral.com/store-directory/ar/jacksonville/13644,34.91835,-92.1692802,,,w_1203489364,"shop=variety_store, brand=Dollar General"
"Mayflower, AR",,retail,452319,Dollar General,"7405 Batesville Pike, Jacksonville, AR, 72076",,https://www.dollargeneral.com/store-directory/ar/jacksonville/23697,34.9359946,-92.2054022,,,w_1203489365,"shop=variety_store, brand=Dollar General"
"Mayflower, AR",,retail,452319,Dollar General,,,https://www.dollargeneral.com/store-directory/ar/bigelow/17243,35.0270812,-92.6292576,,,w_1203489389,"shop=variety_store, brand=Dollar General"
"Mayflower, AR",,retail,452319,Dollar General,"616 North Fourche Avenue, Perryville, AR, 72126",,https://www.dollargeneral.com/store-directory/ar/perryville/10534,35.0085985,-92.7998844,,,w_1203489390,"shop=variety_store, brand=Dollar General"
"Mayflower, AR",,retail,452319,Dollar General,"East Main Street, Plumerville, AR",,https://www.dollargeneral.com/store-directory/ar/plumerville/14516,35.1603744,-92.6373014,,,w_1203515886,"shop=variety_store, brand=Dollar General"
"Mayflower, AR",,retail,445120,Kum & Go,,,https://www.kumandgo.com/store-locator?details=0159,35.0888671,-92.49716,,,w_1203515888,"shop=convenience, brand=Kum & Go"
"Mayflower, AR",,retail,452319,Dollar General,,,https://www.dollargeneral.com/store-directory/ar/conway/15989,35.0261,-92.4137944,,,w_1203515891,"shop=variety_store, brand=Dollar General"
"Mayflower, AR",,retail,452319,Dollar General,"Morrilton, AR, 72110",,https://www.dollargeneral.com/store-directory/ar/morrilton/18286,35.2138127,-92.6998726,,,w_1203515894,"shop=variety_store, brand=Dollar General"
"Mayflower, AR",,retail,452319,Family Dollar,"205 Oak Street, Conway, AR, 72032",,,35.0903479,-92.4289482,,,w_1203537084,"shop=variety_store, brand=Family Dollar"
"Mayflower, AR",,retail,445120,Casey's General Store,"701 Bill Foster Memorial Highway West, Cabot, AR, 72023",,,34.9388803,-92.0211439,,,w_1207150628,"shop=convenience, brand=Casey's General Store"
"Mayflower, AR",,retail,445120,Shell,,,,35.1707829,-92.7441253,,,w_1215583941,"shop=convenience, brand=Shell"
"Mayflower, AR",,retail,452319,Dollar General,,,https://www.dollargeneral.com/store-directory/ar/conway/13531,35.0827433,-92.3286444,,,w_1216188138,"shop=variety_store, brand=Dollar General"
"Mayflower, AR",,retail,452319,Dollar General,"9500 Satterfield Drive, Little Rock, AR, 72227",,https://www.dollargeneral.com/store-directory/ar/little-rock/6755,34.762397,-92.3816489,,,w_1216361433,"shop=variety_store, brand=Dollar General"
"Mayflower, AR",,retail,445120,Superstop,"10100 North Rodney Parham Road, Little Rock, AR, 72227-5550",,,34.7648318,-92.3846949,,,w_1216361435,shop=convenience
"Mayflower, AR",,retail,452319,Dollar General,,,https://www.dollargeneral.com/store-directory/ar/oppelo/15756,35.1033573,-92.7669425,,,w_1217069976,"shop=variety_store, brand=Dollar General"
"Mayflower, AR",,retail,452319,Dollar General,,,https://www.dollargeneral.com/store-directory/ar/wooster/12870,35.2028749,-92.4571435,,,w_1217069991,"shop=variety_store, brand=Dollar General"
"Mayflower, AR",,retail,445120,,"4100 West Markham Street, Little Rock, AR, 72205",+1-501-296-9625,,34.7518702,-92.3189916,,,w_1219328377,shop=convenience
"Mayflower, AR",,retail,453991,Tobacco Station,,,,34.8664365,-92.1976294,,,w_1222015910,shop=tobacco
"Mayflower, AR",,retail,445120,Circle K,,,,34.8665096,-92.1987104,,,w_1222015916,"shop=convenience, brand=Circle K"
"Mayflower, AR",,retail,452319,Dollar Tree,,,,35.1702725,-92.7242126,,,w_1229505336,"shop=variety_store, brand=Dollar Tree"
"Mayflower, AR",,retail,445120,Circle K,"North Rodney Parham Road, Little Rock, AR",,,34.7668653,-92.3872171,,,w_1235702881,"shop=convenience, brand=Circle K"
"Mayflower, AR",,retail,445120,,"North Bowman Road, Little Rock, AR, 72211",,,34.7575309,-92.4050072,,,w_1236684594,shop=convenience
"Mayflower, AR",,retail,445120,,"West Roosevelt Road, Little Rock, AR, 72204",,,34.7259395,-92.3090533,,,w_1244704972,shop=convenience
"Mayflower, AR",,retail,445120,Victory Express,"1801 Military Road, Jacksonville, AR, 72076",,,34.851651,-92.0911016,,,w_1250065144,shop=convenience
"Mayflower, AR",,retail,452319,Dollar Tree,"6420 Colonel Glenn Road, Little Rock, AR, 72204",+1-501-492-0338,https://www.dollartree.com/locations/ar/little-rock/867/,34.7195296,-92.347922,,,w_1253495935,"shop=variety_store, brand=Dollar Tree"
"Mayflower, AR",,retail,445120,Golden Kings,"6920 Colonel Glenn Road, Little Rock, AR, 72204",+1-501-565-6410,,34.7184225,-92.3520963,,,w_1253495939,shop=convenience
"Mayflower, AR",,retail,452319,Dollar General,"1600 East Oak Street, Conway, AR, 72032",+1-501-764-4825,,35.0918821,-92.4050905,,,w_1257044046,"shop=variety_store, brand=Dollar General"
"Mayflower, AR",,retail,445120,Shell,"Cantrell Road, Little Rock, AR",,,34.7653776,-92.3141449,,,w_1267618116,"shop=convenience, brand=Shell"
"Mayflower, AR",,retail,446120,Lee Nails,"12911 Cantrell Road, Little Rock, AR, 72223",+1-501-225-2888,,34.7974681,-92.4164842,,,w_1267936989,shop=beauty
"Mayflower, AR",,retail,445120,Superstop,"East 9th Street, Little Rock, AR",,,34.7398705,-92.263327,,,w_1268439314,shop=convenience
"Mayflower, AR",,retail,445110,Edward's Food Giant,"7507 Cantrell Road, Little Rock, AR, 72207",+1-501-614-3477,,34.7706532,-92.3574131,,,w_1270571117,shop=supermarket
"Mayflower, AR",,retail,445120,,"16900 Cantrell Road, Little Rock, AR, 72223",+1-501-868-1322,,34.8037753,-92.4584067,,,w_1270617386,shop=convenience
"Mayflower, AR",,retail,446120,Ulta Beauty,"207 North University Avenue, Little Rock, AR, 72205",+1 501-660-4096,https://www.ulta.com/stores/little-rock-ar-610,34.7535413,-92.3395905,,,w_1271093633,"shop=cosmetics, brand=Ulta Beauty"
"Mayflower, AR",,retail,445120,Kum & Go,"7620 Baseline Road, Little Rock, AR, 72209",+1-501=907=7513,https://www.kumandgo.com/store-locator?details=0146,34.6703858,-92.3622467,,,w_1272219465,"shop=convenience, brand=Kum & Go"
"Mayflower, AR",,retail,445120,Corner Store,"8822 Stagecoach Road, Little Rock, AR, 72210",,https://www.circlek.com/store-locator/US/little-rock/8822-stagecoach-rd/2658149,34.6719551,-92.4184166,,,w_1272499778,"shop=convenience, brand=Corner Store"
"Mayflower, AR",,retail,445120,Bears Den,"2890 Dave Ward Drive, Conway, AR, 72034",,,35.0710398,-92.4717835,,,w_1287802634,shop=convenience
"Mayflower, AR",,retail,445120,Road Runner,"12524 Chenal Parkway, Little Rock, AR, 72211",,,34.7536333,-92.41341,,,w_1289231668,shop=convenience
"Mayflower, AR",,retail,445110,10Box Cost-Plus,,,,35.0834903,-92.4359612,,,w_1295421543,shop=supermarket
"Mayflower, AR",,retail,445120,Hwy 64 Superstop,"1905 Old Morrilton Highway, Conway, AR",+1-501-327-3030,,35.1151321,-92.449035,,,w_1296108086,shop=convenience
"Mayflower, AR",,retail,445120,,"West Markham Street, Little Rock, AR, 72211",,,34.7536716,-92.4060837,,,w_1301456796,shop=convenience
"Mayflower, AR",,retail,452319,Dollar General,,,https://www.dollargeneral.com/store-directory/ar/cabot/14550,34.9826279,-92.0625365,,,w_1306384053,"shop=variety_store, brand=Dollar General"
"Mayflower, AR",,retail,445110,Walmart Neighborhood Market,"75 South Broadview, Greenbrier, AR, 72058",+1 501-287-6001,https://www.walmart.com/store/7317-greenbrier-ar,35.2258171,-92.3895891,,,w_1308460206,"shop=supermarket, brand=Walmart Neighborhood Market, operator=Walmart"
"Mayflower, AR",,retail,452319,Dollar General,,,,34.9819217,-92.7949383,,,w_1315260916,"shop=variety_store, brand=Dollar General"
"Mayflower, AR",,retail,445120,Mac Arthur Food Mart,"Mac Arthur Drive, North Little Rock, AR, 72118",,,34.7887033,-92.2828075,,,w_1316554814,shop=convenience
"Mayflower, AR",,retail,445120,Love's,"Morrilton, AR",,,35.1729665,-92.743302,,,w_1323785090,"shop=convenience, brand=Love's"
"Mayflower, AR",,retail,445120,,,,,35.0845031,-92.1995677,,,w_1328151650,shop=convenience
"Mayflower, AR",,retail,445120,Superstop,"State Highway 9, Morrilton, AR, 72110",,,35.1715095,-92.7183826,,,w_1343026261,shop=convenience
"Mayflower, AR",,retail,445120,Superstop,"State Highway 9, Morrilton, AR, 72110",,,35.1717158,-92.7174749,,,w_1343026263,shop=convenience
"Mayflower, AR",,retail,445120,Murphy USA,"Morrilton, AR, 72110",,,35.168919,-92.7246029,,,w_1343026264,"shop=convenience, brand=Murphy USA"
"Mayflower, AR",,retail,445120,,"South Springfield Drive, Plumerville, AR",,,35.1639899,-92.6397389,,,w_1343606086,shop=convenience
"Mayflower, AR",,retail,445120,,"350 East Oak Street, Conway, AR, 72032",+1-501-329-5922,,35.0921259,-92.4250105,,,w_1344068533,shop=convenience
"Mayflower, AR",,retail,445120,,,,,35.0670018,-92.4217606,,,w_1345699811,shop=convenience
"Mayflower, AR",,retail,445120,Circle K,"Kanis Road, Little Rock, AR, 72211",,,34.7430818,-92.406862,,,w_1353255020,"shop=convenience, brand=Circle K"
"Mayflower, AR",,retail,445120,Superstop,"9718 North Rodney Parham Road, Little Rock, AR, 72227",+1-501-414-0533,,34.7624865,-92.3828679,,,w_1356649758,shop=convenience
"Mayflower, AR",,retail,446120,Elite Nails & Spa,"1811 North 1st Street, Jacksonville, AR, 72076",(501) 241-0317,,34.8835708,-92.1086169,,,w_1357611295,shop=beauty
"Mayflower, AR",,retail,445120,Citgo,"2255 John Harden Drive, Jacksonville, AR, 72076",,,34.8866948,-92.1087581,,,w_1359118748,"shop=convenience, brand=Citgo"
"Mayflower, AR",,retail,445120,Shell,"2215 North 1st Street, Jacksonville, AR, 72076",,,34.8858441,-92.1071237,,,w_1359118756,"shop=convenience, brand=Shell"
"Mayflower, AR",,retail,453991,Jax Smoke Shop,"1715 T P White Drive, Jacksonville, AR, 72076",,,34.8831048,-92.1098157,,,w_1359118757,shop=tobacco
"Mayflower, AR",,retail,452319,Dollar Tree,,,,34.8791813,-92.1109332,,,w_1359118760,"shop=variety_store, brand=Dollar Tree"
"Mayflower, AR",,retail,445120,CJ's Food Mart,"7404 Batesville Pike, Jacksonville, AR, 72076",,,34.9349048,-92.2047893,,,w_1360171530,shop=convenience
"Mayflower, AR",,retail,445310,Harvey's Liquor,,,,34.9307563,-92.0812447,,,w_1360758415,shop=alcohol
"Mayflower, AR",,retail,453110,Sherwood Florist,,,,34.8703742,-92.1966094,,,w_1365031057,shop=florist
"Mayflower, AR",,retail,445120,Circle K,"Sherwood, AR",,,34.8138664,-92.2045629,,,w_1371396355,"shop=convenience, brand=Circle K"
"Mayflower, AR",,retail,445120,Superstop,"Cabot, AR",,,34.9470921,-92.0611718,,,w_1382206194,shop=convenience
"Mayflower, AR",,retail,445120,,"Jacksonville, AR, 72076",,,34.8668785,-92.126946,,,w_1382329713,shop=convenience
"Mayflower, AR",,retail,445120,,"Highway 107, Sherwood, AR",,,34.8400626,-92.2310123,,,w_1382565224,shop=convenience
"Mayflower, AR",,retail,445120,Circle K,"3320 John F Kennedy Boulevard, North Little Rock, AR, 72116",,,34.7856392,-92.2600343,,,w_1383908764,"shop=convenience, brand=Circle K"
"Mayflower, AR",,retail,445310,Alchol Stopre,,,,35.1719583,-92.7186157,,,w_1411985925,shop=alcohol
"Mayflower, AR",,retail,445120,QuikTrip,,,,34.8874026,-92.375073,,,w_1415327415,"shop=convenience, brand=QuikTrip"
"Mayflower, AR",,retail,445110,Kroger,"101 Oak Street, Conway, AR, 72032",+1-501-329-8009,https://www.kroger.com/stores/grocery/ar/conway/conway-oak-st/025/00652,35.0903784,-92.4284189,,,r_16259679,"shop=supermarket, brand=Kroger"
"Mayflower, AR",,retail,445110,Kroger Marketplace,"855 Salem Road, Conway, AR, 72034",+1-501–329–3628,https://www.kroger.com/stores/grocery/ar/conway/conway-marketplace/025/00625,35.0892654,-92.4726352,,,r_17960496,"shop=supermarket, brand=Kroger Marketplace"
