Location,Search Keyword,Segment,NAICS Code,Business Name,Address,Phone Number,Website,Latitude,Longitude,Rating,User Ratings,Place ID,Types
"South Tucson, AZ",,retail,445120,Highland Market,,,,32.2281684,-110.9511899,,,n_371404455,"shop=convenience, amenity=restaurant"
"South Tucson, AZ",,retail,445110,Food Conspiracy Co-op,"412 North 4th Avenue, Tucson, AZ, 85705-8443",520-624-4821,www.foodconspiracy.coop,32.2269764,-110.9654434,,,n_371423979,shop=supermarket
"South Tucson, AZ",,retail,445120,Quick Mart,,,,32.363454,-111.1240951,,,n_428856089,"shop=convenience, operator=Quik Mart"
"South Tucson, AZ",,retail,446110,Walgreens,"13542 East Colossal Cave Road, Vail, AZ, 85641",,https://www.walgreens.com/locator/walgreens-13542+e+colossal+cave+rd-vail-az-85641/id=10684,32.0495129,-110.705142,,,n_449537028,"shop=chemist, brand=Walgreens"
"South Tucson, AZ",,retail,445120,,,,,32.2275511,-110.956165,,,n_813517480,shop=convenience
"South Tucson, AZ",,retail,445110,Safeway,"9100 North Silverbell Road, Tucson, AZ, 85743",+1 520-579-8365,https://local.safeway.com/safeway/az/tucson/9100-n-silverbell-rd.html,32.3724178,-111.136735,,,n_1011602426,"shop=supermarket, brand=Safeway"
"South Tucson, AZ",,retail,445120,Speedway,"12030 North Dove Mountain Boulevard, Marana, AZ, 85658",,https://www.speedway.com/locations/AZ/Marana/12030-N-Dove-Mountain-Blvd,32.4253464,-111.07966,,,n_1206618572,"shop=convenience, brand=Speedway"
"South Tucson, AZ",,retail,452210,,,,,32.3249818,-110.9299281,,,n_1229573396,shop=department_store
"South Tucson, AZ",,retail,445120,Speedway,"4390 North 1st Avenue, Tucson, AZ, 85719",,https://www.speedway.com/locations/AZ/Tucson/4390-N-1ST-AVE,32.2863345,-110.960581,,,n_1235442100,"shop=convenience, brand=Speedway"
"South Tucson, AZ",,retail,445110,Safeway,"12122 North Rancho Vistoso Boulevard, Oro Valley, AZ, 85755",+1 520-297-4344,https://local.safeway.com/safeway/az/oro-valley/12122-n-rancho-vistoso-blvd.html,32.426801,-110.9595436,,,n_1237980126,"shop=supermarket, brand=Safeway"
"South Tucson, AZ",,retail,445110,Walmart Neighborhood Market,"7951 North Oracle Road, Oro Valley, AZ, 85704",+1 520-469-9556,https://www.walmart.com/store/4264/oro-valley-az/,32.3510344,-110.9769807,,,n_1664410430,"shop=supermarket, brand=Walmart, operator=Walmart"
"South Tucson, AZ",,retail,445120,,,,,31.9623162,-110.7719118,,,n_1735987094,shop=convenience
"South Tucson, AZ",,retail,445110,Bulldog Graphics,"7100 North Camino Martin, AZ, 85741",,,32.3355466,-111.0571432,,,n_2093010885,shop=supermarket
"South Tucson, AZ",,retail,445110,Bashas',"15310 North Oracle Road, Tucson, AZ, 85739",+1 520 575 7300,https://www.bashas.com/,32.4835197,-110.9203507,,,n_2557706937,"shop=supermarket, brand=Bashas'"
"South Tucson, AZ",,retail,445110,,,,,32.3500509,-111.1218244,,,n_2715621408,shop=supermarket
"South Tucson, AZ",,retail,445120,The Valley Mart,,,,32.3791455,-111.3208587,,,n_2995244548,shop=convenience
"South Tucson, AZ",,retail,445120,Arizona Market,,+1 520 621 5340,https://union.arizona.edu/dining/sumc/arizonamarket,32.2328225,-110.952211,,,n_3083717673,shop=convenience
"South Tucson, AZ",,retail,446120,Spa Nails,"1980 West River Road, Tucson, AZ, 85704",(520) 888-5046,,32.3067312,-111.0095877,,,n_3161574472,shop=beauty
"South Tucson, AZ",,retail,445110,Trader Joe's,"7912 North Oracle Road, Oro Valley, AZ, 85704",+1 520-797-4207,https://locations.traderjoes.com/az/oro-valley/96/,32.3505043,-110.9732578,,,n_3262518518,"shop=supermarket, brand=Trader Joe's"
"South Tucson, AZ",,retail,445120,Rita Ranch Market,"8201 South Rita Road, Tucson, AZ, 85747",,,32.1023898,-110.8005916,,,n_3478338445,shop=convenience
"South Tucson, AZ",,retail,452319,Bon,,,,32.212285,-110.968996,,,n_3733662447,shop=variety_store
"South Tucson, AZ",,retail,445120,Wagon Wheel Post General Store,,,,32.3280153,-111.2184995,,,n_3789458686,shop=convenience
"South Tucson, AZ",,retail,445120,Speedway,"6777 North Sandario Road, Tucson, AZ, 85743",,https://www.speedway.com/locations/AZ/Tucson/6777-N-Sandario-Rd,32.3275146,-111.2187871,,,n_3789458699,"shop=convenience, brand=Speedway"
"South Tucson, AZ",,retail,445110,Basha's (vacant),,,,32.4268474,-111.0780248,,,n_3792937369,shop=supermarket
"South Tucson, AZ",,retail,445210,,,,,32.372218,-111.1366944,,,n_3798785773,shop=butcher
"South Tucson, AZ",,retail,446120,Nail Salon,,,,32.3728188,-111.136456,,,n_3798785774,shop=beauty
"South Tucson, AZ",,retail,445310,,,,,32.372602,-111.136559,,,n_3798785776,shop=alcohol
"South Tucson, AZ",,retail,453110,,,,,32.372423,-111.137015,,,n_3798785782,shop=florist
"South Tucson, AZ",,retail,445120,Giant,,,,32.3489416,-111.09952,,,n_3814424843,shop=convenience
"South Tucson, AZ",,retail,453110,,,,,32.3502083,-111.0997614,,,n_3814637351,shop=florist
"South Tucson, AZ",,retail,445120,,,,,32.3496418,-111.1008557,,,n_3814637353,shop=convenience
"South Tucson, AZ",,retail,445210,,,,,32.3503737,-111.0995227,,,n_3814637355,shop=butcher
"South Tucson, AZ",,retail,446120,Golder Ranceh Nails,,+1 520 825 2393,,32.4839745,-110.9205911,,,n_3819628379,shop=beauty
"South Tucson, AZ",,retail,445120,,,,,32.0765144,-111.312526,,,n_3819641506,shop=convenience
"South Tucson, AZ",,retail,453991,Frank's Smoke Shop,,,,32.4829663,-110.9204743,,,n_3839954518,shop=tobacco
"South Tucson, AZ",,retail,446120,Serenity Salon and Spa,,,,32.4830291,-110.9204578,,,n_3839954522,shop=beauty
"South Tucson, AZ",,retail,445120,Speedway,"11200 South Sierrita Mountain Road, Tucson, AZ, 85736",,https://www.speedway.com/locations/AZ/Tucson/11200-S-Sierrita-Mountain-Rd,32.0452671,-111.2655863,,,n_3859399258,"shop=convenience, brand=Speedway"
"South Tucson, AZ",,retail,452210,Marshalls,,,,32.350154,-110.9733398,,,n_3907099798,"shop=department_store, brand=Marshalls"
"South Tucson, AZ",,retail,445310,,,,,32.2516602,-110.8828482,,,n_4274896097,shop=beverages
"South Tucson, AZ",,retail,446110,Walgreens,,,https://www.walgreens.com/locator/walgreens-11951+n+1st+ave-oro+valley-az-85737/id=6411,32.423267,-110.962052,,,n_4281339622,"shop=chemist, brand=Walgreens"
"South Tucson, AZ",,retail,445120,Speedway,"10505 North Oracle Road, Tucson, AZ, 85737",,https://www.speedway.com/locations/AZ/Oro-Valley/10505-N-ORACLE-RD,32.3971964,-110.9594167,,,n_4297420963,"shop=convenience, brand=Speedway"
"South Tucson, AZ",,retail,445120,Economy Restaurant Supply Inc.,"712 North Stone Avenue, Tucson, AZ, 85705",,,32.2307,-110.9713839,,,n_4401510931,shop=convenience
"South Tucson, AZ",,retail,445120,Malex Communications,"2470 North Oracle Road, Tucson, AZ, 85705",,85705,32.2515191,-110.977715,,,n_4417923960,shop=convenience
"South Tucson, AZ",,retail,445110,Johnny Gibson's Downtown Market,"11 South 6th Avenue, Tucson, AZ, 85701",,https://www.yelp.com/biz/johnny-gibsons-downtown-market-tucson-2,32.2217694,-110.9684536,,,n_4858572055,shop=supermarket
"South Tucson, AZ",,retail,445110,AJ's Fine Foods,,520-232-6340,,32.324325,-110.9313498,,,n_4934625921,shop=supermarket
"South Tucson, AZ",,retail,446120,Delicate Nails,,,,32.3544959,-111.0932708,,,n_5041549088,shop=beauty
"South Tucson, AZ",,retail,446120,Global Nails,,,,32.3497234,-111.0991765,,,n_5041582857,shop=beauty
"South Tucson, AZ",,retail,446120,Regal Nails,,,,32.3559105,-111.089564,,,n_5041582865,"shop=beauty, brand=Regal Nails"
"South Tucson, AZ",,retail,452319,99 Cents Only Stores,"4160 West Ina Road, Tucson, AZ, 85741",,https://locations.99only.com/az/tucson/discount-store-222.html,32.3383931,-111.0543494,,,n_5041685782,"shop=variety_store, brand=99 Cents Only Stores"
"South Tucson, AZ",,retail,452319,Dollar Tree,"3741 West Ina Road, Tucson, AZ, 85741-2383",+1 520-812-3029,https://www.dollartree.com/locations/az/tucson/3468/,32.3360505,-111.0445661,,,n_5041685805,"shop=variety_store, brand=Dollar Tree"
"South Tucson, AZ",,retail,452210,Big Lots,"3900 West Ina Road, Tucson, AZ, 85741",+1 520-351-0417,https://local.biglots.com/az/tucson/3900-w-ina-rd,32.3386716,-111.0491854,,,n_5041686225,"shop=department_store, brand=Big Lots"
"South Tucson, AZ",,retail,453110,Inglis Florists FTD,,,,32.3386708,-111.0484048,,,n_5041686227,shop=florist
"South Tucson, AZ",,retail,446110,Walgreens,,,,32.3220456,-111.011428,,,n_5249031322,"shop=chemist, brand=Walgreens"
"South Tucson, AZ",,retail,452210,Target,"1225 West Irvington Road, Tucson, AZ, 85714-1167",+1 520-295-1277,https://www.target.com/sl/tucson-sw/1316,32.1604549,-110.990223,,,n_5623667505,"shop=department_store, brand=Target"
"South Tucson, AZ",,retail,445110,Food City,"1221 West Irvington Road, Tucson, AZ, 85714",+1 520-434-6920,https://www.mifoodcity.com/store/156,32.1613949,-110.99047,,,n_5623667508,"shop=supermarket, brand=Food City"
"South Tucson, AZ",,retail,452319,Family Dollar,"6641 North Sandario Road, Tucson, AZ, 85743",,,32.3256233,-111.2189614,,,n_5652518698,"shop=variety_store, brand=Family Dollar"
"South Tucson, AZ",,retail,446120,D'Alba Salon,"532 North 4th Avenue, Tucson, AZ, 85705",,,32.2285409,-110.9654652,,,n_6262939129,shop=beauty
"South Tucson, AZ",,retail,445110,Rancheros Market,,,,32.4993134,-110.925369,,,n_6324320201,shop=supermarket
"South Tucson, AZ",,retail,446120,Rain Spa,,,,32.2062909,-110.8382481,,,n_6324358908,shop=beauty
"South Tucson, AZ",,retail,446120,Cozy Nails and Spa,,,,32.2073607,-110.8382178,,,n_6324358909,shop=beauty
"South Tucson, AZ",,retail,446120,,,,,32.3280073,-111.047989,,,n_6351590974,shop=beauty
"South Tucson, AZ",,retail,446120,,"943 East University Boulevard, Tucson, AZ, 85719",,,32.2320805,-110.9569033,,,n_6363661829,shop=beauty
"South Tucson, AZ",,retail,445110,Natural Grocers,"6320 North Oracle Road, AZ, 85704",520-297-1898,,32.3216116,-110.9734582,,,n_6374448185,"shop=supermarket, brand=Natural Grocers"
"South Tucson, AZ",,retail,445120,Circle K,"5725 West Ina Road, Marana, AZ, 85743",,,32.3369175,-111.087042,,,n_6487076606,"shop=convenience, brand=Circle K"
"South Tucson, AZ",,retail,453991,Anthony's Cigar Emporium,,,,32.3493328,-110.9738388,,,n_6538393786,shop=tobacco
"South Tucson, AZ",,retail,446120,Elegant Nails,,,,32.4090045,-110.9963284,,,n_6591585840,shop=beauty
"South Tucson, AZ",,retail,446120,River Nails,"5020 North Oracle Road, Tucson, AZ, 85704",(520) 888-2197,,32.2980518,-110.9772614,,,n_6926415782,shop=beauty
"South Tucson, AZ",,retail,446120,LA Nails,,,,32.3825949,-111.0481092,,,n_8050701961,shop=beauty
"South Tucson, AZ",,retail,446120,Care Hands & Feet,"4231 West Ina Road, Tucson, AZ, 85741",,,32.3371951,-111.0555898,,,n_8051193669,shop=beauty
"South Tucson, AZ",,retail,452210,Saks Off 5th,,,,32.3760758,-111.103432,,,n_8051578815,"shop=department_store, brand=Saks Off 5th"
"South Tucson, AZ",,retail,445292,Godiva Chocolatier,,,,32.3753777,-111.101018,,,n_8051578823,"shop=chocolate, brand=Godiva Chocolatier"
"South Tucson, AZ",,retail,446120,Tipsy Nails,"10645 North Oracle Road, Oro Valley, AZ, 85737",,,32.4003096,-110.9580951,,,n_8346343223,shop=beauty
"South Tucson, AZ",,retail,446120,Regal Nails,,,,32.4256879,-110.9406882,,,n_8421880156,shop=beauty
"South Tucson, AZ",,retail,446120,Universal Nails and Spa,,,,32.3984092,-110.9561626,,,n_8483374224,shop=beauty
"South Tucson, AZ",,retail,446120,Les Cheveux,,,,32.3936932,-110.9964529,,,n_8562217410,shop=beauty
"South Tucson, AZ",,retail,446120,Creative Nails and Tanning,,,,32.3945844,-110.9968774,,,n_8562276535,shop=beauty
"South Tucson, AZ",,retail,446120,ITouch Day Spa,,,,32.3948735,-110.993997,,,n_8562590753,shop=beauty
"South Tucson, AZ",,retail,445210,Dickman's Meat & Deli,"6472 North Oracle Road, Tucson, AZ, 85704",,,32.3241334,-110.973393,,,n_8899660547,shop=butcher
"South Tucson, AZ",,retail,446120,Images SalonSpa,"6061 East Broadway Boulevard, tucson, AZ, 85711",+1-520-425-5647,https://www.facebook.com/ImagesSalonSpaTucson/,32.222367,-110.863161,,,n_9152717265,"shop=beauty, operator=Images SalonSpa"
"South Tucson, AZ",,retail,445120,Speedway,"7335 South Houghton Road, Tucson, AZ, 85747",,https://www.speedway.com/locations/AZ/Tucson/7335-S-Houghton-Rd,32.1184571,-110.7717455,,,n_9176688915,"shop=convenience, brand=Speedway"
"South Tucson, AZ",,retail,445120,Speedway,"5000 East Valencia Road, Tucson, AZ, 85756",,https://www.speedway.com/locations/AZ/Tucson/5000-E-Valencia,32.1336601,-110.8859278,,,n_9176736275,"shop=convenience, brand=Speedway"
"South Tucson, AZ",,retail,445120,Quik Mart,"7895 East Golf Links Road, Tucson, AZ, 85730",,,32.1925744,-110.8244106,,,n_9176858789,shop=convenience
"South Tucson, AZ",,retail,445120,Speedway,"7910 East Golf Links Road, Tucson, AZ, 85730",,https://www.speedway.com/locations/AZ/Tucson/7910-E-Golf-Links-Rd,32.1911104,-110.823254,,,n_9176858793,"shop=convenience, brand=Speedway"
"South Tucson, AZ",,retail,445120,Speedway,"6855 East Sunrise Drive, Tucson, AZ, 85750",,https://www.speedway.com/locations/AZ/Tucson/6855-E-Sunrise,32.3094955,-110.8463471,,,n_9176893670,"shop=convenience, brand=Speedway"
"South Tucson, AZ",,retail,445120,Speedway,"3550 North Campbell Avenue, Tucson, AZ, 85719",,https://www.speedway.com/locations/AZ/Tucson/3550-N-Campbell-Ave,32.2717953,-110.9433361,,,n_9176921741,"shop=convenience, brand=Speedway"
"South Tucson, AZ",,retail,445120,Speedway,"1850 East Prince Road, Tucson, AZ, 85719",,https://www.speedway.com/locations/AZ/Tucson/1850-E-Prince,32.2717375,-110.9443652,,,n_9176921743,"shop=convenience, brand=Speedway"
"South Tucson, AZ",,retail,445120,Speedway,"3902 East Speedway Boulevard, Tucson, AZ, 85712",,https://www.speedway.com/locations/AZ/Tucson/3902-E-Speedway-Blvd,32.2355376,-110.9091054,,,n_9176924829,"shop=convenience, brand=Speedway"
"South Tucson, AZ",,retail,445120,Speedway,"12885 North Oracle Road, Tucson, AZ, 85739",+1 520 498 0100,https://www.speedway.com/locations/AZ/Tucson/12885-N-ORACLE-RD,32.439849,-110.9350041,,,n_9177077644,"shop=convenience, brand=Speedway"
"South Tucson, AZ",,retail,446120,I Touch Day Spa,"5660 West Cortaro Farms Road, Tucson, AZ, 85742",+1-520-783-6868,https://itouchdayspa.net/,32.3599627,-111.0858082,,,n_9574022224,shop=beauty
"South Tucson, AZ",,retail,445120,Speedway,"3800 West Linda Vista Boulevard, Tucson, AZ, 85742",,https://www.speedway.com/locations/AZ/Tucson/3800-W-Linda-Vista,32.3814281,-111.0476781,,,n_9574022291,"shop=convenience, brand=Speedway"
"South Tucson, AZ",,retail,445120,Food Mart,,,,32.2437904,-110.910117,,,n_9622522217,shop=convenience
"South Tucson, AZ",,retail,445310,Total Wine,"5870 East Broadway Boulevard, Tucson, AZ, 85711",+1 520-745-0540,https://www.totalwine.com/store-info/1009,32.2204797,-110.863669,,,n_9625185418,"shop=alcohol, brand=Total Wine"
"South Tucson, AZ",,retail,445120,Salama Market,,,,32.243195,-110.90999,,,n_9633874317,shop=convenience
"South Tucson, AZ",,retail,445120,Circle K,,,,32.1464246,-110.918166,,,n_9641350417,"shop=convenience, brand=Circle K"
"South Tucson, AZ",,retail,453110,Bloom Maven,,,,32.2178778,-110.9841509,,,n_9644491686,shop=florist
"South Tucson, AZ",,retail,445120,Pilot,"9255 South Rita Road, Tucson, AZ, 85747",,,32.0845386,-110.803302,,,n_9671499768,"shop=convenience, brand=Pilot"
"South Tucson, AZ",,retail,445110,Safeway,"13380 East Mary Ann Cleveland Way, Vail, AZ, 85641",+1 520-526-7087,https://local.safeway.com/safeway/az/vail/13380-e-mary-ann-cleveland-way.html,32.0503511,-110.7087093,,,n_9760694603,"shop=supermarket, brand=Safeway, operator=Safeway"
"South Tucson, AZ",,retail,445110,Lee Lee Oriental Supermarket,,,,32.324149,-111.0099044,,,n_9799703359,shop=supermarket
"South Tucson, AZ",,retail,445120,Food Mart,,,,32.3523394,-111.0463312,,,n_9799703369,shop=convenience
"South Tucson, AZ",,retail,445120,Circle K,,,,32.3240387,-111.0114527,,,n_9799703373,shop=convenience
"South Tucson, AZ",,retail,453110,Bloom Maven,"160 South Avenida del Convento, Tucson, AZ, 85745",,,32.2186231,-110.985247,,,n_9812817217,shop=florist
"South Tucson, AZ",,retail,446120,Bonita Nails,,,,32.163674,-110.9872758,,,n_10122766802,shop=beauty
"South Tucson, AZ",,retail,446120,Luxe Nails,,,,32.1649672,-110.9907601,,,n_10122770176,shop=beauty
"South Tucson, AZ",,retail,452210,Dillard's,,+1 520-293-4550,https://www.dillards.com/stores/arizona/tucson-mall-tucson/0915,32.290154,-110.9745781,,,n_10203163311,"shop=department_store, brand=Dillard's"
"South Tucson, AZ",,retail,446120,Ulta Beauty,"11875 North Oracle Road, Oro Valley, AZ, 85737",+1 520-742-8956,https://www.ulta.com/stores/oro-valley-az-355,32.4221045,-110.9383956,,,n_10238822020,"shop=beauty, brand=Ulta Beauty"
"South Tucson, AZ",,retail,445310,The Hoppy Vine,,,,32.4256275,-110.9381795,,,n_10238822024,shop=alcohol
"South Tucson, AZ",,retail,446120,Chic Nail Boutique,,,,32.4261889,-110.944937,,,n_10238822029,shop=beauty
"South Tucson, AZ",,retail,446120,Relax The Back,,,,32.2983546,-110.9778886,,,n_10607003696,shop=beauty
"South Tucson, AZ",,retail,446120,DJ Nails & Spa,,,,32.4020913,-110.9563667,,,n_10943135407,shop=beauty
"South Tucson, AZ",,retail,452319,Dollar Tree,,,https://www.dollartree.com/locations/az/oro-valley/4161/,32.4023512,-110.9553236,,,n_10943135420,"shop=variety_store, brand=Dollar Tree"
"South Tucson, AZ",,retail,445110,Safeway,"6360 East Golf Links Road, Tucson, AZ, 85730",+1 520-514-2008,https://local.safeway.com/safeway/az/tucson/6360-e-golf-links-rd.html,32.1902283,-110.8560379,,,n_10969094790,"shop=supermarket, brand=Safeway"
"South Tucson, AZ",,retail,445110,Safeway,"9460 East Golf Links Road, Tucson, AZ, 85730",+1 520-296-0042,https://local.safeway.com/safeway/az/tucson/9460-e-golf-links-rd.html,32.190357,-110.7910475,,,n_11128945053,"shop=supermarket, brand=Safeway"
"South Tucson, AZ",,retail,446120,Bliss Aesthetics,"7620 North Hartman Lane, Tucson, AZ, 85743",(520) 401-5071,https://blissaesthetics.org/,32.3456654,-111.0794245,,,n_11446337486,shop=beauty
"South Tucson, AZ",,retail,446120,Nail Trix,,,,32.3898993,-110.963278,,,n_11515607841,shop=beauty
"South Tucson, AZ",,retail,446120,Bellacures Nail and Spa,"7705 North Oracle Road, Oro Valley, AZ, 85704",1-520-442-5471,,32.3474474,-110.976455,,,n_11652102440,shop=beauty
"South Tucson, AZ",,retail,452210,Kohl's,"7785 North Oracle Road, Oro Valley, AZ, 85704",+1 520-297-7130,https://www.kohls.com/stores/az/orovalley-1028.shtml,32.3486401,-110.9775058,,,n_11652152391,"shop=department_store, brand=Kohl's"
"South Tucson, AZ",,retail,445110,Sprouts Farmers Market,"7665 North Oracle Road, Oro Valley, AZ, 85704",1-520-297-5446,,32.3466691,-110.977818,,,n_11652182108,"shop=supermarket, brand=Sprouts Farmers Market"
"South Tucson, AZ",,retail,445120,QuikTrip,"68 West River Road, Tucson, AZ, 85704",1-520-293-3568,,32.2970488,-110.9718512,,,n_11655487095,"shop=convenience, brand=QuikTrip"
"South Tucson, AZ",,retail,445120,QuikTrip,,,,32.2968311,-110.9719424,,,n_11655487096,"shop=convenience, brand=QuikTrip"
"South Tucson, AZ",,retail,452210,TJ Maxx,"6230 North Oracle Road, Tucson, AZ, 85704",+15207978266,https://tjmaxx.tjx.com/store/index.jsp,32.3203629,-110.9734426,,,n_11696431203,"shop=department_store, brand=TJ Maxx"
"South Tucson, AZ",,retail,452319,Dollar Tree,"6250 North Oracle Road, Tucson, AZ, 85704",+15203546160,https://www.dollartree.com/locations/az/tucson/8860/,32.3208054,-110.97348,,,n_11696442718,"shop=variety_store, brand=Dollar Tree"
"South Tucson, AZ",,retail,446110,CVS Pharmacy,"6488 North Oracle Road, Tucson, AZ, 85704",+15202970022,https://www.cvs.com/store-locator/tucson-az-pharmacies/6488-n-oracle-road-tucson-az-85704/storeid=9211?WT.mc_id=LS_GOOGLE_FS_9211,32.3242161,-110.9744088,,,n_11696511049,"shop=chemist, brand=CVS Pharmacy"
"South Tucson, AZ",,retail,445120,Global Market,,,,32.2295071,-110.9576834,,,n_11822952336,shop=convenience
"South Tucson, AZ",,retail,446120,Nailz,,,,32.236561,-110.8886728,,,n_11873243127,shop=beauty
"South Tucson, AZ",,retail,446120,Life Spa,,,,32.2365623,-110.8884771,,,n_11873243130,shop=beauty
"South Tucson, AZ",,retail,445110,Sprouts Farmers Market,"7877 East Broadway Boulevard, Tucson, AZ, 85710",+1 520-546-6112,https://www.sprouts.com/store/az/tucson/tucson-broadway-blvd/,32.2225416,-110.8247739,,,n_11876198697,"shop=supermarket, brand=Sprouts Farmers Market"
"South Tucson, AZ",,retail,445110,Safeway,"7177 East Tanque Verde Road, Tucson, AZ, 85715",+1 520-731-0117,https://local.safeway.com/safeway/az/tucson/7177-e-tanque-verde-rd.html,32.2519625,-110.8390676,,,n_11876198698,"shop=supermarket, brand=Safeway"
"South Tucson, AZ",,retail,445110,Albertsons,"7300 North La Cholla Boulevard, Tucson, AZ, 85741",+1 520-575-0993,https://local.albertsons.com/az/tucson/7300-n-la-cholla-blvd.html,32.3393526,-111.0114171,,,n_11876198701,"shop=supermarket, brand=Albertsons"
"South Tucson, AZ",,retail,446120,Bath & Body Works,"7475 North La Cholla Boulevard, Tucson, AZ, 85741",+1-520-219-2444,https://www.bathandbodyworks.com,32.3427849,-111.0140574,,,n_11943750308,"shop=cosmetics, brand=Bath & Body Works"
"South Tucson, AZ",,retail,446120,VN Nails,"7475 North La Cholla Boulevard, Tucson, AZ, 85741",+1-520-445-9641,https://vnnailsinc.com/,32.3427067,-111.0139601,,,n_11943750309,shop=beauty
"South Tucson, AZ",,retail,445110,Natural Grocers,3016 East Broadway Boulevard,+1 520-327-3100,https://www.naturalgrocers.com/store/tucson-broadway-and-country-club,32.2210163,-110.9272165,,,n_12327200126,shop=supermarket
"South Tucson, AZ",,retail,445120,,,,,32.2065127,-110.8746101,,,n_12438201266,shop=convenience
"South Tucson, AZ",,retail,445210,El Rodeo,,,,32.1472824,-110.9088151,,,n_12438207981,shop=butcher
"South Tucson, AZ",,retail,453110,,,,,32.2437735,-110.8752711,,,n_12438213282,shop=florist
"South Tucson, AZ",,retail,446120,My Nails,,,,32.3091569,-110.8907452,,,n_12439649957,shop=beauty
"South Tucson, AZ",,retail,446120,LV Nails,,,,32.2574741,-110.8036403,,,n_12439682117,shop=beauty
"South Tucson, AZ",,retail,446120,Salon Backstage,,,,32.2574495,-110.8037071,,,n_12439682120,shop=beauty
"South Tucson, AZ",,retail,446120,Tiara,,,,32.2347962,-110.8415162,,,n_12439708902,shop=beauty
"South Tucson, AZ",,retail,446120,Kolb Nails,,,,32.2363637,-110.8414908,,,n_12439708903,shop=beauty
"South Tucson, AZ",,retail,446120,Foot Massage,,,,32.2206369,-110.8402812,,,n_12439725809,shop=beauty
"South Tucson, AZ",,retail,446120,Maize Nails,"7055 East Tanque Verde Road, Tucson, AZ, 85715",,,32.2522323,-110.8415015,,,n_12442113621,shop=beauty
"South Tucson, AZ",,retail,446120,Foot Massage,,,,32.2523058,-110.841498,,,n_12442113627,shop=beauty
"South Tucson, AZ",,retail,446120,Ulta Beauty,,,,32.220441,-110.865028,,,n_12442128544,"shop=cosmetics, brand=Ulta Beauty"
"South Tucson, AZ",,retail,445310,Total Wine,,,,32.2204333,-110.864552,,,n_12442128546,"shop=alcohol, brand=Total Wine"
"South Tucson, AZ",,retail,452319,Dollar Tree,,,,32.220362,-110.8596599,,,n_12442138805,"shop=variety_store, brand=Dollar Tree"
"South Tucson, AZ",,retail,445310,BevMo!,,,,32.2204002,-110.8597991,,,n_12442138807,"shop=alcohol, brand=BevMo!"
"South Tucson, AZ",,retail,446120,La Luna,,,,32.3396543,-110.9766037,,,n_12444783527,shop=beauty
"South Tucson, AZ",,retail,446120,Lovely Nails,,,,32.3387982,-110.9766689,,,n_12444783535,shop=beauty
"South Tucson, AZ",,retail,445292,See's Candies,,,,32.3494045,-110.9741862,,,n_12444845901,"shop=confectionery, brand=See's Candies"
"South Tucson, AZ",,retail,452319,Dollar Tree,"4144 North Oracle Road, Tucson, AZ, 85705",,,32.2823242,-110.9771006,,,n_12449989274,"shop=variety_store, brand=Dollar Tree"
"South Tucson, AZ",,retail,446120,Red's,,,,32.2820878,-110.9776116,,,n_12449989278,shop=beauty
"South Tucson, AZ",,retail,446120,MAC Cosmetics,,,,32.3249813,-110.9301261,,,n_12450090701,"shop=cosmetics, brand=MAC Cosmetics"
"South Tucson, AZ",,retail,446120,Aveda,,,,32.3254208,-110.929922,,,n_12450090712,"shop=cosmetics, brand=Aveda"
"South Tucson, AZ",,retail,446120,bluemercury,,,,32.3254101,-110.9290456,,,n_12450090716,"shop=cosmetics, brand=bluemercury"
"South Tucson, AZ",,retail,446120,Lush,,,,32.3250308,-110.9298953,,,n_12450236181,"shop=cosmetics, brand=Lush"
"South Tucson, AZ",,retail,446120,Fuschia,,,,32.3249941,-110.9305977,,,n_12450236193,shop=beauty
"South Tucson, AZ",,retail,446120,L'Occitane,,,,32.325033,-110.9298002,,,n_12450236198,"shop=cosmetics, brand=L'Occitane"
"South Tucson, AZ",,retail,452210,JCPenney,,,,32.2883864,-110.975118,,,n_12450298816,"shop=department_store, brand=JCPenney"
"South Tucson, AZ",,retail,446120,Uniquely Nails,,,,32.2860199,-110.9746324,,,n_12450298817,shop=beauty
"South Tucson, AZ",,retail,452210,Macy's,,,,32.2883038,-110.9714801,,,n_12450298826,"shop=department_store, brand=Macy's"
"South Tucson, AZ",,retail,453991,,,,,32.2724088,-110.9606746,,,n_12450312601,shop=tobacco
"South Tucson, AZ",,retail,446120,Nails Rap,,,,32.3387017,-111.0320107,,,n_12453315098,shop=beauty
"South Tucson, AZ",,retail,453991,,,,,32.338701,-111.0319628,,,n_12453344203,shop=tobacco
"South Tucson, AZ",,retail,445120,Minit Market,,,,32.5354744,-110.886598,,,n_12533030198,shop=convenience
"South Tucson, AZ",,retail,446110,CVS Pharmacy,"240 West Continental Road, Green Valley, AZ, 85622",+1 520-625-7286,https://www.cvs.com/store-locator/green-valley-az-pharmacies/240-w-continental-rd-green-valley-az-85622/storeid=9254,31.8533709,-110.9955293,,,n_12630748930,"shop=chemist, brand=CVS Pharmacy"
"South Tucson, AZ",,retail,452210,Big Lots,"7025 East Tanque Verde Road, Tucson, AZ, 85715",,,32.2520916,-110.8425594,,,n_12724748714,"shop=department_store, brand=Big Lots"
"South Tucson, AZ",,retail,453991,Crescent,"77037 East Tanque Verde Road, Tucson, AZ, 85715",,,32.2521089,-110.8420433,,,n_12724748715,shop=tobacco
"South Tucson, AZ",,retail,445292,Classy Sweets,"7051 East Tanque Verde Road, Tucson, AZ, 85715",,,32.2521068,-110.841591,,,n_12724748717,shop=confectionery
"South Tucson, AZ",,retail,445110,Fry's Marketplace,,,,32.4008214,-110.9578861,,,n_12736945130,"shop=supermarket, brand=Fry's Marketplace"
"South Tucson, AZ",,retail,445110,Target,,,,32.3991809,-110.9602976,,,n_12736945137,"shop=supermarket, brand=Target"
"South Tucson, AZ",,retail,445120,QuikTrip,"920 East Tucson Marketplace Boulevard, Tucson, AZ, 85713",,,32.1866175,-110.9572104,,,n_12838404904,"shop=convenience, brand=QuikTrip"
"South Tucson, AZ",,retail,445120,Circle K,"920 East 22nd Street, Tucson, AZ, 85713",,,32.2063823,-110.9556783,,,n_12838404908,"shop=convenience, brand=Circle K"
"South Tucson, AZ",,retail,445110,Commissary,,,,32.1867202,-110.876805,,,n_12998639805,shop=grocery
"South Tucson, AZ",,retail,445120,Metro Wildcat & Metro Wildcat Kitchen,"501 North Park Avenue, Tucson, AZ, 85719",+15208822755,,32.2281684,-110.956844,,,n_13062906693,shop=convenience
"South Tucson, AZ",,retail,452319,Super Sale Bin Store,"115 West Esperanza Boulevard, Green Valley, AZ",,,31.8683738,-110.9924958,,,n_13074160935,shop=variety_store
"South Tucson, AZ",,retail,445110,Safeway,"1940 East Broadway Boulevard, Tucson, AZ, 85719",+1 520-206-9047,https://local.safeway.com/safeway/az/tucson/1940-e-broadway-blvd.html,32.2199892,-110.94298,,,w_32979093,"shop=supermarket, brand=Safeway"
"South Tucson, AZ",,retail,445120,Circle K,,,,32.2274397,-110.9477566,,,w_34157612,"shop=convenience, brand=Circle K"
"South Tucson, AZ",,retail,445110,17th Street Market,,,,32.2129944,-110.9587005,,,w_34637153,shop=supermarket
"South Tucson, AZ",,retail,445120,Circle K,"977 East Speedway Boulevard, Tucson, AZ, 85719",,,32.2366932,-110.9572432,,,w_34822371,"shop=convenience, brand=Circle K"
"South Tucson, AZ",,retail,445120,7-Eleven,"1001 East Speedway Boulevard, Tucson, AZ, 85719",+1 520-628-1612,https://www.7-eleven.com/locations/az/tucson/1001-e-speedway-23823,32.2364006,-110.9565274,,,w_34822377,"shop=convenience, brand=7-Eleven"
"South Tucson, AZ",,retail,445110,Walmart Supercenter,"7150 East Speedway Boulevard, Tucson, AZ, 85710",+1 520-751-1882,https://www.walmart.com/store/1291-tucson-az,32.2335878,-110.8395659,,,w_38083316,"shop=supermarket, brand=Walmart, operator=Walmart"
"South Tucson, AZ",,retail,445120,Circle K,"8702 East Speedway Boulevard, Tucson, AZ",,,32.2348771,-110.8062752,,,w_38170271,"shop=convenience, brand=Circle K"
"South Tucson, AZ",,retail,445110,Albertsons,"9595 East Broadway Boulevard, Tucson, AZ, 85748",+1 520-751-7699,https://local.albertsons.com/az/tucson/9595-e-broadway.html,32.2216059,-110.7875925,,,w_38476243,"shop=supermarket, brand=Albertsons"
"South Tucson, AZ",,retail,445120,Circle K,,,,32.2348324,-110.7734624,,,w_38476258,"shop=convenience, brand=Circle K"
"South Tucson, AZ",,retail,446110,Walgreens,"9495 East Speedway Boulevard, Tucson, AZ, 85710",,https://www.walgreens.com/locator/walgreens-9495+e+speedway+blvd-tucson-az-85710/id=1899,32.2360859,-110.7903902,,,w_38476349,"shop=chemist, brand=Walgreens"
"South Tucson, AZ",,retail,446110,CVS Pharmacy,"8705 East Speedway Boulevard, Tucson, AZ, 85710",,,32.2361298,-110.8061151,,,w_38606887,"shop=chemist, brand=CVS Pharmacy"
"South Tucson, AZ",,retail,445110,Fry's Food and Drug,"9401 East 22nd Street, Tucson, AZ, 85710",+1 520-721-9250,https://www.frysfood.com/stores/grocery/az/tucson/22nd-st-harrison/660/00042,32.2078,-110.7918159,,,w_38607928,"shop=supermarket, brand=Fry's Food and Drug"
"South Tucson, AZ",,retail,452210,Target,"9615 East Old Spanish Trail, Tucson, AZ, 85748",+1 520-296-4290,https://www.target.com/sl/tucson-se/1863,32.2075679,-110.7861295,,,w_39242166,"shop=department_store, brand=Target"
"South Tucson, AZ",,retail,445120,,,,,32.2203483,-110.7892394,,,w_39569020,shop=convenience
"South Tucson, AZ",,retail,445110,Walmart Supercenter,"8280 North Cortaro Road, Tucson, AZ, 85743",+1 520-744-3652,https://www.walmart.com/store/5031-tucson-az,32.3563325,-111.0894569,,,w_43360823,"shop=supermarket, brand=Walmart, operator=Walmart"
"South Tucson, AZ",,retail,446110,Walgreens,,,,32.2957205,-110.9603549,,,w_106573341,"shop=chemist, brand=Walgreens"
"South Tucson, AZ",,retail,445110,Walmart Neighborhood Market,"2175 West Ruthrauff Road, Tucson, AZ, 85705",+1 520-292-2542,https://www.walmart.com/store/4473-tucson-az,32.2931312,-111.0130619,,,w_152377976,"shop=supermarket, brand=Walmart Neighborhood Market, operator=Walmart"
"South Tucson, AZ",,retail,445120,Circle K,,,,32.2651704,-110.9725353,,,w_168001132,"shop=convenience, brand=Circle K"
"South Tucson, AZ",,retail,446110,Walgreens,,,https://www.walgreens.com/locator/walgreens-3200+e+speedway+blvd-tucson-az-85716/id=11183,32.2355194,-110.9246184,,,w_191146617,"shop=chemist, brand=Walgreens"
"South Tucson, AZ",,retail,446110,Walgreens,"5455 East Speedway Boulevard, Tucson, AZ, 85712",,,32.2368015,-110.8761783,,,w_191634128,"shop=chemist, brand=Walgreens"
"South Tucson, AZ",,retail,445110,Albertsons,"5085 North La Canada Drive, Tucson, AZ, 85704",+1 520-696-0325,https://local.albertsons.com/az/tucson/5085-n-la-canada-dr.html,32.2989409,-110.9965669,,,w_221565625,"shop=supermarket, brand=Albertsons"
"South Tucson, AZ",,retail,445110,Safeway,"1767 East Prince Road, Tucson, AZ, 85719",+1 520-327-2287,https://local.safeway.com/safeway/az/tucson/1767-e-prince-rd.html,32.2736856,-110.9452361,,,w_229483229,"shop=supermarket, brand=Safeway"
"South Tucson, AZ",,retail,445110,Fry's Food and Drug,"4036 North 1st Avenue, Tucson, AZ, 85719",+1 520-293-8997,https://www.frysfood.com/stores/grocery/az/tucson/1st-rodger/660/00138,32.2805442,-110.9594894,,,w_229520494,"shop=supermarket, brand=Fry's Food and Drug"
"South Tucson, AZ",,retail,445110,Trader Joe's,"4209 North Campbell Avenue, Tucson, AZ, 85719",+1 520-325-0069,https://locations.traderjoes.com/az/tucson/191/,32.2835149,-110.9447371,,,w_229520891,"shop=supermarket, brand=Trader Joe's"
"South Tucson, AZ",,retail,445110,Albertsons,"2854 North Campbell Avenue, Tucson, AZ, 85719",+1 520-321-1212,https://local.albertsons.com/az/tucson/2854-n-campbell-ave.html,32.2586388,-110.9424209,,,w_229528401,"shop=supermarket, brand=Albertsons"
"South Tucson, AZ",,retail,452210,Walmart,"455 East Wetmore Road, Tucson, AZ, 85705",+1 520-292-2992,https://www.walmart.com/store/1325-tucson-az,32.288434,-110.9651207,,,w_229559662,"shop=department_store, brand=Walmart, operator=Walmart"
"South Tucson, AZ",,retail,445310,Lucky Mart,,,,32.2725646,-110.9527357,,,w_229584701,shop=alcohol
"South Tucson, AZ",,retail,445120,Quik Mart,"1250 East Fort Lowell Road, AZ",,,32.2644005,-110.9527176,,,w_229763141,shop=convenience
"South Tucson, AZ",,retail,452210,Target,"4040 North Oracle Road, Tucson, AZ, 85705",+1 (520) 202-1501,https://www.target.com/sl/tucson-north/2140,32.2801131,-110.9761257,,,w_229948926,"shop=department_store, brand=Target"
"South Tucson, AZ",,retail,445310,Total Wine,"4370 North Oracle Road, Tucson, AZ, 85705",+1 520-887-0174,https://www.totalwine.com/store-info/1001,32.2860513,-110.9765271,,,w_229967724,"shop=alcohol, brand=Total Wine"
"South Tucson, AZ",,retail,446120,Ulta Beauty,"4368 North Oracle Road, Tucson, AZ, 85705",+1 520-888-0806,https://www.ulta.com/stores/tucson-az-199,32.2848203,-110.9749012,,,w_229968596,"shop=beauty, brand=Ulta Beauty"
"South Tucson, AZ",,retail,445310,Plaza Liquors,,,,32.2549705,-110.9435011,,,w_230141825,shop=alcohol
"South Tucson, AZ",,retail,445110,Sandyi Oriental Market,,,,32.2431605,-110.9014713,,,w_230167814,shop=supermarket
"South Tucson, AZ",,retail,445310,Gus's Liquor Store,,,,32.2501903,-110.9008425,,,w_230167820,shop=alcohol
"South Tucson, AZ",,retail,445120,Circle K,,,,32.2439721,-110.9009608,,,w_230167824,"shop=convenience, brand=Circle K"
"South Tucson, AZ",,retail,445120,Circle K,,,,32.2510532,-110.9009013,,,w_230167826,"shop=convenience, brand=Circle K"
"South Tucson, AZ",,retail,446110,CVS Pharmacy,"3832 East Speedway Boulevard, Tucson, AZ, 85716",,https://www.cvs.com/store-locator/tucson-az-pharmacies/3832-east-speedway-tucson-az-85716/storeid=7876,32.2355985,-110.911258,,,w_230168154,"shop=chemist, brand=CVS Pharmacy"
"South Tucson, AZ",,retail,445120,Quik Mart,,,,32.2381711,-110.9092694,,,w_230168156,shop=convenience
"South Tucson, AZ",,retail,445120,QuikTrip,"5151 East Speedway Boulevard, Tucson, AZ, 85712",,,32.2369397,-110.8823536,,,w_230358988,"shop=convenience, brand=QuikTrip"
"South Tucson, AZ",,retail,445110,Sprouts Farmers Market,"4645 East Speedway Boulevard, Tucson, AZ, 85712",+1 520-325-1320,https://www.sprouts.com/store/az/tucson/tucson-speedway-blvd/,32.2375385,-110.8935531,,,w_230395075,"shop=supermarket, brand=Sprouts Farmers Market"
"South Tucson, AZ",,retail,445110,Whole Foods Market,"5555 East River Road, Tucson, AZ, 85750",+1 520-461-1300,https://www.wholefoodsmarket.com/stores/riverroad,32.2749819,-110.8743071,,,w_230622964,"shop=supermarket, brand=Whole Foods Market"
"South Tucson, AZ",,retail,445120,Circle K,,,,32.2642638,-110.9601904,,,w_230628287,"shop=convenience, brand=Circle K"
"South Tucson, AZ",,retail,445110,Trader Joe's,"4766 East Grant Road, Tucson, AZ, 85712",+1 520-323-4500,https://locations.traderjoes.com/az/tucson/88/,32.2497999,-110.8909187,,,w_230776958,"shop=supermarket, brand=Trader Joe's"
"South Tucson, AZ",,retail,445110,Fry's Food and Drug,"2480 North Swan Road, Tucson, AZ, 85712",+1 520-325-4802,https://www.frysfood.com/stores/grocery/az/tucson/grant-swan/660/00131,32.2525237,-110.8910184,,,w_230776959,"shop=supermarket, brand=Fry's Food and Drug"
"South Tucson, AZ",,retail,445120,Circle K,,,,32.2569863,-110.9349647,,,w_230812080,"shop=convenience, brand=Circle K"
"South Tucson, AZ",,retail,452210,Ross,"2890 North Campbell Avenue, Tucson, AZ, 85719",+1 520-323-5068,,32.2591923,-110.9424468,,,w_232214460,"shop=department_store, brand=Ross"
"South Tucson, AZ",,retail,446120,Nail Trix,"2902 North Campbell Avenue, Tucson, AZ, 85719",,,32.2594937,-110.9431797,,,w_232214463,shop=beauty
"South Tucson, AZ",,retail,446110,Walgreens,,,https://www.walgreens.com/locator/walgreens-4700+e+broadway+blvd-tucson-az-85711/id=6244,32.2207237,-110.8916464,,,w_232222760,"shop=chemist, brand=Walgreens"
"South Tucson, AZ",,retail,445120,Circle K,,,,32.2157881,-110.9091624,,,w_232272175,"shop=convenience, brand=Circle K"
"South Tucson, AZ",,retail,445120,Circle K,,,,32.2657392,-110.8932408,,,w_233335587,"shop=convenience, brand=Circle K"
"South Tucson, AZ",,retail,445110,Walmart Neighborhood Market,"3925 East Grant Road, Tucson, AZ, 85712",+1 520-327-0085,https://www.walmart.com/store/3357-tucson-az,32.2519685,-110.9088083,,,w_234428126,"shop=supermarket, brand=Walmart, operator=Walmart"
"South Tucson, AZ",,retail,452319,Dollar Tree,,,https://www.dollartree.com/locations/az/tucson/2644/,32.2519305,-110.9082893,,,w_234428129,"shop=variety_store, brand=Dollar Tree"
"South Tucson, AZ",,retail,445120,Speedway,"4301 East Broadway Boulevard, Tucson, AZ, 85711",,https://www.speedway.com/locations/AZ/Tucson/4301-E-Broadway-Blvd,32.2218926,-110.900561,,,w_235913496,"shop=convenience, brand=Speedway"
"South Tucson, AZ",,retail,452210,Ross,"7250 East Broadway Boulevard, Tucson, AZ, 85710",+1 520-886-3658,,32.219564,-110.8380625,,,w_236018423,"shop=department_store, brand=Ross"
"South Tucson, AZ",,retail,446120,VIP Nails,"7230 East Broadway Boulevard, Tucson, AZ, 85710",,,32.2196566,-110.8383836,,,w_236018441,shop=beauty
"South Tucson, AZ",,retail,445110,Sprouts Farmers Market,"4282 North 1st Avenue, Tucson, AZ, 85719",+1 520-407-5132,https://www.sprouts.com/store/az/tucson/tucson-1st-ave/,32.2852857,-110.9594076,,,w_236025787,"shop=supermarket, brand=Sprouts Farmers Market"
"South Tucson, AZ",,retail,445120,Circle K,,,,32.2356758,-110.8921025,,,w_236028350,"shop=convenience, brand=Circle K"
"South Tucson, AZ",,retail,445110,Whole Foods Market,"3360 East Speedway Boulevard, Tucson, AZ, 85716",+1 520-795-9844,https://www.wholefoodsmarket.com/stores/speedway,32.2355508,-110.9213679,,,w_236029203,"shop=supermarket, brand=Whole Foods Market"
"South Tucson, AZ",,retail,446110,Walgreens,"6767 East Broadway Boulevard, Tucson, AZ, 85710",,https://www.walgreens.com/locator/walgreens-6767+e+broadway+blvd-tucson-az-85710/id=4102,32.2216684,-110.8480536,,,w_236029712,"shop=chemist, brand=Walgreens"
"South Tucson, AZ",,retail,445120,QuikTrip,"1925 North Kolb Road, Tucson, AZ",520-546-5135,,32.244608,-110.8467703,,,w_236153826,"shop=convenience, brand=QuikTrip"
"South Tucson, AZ",,retail,445110,Bashas',"3275 North Swan Road, Tucson, AZ, 85712",,https://www.bashas.com/,32.2665404,-110.893955,,,w_236156100,"shop=supermarket, brand=Bashas'"
"South Tucson, AZ",,retail,445120,Chevron,,,,32.2507517,-110.9357535,,,w_236364861,"shop=convenience, brand=Chevron"
"South Tucson, AZ",,retail,452210,Kohl's,"199 North Pantano Road, Tucson, AZ, 85710",+1 520-886-0848,https://www.kohls.com/stores/az/tucson-688.shtml,32.2236468,-110.8262952,,,w_236365731,"shop=department_store, brand=Kohl's"
"South Tucson, AZ",,retail,445120,Time Market,,,,32.231437,-110.9642956,,,w_236800525,"shop=convenience, amenity=cafe"
"South Tucson, AZ",,retail,452319,Family Dollar,"3603 North Campbell Avenue, Tucson, AZ, 85719",,,32.2727243,-110.9462859,,,w_240448012,"shop=variety_store, brand=Family Dollar"
"South Tucson, AZ",,retail,446120,Lavish Nail Spa,"3655 North Campbell Avenue, Tucson, AZ, 85719",,,32.2732478,-110.9462497,,,w_240574305,shop=beauty
"South Tucson, AZ",,retail,446120,Hair & Nail Place,"3667 North Campbell Avenue, Tucson, AZ, 85719",,,32.2733614,-110.9462501,,,w_240574310,shop=beauty
"South Tucson, AZ",,retail,445120,QuikTrip,,,,32.2499126,-110.9982226,,,w_240575349,"shop=convenience, brand=QuikTrip"
"South Tucson, AZ",,retail,445310,,,,,32.2790104,-110.9606254,,,w_240742393,shop=alcohol
"South Tucson, AZ",,retail,445292,See's Candies,,,,32.2861677,-110.9754751,,,w_243350668,"shop=confectionery, brand=See's Candies"
"South Tucson, AZ",,retail,446120,LA Nails,,,,32.2844791,-110.9767566,,,w_243350671,shop=beauty
"South Tucson, AZ",,retail,446120,Milan Laser Hair Removal,,,,32.2844782,-110.9766866,,,w_243350673,shop=beauty
"South Tucson, AZ",,retail,452210,Target,"6500 East Grant Road, Tucson, AZ, 85715-3801",+1 520-290-1711,https://www.target.com/sl/tucson-ne/855,32.2487419,-110.8530142,,,w_243479066,"shop=department_store, brand=Target"
"South Tucson, AZ",,retail,445110,Albertsons,"6600 East Grant Road, Tucson, AZ, 85715",+1 520-885-6109,https://local.albertsons.com/az/tucson/6600-e-grant-rd.html,32.2477314,-110.8520269,,,w_243479070,"shop=supermarket, brand=Albertsons"
"South Tucson, AZ",,retail,445120,7-Eleven,"1750 East Speedway Boulevard, Tucson, AZ, 85719-4515",+1 520-326-5271,https://www.7-eleven.com/locations/az/tucson/1750-e-speedway-blvd-17766,32.2355918,-110.9454741,,,w_244908258,"shop=convenience, brand=7-Eleven"
"South Tucson, AZ",,retail,445110,Fry's Food and Drug,"555 East Grant Road, Tucson, AZ, 85705",+1 520-622-1976,https://www.frysfood.com/stores/grocery/az/tucson/grant-rd-1st-ave/660/00021,32.251651,-110.962542,,,w_245403646,"shop=supermarket, brand=Fry's Food and Drug"
"South Tucson, AZ",,retail,446110,Walgreens,"12050 North Dove Mountain Boulevard, Marana, AZ, 85658",,https://www.walgreens.com/locator/walgreens-12050+n+dove+mountain+blvd-marana-az-85658/id=9952,32.4255843,-111.0777697,,,w_247489006,"shop=chemist, brand=Walgreens"
"South Tucson, AZ",,retail,445120,Valero,,,,32.4823529,-110.9210647,,,w_249088898,"shop=convenience, brand=Valero"
"South Tucson, AZ",,retail,446110,Walgreens,"12965 North Oracle Road, Oro Valley, AZ, 85739",+1 520 825 7747,https://www.walgreens.com/locator/walgreens-12965+n+oracle+rd-oro+valley-az-85739/id=3447,32.4413338,-110.9363297,,,w_249093334,"shop=chemist, brand=Walgreens"
"South Tucson, AZ",,retail,445120,QuikTrip,,,,32.205741,-110.8276401,,,w_253397498,"shop=convenience, brand=QuikTrip"
"South Tucson, AZ",,retail,445110,Fry's Food and Drug,"7050 East 22nd Street, Tucson, AZ, 85710",+1 520-790-9492,https://www.frysfood.com/stores/grocery/az/tucson/22nd-st-kolb/660/00137,32.2045165,-110.8424477,,,w_253413729,"shop=supermarket, brand=Fry's Food and Drug"
"South Tucson, AZ",,retail,445110,Safeway,"9125 East Tanque Verde, Tucson, AZ, 85749",+1 520-760-6087,https://local.safeway.com/safeway/az/tucson/9125-e-tanque-verde.html,32.2590064,-110.7970471,,,w_253751141,"shop=supermarket, brand=Safeway"
"South Tucson, AZ",,retail,452319,Dollar Tree,,,https://www.dollartree.com/locations/az/tucson/4013/,32.2586866,-110.7966952,,,w_253751145,"shop=variety_store, brand=Dollar Tree"
"South Tucson, AZ",,retail,445120,Circle K,"8909 East Tanque Verde Road, Tucson, AZ, 85749",,,32.2585074,-110.8016979,,,w_253751155,shop=convenience
"South Tucson, AZ",,retail,445110,Walmart Supercenter,"2150 East Tangerine Road, Oro Valley, AZ, 85755",+1 520-544-0016,https://www.walmart.com/store/3379-oro-valley-az,32.4260004,-110.9409228,,,w_254095720,"shop=supermarket, brand=Walmart"
"South Tucson, AZ",,retail,452210,Target,"3699 East Broadway Boulevard, Tucson, AZ, 85716-5400",15209170116,https://www.target.com/store-locator/store-details/storeNumber=1439,32.2230615,-110.9152156,,,w_259800793,"shop=department_store, brand=Target"
"South Tucson, AZ",,retail,445120,Valero,,,,32.1348188,-110.9439952,,,w_262336977,"shop=convenience, brand=Valero"
"South Tucson, AZ",,retail,445110,Walmart Supercenter,"7635 North La Cholla Boulevard, Tucson, AZ, 85741",+1-520-297-0840,https://www.walmart.com/store/2922-tucson-az,32.3441581,-111.0162593,,,w_290510227,"shop=supermarket, brand=Walmart, operator=Walmart"
"South Tucson, AZ",,retail,452319,Golden Goose Thrift Shop,"15970 North Oracle Road, Catalina, AZ, 85739",+1 520 825 9101,https://www.goldengooseaz.com/,32.4957778,-110.9243654,,,w_297103059,shop=variety_store
"South Tucson, AZ",,retail,445110,Fry's Food and Drug,"10661 North Oracle Road, Oro Valley, AZ, 85737",+1 520-742-6663,https://www.frysfood.com/stores/grocery/az/oro-valley/oracle-1st-ave/660/00018,32.4007903,-110.9578882,,,w_298916227,"shop=supermarket, brand=Fry's Food and Drug"
"South Tucson, AZ",,retail,445292,Phoebels Sweets,,,,32.2170458,-111.1305409,,,w_302694851,shop=confectionery
"South Tucson, AZ",,retail,445120,Circle K,,,,32.3043186,-111.0128132,,,w_309623307,"shop=convenience, brand=Circle K"
"South Tucson, AZ",,retail,445120,Family Food Store,"2100 West Ruthrauff Road, Tucson, AZ, 85705",,,32.2948705,-111.0126378,,,w_310838708,shop=convenience
"South Tucson, AZ",,retail,445120,Circle K,"2080 West Ruthrauff Road, Tucson, AZ, 85705",,,32.2948743,-111.0115545,,,w_310838711,"shop=convenience, brand=Circle K"
"South Tucson, AZ",,retail,445110,Whole Foods Market,"7133 North Oracle Road, Tucson, AZ, 85704",+1 520-352-0111,https://www.wholefoodsmarket.com/stores/oracle,32.3364998,-110.9783921,,,w_311142171,"shop=supermarket, brand=Whole Foods Market"
"South Tucson, AZ",,retail,446110,Walgreens,,,,32.3366394,-111.0137026,,,w_311204736,"shop=chemist, brand=Walgreens"
"South Tucson, AZ",,retail,445120,QuikTrip,,,,32.2582183,-110.9603107,,,w_312784707,"shop=convenience, brand=QuikTrip"
"South Tucson, AZ",,retail,445110,Kimpo Oriental Market,"5595 East 5th Street, Tucson, AZ, 85711",,,32.2292828,-110.8735201,,,w_314522179,shop=supermarket
"South Tucson, AZ",,retail,445120,Circle K,"8630 East Golf Links Road, Tucson, AZ, 85710",+15207316412,,32.1911125,-110.8078012,,,w_315802641,"shop=convenience, brand=Circle K"
"South Tucson, AZ",,retail,452319,Dollar Tree,"730 East Grant Road, Tucson, AZ, 85719",,https://www.dollartree.com/locations/az/tucson/2952/,32.2495632,-110.9605423,,,w_320465480,"shop=variety_store, brand=Dollar Tree"
"South Tucson, AZ",,retail,445120,,,,,32.20729,-110.8583573,,,w_320566270,shop=convenience
"South Tucson, AZ",,retail,445120,7-Eleven,,,,32.2438569,-110.8758454,,,w_324162381,"shop=convenience, brand=7-Eleven"
"South Tucson, AZ",,retail,445120,QuikTrip,"2345 East Irvington Road, Tucson, AZ, 85714",,,32.1638743,-110.9374473,,,w_330924169,"shop=convenience, brand=QuikTrip"
"South Tucson, AZ",,retail,445110,Food City,"2000 East Irvington Road, Tucson, AZ, 85714",+1 520-434-2455,https://www.mifoodcity.com/store/171,32.1614084,-110.9417854,,,w_330930428,"shop=supermarket, brand=Food City"
"South Tucson, AZ",,retail,445110,Fry's Food and Drug,"2001 East Irvington Road, Tucson, AZ, 85714",+1 520-294-7165,https://www.frysfood.com/stores/grocery/az/tucson/irvington-campbell/660/00058,32.1648756,-110.9419831,,,w_330930429,"shop=supermarket, brand=Fry's Food and Drug"
"South Tucson, AZ",,retail,452319,Dollar General,,,https://www.dollargeneral.com/store-directory/az/tucson/19051,32.1623515,-110.941061,,,w_330930433,"shop=variety_store, brand=Dollar General"
"South Tucson, AZ",,retail,445120,Circle K,,,,32.1684966,-110.9442186,,,w_330930442,"shop=convenience, brand=Circle K"
"South Tucson, AZ",,retail,446110,Walgreens,"1880 East Irvington Road, Tucson, AZ, 85714",+1-520-294-1975,https://www.walgreens.com/locator/walgreens-1880+e+irvington+rd-tucson-az-85714/id=6766,32.1626388,-110.9440503,,,w_330930446,"shop=chemist, brand=Walgreens"
"South Tucson, AZ",,retail,445120,ARCO,,,,32.1639348,-110.9426878,,,w_330930447,shop=convenience
"South Tucson, AZ",,retail,445120,7-Eleven,,,,32.1783207,-110.9570067,,,w_339055961,"shop=convenience, brand=7-Eleven"
"South Tucson, AZ",,retail,445120,Circle K,AZ,,,32.1785646,-110.9556953,,,w_339257464,"shop=convenience, brand=Circle K"
"South Tucson, AZ",,retail,445120,Circle K,,,,32.2654157,-110.9162199,,,w_343348497,"shop=convenience, brand=Circle K"
"South Tucson, AZ",,retail,445110,Walmart Supercenter,"1260 East Tucson Marketplace Boulevard, Tucson, AZ, 85713",+1 520-917-0108,https://www.walmart.com/store/5626-tucson-az,32.1856821,-110.9534742,,,w_368887995,"shop=supermarket, brand=Walmart, operator=Walmart"
"South Tucson, AZ",,retail,445110,Walmart Supercenter,"9260 South Houghton Road, Tucson, AZ, 85747",+1 520-329-6674,https://www.walmart.com/store/5858-tucson-az,32.0848309,-110.7759741,,,w_373834362,"shop=supermarket, brand=Walmart, operator=Walmart"
"South Tucson, AZ",,retail,445110,Fry's Marketplace,"12100 North Thornydale Road, Marana, AZ, 85658",+1 520-572-6041,https://www.frysfood.com/stores/grocery/az/marana/tangerine-thornydale/660/00689,32.4263018,-111.0450065,,,w_375585251,"shop=supermarket, brand=Fry's Food and Drug"
"South Tucson, AZ",,retail,445110,Fry's Marketplace,"15950 South Rancho Sahuarita Boulevard, Sahuarita, AZ, 85629",+1 520-648-7700,https://www.frysfood.com/stores/details/660/00679,31.960397,-110.9860161,,,w_376123944,"shop=supermarket, brand=Fry's Food and Drug, operator=Kroger"
"South Tucson, AZ",,retail,445120,Chevron,"13960 North Sandario Road, Marana, AZ, 85653",,,32.4600811,-111.2164901,,,w_377924495,"shop=convenience, brand=Chevron"
"South Tucson, AZ",,retail,452319,Family Dollar,"11825 West Grier Road, Marana, AZ, 85653",+1 520-540-2126,https://locations.familydollar.com/az/marana/11825-w-grier-road,32.4526478,-111.2181231,,,w_377924504,"shop=variety_store, brand=Family Dollar"
"South Tucson, AZ",,retail,445120,Circle K,"13961 North Sandario Road, Marana, AZ, 85653",,,32.4600059,-111.2178449,,,w_377924505,"shop=convenience, brand=Circle K"
"South Tucson, AZ",,retail,452210,Kohl's,"5850 West Arizona Pavilions Drive, Tucson, AZ, 85743",+1 520-572-6890,https://www.kohls.com/stores/az/tucson-685.shtml,32.3552101,-111.0882895,,,w_378017037,"shop=department_store, brand=Kohl's"
"South Tucson, AZ",,retail,445110,Fry's Food and Drug,"7870 North Silverbell Road, Marana, AZ, 85743",+1 520-744-7909,https://www.frysfood.com/stores/grocery/az/tucson/cortaro-silverbell/660/00057,32.3504121,-111.0998612,,,w_378027296,"shop=supermarket, brand=Fry's Food and Drug"
"South Tucson, AZ",,retail,452319,Dollar General,"16355 North Oracle Road, AZ, 85739",,https://www.dollargeneral.com/store-directory/az/tucson/14973,32.5031683,-110.9268222,,,w_380879758,"shop=variety_store, brand=Dollar General"
"South Tucson, AZ",,retail,446120,Imagen Salon and Day Spa,"475 East Vuelta Caminata del Rio, Oro Valley, AZ, 85737",+1 520 742 0040,https://imagensalonspa.com/,32.3981041,-110.9643966,,,w_382025068,shop=beauty
"South Tucson, AZ",,retail,452210,Ross,"10575 North Oracle Road, Oro Valley, AZ, 85737",+1 520-575-0008,,32.3997707,-110.9592904,,,w_387038318,"shop=department_store, brand=Ross"
"South Tucson, AZ",,retail,452210,Target,"10555 North Oracle Road, Oro Valley, AZ, 85737-9353",+1 520-219-9862,https://www.target.com/sl/oro-valley/700,32.3991827,-110.9602053,,,w_387038319,"shop=department_store, brand=Target"
"South Tucson, AZ",,retail,452319,Five Below,,+1 520-337-3362,https://locations.fivebelow.com/az/oro-valley/10571-n-oracle-road,32.3994912,-110.9594501,,,w_387038325,"shop=variety_store, brand=Five Below"
"South Tucson, AZ",,retail,445110,Walmart Supercenter,"18680 South Nogales Highway, Green Valley, AZ, 85614",+1 520-625-3808,https://www.walmart.com/store/1411-green-valley-az,31.9121657,-110.9826093,,,w_387651504,"shop=supermarket, brand=Walmart, operator=Walmart"
"South Tucson, AZ",,retail,445120,Circle K,"2 North Freeway, Tucson, AZ, 85745",,,32.2214441,-110.9793174,,,w_398118939,"shop=convenience, brand=Circle K"
"South Tucson, AZ",,retail,445120,Circle K,,,,32.2653586,-110.9270015,,,w_400691710,"shop=convenience, brand=Circle K"
"South Tucson, AZ",,retail,445120,Circle K,,,,32.265477,-110.9272205,,,w_400691715,"shop=convenience, brand=Circle K"
"South Tucson, AZ",,retail,452319,Dollar Tree,,,,32.2063038,-110.8757958,,,w_401908027,"shop=variety_store, brand=Dollar Tree"
"South Tucson, AZ",,retail,445110,Walmart Neighborhood Market,"5500 East 22nd Street, Tucson, AZ, 85711",+1 520-745-0267,https://www.walmart.com/store/4603-tucson-az,32.2057563,-110.8739873,,,w_402057500,"shop=supermarket, brand=Walmart, operator=Walmart"
"South Tucson, AZ",,retail,445120,QuikTrip,"3636 North Craycroft Road, Tucson, AZ, 85750",,,32.2727486,-110.874171,,,w_404190100,"shop=convenience, brand=QuikTrip"
"South Tucson, AZ",,retail,445120,,,,,32.3124499,-110.9789047,,,w_404513554,shop=convenience
"South Tucson, AZ",,retail,445120,Shell,"80 East Esperanza Boulevard, Green Valley, AZ, 85614-2420",+1 520-625-6839,https://find.shell.com/us/fuel/10006250-80-e-esperanza-blvd,31.8698411,-110.9891921,,,w_409489019,"shop=convenience, brand=Shell, operator=Shell"
"South Tucson, AZ",,retail,445120,Quick Mart,"13142 East Colossal Cave Road, Vail, AZ",,,32.0440543,-110.713657,,,w_411385227,shop=convenience
"South Tucson, AZ",,retail,445110,Babylon Market,,,,32.2358856,-110.9078827,,,w_414515123,shop=supermarket
"South Tucson, AZ",,retail,445110,Fry's Food and Drug,"10450 North La Caada Drive, Oro Valley, AZ, 85737",+1 520-877-9207,https://www.frysfood.com/stores/details/660/00117,32.3964511,-110.9937656,,,w_414605255,"shop=supermarket, brand=Fry's Food and Drug"
"South Tucson, AZ",,retail,445120,QuikTrip,"5565 West Cortaro Farms Road, Marana, AZ",,,32.3586601,-111.0837853,,,w_415134157,"shop=convenience, brand=QuikTrip"
"South Tucson, AZ",,retail,445120,QuikTrip,"68 West River Road, Tucson, AZ",520-293-3568,,32.2970718,-110.9718526,,,w_416583850,"shop=convenience, brand=QuikTrip"
"South Tucson, AZ",,retail,445120,,"Tucson, AZ",,,32.2502736,-110.8758414,,,w_416583859,shop=convenience
"South Tucson, AZ",,retail,445120,QuikTrip,,,,32.2047793,-110.9086912,,,w_417129746,"shop=convenience, brand=QuikTrip"
"South Tucson, AZ",,retail,445110,Walmart Supercenter,"1650 West Valencia Road, Tucson, AZ, 85746",+1 520-573-3777,https://www.walmart.com/store/1612-tucson-az,32.1366795,-111.0002365,,,w_427552442,"shop=supermarket, brand=Walmart, operator=Walmart"
"South Tucson, AZ",,retail,446110,Walgreens,,,https://www.walgreens.com/locator/walgreens-1550+w+valencia+rd-tucson-az-85746/id=3837,32.1344052,-110.9981145,,,w_427552457,"shop=chemist, brand=Walgreens"
"South Tucson, AZ",,retail,445120,Empire,,,,32.2979652,-110.9958488,,,w_432820096,shop=convenience
"South Tucson, AZ",,retail,446110,Walgreens,"1415 West River Road, Tucson, AZ, 85704",,https://www.walgreens.com/locator/walgreens-1415+w+river+rd-tucson-az-85704/id=3463,32.2966825,-110.9959495,,,w_432821654,"shop=chemist, brand=Walgreens"
"South Tucson, AZ",,retail,445110,Safeway,"9050 East Valencia Road, Tucson, AZ, 85747",+1 520-663-0009,https://local.safeway.com/safeway/az/tucson/9050-e-valencia-rd.html,32.1179238,-110.7989598,,,w_435905709,"shop=supermarket, brand=Safeway"
"South Tucson, AZ",,retail,446110,Walgreens,"9184 East Valencia Road, Tucson, AZ, 85747",520 574 8328,https://www.walgreens.com/locator/walgreens-9184+e+valencia+rd-tucson-az-85747/id=7041,32.1184377,-110.7965952,,,w_435905710,"shop=chemist, brand=Walgreens"
"South Tucson, AZ",,retail,445120,RP Food Store,"902 West Miracle Mile, Tucson, AZ, 85705",,,32.261468,-110.9868067,,,w_441865782,shop=convenience
"South Tucson, AZ",,retail,445120,Summit Brick Company,"2025 North Oracle Road, Tucson, AZ, 85705",,https://www.summitbrick.com/,32.2465325,-110.9783968,,,w_441976986,shop=convenience
"South Tucson, AZ",,retail,445120,Circle K,,,,32.2646114,-110.9102897,,,w_442364170,"shop=convenience, brand=Circle K"
"South Tucson, AZ",,retail,445120,ampm,"2800 North Oracle Road, Tucson, AZ, 85705",,https://www.ampm.com/,32.2581753,-110.9773301,,,w_442840275,"shop=convenience, brand=ampm"
"South Tucson, AZ",,retail,445110,,"2411 North Oracle Road, Tucson, AZ, 85705",,,32.2508245,-110.9787295,,,w_443880417,shop=supermarket
"South Tucson, AZ",,retail,445120,Marjon Ceramics,"426 West Alturas Street, Tucson, AZ, 85705",,https://marjonceramics.com/,32.2523834,-110.9789012,,,w_444347787,shop=convenience
"South Tucson, AZ",,retail,445120,,Tucson,,,32.2211221,-110.9400942,,,w_452403169,shop=convenience
"South Tucson, AZ",,retail,445120,Good 2 Go,"8333 North Cortaro Road, Marana, AZ, 85653",520-744-4611,,32.3578772,-111.09218,,,w_456131031,"shop=convenience, brand=Good 2 Go"
"South Tucson, AZ",,retail,445110,Walmart Neighborhood Market,"2565 East Commerce Center Place, Tucson, AZ, 85706",+1 520-837-0750,https://www.walmart.com/store/4490-tucson-az,32.147492,-110.9331995,,,w_463356290,"shop=supermarket, brand=Walmart, operator=Walmart"
"South Tucson, AZ",,retail,445120,Circle K,"4160 North 1st Avenue, AZ",,,32.2825627,-110.9603572,,,w_466288095,"shop=convenience, brand=Circle K"
"South Tucson, AZ",,retail,452210,Base Exchange,,,,32.1828768,-110.8770221,,,w_472072293,shop=department_store
"South Tucson, AZ",,retail,445120,7-Eleven,"West Saint Mary's Road, Tucson, AZ, 85745",,https://www.7-eleven.com/locations/az/tucson/1595-w-st-marys-rd-20196,32.2284125,-110.9984572,,,w_472239641,"shop=convenience, brand=7-Eleven"
"South Tucson, AZ",,retail,452210,Big Lots,"4525 North Oracle Road, Tucson, AZ, 85705",+1 520-416-4924,https://local.biglots.com/az/tucson/4525-n-oracle-rd,32.2885866,-110.9798955,,,w_476670405,"shop=department_store, brand=Big Lots"
"South Tucson, AZ",,retail,445110,Walmart Supercenter,"3435 East Broadway Boulevard, Tucson, AZ, 85716",+1 520-917-1655,https://www.walmart.com/store/3884-tucson-az,32.2237117,-110.9189332,,,w_476793958,"shop=supermarket, brand=Walmart, operator=Walmart"
"South Tucson, AZ",,retail,452319,Dollar Tree,,,,32.1850474,-111.0925999,,,w_477544814,"shop=variety_store, brand=Dollar Tree"
"South Tucson, AZ",,retail,452319,Family Dollar,,,,32.1853951,-111.090143,,,w_477544815,"shop=variety_store, brand=Family Dollar"
"South Tucson, AZ",,retail,445120,Circle K,,,,32.1865121,-111.0931549,,,w_478886584,shop=convenience
"South Tucson, AZ",,retail,445120,Circle K,,,,32.3596086,-111.0461394,,,w_480233753,"shop=convenience, brand=Circle K"
"South Tucson, AZ",,retail,445110,Bashas',,,,32.3579869,-111.0442532,,,w_480233770,"shop=supermarket, brand=Bashas'"
"South Tucson, AZ",,retail,445120,Circle K,,,,32.3585465,-111.0476369,,,w_480233789,"shop=convenience, brand=Circle K"
"South Tucson, AZ",,retail,446110,CVS Pharmacy,"7499 East Broadway Boulevard, Tucson, AZ, 85710",,https://www.cvs.com/store-locator/tucson-az-pharmacies/7499-e-broadway-tucson-az-85710/storeid=9272,32.2216135,-110.8328865,,,w_481964201,"shop=chemist, brand=CVS Pharmacy"
"South Tucson, AZ",,retail,445120,7-Eleven,"7084 East Broadway Boulevard, Tucson, AZ, 85710",+1 520-298-1977,https://www.7-eleven.com/locations/az/tucson/7084-e-broadway-27143,32.2205075,-110.8415361,,,w_483332900,"shop=convenience, brand=7-Eleven"
"South Tucson, AZ",,retail,452210,Gaslight Costume Shop,,,,32.2205622,-110.8431488,,,w_486245023,shop=department_store
"South Tucson, AZ",,retail,445120,Circle K,"7022 East Speedway Boulevard, Tucson, AZ, 85710",,,32.2351028,-110.8426367,,,w_487848995,"shop=convenience, brand=Circle K"
"South Tucson, AZ",,retail,445120,,,,,32.1778182,-110.8403548,,,w_490271815,shop=convenience
"South Tucson, AZ",,retail,445120,Circle K,"3655 South Kolb Road, Tucson, AZ",,,32.1791228,-110.84034,,,w_490271817,"shop=convenience, brand=Circle K"
"South Tucson, AZ",,retail,445110,Fry's Food and Drug,"7050 East Golf Links Road, Tucson, AZ, 85730",+1 520-745-2205,https://www.frysfood.com/stores/grocery/az/tucson/golf-links-kolb/660/00033,32.1901971,-110.8425935,,,w_490376218,"shop=supermarket, brand=Fry's Food and Drug"
"South Tucson, AZ",,retail,445110,Walmart Neighborhood Market,"2550 South Kolb Road, Tucson, AZ, 85710",+1 520-329-6471,https://www.walmart.com/store/3049-tucson-az,32.1930444,-110.8424028,,,w_490455236,"shop=supermarket, brand=Walmart, operator=Walmart"
"South Tucson, AZ",,retail,445120,QuikTrip,,,,32.1927211,-110.8564979,,,w_490458113,"shop=convenience, brand=QuikTrip"
"South Tucson, AZ",,retail,445120,Circle K,,,,32.191368,-110.8571711,,,w_490458446,"shop=convenience, brand=Circle K"
"South Tucson, AZ",,retail,445120,QuikTrip,,,,32.2000162,-110.8759476,,,w_490459190,"shop=convenience, brand=QuikTrip"
"South Tucson, AZ",,retail,445120,Quik Mart,,,,32.1816149,-110.8572657,,,w_490462191,shop=convenience
"South Tucson, AZ",,retail,452319,99 Cents Only Stores,"7125 East Golf Links Road, Tucson, AZ, 85730",,https://locations.99only.com/az/tucson/discount-store-206.html,32.1934368,-110.8396209,,,w_490550650,"shop=variety_store, brand=99 Cents Only Stores"
"South Tucson, AZ",,retail,445110,Bashas',"6900 East Sunrise Drive, Tucson, AZ, 85750",+1 520 299 0633,https://www.bashas.com/stores/bashas-supermarket-sunrise-kolb/,32.3063426,-110.8454112,,,w_492919148,"shop=supermarket, brand=Bashas'"
"South Tucson, AZ",,retail,452210,Target,"3901 West Ina Road, Tucson, AZ, 85741-2206",+1 520-744-3553,https://www.target.com/sl/marana/854,32.3356563,-111.0488797,,,w_494798979,"shop=department_store, brand=Target"
"South Tucson, AZ",,retail,445120,Circle K,,,,32.1924401,-110.853801,,,w_495595581,"shop=convenience, brand=Circle K"
"South Tucson, AZ",,retail,445120,Speedway,"8080 North Oracle Road, Tucson, AZ, 85704",,https://www.speedway.com/locations/AZ/Oro-Valley/8080-N-Oracle-Rd,32.3533112,-110.9734567,,,w_501570352,"shop=convenience, brand=Speedway"
"South Tucson, AZ",,retail,445120,Circle K,,,,32.3379181,-111.0289525,,,w_504113593,"shop=convenience, brand=Circle K"
"South Tucson, AZ",,retail,445120,Circle K,"West Cortaro Farms Road, Marana, AZ",,,32.3586202,-111.0851313,,,w_517108770,"shop=convenience, brand=Circle K"
"South Tucson, AZ",,retail,445110,Walmart Neighborhood Market,"8640 East Broadway Boulevard, Tucson, AZ, 85710",+1 520-329-6870,https://www.walmart.com/store/3143-tucson-az,32.2198096,-110.8077924,,,w_520160430,"shop=supermarket, brand=Walmart Neighborhood Market, operator=Walmart"
"South Tucson, AZ",,retail,445120,Mount Lemmon General Store,,,,32.4429075,-110.7592868,,,w_527984978,shop=convenience
"South Tucson, AZ",,retail,445292,Trail Dust Town Station and Candy Store,,,,32.2475435,-110.8529643,,,w_544272463,shop=confectionery
"South Tucson, AZ",,retail,445110,Fry's Food and Drug,"Tucson, AZ, 85746",+1 520-639-7645,https://www.frysfood.com/stores/grocery/az/tucson/valencia-indian-agency-tucson/660/00083,32.1318488,-111.0045461,,,w_544626917,"shop=supermarket, brand=Fry's Food and Drug"
"South Tucson, AZ",,retail,445110,Fry's Food and Drug,"3770 West Ina Road, Tucson, AZ, 85741",+1 520-744-2472,https://www.frysfood.com/stores/grocery/az/tucson/ina-thornydale/660/00036,32.3390418,-111.0456418,,,w_551162234,"shop=supermarket, brand=Fry's Food and Drug, operator=The Kroger Co."
"South Tucson, AZ",,retail,446110,CVS Pharmacy,"3785 West Ina Road, Tucson, AZ, 85741",,https://www.cvs.com/store-locator/tucson-az-pharmacies/3785-w-ina-rd-tucson-az-85741/storeid=9273,32.3369598,-111.0462758,,,w_551163420,"shop=chemist, amenity=pharmacy, brand=CVS Pharmacy"
"South Tucson, AZ",,retail,445110,Walmart Neighborhood Market,"2823 West Valencia Road, Tucson, AZ, 85746",+1 520-908-2556,https://www.walmart.com/store/3377-tucson-az,32.1329054,-111.0267656,,,w_556627776,"shop=supermarket, brand=Walmart, operator=Walmart"
"South Tucson, AZ",,retail,445110,Albertsons,"1350 North Silverbell Road, Tucson, AZ, 85745",+1 520-623-7449,https://local.albertsons.com/az/tucson/1350-n-silverbell-rd.html,32.2387799,-111.0041292,,,w_563496432,"shop=supermarket, brand=Albertsons"
"South Tucson, AZ",,retail,446110,Walgreens,"9250 North Coachline Boulevard, Tucson, AZ, 85743",,https://www.walgreens.com/locator/walgreens-9250+n+coachline+blvd-tucson-az-85743/id=7232,32.3743135,-111.1269801,,,w_563685894,"shop=chemist, brand=Walgreens"
"South Tucson, AZ",,retail,445120,Circle K,"6525 South Country Club Road, Tucson, AZ, 85706",+1 520-294-4194,https://www.circlek.com/store-locator/US/tucson/6525-s-country-club-rd/2701773,32.1334237,-110.9254887,,,w_569463011,"shop=convenience, brand=Circle K"
"South Tucson, AZ",,retail,446110,CVS Pharmacy,"6895 East Sunrise Drive, Tucson, AZ, 85750",,https://www.cvs.com/store-locator/tucson-az-pharmacies/6895-e-sunrise-tucson-az-85750/storeid=9277,32.3094916,-110.8449882,,,w_573368281,"shop=chemist, brand=CVS Pharmacy"
"South Tucson, AZ",,retail,445110,Fry's Food and Drug,"8080 South Houghton Road, Tucson, AZ, 85747",+1 520-663-1960,https://www.frysfood.com/stores/grocery/az/tucson/houghton-rd-rita-rd/660/00090,32.1054151,-110.7740078,,,w_588481462,"shop=supermarket, brand=Fry's Food and Drug"
"South Tucson, AZ",,retail,445120,Speedway,"1169 West Irvington Road, Tucson, AZ, 85714",,https://www.speedway.com/locations/AZ/Tucson/1169-W-Irvington-Rd,32.1625353,-110.9878263,,,w_588863529,"shop=convenience, brand=Speedway"
"South Tucson, AZ",,retail,445120,,,,,32.1351983,-110.8928246,,,w_593252396,shop=convenience
"South Tucson, AZ",,retail,445120,Circle K,"West River Road, Tucson, AZ",,,32.2968,-110.9777127,,,w_659519200,"shop=convenience, brand=Circle K"
"South Tucson, AZ",,retail,445310,Midtown Liquors,"339 South Stone Avenue, Tucson, AZ, 85701",,,32.21739,-110.9701979,,,w_665222815,shop=alcohol
"South Tucson, AZ",,retail,445210,Beef Master Meat Market,,,,32.1992837,-110.9769568,,,w_666221660,shop=butcher
"South Tucson, AZ",,retail,445110,Valencia Market,"330 West 29th Street, AZ",,,32.1997043,-110.9740466,,,w_666221661,shop=supermarket
"South Tucson, AZ",,retail,453110,Five Points Flowers,"804 South 6th Avenue, Tucson, AZ, 85701",,,32.2118008,-110.9689299,,,w_667358306,shop=florist
"South Tucson, AZ",,retail,445120,,,,,32.1493838,-110.9100813,,,w_670640197,shop=convenience
"South Tucson, AZ",,retail,445120,Circle K,,,,32.1782913,-110.9770976,,,w_691292215,"shop=convenience, brand=Circle K"
"South Tucson, AZ",,retail,445120,Circle K,,,,32.1774686,-110.9257762,,,w_691292260,"shop=convenience, brand=Circle K"
"South Tucson, AZ",,retail,445120,Circle K,,,,32.3383183,-111.0624319,,,w_691335102,"shop=convenience, brand=Circle K"
"South Tucson, AZ",,retail,445120,Circle K,,,,32.2073294,-110.9273484,,,w_691580554,"shop=convenience, brand=Circle K"
"South Tucson, AZ",,retail,445120,,,,,32.3225754,-111.0367924,,,w_691860553,shop=convenience
"South Tucson, AZ",,retail,446110,CVS Pharmacy,,,https://www.cvs.com/store-locator/oro-valley-az-pharmacies/10650-north-oracle-rd-oro-valley-az-85737/storeid=10006,32.3989744,-110.9552913,,,w_698970365,"shop=chemist, brand=CVS Pharmacy"
"South Tucson, AZ",,retail,452319,Family Dollar,"194 West Valencia Road, Tucson, AZ",,,32.1341154,-111.061082,,,w_707133079,"shop=variety_store, brand=Family Dollar"
"South Tucson, AZ",,retail,452319,Family Dollar,,,,32.0830524,-111.298586,,,w_707134530,"shop=variety_store, brand=Family Dollar"
"South Tucson, AZ",,retail,445110,Natural Grocers,"5600 East River Road, AZ, 85750",520-299-0956,,32.2726383,-110.8731853,,,w_708345785,"shop=supermarket, brand=Natural Grocers"
"South Tucson, AZ",,retail,446110,Walgreens,"7877 East Snyder Road, Tucson, AZ, 85750",+1 520 232 9364,,32.2949524,-110.8249387,,,w_713948709,"shop=chemist, brand=Walgreens"
"South Tucson, AZ",,retail,445120,Fry's Gas Station,,,,31.958668,-110.9812804,,,w_740818140,shop=convenience
"South Tucson, AZ",,retail,445120,Speedway,"795 West Sahuarita Road, Sahuarita, AZ, 85629",,https://www.speedway.com/locations/AZ/Sahuarita/795-W-Via-Rancho-Sahuarita,31.9572196,-110.9825193,,,w_740818143,"shop=convenience, brand=Speedway"
"South Tucson, AZ",,retail,445120,Circle K,"3301 South 6th Avenue, Tucson, AZ, 85713",,,32.1859373,-110.9675212,,,w_743438289,"shop=convenience, brand=Circle K"
"South Tucson, AZ",,retail,445120,,,,,32.1883559,-110.9687041,,,w_745476620,shop=convenience
"South Tucson, AZ",,retail,445120,,,,,32.163692,-110.9555955,,,w_753064443,shop=convenience
"South Tucson, AZ",,retail,446120,Nails Rap III,,,,32.2987741,-110.9960555,,,w_755088363,shop=beauty
"South Tucson, AZ",,retail,453991,Smoke'm,,,,32.2987466,-110.997191,,,w_755088366,shop=tobacco
"South Tucson, AZ",,retail,452210,Bealls,"18743 South Nogales Highway, Sahuarita, AZ, 85614",+1 520-399-9587,https://stores.bealls.com/az/sahuarita/18743-s-nogales-highway,31.9092109,-110.9790629,,,w_776453294,"shop=department_store, brand=Bealls"
"South Tucson, AZ",,retail,445110,Carniceria el Novillo,,,,32.1925034,-110.8247724,,,w_791928680,shop=supermarket
"South Tucson, AZ",,retail,446110,CVS Pharmacy,"2601 South Houghton Road, Tucson, AZ, 85730",,https://www.cvs.com/store-locator/tucson-az-pharmacies/2601-s-houghton-rd-tucson-az-85730/storeid=7855,32.1911186,-110.7718252,,,w_797179846,"shop=chemist, brand=CVS Pharmacy"
"South Tucson, AZ",,retail,445110,Walmart Supercenter,"2711 South Houghton Road, Tucson, AZ, 85730",+1 520-918-0087,https://www.walmart.com/store/5799-tucson-az,32.1909091,-110.7703174,,,w_797179848,"shop=supermarket, brand=Walmart, operator=Walmart"
"South Tucson, AZ",,retail,446110,Walgreens,,,,32.2361962,-110.824473,,,w_799014865,"shop=chemist, brand=Walgreens"
"South Tucson, AZ",,retail,445120,Circle K,"5502 East Speedway Boulevard, Tucson, AZ, 85712",,,32.2355022,-110.8750174,,,w_799481313,"shop=convenience, brand=Circle K"
"South Tucson, AZ",,retail,445120,Circle K,"1675 North Wilmot Road, Tucson, AZ",,,32.2430982,-110.8583491,,,w_800534405,"shop=convenience, brand=Circle K"
"South Tucson, AZ",,retail,445120,Shell,,,,32.2285709,-110.8759787,,,w_800881199,"shop=convenience, brand=Shell"
"South Tucson, AZ",,retail,445120,Circle K,,,,32.2076638,-110.8916785,,,w_801442484,"shop=convenience, brand=Circle K"
"South Tucson, AZ",,retail,445120,,,,,32.2513664,-110.8311078,,,w_801464735,shop=convenience
"South Tucson, AZ",,retail,445120,Circle K,"6175 South Kolb Road, Tucson, AZ, 85756",+1 520 663 1686,,32.1400882,-110.8398244,,,w_802672918,"shop=convenience, brand=Circle K"
"South Tucson, AZ",,retail,445120,Circle K,,,,32.1992707,-110.8744274,,,w_805223562,"shop=convenience, brand=Circle K"
"South Tucson, AZ",,retail,445120,,,,,32.2000956,-110.8917876,,,w_805551567,shop=convenience
"South Tucson, AZ",,retail,445120,Circle K,,,,32.2204112,-110.8233435,,,w_806569818,"shop=convenience, brand=Circle K"
"South Tucson, AZ",,retail,445120,7-Eleven,"4680 East Broadway Boulevard, Tucson, AZ, 85711-3512",+1 520-795-4480,https://www.7-eleven.com/locations/az/tucson/4680-e-broadway-blvd-21043,32.2209582,-110.8927013,,,w_807685995,"shop=convenience, brand=7-Eleven"
"South Tucson, AZ",,retail,452319,Dollar Tree,"10315 East Broadway Boulevard, Tucson, AZ, 85748",+15204167015,https://www.dollartree.com/locations/az/tucson/8625/,32.2219706,-110.7721455,,,w_807951077,"shop=variety_store, brand=Dollar Tree"
"South Tucson, AZ",,retail,445120,Chevron,,,,32.2366553,-110.8736276,,,w_814796079,"shop=convenience, brand=Chevron"
"South Tucson, AZ",,retail,445120,Circle K,,,,32.2511143,-110.8748796,,,w_815957185,"shop=convenience, brand=Circle K"
"South Tucson, AZ",,retail,445120,,,,,32.1630357,-110.7736604,,,w_818174752,shop=convenience
"South Tucson, AZ",,retail,445120,,,,,32.19112,-110.7737007,,,w_819179174,shop=convenience
"South Tucson, AZ",,retail,445110,Safeway,"260 West Continental Road, Green Valley, AZ, 85622",+1 520-625-7283,https://local.safeway.com/safeway/az/green-valley/260-w-continental-rd.html,31.8527736,-110.9966386,,,w_819698604,"shop=supermarket, brand=Safeway"
"South Tucson, AZ",,retail,446110,Walgreens,"375 West Continental Road, Green Valley, AZ, 85622",+1 520-648-2320,https://www.walgreens.com/locator/walgreens-375+w+continental+rd-green+valley-az-85622/id=5312,31.851598,-110.9986209,,,w_819698605,"shop=chemist, brand=Walgreens"
"South Tucson, AZ",,retail,445120,Quik Mart,,,,32.1778281,-110.8283509,,,w_822331243,shop=convenience
"South Tucson, AZ",,retail,452210,Ross,"9600 East 22nd Street, Tucson, AZ, 85748",+1 520-296-0449,,32.205068,-110.7876118,,,w_823561279,"shop=department_store, brand=Ross"
"South Tucson, AZ",,retail,445120,Circle K,"9515 East Golf Links Road, Tucson, AZ, 85730",+15202985683,,32.1924584,-110.7892108,,,w_823561306,"shop=convenience, brand=Circle K"
"South Tucson, AZ",,retail,445120,,,,,32.2058343,-110.8089615,,,w_824296647,shop=convenience
"South Tucson, AZ",,retail,452210,Big Lots,"2520 South Harrison Road, Tucson, AZ, 85748",+1 520-886-5127,https://local.biglots.com/az/tucson/4478,32.1927109,-110.7910776,,,w_824379862,"shop=department_store, brand=Big Lots"
"South Tucson, AZ",,retail,445120,,,,,32.2057123,-110.8321731,,,w_826020648,shop=convenience
"South Tucson, AZ",,retail,446110,Walgreens,,,https://www.walgreens.com/locator/walgreens-3910+e+22nd+st-tucson-az-85711/id=5892,32.2062824,-110.9089543,,,w_828925945,"shop=chemist, brand=Walgreens"
"South Tucson, AZ",,retail,445110,Fry's Food and Drug,"4150 East 22nd Street, Tucson, AZ, 85711",+1 520-571-2080,https://www.frysfood.com/stores/grocery/az/tucson/22nd-st-alvernon/660/00017,32.2050867,-110.904168,,,w_828939137,"shop=supermarket, brand=Fry's Food and Drug"
"South Tucson, AZ",,retail,445120,7-Eleven,"4295 East 29th Street, Tucson, AZ, 85711-6114",+1 520-747-8433,https://www.7-eleven.com/locations/az/tucson/4295-east-29th-street-24418,32.2002678,-110.9012283,,,w_829078349,"shop=convenience, brand=7-Eleven"
"South Tucson, AZ",,retail,445110,Food City,"3030 East 22nd Street, Tucson, AZ, 85713",+1 520-323-2591,https://www.mifoodcity.com/store/133,32.2062097,-110.9272303,,,w_829474393,"shop=supermarket, brand=Food City"
"South Tucson, AZ",,retail,445110,Safeway,"10380 East Broadway Boulevard, Tucson, AZ, 85748",+1 520-885-7777,https://local.safeway.com/safeway/az/tucson/10380-e-broadway-blvd.html,32.2194725,-110.7713408,,,w_829931985,"shop=supermarket, brand=Safeway"
"South Tucson, AZ",,retail,445120,Houghton Meat Market,"10275 East 22nd Street, Tucson, AZ, 85748",,https://houghtonmeatmarket.com/,32.2068574,-110.77337,,,w_830070859,shop=convenience
"South Tucson, AZ",,retail,445120,QuikTrip,"8530 East Broadway Boulevard, Tucson, AZ, 85710",,,32.2201547,-110.8101849,,,w_830168889,"shop=convenience, brand=QuikTrip"
"South Tucson, AZ",,retail,445110,Fry's Food and Drug,"7812 East Speedway Boulevard, Tucson, AZ, 85710",+1 520-885-3540,https://www.frysfood.com/stores/grocery/az/tucson/speedway-pantano/660/00034,32.2340976,-110.8254726,,,w_832399256,"shop=supermarket, brand=Fry's Food and Drug"
"South Tucson, AZ",,retail,452319,Dollar Tree,,,https://www.dollartree.com/locations/az/tucson/2634/,32.2341468,-110.8262315,,,w_832399257,"shop=variety_store, brand=Dollar Tree"
"South Tucson, AZ",,retail,445120,7-Eleven,"3856 East 5th Street, Tucson, AZ, 85716-5145",+1 520-326-3282,https://www.7-eleven.com/locations/az/tucson/3856-east-fifth-st-23347,32.2284902,-110.9099111,,,w_833100623,"shop=convenience, brand=7-Eleven"
"South Tucson, AZ",,retail,446110,CVS Pharmacy,"615 North Alvernon Way, Tucson, AZ",,https://www.cvs.com/store-locator/tucson-az-pharmacies/615-n-alvernon-tucson-az-85711/storeid=9274,32.2293497,-110.9102943,,,w_833100655,"shop=chemist, brand=CVS Pharmacy"
"South Tucson, AZ",,retail,445120,Quik Mart,,,,32.2291908,-110.8971738,,,w_833326733,shop=convenience
"South Tucson, AZ",,retail,445120,Circle K,,,,32.2478689,-110.8490479,,,w_833963433,"shop=convenience, brand=Circle K"
"South Tucson, AZ",,retail,445110,Trader Joe's,"1101 North Wilmot Road, Tucson, AZ, 85712",+1 520-733-1313,https://locations.traderjoes.com/az/tucson/95/,32.2373221,-110.8587369,,,w_834052188,"shop=supermarket, brand=Trader Joe's"
"South Tucson, AZ",,retail,445120,Circle K,,,,32.2438746,-110.8794468,,,w_834810911,"shop=convenience, brand=Circle K"
"South Tucson, AZ",,retail,446120,Wild Orchids Salon,"6743 East Camino Principal, Tucson, AZ, 85715",+1(520)299-1889,,32.2505047,-110.8478554,,,w_835160157,shop=beauty
"South Tucson, AZ",,retail,452319,Five Below,"605 East Grant Road, Tucson, AZ, 85705",,,32.2516241,-110.9616941,,,w_835207770,"shop=variety_store, brand=Five Below"
"South Tucson, AZ",,retail,452319,99 Cent Store,"515 East Grant Road, Tucson, AZ, 85705",,,32.2511477,-110.9629939,,,w_835207777,shop=variety_store
"South Tucson, AZ",,retail,446120,Nail 2001,,,,32.2509776,-110.9629918,,,w_835207780,shop=beauty
"South Tucson, AZ",,retail,445120,Circle K,"1401 West Grant Road, Tucson, AZ",,,32.2498773,-110.9949312,,,w_835207784,"shop=convenience, brand=Circle K, operator=Circle K"
"South Tucson, AZ",,retail,445110,Walmart Neighborhood Market,"831 East Fort Lowell Road, Tucson, AZ, 85719",+1 520-719-6349,https://www.walmart.com/store/5725-tucson-az,32.2654621,-110.9585113,,,w_835207794,"shop=supermarket, brand=Walmart Neighborhood Market, operator=Walmart"
"South Tucson, AZ",,retail,445120,Chevron,"1999 East Ajo Way, Tucson, AZ, 85713",,,32.1785599,-110.9421108,,,w_836279733,"shop=convenience, brand=Chevron"
"South Tucson, AZ",,retail,446110,Walgreens,,,https://www.walgreens.com/locator/walgreens-9220+n+thornydale+rd-tucson-az-85742/id=3630,32.3740362,-111.0460404,,,w_837266529,"shop=chemist, brand=Walgreens"
"South Tucson, AZ",,retail,445120,,,,,32.1927225,-110.9429596,,,w_837501898,shop=convenience
"South Tucson, AZ",,retail,445110,Albertsons,"6363 East 22nd Street, Tucson, AZ, 85710",,,32.2078451,-110.8557967,,,w_838356166,"shop=supermarket, brand=Albertsons"
"South Tucson, AZ",,retail,446120,Nails First II,"6383 East 22nd Street, Tucson, AZ, 85710",,,32.2076674,-110.8552538,,,w_838356168,shop=beauty
"South Tucson, AZ",,retail,452319,Family Dollar,"6323 East 22nd Street, Tucson, AZ, 85710",,,32.2084289,-110.8566249,,,w_838356173,"shop=variety_store, brand=Family Dollar"
"South Tucson, AZ",,retail,453991,Moon Smoke Shop,"7151 East Broadway Boulevard, Tucson, AZ, 85710",,,32.222321,-110.8391939,,,w_838893742,shop=tobacco
"South Tucson, AZ",,retail,446120,Milady's Nails,,,,32.2226852,-110.8432618,,,w_839159435,shop=beauty
"South Tucson, AZ",,retail,452210,TJ Maxx,"6337 East Broadway Boulevard, Tucson, AZ, 85710",,,32.2220493,-110.856137,,,w_839203447,"shop=department_store, brand=TJ Maxx"
"South Tucson, AZ",,retail,445120,Plunkett's Office Products,"420 North Wilmot Road, Tucson, AZ, 85711",,,32.2261921,-110.8573419,,,w_839203452,shop=convenience
"South Tucson, AZ",,retail,446120,Lily Nail Spa,"438 North Wilmot Road, Tucson, AZ, 85711",,,32.2267569,-110.8573282,,,w_839203455,shop=beauty
"South Tucson, AZ",,retail,452210,JCPenney,,,,32.2244225,-110.917506,,,w_839775308,"shop=department_store, brand=JCPenney"
"South Tucson, AZ",,retail,452210,Ross,"3485 East Broadway Boulevard, Tucson, AZ, 85716",+1 520-323-4387,,32.2233842,-110.9180602,,,w_839775312,"shop=department_store, brand=Ross"
"South Tucson, AZ",,retail,452210,Burlington,"3595 East Broadway Boulevard, Tucson, AZ, 85716",+1 520-323-5043,https://stores.burlington.com/az/tucson/754,32.2231389,-110.9163863,,,w_839775313,"shop=department_store, brand=Burlington"
"South Tucson, AZ",,retail,452210,Marshalls,,,,32.223427,-110.9170145,,,w_839775318,"shop=department_store, brand=Marshalls"
"South Tucson, AZ",,retail,446120,,,,,32.2500683,-110.907873,,,w_840672124,shop=beauty
"South Tucson, AZ",,retail,446110,CVS Pharmacy,,,,32.2573967,-110.8018749,,,w_842227360,"shop=chemist, brand=CVS Pharmacy"
"South Tucson, AZ",,retail,446110,,,,,32.2574578,-110.8007102,,,w_842227380,shop=chemist
"South Tucson, AZ",,retail,445120,Circle K,"4808 North Sabino Canyon Road, Tucson, AZ, 85750",+1 520 749 5438,https://www.circlek.com/store-locator/US/tucson/4802-n-sabino-canyon-rd/2708594,32.2950198,-110.8232591,,,w_842305923,"shop=convenience, brand=Circle K"
"South Tucson, AZ",,retail,445120,Speedway,"7085 East Broadway Boulevard, Tucson, AZ, 85710",,https://www.speedway.com/locations/AZ/Tucson/7085-E-Broadway,32.2214326,-110.8415972,,,w_847008168,"shop=convenience, brand=Speedway"
"South Tucson, AZ",,retail,452319,Dollar Tree,,,https://www.dollartree.com/locations/az/tucson/5745/,32.2226456,-110.8767481,,,w_847264746,"shop=variety_store, brand=Dollar Tree"
"South Tucson, AZ",,retail,445120,Circle K,,,,32.2365051,-110.9249016,,,w_849316049,"shop=convenience, brand=Circle K"
"South Tucson, AZ",,retail,445120,Circle K,,,,32.1785444,-110.9171672,,,w_857433119,"shop=convenience, brand=Circle K"
"South Tucson, AZ",,retail,446120,Bella Nails and Spa,,,,32.1868402,-110.954601,,,w_857638241,shop=beauty
"South Tucson, AZ",,retail,445110,Flora's Market Run,"2513 East 6th Street, 85716",,https://florasmarket.com/,32.2282067,-110.9347748,,,w_863400149,"shop=supermarket, amenity=restaurant"
"South Tucson, AZ",,retail,445120,Quck Mart,,,,32.207082,-110.966018,,,w_863878182,shop=convenience
"South Tucson, AZ",,retail,452319,Family Dollar,,,,32.2512638,-110.9154232,,,w_865573289,"shop=variety_store, brand=Family Dollar"
"South Tucson, AZ",,retail,445120,7-Eleven,"3501 East Grant Road, Tucson, AZ, 85716-2931",+1 520-327-5168,https://www.7-eleven.com/locations/az/tucson/3501-east-grant-rd-18981,32.2509659,-110.9180892,,,w_865573359,"shop=convenience, brand=7-Eleven"
"South Tucson, AZ",,retail,446120,Rich Nails,,,,32.2644125,-110.9253705,,,w_865780192,shop=beauty
"South Tucson, AZ",,retail,445120,Z Market,,,,32.2573255,-110.9614475,,,w_868859543,shop=convenience
"South Tucson, AZ",,retail,452319,Dollar General,,,,32.1176584,-110.8586365,,,w_870597352,"shop=variety_store, brand=Dollar General"
"South Tucson, AZ",,retail,445120,,,,,32.1288462,-110.8757002,,,w_870597469,shop=convenience
"South Tucson, AZ",,retail,445120,Pilot,,,,32.1259625,-110.8739973,,,w_870597483,"shop=convenience, brand=Pilot"
"South Tucson, AZ",,retail,445120,Circle K,,,,32.249911,-110.9357345,,,w_871629023,"shop=convenience, brand=Circle K"
"South Tucson, AZ",,retail,445120,,,,,32.1983437,-110.9689502,,,w_872061999,shop=convenience
"South Tucson, AZ",,retail,445120,,,,,32.2061074,-110.9785034,,,w_872717581,shop=convenience
"South Tucson, AZ",,retail,445120,Speedy Mart,"745 South Tucson Boulevard, Tucson, AZ, 85716",,,32.2129965,-110.934765,,,w_874862312,shop=convenience
"South Tucson, AZ",,retail,445120,ampm,,,,32.220914,-110.9389045,,,w_874863666,"shop=convenience, brand=ampm"
"South Tucson, AZ",,retail,445120,Circle K,"11271 East Tanque Verde Road, Tucson, AZ, 85749",,,32.2517015,-110.7519429,,,w_880042715,"shop=convenience, brand=Circle K"
"South Tucson, AZ",,retail,445110,Safeway,"4752 East Sunrise Drive, Tucson, AZ, 85718",+1 520-299-3534,https://local.safeway.com/safeway/az/tucson/4752-e-sunrise-dr.html,32.3072779,-110.8912768,,,w_881464187,"shop=supermarket, brand=Safeway"
"South Tucson, AZ",,retail,445120,,,,,32.1637135,-110.9167841,,,w_883989126,shop=convenience
"South Tucson, AZ",,retail,445120,ampm,,,,32.1804382,-110.9556984,,,w_884250499,"shop=convenience, brand=ampm"
"South Tucson, AZ",,retail,445120,ampm,,,,32.1801625,-110.9555749,,,w_884250501,"shop=convenience, brand=ampm"
"South Tucson, AZ",,retail,445110,Fry's Food and Drug,"3640 South 16th Avenue, Tucson, AZ, 85713",+1 520-624-6934,https://www.frysfood.com/stores/grocery/az/tucson/ajo-i-19/660/00020,32.1803253,-110.9827532,,,w_884550532,"shop=supermarket, brand=Fry's Food and Drug"
"South Tucson, AZ",,retail,452319,Dollar General,"945 East 22nd Street, Tucson, AZ, 85719",,,32.2076379,-110.9551656,,,w_886368893,"shop=variety_store, brand=Dollar General"
"South Tucson, AZ",,retail,446110,CVS Pharmacy,,,,32.25085,-110.9584588,,,w_886827263,"shop=chemist, brand=CVS Pharmacy"
"South Tucson, AZ",,retail,445120,,,,,32.2497317,-110.9723422,,,w_888750817,shop=convenience
"South Tucson, AZ",,retail,445120,Circle K,,,,32.2495308,-110.9773072,,,w_888750829,"shop=convenience, brand=Circle K"
"South Tucson, AZ",,retail,445120,QuikTrip,"11045 North Oracle Road, Oro Valley, AZ, 85737",,,32.4068122,-110.9477821,,,w_891290730,"shop=convenience, brand=QuikTrip"
"South Tucson, AZ",,retail,445120,,,,,32.1413879,-110.9016488,,,w_892481091,shop=convenience
"South Tucson, AZ",,retail,445120,,,,,32.1783567,-110.9951111,,,w_894031790,shop=convenience
"South Tucson, AZ",,retail,445120,7-Eleven,"885 East 22nd Street, Tucson, AZ, 85713-1706",+1 520-623-5253,https://www.7-eleven.com/locations/az/tucson/885-e-22nd-st-21814,32.2073161,-110.9565432,,,w_895137290,"shop=convenience, brand=7-Eleven"
"South Tucson, AZ",,retail,445120,,,,,32.2366779,-110.9852889,,,w_896305439,shop=convenience
"South Tucson, AZ",,retail,445230,,,,,32.2749964,-110.9396225,,,w_897383508,shop=greengrocer
"South Tucson, AZ",,retail,445120,,,,,32.1567279,-110.9259904,,,w_903978571,shop=convenience
"South Tucson, AZ",,retail,445120,,,,,32.1918046,-110.9999465,,,w_906967599,shop=convenience
"South Tucson, AZ",,retail,445120,,,,,32.1917752,-111.0030813,,,w_907496452,shop=convenience
"South Tucson, AZ",,retail,445120,Circle K,,,,32.2604778,-110.9945057,,,w_908554503,"shop=convenience, brand=Circle K"
"South Tucson, AZ",,retail,445120,Empire Foods,,,,32.2236444,-110.9631629,,,w_909794814,shop=convenience
"South Tucson, AZ",,retail,446110,Walgreens,"10405 North La Canada Drive, Oro Valley, AZ, 85737",,https://www.walgreens.com/locator/walgreens-10405+n+la+canada+dr-oro+valley-az-85737/id=4103,32.3959448,-110.9965416,,,w_918765475,"shop=chemist, brand=Walgreens"
"South Tucson, AZ",,retail,445120,Circle K,,,,32.3958187,-110.995228,,,w_921118215,"shop=convenience, brand=Circle K"
"South Tucson, AZ",,retail,445120,,,,,32.3973365,-110.9950686,,,w_921118221,shop=convenience
"South Tucson, AZ",,retail,445120,Circle K,,,,32.2350364,-111.0030581,,,w_925456747,"shop=convenience, brand=Circle K"
"South Tucson, AZ",,retail,445120,Chevron,,,,32.1326243,-111.0815032,,,w_946659686,"shop=convenience, brand=Chevron"
"South Tucson, AZ",,retail,445110,Safeway,"2940 West Valencia Road, Tucson, AZ, 85746",+1 520-578-0144,https://local.safeway.com/safeway/az/tucson/2940-w-valencia-rd.html,32.1352028,-111.0298739,,,w_965789465,"shop=supermarket, brand=Safeway"
"South Tucson, AZ",,retail,445110,Safeway,"2140 West Grant Road, Tucson, AZ, 85745",+1 520-792-0083,https://local.safeway.com/safeway/az/tucson/2140-w-grant-rd.html,32.2523635,-111.0127409,,,w_965789670,"shop=supermarket, brand=Safeway"
"South Tucson, AZ",,retail,453991,Tobacco Barn,"7310 S. Nogales Highway, Tucson, AZ, 85706",,https://tobaccobarntucson.com,32.1191563,-110.9613853,,,w_971500396,shop=tobacco
"South Tucson, AZ",,retail,445120,,,,,32.1489979,-110.944049,,,w_973134701,shop=convenience
"South Tucson, AZ",,retail,445120,,,,,32.155651,-110.955659,,,w_973188711,shop=convenience
"South Tucson, AZ",,retail,446110,,,,,32.1772049,-110.9781786,,,w_973885326,shop=chemist
"South Tucson, AZ",,retail,445120,QuikTrip,,,,32.1771462,-110.9943152,,,w_974838514,"shop=convenience, brand=QuikTrip"
"South Tucson, AZ",,retail,445110,Safeway,"1551 West Saint Marys Road, Tucson, AZ, 85745",+1 520-624-8442,https://local.safeway.com/safeway/az/tucson/1551-w-st-marys-rd.html,32.2276594,-110.9979972,,,w_975530586,"shop=supermarket, brand=Safeway"
"South Tucson, AZ",,retail,445120,Circle K,"130 East Speedway Boulevard, Tucson, AZ",,,32.235544,-110.9693591,,,w_975697810,"shop=convenience, brand=Circle K"
"South Tucson, AZ",,retail,445120,Chevron,"880 West Saint Mary's Road, Tucson, AZ",,,32.2299438,-110.9837361,,,w_975709428,"shop=convenience, brand=Chevron"
"South Tucson, AZ",,retail,445120,QuikTrip,"3200 North Oracle Road, Tucson, AZ, 85705",,,32.2654767,-110.9775619,,,w_976067509,"shop=convenience, brand=QuikTrip"
"South Tucson, AZ",,retail,445120,,,,,32.271609,-110.9653318,,,w_977724957,shop=convenience
"South Tucson, AZ",,retail,445120,Circle K,,,,32.2723158,-110.9774443,,,w_978257508,"shop=convenience, brand=Circle K"
"South Tucson, AZ",,retail,445120,Chevron,"North 1st Avenue, Tucson, AZ, 85718",,,32.2951537,-110.9617406,,,w_979905649,"shop=convenience, brand=Chevron"
"South Tucson, AZ",,retail,445120,Speedway,"6150 South Kolb Road, Tucson, AZ, 85756",,https://www.speedway.com/locations/AZ/Tucson/6150-S-Kolb-Rd,32.1402013,-110.8416804,,,w_993298278,"shop=convenience, brand=Speedway"
"South Tucson, AZ",,retail,445120,Speedway,"6225 West Ajo Highway, Tucson, AZ, 85735",,https://www.speedway.com/locations/AZ/Tucson/6225-W-Ajo-Hwy,32.1630757,-111.0973038,,,w_993322727,"shop=convenience, brand=Speedway"
"South Tucson, AZ",,retail,445120,Speedway,"2075 West Ruthrauff Road, Tucson, AZ, 85705",,https://www.speedway.com/locations/AZ/Tucson/2075-W-Ruthrauff-Rd,32.2938634,-111.0114327,,,w_993336403,"shop=convenience, brand=Speedway"
"South Tucson, AZ",,retail,445120,Speedway,"6890 North Sandario Road, Tucson, AZ, 85743",,https://www.speedway.com/locations/AZ/Tucson/6890-N-Sandario-Rd,32.3294941,-111.2173087,,,w_993338545,"shop=convenience, brand=Speedway"
"South Tucson, AZ",,retail,445120,ampm,,,,32.1627409,-110.9770329,,,w_996159347,"shop=convenience, brand=ampm"
"South Tucson, AZ",,retail,445120,ampm,,,,32.1625635,-110.9768196,,,w_996159351,"shop=convenience, brand=ampm"
"South Tucson, AZ",,retail,445120,,,,,32.14904,-110.9781816,,,w_996501637,shop=convenience
"South Tucson, AZ",,retail,452319,Dollar General,,,https://www.dollargeneral.com/store-directory/az/tucson/13199,32.1497321,-110.9769127,,,w_996501651,"shop=variety_store, brand=Dollar General"
"South Tucson, AZ",,retail,445120,Circle K,,,,32.1707255,-111.0704102,,,w_997037979,"shop=convenience, brand=Circle K"
"South Tucson, AZ",,retail,445120,,,,,32.1634039,-111.007188,,,w_997038005,shop=convenience
"South Tucson, AZ",,retail,446110,Walgreens,"550 North Silverbell Road, Tucson, AZ, 85745",,,32.2306548,-110.9997743,,,w_998632957,"shop=chemist, brand=Walgreens"
"South Tucson, AZ",,retail,445120,,,,,32.1663785,-110.9183495,,,w_998810898,shop=convenience
"South Tucson, AZ",,retail,445120,,,,,32.2718459,-111.0031528,,,w_999585739,shop=convenience
"South Tucson, AZ",,retail,445120,,,,,32.2789446,-110.9943382,,,w_1000842208,shop=convenience
"South Tucson, AZ",,retail,445120,Chevron,,+15208876471,,32.3152219,-110.9761567,,,w_1003265384,"shop=convenience, brand=Chevron"
"South Tucson, AZ",,retail,445120,,,,,32.3232732,-110.8933906,,,w_1003811517,shop=convenience
"South Tucson, AZ",,retail,446120,Nails Spa,"2031 East Irvington Road, Tucson, AZ, 85714",,,32.1647028,-110.9411095,,,w_1007561368,shop=beauty
"South Tucson, AZ",,retail,452319,Dollar Tree,"2031 East Irvington Road, Tucson, AZ, 85714",+15207196625,https://www.dollartree.com/locations/az/tucson/2635/,32.1647641,-110.9408274,,,w_1007561369,"shop=variety_store, brand=Dollar Tree"
"South Tucson, AZ",,retail,445120,,,,,32.1415789,-110.9685211,,,w_1010071607,shop=convenience
"South Tucson, AZ",,retail,445120,Circle K,,,,32.1345168,-110.9684565,,,w_1010071648,"shop=convenience, brand=Circle K"
"South Tucson, AZ",,retail,445120,,,,,32.1637942,-110.9266899,,,w_1011566059,shop=convenience
"South Tucson, AZ",,retail,445120,,,,,32.1488765,-111.0281895,,,w_1013903115,shop=convenience
"South Tucson, AZ",,retail,445120,,,,,32.2865406,-111.0043164,,,w_1015165278,shop=convenience
"South Tucson, AZ",,retail,446120,Oro Nails,"10420 North La Caada Drive, Oro Valley, AZ, 85737",+1-520-219-9313,https://oro-nails-llc.business.site/,32.3959794,-110.9939894,,,w_1021340350,shop=beauty
"South Tucson, AZ",,retail,445120,Circle K,,,,32.1332333,-110.962427,,,w_1021801892,"shop=convenience, brand=Circle K"
"South Tucson, AZ",,retail,446110,CVS Pharmacy,,,https://www.cvs.com/store-locator/tucson-az-pharmacies/2385-n-silverbell-road-tucson-az-85745/storeid=10742,32.25015,-111.0142259,,,w_1025607397,"shop=chemist, brand=CVS Pharmacy"
"South Tucson, AZ",,retail,446110,Walgreens,,,https://www.walgreens.com/locator/walgreens-2180+w+grant+rd-tucson-az-85745/id=6571,32.2522208,-111.0135964,,,w_1025723940,"shop=chemist, brand=Walgreens"
"South Tucson, AZ",,retail,445120,,,,,32.2510384,-110.9998376,,,w_1025723994,shop=convenience
"South Tucson, AZ",,retail,445110,Safeway,"7110 North Oracle Road, Tucson, AZ, 85704",+1 520-575-0949,https://local.safeway.com/safeway/az/tucson/7110-n-oracle-rd.html,32.3358161,-110.9747253,,,w_1028485831,"shop=supermarket, brand=Safeway"
"South Tucson, AZ",,retail,445120,,,,,32.3658521,-110.9688332,,,w_1029456903,shop=convenience
"South Tucson, AZ",,retail,446110,CVS Pharmacy,,,https://www.cvs.com/store-locator/tucson-az-pharmacies/1900-w-valencia-rd-tucson-az-85746/storeid=9374,32.134524,-111.0070617,,,w_1035238563,"shop=chemist, brand=CVS Pharmacy"
"South Tucson, AZ",,retail,445120,,,,,32.1595177,-111.0013652,,,w_1035238587,shop=convenience
"South Tucson, AZ",,retail,445120,Circle K,,,,32.2511853,-111.0143146,,,w_1045972111,"shop=convenience, brand=Circle K"
"South Tucson, AZ",,retail,445120,Circle K,,,,32.1329603,-110.9982427,,,w_1049535993,"shop=convenience, brand=Circle K"
"South Tucson, AZ",,retail,445120,,,,,32.3020551,-111.0267857,,,w_1051957546,shop=convenience
"South Tucson, AZ",,retail,445110,Bashas',"2000 West River Road, AZ",,,32.3069043,-111.0103724,,,w_1052487703,"shop=supermarket, brand=Bashas'"
"South Tucson, AZ",,retail,445120,,,,,32.1342733,-111.0370367,,,w_1053020499,shop=convenience
"South Tucson, AZ",,retail,445120,,"4600 West Valencia Road, Tucson, AZ, 85757",,,32.134213,-111.063441,,,w_1053532541,shop=convenience
"South Tucson, AZ",,retail,445120,Circle K,,,,32.1329668,-111.0633673,,,w_1053532543,"shop=convenience, brand=Circle K"
"South Tucson, AZ",,retail,445120,,"3345 West Valencia Road, Tucson, AZ, 85746",,,32.1329699,-111.0378072,,,w_1053532634,shop=convenience
"South Tucson, AZ",,retail,446110,Walgreens,,,https://www.walgreens.com/locator/walgreens-2929+w+valencia+rd-tucson-az-85746/id=5532,32.1332509,-111.0299695,,,w_1053532641,"shop=chemist, brand=Walgreens"
"South Tucson, AZ",,retail,445120,,,,,32.1331294,-111.0281313,,,w_1053532643,shop=convenience
"South Tucson, AZ",,retail,445120,,,,,32.0740681,-110.9591418,,,w_1056525890,shop=convenience
"South Tucson, AZ",,retail,445120,QuikTrip,,,,32.1327744,-110.9899406,,,w_1056775841,"shop=convenience, brand=QuikTrip"
"South Tucson, AZ",,retail,445120,,,,,32.1490355,-111.0121496,,,w_1057025571,shop=convenience
"South Tucson, AZ",,retail,445120,Arco,,,,32.322604,-111.0465937,,,w_1061544590,"shop=convenience, brand=Arco"
"South Tucson, AZ",,retail,452210,Bealls Outlet,,,https://www.beallsoutlet.com/,32.3214923,-111.0434506,,,w_1061544622,"shop=department_store, brand=Bealls"
"South Tucson, AZ",,retail,445110,Sprouts Farmers Market,"3860 West River Road, Tucson, AZ, 85741",+1 520-204-1787,https://www.sprouts.com/store/az/tucson/tucson-river-rd/,32.3222528,-111.0434204,,,w_1061544625,"shop=supermarket, brand=Sprouts Farmers Market"
"South Tucson, AZ",,retail,445230,,,,,32.3215275,-111.0128636,,,w_1062212198,shop=greengrocer
"South Tucson, AZ",,retail,445230,,,,,32.3220391,-111.0131097,,,w_1062212204,shop=greengrocer
"South Tucson, AZ",,retail,445110,Sprouts Farmers Market,"7665 North Oracle Road, Oro Valley, AZ, 85704",+1 520-297-5446,https://www.sprouts.com/store/az/oro-valley/n-oracle-way/,32.3466679,-110.9780092,,,w_1062482753,"shop=supermarket, brand=Sprouts Farmers Market"
"South Tucson, AZ",,retail,445210,,,,,32.1178741,-110.9691203,,,w_1067450992,shop=butcher
"South Tucson, AZ",,retail,445120,,,,,32.1488704,-111.0135834,,,w_1067468524,shop=convenience
"South Tucson, AZ",,retail,445120,,,,,32.4006833,-110.9566154,,,w_1072416963,shop=convenience
"South Tucson, AZ",,retail,446120,Greenspring Inspire,"10509 North Oracle Road, Oro Valley, AZ, 85737",+1-520-529-9665,https://greenspringaesthetics.com/,32.3971204,-110.9605691,,,w_1072416968,shop=beauty
"South Tucson, AZ",,retail,445110,Sprouts Farmers Market,"18755 South Nogales Highway, Green Valley, AZ, 85614",+1 520-729-3370,https://www.sprouts.com/store/az/green-valley/sahuarita/,31.9085047,-110.9790392,,,w_1075645504,"shop=supermarket, brand=Sprouts Farmers Market"
"South Tucson, AZ",,retail,445230,,,,,32.1416681,-111.0407086,,,w_1079645682,shop=greengrocer
"South Tucson, AZ",,retail,445230,,,,,32.1413633,-111.0411408,,,w_1079645683,shop=greengrocer
"South Tucson, AZ",,retail,445120,,,,,32.3381231,-111.0384756,,,w_1084142854,shop=convenience
"South Tucson, AZ",,retail,446110,,,,,31.9121783,-110.9794094,,,w_1086321994,shop=chemist
"South Tucson, AZ",,retail,445110,Safeway,"1305 West Duval Mine Road, Green Valley, AZ, 85614",+1 520-648-2847,https://local.safeway.com/safeway/az/sahuarita/1305-w-duval-mine-rd.html,31.9009547,-110.9925528,,,w_1086564772,"shop=supermarket, brand=Safeway"
"South Tucson, AZ",,retail,445120,QuikTrip,,,,32.3813812,-111.1042934,,,w_1095764401,"shop=convenience, brand=QuikTrip"
"South Tucson, AZ",,retail,445110,Sprouts Farmers Market,"4800 South Landing Way, Tucson, AZ, 85714",+1 520-524-0290,https://www.sprouts.com/store/az/tucson/47-tucson-irvington-rd/,32.1652147,-110.9885038,,,w_1106214294,"shop=supermarket, brand=Sprouts Farmers Market"
"South Tucson, AZ",,retail,445120,,,,,32.4247376,-111.0442973,,,w_1115649244,shop=convenience
"South Tucson, AZ",,retail,445120,Circle K,"3880 West Tangerine Road, Marana, AZ, 85658",,,32.4247892,-111.048649,,,w_1115751369,"shop=convenience, brand=Circle K"
"South Tucson, AZ",,retail,445120,,,,,32.358099,-111.036506,,,w_1125085915,shop=convenience
"South Tucson, AZ",,retail,446110,Walgreens,"313 West Esperanza Boulevard, Green Valley, AZ, 85614",+1 520-648-2417,https://www.walgreens.com/locator/Walgreens-313+W+ESPERANZA+BLVD-GREEN+VALLEY-AZ-85614/id=2232,31.8697131,-110.9960829,,,w_1131709928,"shop=chemist, brand=Walgreens"
"South Tucson, AZ",,retail,452319,Dollar General,"6780 North Sandario Road, Tucson, AZ, 85743",,https://www.dollargeneral.com/store-directory/az/tucson/17583,32.3274315,-111.2176095,,,w_1159265737,"shop=variety_store, brand=Dollar General"
"South Tucson, AZ",,retail,445120,QuikTrip,"3390 West Ina Road, Tucson, AZ, 85741",+1 520-797-6963,https://locations.quiktrip.com/az/tucson/3390-w-ina-rd,32.3382695,-111.0719424,,,w_1166028438,"shop=convenience, brand=QuikTrip"
"South Tucson, AZ",,retail,445120,,,,,32.3702964,-111.0668914,,,w_1168189234,shop=convenience
"South Tucson, AZ",,retail,445120,Gates Pass,,,,32.1192274,-110.9374431,,,w_1204274493,shop=convenience
"South Tucson, AZ",,retail,445120,QuikTrip,"9400 West Tangerine Road, Marana, AZ, 85653",,,32.4238461,-111.1656014,,,w_1210660187,"shop=convenience, brand=QuikTrip"
"South Tucson, AZ",,retail,445120,Maverik,,,,32.4255112,-111.1602278,,,w_1245970292,"shop=convenience, brand=Maverik"
"South Tucson, AZ",,retail,445120,,,,,32.183086,-110.9452012,,,w_1246744806,shop=convenience
"South Tucson, AZ",,retail,452210,TJ Maxx,"8030 North Cortaro Road, Tucson, AZ, 85743",+1 520-579-2169,https://tjmaxx.tjx.com/store/stores/Tucson-AZ-85743/1460/aboutstore,32.3526565,-111.093112,,,w_1283052088,"shop=department_store, brand=TJ Maxx"
"South Tucson, AZ",,retail,452210,Ross,"8030 North Cortaro Road, Tucson, AZ, 85743",+1 520-572-8969,,32.35281,-111.0934659,,,w_1283052090,"shop=department_store, brand=Ross"
"South Tucson, AZ",,retail,452319,Dollar Tree,,,https://www.dollartree.com/locations/az/tucson/6461/,32.3524146,-111.0922946,,,w_1283052093,"shop=variety_store, brand=Dollar Tree"
"South Tucson, AZ",,retail,452319,,,,,32.3909971,-110.7084705,,,w_1416218554,shop=general
"South Tucson, AZ",,retail,445120,Wilmot Mini Mart,,,,32.1127111,-110.8587916,,,w_1422343317,shop=convenience
