Location,Search Keyword,Segment,NAICS Code,Business Name,Address,Phone Number,Website,Latitude,Longitude,Rating,User Ratings,Place ID,Types
"Penn Valley, CA",,retail,445120,7-Eleven,"1020 Lincoln Road, Yuba City, CA, 95991-6550",+1 530-673-1549,https://www.7-eleven.com/locations/ca/yuba-city/1020-lincoln-rd-14074,39.1123637,-121.6277861,,,n_600301920,"shop=convenience, brand=7-Eleven"
"Penn Valley, CA",,retail,445120,,,,,39.1310088,-121.6302674,,,n_601384077,shop=convenience
"Penn Valley, CA",,retail,445120,7-Eleven,"468 Bridge Street, Yuba City, CA, 95991-5048",+1 530-674-3324,https://www.7-eleven.com/locations/ca/yuba-city/468-bridge-st-17952,39.1351682,-121.6147398,,,n_601384160,"shop=convenience, brand=7-Eleven"
"Penn Valley, CA",,retail,445120,The Country Store,,,,39.3837915,-120.979727,,,n_1306475850,shop=convenience
"Penn Valley, CA",,retail,445120,Mother Truckers,,,,39.3543678,-121.0642916,,,n_1306483044,shop=convenience
"Penn Valley, CA",,retail,445310,BevMo!,,,,38.9407089,-121.0933058,,,n_1463751014,"shop=alcohol, brand=BevMo!"
"Penn Valley, CA",,retail,445110,Save Mart,,,,38.9053539,-121.074061,,,n_1572051369,"shop=supermarket, brand=Save Mart"
"Penn Valley, CA",,retail,445110,Grocery Outlet,"415 Grass Valley Highway, 95603",+15308850250,https://www.groceryoutlet.com,38.9047723,-121.07521,,,n_1583415354,"shop=supermarket, brand=Grocery Outlet"
"Penn Valley, CA",,retail,446120,Beauty 360,,,,38.904937,-121.073862,,,n_1589091546,shop=beauty
"Penn Valley, CA",,retail,445120,Sierra Super Stop Food Mart,,,,39.3700556,-121.1034186,,,n_1795102229,shop=convenience
"Penn Valley, CA",,retail,445120,Peterson's Corner,,,,39.3431603,-121.1205502,,,n_1795103901,shop=convenience
"Penn Valley, CA",,retail,445120,,,,,39.268415,-121.055795,,,n_1795130823,shop=convenience
"Penn Valley, CA",,retail,445110,WinCo Foods,,,,39.1257715,-121.6367471,,,n_1881634066,"shop=supermarket, brand=WinCo Foods"
"Penn Valley, CA",,retail,445120,Collins Lake Store,"7530 Collins Lake Rd, 95918",,http://www.collinslake.com/,39.3376219,-121.3270709,,,n_1987913190,shop=convenience
"Penn Valley, CA",,retail,445120,,,,,39.1072005,-120.8602331,,,n_2020521907,shop=convenience
"Penn Valley, CA",,retail,445230,,,,,39.0260169,-121.4511103,,,n_2383794419,shop=greengrocer
"Penn Valley, CA",,retail,445120,Lincoln Food mart,,,,38.8908255,-121.2847383,,,n_2467331493,shop=convenience
"Penn Valley, CA",,retail,445230,,,,,38.8860039,-121.2685313,,,n_2467454138,shop=greengrocer
"Penn Valley, CA",,retail,445120,Weimar Country Store,20170 Paoli Lane,,,39.0318535,-120.9745499,,,n_2489086604,shop=convenience
"Penn Valley, CA",,retail,445310,Mount Vernon Winery,,+1 530 823 1111,https://mtvernonwinery.com/,38.9158895,-121.1049237,,,n_2526220665,shop=wine
"Penn Valley, CA",,retail,445292,Nevada City Chocolate Shoppe,,,,39.2627129,-121.018612,,,n_3353374604,shop=chocolate
"Penn Valley, CA",,retail,453110,Bryan's Florist,,,,38.8979728,-121.0746371,,,n_3748099532,shop=florist
"Penn Valley, CA",,retail,445110,Gai's Basket,,,,38.8988234,-121.070135,,,n_3748099535,shop=supermarket
"Penn Valley, CA",,retail,446120,L'Orange Salon,"333 South Auburn Street, Colfax, CA, 95713",+1 530 3466800,http://LORANGESALON.NET,39.0958526,-120.9510843,,,n_4320614629,shop=beauty
"Penn Valley, CA",,retail,446120,California Nails,,,,38.8787712,-121.2937325,,,n_4516188391,shop=beauty
"Penn Valley, CA",,retail,452319,,,,,38.8924208,-121.293105,,,n_4516194690,"shop=variety_store, brand=Dollar Tree"
"Penn Valley, CA",,retail,445120,7-Eleven,"320 Lincoln Boulevard, Lincoln, CA, 95648",+1 916-645-8074,https://www.7-eleven.com/locations/ca/lincoln/320-lincoln-blvd-39471,38.889489,-121.2932041,,,n_4516198992,"shop=convenience, brand=7-Eleven"
"Penn Valley, CA",,retail,445292,Goodi Goodi Gumdrops,,,,38.8911852,-121.2930242,,,n_4516270989,shop=confectionery
"Penn Valley, CA",,retail,453110,Lincoln Florist & Gifts,"509 Lincoln Boulevard, Lincoln, CA, 95648",+1 916-645-2303,https://lincolnfloristandgifts.com/,38.8920438,-121.2926471,,,n_4517598991,shop=florist
"Penn Valley, CA",,retail,445310,Zebra Town Liquor,,,,38.8863831,-121.2930494,,,n_4517989990,shop=alcohol
"Penn Valley, CA",,retail,446120,Philly Nail & Spa,"127 Ferrari Ranch Road, Lincoln, CA, 95648",,,38.872332,-121.30287,,,n_5184936814,shop=beauty
"Penn Valley, CA",,retail,453991,Foresthill Smokeshop,24615 Foresthill Road,,,39.0207115,-120.8160366,,,n_6075806036,shop=tobacco
"Penn Valley, CA",,retail,445310,,,,,38.9345569,-121.0941607,,,n_6353563118,shop=alcohol
"Penn Valley, CA",,retail,446120,Blush Salon,,,,38.8848961,-121.2929444,,,n_6363967777,shop=beauty
"Penn Valley, CA",,retail,445120,Shell,,,,39.1420407,-121.628306,,,n_6600518535,"shop=convenience, brand=Shell"
"Penn Valley, CA",,retail,446120,,,,,39.1410478,-121.6340765,,,n_6600566351,shop=beauty
"Penn Valley, CA",,retail,446120,,,,,39.1412224,-121.6340699,,,n_6600566353,shop=beauty
"Penn Valley, CA",,retail,446120,,,,,39.1409329,-121.632256,,,n_6600566356,shop=beauty
"Penn Valley, CA",,retail,446120,VIP Nails Lounge,,,,39.1411643,-121.6316022,,,n_6600566360,shop=beauty
"Penn Valley, CA",,retail,445310,,,,,39.1411898,-121.6228974,,,n_6600566379,shop=alcohol
"Penn Valley, CA",,retail,445120,ampm,,,,39.1262466,-121.575178,,,n_6601593404,"shop=convenience, brand=ampm"
"Penn Valley, CA",,retail,445110,FoodMaxx,,,,39.1223639,-121.5698139,,,n_6601593410,"shop=supermarket, brand=FoodMaxx"
"Penn Valley, CA",,retail,452319,Dollar Tree,,,https://www.dollartree.com/locations/ca/marysville/7011/,39.1245935,-121.568969,,,n_6601593413,"shop=variety_store, brand=Dollar Tree"
"Penn Valley, CA",,retail,453991,Cigarette City,,,,39.1009542,-121.5496359,,,n_6601600407,shop=tobacco
"Penn Valley, CA",,retail,445120,,,,,39.100535,-121.550937,,,n_6601600409,shop=convenience
"Penn Valley, CA",,retail,445120,TS Liquor & Food Mart,,,,39.0999465,-121.5517223,,,n_6601600410,shop=convenience
"Penn Valley, CA",,retail,445120,Lally Gas & Food,,,,39.0976895,-121.5520662,,,n_6601600415,shop=convenience
"Penn Valley, CA",,retail,445120,Oliverhurst Mini Mart,,,,39.0955285,-121.5512385,,,n_6601600418,shop=convenience
"Penn Valley, CA",,retail,445310,Meade Hill Vineyard & Winery,,,,39.2030816,-121.2903526,,,n_6819313198,shop=alcohol
"Penn Valley, CA",,retail,445110,Smartsville Grocery,,,,39.2071117,-121.2976831,,,n_6819313200,shop=supermarket
"Penn Valley, CA",,retail,446120,Ulta Beauty,"1068 Harter Parkway, Yuba City, CA, 95993",+1 530-822-9804,https://www.ulta.com/stores/yuba-city-ca-1389,39.1420526,-121.6528449,,,n_7409729840,"shop=beauty, brand=Ulta Beauty"
"Penn Valley, CA",,retail,452210,Marshalls,,,,39.1442912,-121.6525191,,,n_7409729845,"shop=department_store, brand=Marshalls"
"Penn Valley, CA",,retail,446110,Walgreens,"1781 Colusa Highway, Yuba City, CA, 95993",,https://www.walgreens.com/locator/walgreens-1781+colusa+hwy-yuba+city-ca-95993/id=7433,39.1424453,-121.648036,,,n_7409729854,"shop=chemist, brand=Walgreens"
"Penn Valley, CA",,retail,445110,Grocery Outlet,,,,39.1423995,-121.6472392,,,n_7409729856,"shop=supermarket, brand=Grocery Outlet"
"Penn Valley, CA",,retail,446120,Forever Vivid Salon,"104 Mill Street, Grass Valley, CA, 95945",+1 (530) 273-0200,,39.2190004,-121.0630952,,,n_7711417239,shop=beauty
"Penn Valley, CA",,retail,446120,Bloom Salon,"203 Mill Street, Grass Valley, CA, 95945",+1  (530) 273-5260,,39.2171344,-121.0632529,,,n_7717924669,shop=beauty
"Penn Valley, CA",,retail,453991,Hot Spot Smoke Shop,,,,39.2151819,-121.0541039,,,n_7717964122,shop=tobacco
"Penn Valley, CA",,retail,446120,Salon 174,,+1 (530) 274-7772,,39.2152692,-121.0541354,,,n_7717964123,shop=beauty
"Penn Valley, CA",,retail,446120,,,,,39.2161462,-121.0633222,,,n_7720713545,shop=beauty
"Penn Valley, CA",,retail,446120,Hair Razors,"233 Mill Street, Grass Valley, CA, 95945",+1 (530) 273-6793,,39.2163542,-121.0639843,,,n_7720713546,shop=beauty
"Penn Valley, CA",,retail,445120,,,,,38.8352675,-121.1696131,,,n_8912565105,shop=convenience
"Penn Valley, CA",,retail,445110,Raley's,,,,39.1333611,-121.637399,,,n_9005376700,"shop=supermarket, brand=Raley's"
"Penn Valley, CA",,retail,445120,QuickStop,,,,39.1319075,-121.637105,,,n_9005376715,shop=convenience
"Penn Valley, CA",,retail,452210,dd's Discounts,,,,39.1328307,-121.637313,,,n_9005389725,"shop=department_store, brand=dd's Discounts"
"Penn Valley, CA",,retail,446120,Mood Nails,,,,38.9439313,-121.0918269,,,n_9124579865,shop=beauty
"Penn Valley, CA",,retail,453991,Happy Cigar & Cigarette,,,,38.9438953,-121.0916908,,,n_9124585751,shop=tobacco
"Penn Valley, CA",,retail,446120,Made Salon House,810 Lincoln Way,,,38.9007758,-121.0678354,,,n_9161042870,shop=beauty
"Penn Valley, CA",,retail,453110,Cool Florist & Gifts,"2968 CA-49, Cool, CA, 95614",+1 530-885-2750,coolfloristca.com,38.8876041,-121.0164779,,,n_9287242439,shop=florist
"Penn Valley, CA",,retail,445310,Rosa-Lucca Estates Tasting Room,"2966 CA-49, Cool, CA, 95614",,https://www.rosaluccawines.com/tasting-room/,38.8883622,-121.0171097,,,n_9291641714,"shop=wine, operator=Rosa-Lucca Estates"
"Penn Valley, CA",,retail,445120,Circle A,,,,39.15933,-121.5650124,,,n_9387172258,shop=convenience
"Penn Valley, CA",,retail,445120,,,,,39.2498425,-121.0226417,,,n_9627760299,shop=convenience
"Penn Valley, CA",,retail,445110,Save Mart,"828 J Street, Marysville, CA",,https://www.savemart.com/,39.1430493,-121.599581,,,n_9657413499,"shop=supermarket, brand=Save Mart, operator=Save Mart"
"Penn Valley, CA",,retail,446110,Walgreens,"2293 River Oaks, Plumas Lake, CA, 95961",5306349980,,39.0201429,-121.5501539,,,n_9768558627,shop=chemist
"Penn Valley, CA",,retail,445120,Plumas Stop n' shop,"2297 River Oaks, Plumas Lake, CA, 95961",5307499515,,39.020711,-121.5491984,,,n_9768558628,shop=convenience
"Penn Valley, CA",,retail,445120,Plumas Stop n' Shop II,"869 River Oaks, plumas lake, CA, 95961",,,38.9788975,-121.5462963,,,n_9768558629,shop=convenience
"Penn Valley, CA",,retail,453110,O'Shays Flowers and Antiques,"1280 Grass Valley Highway, Auburn, CA, 95603",+1 530-823-1169,https://oshaysflowers.com/,38.9232634,-121.083029,,,n_9963675158,shop=florist
"Penn Valley, CA",,retail,452319,Alta Store,,,,39.2072227,-120.8109603,,,n_10038140517,shop=general
"Penn Valley, CA",,retail,452319,,,,,39.3677929,-121.20464,,,n_10039789573,shop=general
"Penn Valley, CA",,retail,445120,ExtraMile,,,,39.0952364,-120.948426,,,n_11528886497,"shop=convenience, brand=ExtraMile"
"Penn Valley, CA",,retail,446120,California Sun,"820 Sterling Parkway, Lincoln, CA, 95648",+1 (916) 789-1034,https://californiasun.com/locations/lincoln/,38.8713575,-121.2965842,,,n_11863022353,shop=beauty
"Penn Valley, CA",,retail,446120,Pearl Nails,,,,38.9293214,-121.0876407,,,n_11897774659,shop=beauty
"Penn Valley, CA",,retail,446120,The Wild Arch Studio,424 Lincoln Boulevard,,,38.8909989,-121.2930217,,,n_11931664914,shop=beauty
"Penn Valley, CA",,retail,446120,Bella,424 Lincoln Boulevard,,,38.8909577,-121.2930274,,,n_11931664915,shop=beauty
"Penn Valley, CA",,retail,445120,Circle K,,,,39.1277188,-121.6337725,,,n_11993193510,"shop=convenience, brand=Circle K"
"Penn Valley, CA",,retail,452210,Kohl's,"1480 Sunsweet Boulevard, Yuba City, CA, 95993",+1 530-751-0441,https://www.kohls.com/stores/ca/yubacity-1020.shtml,39.1350625,-121.6382692,,,n_11993193513,"shop=department_store, brand=Kohl's"
"Penn Valley, CA",,retail,445110,Circle K,"5512 Edgewater Circle, Marysville, CA, 95901",,,39.1140608,-121.555345,,,n_12017129545,shop=supermarket
"Penn Valley, CA",,retail,445120,ampm,,,,39.1427981,-121.5904943,,,n_12264385385,"shop=convenience, brand=ampm"
"Penn Valley, CA",,retail,446110,CVS Pharmacy,,,,39.1451131,-121.5922713,,,n_12264431960,"shop=chemist, brand=CVS Pharmacy"
"Penn Valley, CA",,retail,445120,7-Eleven,,,,39.1404933,-121.5911721,,,n_12264464830,"shop=convenience, brand=7-Eleven"
"Penn Valley, CA",,retail,445110,Super X Market,,,,39.1266792,-121.5621747,,,n_12264885568,shop=supermarket
"Penn Valley, CA",,retail,446110,CVS Pharmacy,,,,39.1465914,-121.6459738,,,n_12265521098,"shop=chemist, brand=CVS Pharmacy"
"Penn Valley, CA",,retail,445110,Bel Air,,,,39.147698,-121.6458612,,,n_12265521100,"shop=supermarket, brand=Bel Air"
"Penn Valley, CA",,retail,446110,Rite Aid,,,,39.1474671,-121.6431942,,,n_12265557110,"shop=chemist, brand=Rite Aid"
"Penn Valley, CA",,retail,446110,Walgreens,"602 10th Steet, Marysville, CA, 95901",,,39.145095,-121.5930295,,,n_12901238074,"shop=chemist, brand=Walgreens"
"Penn Valley, CA",,retail,452319,Dollar General,,,,39.1459828,-121.5863584,,,n_12903985817,"shop=variety_store, brand=Dollar General"
"Penn Valley, CA",,retail,445120,Circle K,,,,39.1479309,-121.5866269,,,n_12903985832,"shop=convenience, brand=Circle K"
"Penn Valley, CA",,retail,452319,Emerald Cove Marina General Store,,,,39.3945596,-121.1430027,,,n_12990070940,shop=general
"Penn Valley, CA",,retail,446120,Luxury Perfumes,,,,39.1431179,-121.6326145,,,n_13012203293,shop=perfumery
"Penn Valley, CA",,retail,446120,Eyebrow Hub,,,,39.1433928,-121.6322069,,,n_13012247809,shop=beauty
"Penn Valley, CA",,retail,446120,,,,,39.1436883,-121.6323448,,,n_13012247828,"shop=cosmetics, brand=Bath & Body Works"
"Penn Valley, CA",,retail,446120,Nail Tech,,,,39.1442308,-121.632918,,,n_13012300063,shop=beauty
"Penn Valley, CA",,retail,452210,McCaulou's,,,,38.9058792,-121.0728058,,,w_45300919,shop=department_store
"Penn Valley, CA",,retail,445110,Raley's,,,,38.9240429,-121.0540472,,,w_62302609,"shop=supermarket, brand=Raley's"
"Penn Valley, CA",,retail,445120,,,,,38.9563728,-121.1007962,,,w_85687731,shop=convenience
"Penn Valley, CA",,retail,445110,Briar Patch,,,,38.941775,-121.0926223,,,w_85688655,"shop=supermarket, operator=Briar Patch Food Co-Op"
"Penn Valley, CA",,retail,453991,,,,,38.9410314,-121.0926464,,,w_85688656,shop=tobacco
"Penn Valley, CA",,retail,452210,Target,"2700 Bell Road, Auburn, CA, 95603-2508",+1 530-889-5650,https://www.target.com/sl/auburn/1097,38.9431268,-121.0952792,,,w_85689040,"shop=department_store, brand=Target"
"Penn Valley, CA",,retail,445120,Quik Stop,,,,39.0987595,-121.6340187,,,w_107277662,"shop=convenience, brand=Quik Stop"
"Penn Valley, CA",,retail,446110,Walgreens,,,https://www.walgreens.com/locator/walgreens-700+twelve+bridges+dr-lincoln-ca-95648/id=12525,38.8517633,-121.2882645,,,w_135122017,"shop=chemist, brand=Walgreens"
"Penn Valley, CA",,retail,452319,Dutch Flat Trading Post,Main Street,,,39.2067406,-120.8386456,,,w_174732452,"shop=general, amenity=pub"
"Penn Valley, CA",,retail,445120,Iowas Hill Store,Iowa Hill Road,,,39.107182,-120.8602716,,,w_191478658,shop=convenience
"Penn Valley, CA",,retail,445120,Bonanza Trading Center,,,,39.1469742,-121.120356,,,w_209129253,shop=convenience
"Penn Valley, CA",,retail,445120,Power Market,"4217 Arboga Road, Olivehurst, CA, 95961",,,39.0760727,-121.5607108,,,w_236019640,"shop=convenience, operator=Power Market"
"Penn Valley, CA",,retail,445120,,,,,38.8793189,-121.2936562,,,w_252725838,shop=convenience
"Penn Valley, CA",,retail,445110,Safeway,"67 Lincoln Boulevard, Lincoln, CA, 95648",+1 916-408-0800,https://local.safeway.com/safeway/ca/lincoln/67-lincoln-blvd.html,38.8781209,-121.2941242,,,w_252725839,"shop=supermarket, brand=Safeway"
"Penn Valley, CA",,retail,445110,Safeway,"867 Sutton Way, Grass Valley, CA, 95945",1530 73 2249,https://local.safeway.com/safeway/ca/grass-valley/867-sutton-way.html,39.2355012,-121.0323535,,,w_253140448,"shop=supermarket, brand=Safeway"
"Penn Valley, CA",,retail,445110,Safeway,"105 Neal Street, Grass Valley, CA, 95945",+1 530-273-0115,https://local.safeway.com/safeway/ca/grass-valley/105-neal-st.html,39.2160345,-121.0628048,,,w_253141185,"shop=supermarket, brand=Safeway"
"Penn Valley, CA",,retail,452210,TJ Maxx,"930 Groveland Lane, Lincoln, CA, 95648",,,38.870745,-121.3043747,,,w_258983963,"shop=department_store, brand=TJ Maxx"
"Penn Valley, CA",,retail,452210,Target,"950 Groveland Lane, Lincoln, CA, 95648",+1 916-251-3002,https://www.target.com/sl/lincoln/2214,38.869915,-121.3042337,,,w_258986915,"shop=department_store, brand=Target"
"Penn Valley, CA",,retail,452210,Ross,"113 Ferrari Ranch Road, Lincoln, CA, 95648",+1 916-409-9980,,38.8741428,-121.3020781,,,w_259003232,"shop=department_store, brand=Ross"
"Penn Valley, CA",,retail,445110,Sprouts Farmers Market,"115 Ferrari Ranch Road, Lincoln, CA, 95648",+1 916-209-5346,https://www.sprouts.com/store/ca/lincoln/lincoln/,38.8737469,-121.3021338,,,w_259003656,"shop=supermarket, brand=Sprouts Farmers Market"
"Penn Valley, CA",,retail,446120,Ulta Beauty,"117 Ferrari Ranch Road, Lincoln, CA, 95648",+1 916-581-4121,https://www.ulta.com/stores/lincoln-ca-1344,38.8733977,-121.3023857,,,w_259003799,"shop=beauty, brand=Ulta Beauty"
"Penn Valley, CA",,retail,445110,Big Al's market,,,,39.0097636,-121.4221316,,,w_271787837,shop=supermarket
"Penn Valley, CA",,retail,445120,,,,,39.0955646,-120.950321,,,w_301199965,shop=convenience
"Penn Valley, CA",,retail,446110,Nevada County Pharmacy,,,,39.2527535,-121.0257314,,,w_305790641,shop=chemist
"Penn Valley, CA",,retail,445120,Ikedas Produce,,(530) 885-4243,https://www.ikedas.com/,38.9280756,-121.0551059,,,w_369738933,"shop=convenience, amenity=marketplace"
"Penn Valley, CA",,retail,445120,Auburn Food & Gas,,,,38.8980976,-121.0712314,,,w_376555172,shop=convenience
"Penn Valley, CA",,retail,445120,,,,,39.2317519,-121.0734924,,,w_392009803,shop=convenience
"Penn Valley, CA",,retail,445120,,,,,38.8970615,-121.0800938,,,w_392043880,shop=convenience
"Penn Valley, CA",,retail,452319,Stretch-A-Buck: Dollar Discount Store,,+1 530 674 2275,,39.1522561,-121.6197662,,,w_435563265,shop=variety_store
"Penn Valley, CA",,retail,445120,7-Eleven,"303 Sacramento Street, Auburn, CA, 95603-5509",+1 530-885-1107,https://www.7-eleven.com/locations/ca/auburn/303-sacramento-st-15882,38.8907444,-121.0757204,,,w_436378956,"shop=convenience, brand=7-Eleven"
"Penn Valley, CA",,retail,445110,Marysville Farmer's Marketplace,"1912 Covillaud Street, Marysville, CA, 95901",,,39.1572982,-121.578176,,,w_479460916,shop=supermarket
"Penn Valley, CA",,retail,445120,7-Eleven,"506 East 19th Street, Marysville, CA, 95901-4436",+1 530-749-9435,https://www.7-eleven.com/locations/ca/marysville/506-east-19th-14075,39.1566494,-121.5773937,,,w_479460917,"shop=convenience, brand=7-Eleven"
"Penn Valley, CA",,retail,445110,Sierra Market,,,,39.0935772,-120.9524546,,,w_480340167,shop=supermarket
"Penn Valley, CA",,retail,445110,Walmart Supercenter,"1150 Harter Road, Yuba City, CA, 95993",+1 530-751-0130,https://www.walmart.com/store/1903-yuba-city-ca,39.1448099,-121.6540567,,,w_688766538,"shop=supermarket, brand=Walmart, operator=Walmart"
"Penn Valley, CA",,retail,445110,Walmart Supercenter,"1131 North Beale Road, Marysville, CA, 95901",+1 530-634-9751,https://www.walmart.com/store/5136-marysville-ca,39.1273213,-121.5743767,,,w_690267254,"shop=supermarket, brand=Walmart, operator=Walmart"
"Penn Valley, CA",,retail,445110,Walmart Neighborhood Market,"255 Lincoln Boulevard, Lincoln, CA, 95648",+1 916-209-5129,https://www.walmart.com/store/5979-lincoln-ca,38.8886009,-121.2918418,,,w_690349971,"shop=supermarket, brand=Walmart, operator=Walmart"
"Penn Valley, CA",,retail,446110,Walgreens,,,https://www.walgreens.com/locator/walgreens-855+colusa+ave-yuba+city-ca-95991/id=993,39.142827,-121.6287814,,,w_702846442,"shop=chemist, brand=Walgreens"
"Penn Valley, CA",,retail,445120,,,,,39.1412105,-121.6251313,,,w_702854425,shop=convenience
"Penn Valley, CA",,retail,452319,99 Cents Only Stores,,,https://locations.99only.com/ca/yubacity/discount-store-319.html,39.1411288,-121.6281714,,,w_702854431,"shop=variety_store, brand=99 Cents Only Stores"
"Penn Valley, CA",,retail,445120,ampm,,,,39.1413464,-121.6295992,,,w_702854434,"shop=convenience, brand=ampm"
"Penn Valley, CA",,retail,445110,FoodMaxx,,,,39.1402615,-121.6334947,,,w_702854447,"shop=supermarket, brand=FoodMaxx"
"Penn Valley, CA",,retail,452210,JCPenney,,,,39.1445696,-121.6326093,,,w_702883713,"shop=department_store, brand=JCPenney"
"Penn Valley, CA",,retail,452210,Ross,"1299 Colusa Avenue, Yuba City, CA, 95991",+1 530-821-0335,,39.1441969,-121.6341003,,,w_702883715,"shop=department_store, brand=Ross"
"Penn Valley, CA",,retail,452210,Target,"1153 Butte House Road, Yuba City, CA, 95991-3102",+1 530-671-6881,https://www.target.com/sl/yuba-city/318,39.146147,-121.6321828,,,w_702883716,"shop=department_store, brand=Target"
"Penn Valley, CA",,retail,446110,CVS Pharmacy,"10045 Combie Road, Auburn, CA, 95602",,https://www.cvs.com/store-locator/auburn-ca-pharmacies/10045-combie-rd-auburn-ca-95602/storeid=3947,39.0418614,-121.0926118,,,w_735113448,"shop=chemist, brand=CVS Pharmacy"
"Penn Valley, CA",,retail,445110,Holiday Market,"10952 Combie Road, Auburn, CA, 95602",,,39.0408977,-121.0779552,,,w_735113452,shop=supermarket
"Penn Valley, CA",,retail,452210,Target,"111 West McKnight Way, Grass Valley, CA, 95949",+1 530-798-5657,https://www.target.com/sl/grass-valley/2891,39.1985015,-121.060502,,,w_736842704,"shop=department_store, brand=Target"
"Penn Valley, CA",,retail,445110,Briar Patch Food Co-Op,"290 Sierra College Drive, Grass Valley, CA, 95945",+1 530-272-5333,https://www.briarpatch.coop/,39.2346509,-121.0528566,,,w_757513918,shop=supermarket
"Penn Valley, CA",,retail,445110,Raley's,"692 Freeman Lane, Grass Valley, CA, 95949",(530) 272-1958,,39.2024351,-121.0654785,,,w_772077494,"shop=supermarket, brand=Raley's"
"Penn Valley, CA",,retail,452319,Dollar Tree,"762 Freeman Lane, Grass Valley, CA, 95949",,https://www.dollartree.com/locations/ca/grass-valley/2260/,39.2004742,-121.0645435,,,w_772077505,"shop=variety_store, brand=Dollar Tree"
"Penn Valley, CA",,retail,452210,JCPenney,"752 Freeman Lane, Grass Valley, CA, 95949",,https://www.jcpenney.com/,39.2006843,-121.0647231,,,w_772077506,"shop=department_store, brand=JCPenney"
"Penn Valley, CA",,retail,452210,JCPenney,"732 Freeman Lane, Grass Valley, CA, 95949",,,39.2013408,-121.0650164,,,w_772077507,"shop=department_store, brand=JCPenney"
"Penn Valley, CA",,retail,445110,Alta Sierra Market,"10182 Alta Sierra Drive, Grass Valley, CA, 95949",+1-530-273-5751,,39.1403943,-121.0691596,,,w_772334356,shop=supermarket
"Penn Valley, CA",,retail,453110,Forever Yours,"10044-A Wolf Road, CA",5302687673,,39.0430002,-121.0953694,,,w_775772933,shop=florist
"Penn Valley, CA",,retail,446120,Professional Nailcare Waxing,"722-M Freeman Lane, Grass Valley, CA, 95949",15302731638,,39.2016763,-121.0650693,,,w_781187397,shop=beauty
"Penn Valley, CA",,retail,452319,Dollar General,"1990 McGowan Parkway, Olivehurst, CA, 95961",+1-530-645-3581,,39.076939,-121.5431768,,,w_781944460,"shop=variety_store, brand=Dollar General"
"Penn Valley, CA",,retail,445120,Power Market,,,,39.0768308,-121.5436321,,,w_781944462,"shop=convenience, operator=Power Market"
"Penn Valley, CA",,retail,446110,Village Pharmacy,,,,39.0101433,-121.4222639,,,w_781944464,shop=chemist
"Penn Valley, CA",,retail,445120,,,,,39.2088557,-121.0622394,,,w_825952874,shop=convenience
"Penn Valley, CA",,retail,445110,SPD Market,,,,39.1984754,-121.062102,,,w_825971789,shop=supermarket
"Penn Valley, CA",,retail,445120,Robinson,,,,39.2196033,-121.0585794,,,w_826419953,shop=convenience
"Penn Valley, CA",,retail,445120,76,,,,39.2177995,-121.0615722,,,w_826625112,"shop=convenience, brand=76"
"Penn Valley, CA",,retail,445310,Long's Bottle Shop,,,,39.2160126,-121.0547322,,,w_826625138,shop=alcohol
"Penn Valley, CA",,retail,445110,BackPorch Market,"135 Colfax Avenue, Grass Valley, CA, 95945",+1 (530) 271-7111,https://www.backporchmarket.com/,39.2161435,-121.0600938,,,w_826793551,shop=supermarket
"Penn Valley, CA",,retail,445120,Express Mart,,,,39.2150937,-121.062138,,,w_826793594,shop=convenience
"Penn Valley, CA",,retail,445110,Holiday Market,"Woodridge Drive, Auburn, CA, 95602",,,39.0399728,-121.0919986,,,w_835187903,shop=supermarket
"Penn Valley, CA",,retail,446120,Mai's Nails & Spa,526 Sutton Way,+1 530-272-7256,,39.2321187,-121.0382225,,,w_860704468,shop=beauty
"Penn Valley, CA",,retail,446110,Rite Aid,"720 Sutton Way, Grass Valley, CA, 95945",,https://www.riteaid.com/locations/ca/grass-valley/720-sutton-way.html,39.2341136,-121.035496,,,w_860704471,"shop=chemist, brand=Rite Aid"
"Penn Valley, CA",,retail,445110,Grocery Outlet,616 Sutton Way,,,39.2335309,-121.037545,,,w_860830686,"shop=supermarket, brand=Grocery Outlet"
"Penn Valley, CA",,retail,453991,Mellenium Smoke Shop,"102 East Main Street, Grass Valley, CA, 95945",,,39.2193242,-121.0620435,,,w_893178992,shop=tobacco
"Penn Valley, CA",,retail,445310,Sierra Starr,,,,39.2192743,-121.0628631,,,w_903972441,shop=wine
"Penn Valley, CA",,retail,453991,Blaze'n J's,"114 East Main Street, Grass Valley, CA, 95945",,,39.2193807,-121.0615578,,,w_909797471,shop=tobacco
"Penn Valley, CA",,retail,445310,Nevada City Winery,"321 Spring Street, CA, 95959",,,39.2620739,-121.019841,,,w_953601086,shop=wine
"Penn Valley, CA",,retail,445310,Bonanza Market,,,,39.2626482,-121.0198037,,,w_953601099,shop=alcohol
"Penn Valley, CA",,retail,446110,Walgreens,"880 Sutton Way, Grass Valley, CA, 95945",,https://www.walgreens.com/locator/walgreens-880+sutton+way-grass+valley-ca-95945/id=10881,39.2351879,-121.0348666,,,w_961774497,"shop=chemist, brand=Walgreens"
"Penn Valley, CA",,retail,445120,Speedway,,,https://www.speedway.com/locations/CA/Grass-Valley/2001-Nevada-City-Hwy,39.2372595,-121.0365152,,,w_962080547,"shop=convenience, brand=Speedway"
"Penn Valley, CA",,retail,445120,ampm,,,,39.2365509,-121.0377812,,,w_962080564,"shop=convenience, brand=ampm"
"Penn Valley, CA",,retail,445120,,,,,39.2368841,-121.0383422,,,w_962080570,shop=convenience
"Penn Valley, CA",,retail,452319,Dollar General,"Grass Valley, CA",+1 530-270-9402,https://www.dollargeneral.com/store-directory/ca/grass-valley/15010,39.2375153,-121.0360024,,,w_962080576,"shop=variety_store, brand=Dollar General"
"Penn Valley, CA",,retail,445110,Natural Selection,589 East Main Street,,,39.2239051,-121.0533234,,,w_964420525,shop=supermarket
"Penn Valley, CA",,retail,453991,Smoke Shop,"2420 Grass Valley Highway, CA",,,38.9364718,-121.0927066,,,w_978576366,shop=tobacco
"Penn Valley, CA",,retail,446120,california sun,CA,,,38.9359695,-121.0923429,,,w_978576370,shop=beauty
"Penn Valley, CA",,retail,446120,Lauish Nails,CA,,,38.9358797,-121.0922365,,,w_978576371,shop=beauty
"Penn Valley, CA",,retail,445110,BelAir,,,,38.9347415,-121.091065,,,w_978576379,shop=supermarket
"Penn Valley, CA",,retail,445110,Sunrise Natural Foods,,+15308888973,,38.9341415,-121.0905911,,,w_978576384,shop=supermarket
"Penn Valley, CA",,retail,446110,CVS Pharmacy,,,https://www.cvs.com/store-locator/auburn-ca-pharmacies/2140-grass-valley-hwy-auburn-ca-95603/storeid=9914,38.9339496,-121.0901463,,,w_978576385,"shop=chemist, brand=CVS Pharmacy"
"Penn Valley, CA",,retail,452319,Dollar Tree,,,https://www.dollartree.com/locations/ca/auburn/1212/,38.9336353,-121.0899626,,,w_978576387,"shop=variety_store, brand=Dollar Tree"
"Penn Valley, CA",,retail,445110,Raley's,"39 Lincoln Boulevard, Lincoln, CA, 95648",+1-916-408-5775,https://www.raleys.com/stores/raleys-lincoln-lincoln-california/,38.8724529,-121.2966684,,,w_982082727,"shop=supermarket, brand=Raley's"
"Penn Valley, CA",,retail,445292,See's Candies,,,,38.9249274,-121.0546578,,,w_984507073,"shop=confectionery, brand=See's Candies"
"Penn Valley, CA",,retail,445120,Speedway,"2280 Drive In Way, Auburn, CA, 95603",,https://www.speedway.com/locations/CA/Auburn/2280-DRIVE-IN-WAY,38.934517,-121.0931562,,,w_986501147,"shop=convenience, brand=Speedway, operator=Speedway"
"Penn Valley, CA",,retail,445120,Super K,,,,38.9415124,-121.0978063,,,w_987044662,shop=convenience
"Penn Valley, CA",,retail,445110,Smart & Final,,,,38.9400205,-121.0976424,,,w_991359054,"shop=supermarket, brand=Smart & Final"
"Penn Valley, CA",,retail,445120,Speedway,,,,38.8718602,-121.1298942,,,w_994103203,"shop=convenience, brand=Speedway"
"Penn Valley, CA",,retail,445120,Speedway,"13461 Bowman Road, Auburn, CA, 95603",,https://www.speedway.com/locations/CA/Auburn/13461-BOWMAN-RD,38.9265393,-121.0572526,,,w_994103322,"shop=convenience, brand=Speedway"
"Penn Valley, CA",,retail,445120,Speedway,"1008 Plaza Drive, Grass Valley, CA, 95945",,https://www.speedway.com/locations/CA/Grass-Valley/1008-Plaza-Dr,39.2340963,-121.0333942,,,w_995432663,"shop=convenience, brand=Speedway"
"Penn Valley, CA",,retail,445120,Rowdy Randy's,,,,38.9025106,-121.068494,,,w_999222472,shop=convenience
"Penn Valley, CA",,retail,445110,Holiday Market,"5030 Ellinghouse Dr, Cool, CA, 95614",,,38.8859426,-121.014623,,,w_1006625913,"shop=supermarket, operator=North State Grocery"
"Penn Valley, CA",,retail,445110,SPD,Zion Street,,http://spdmarket.com/,39.2532707,-121.0254073,,,w_1024687878,shop=supermarket
"Penn Valley, CA",,retail,445110,California Organics,Argall Way,,https://www.californiaorganics.com/,39.2522982,-121.0253811,,,w_1027516001,shop=supermarket
"Penn Valley, CA",,retail,446120,Helen's Nails,"4076 Grass Valley Highway, Auburn, CA, 95602",(530) 885-8976,https://www.yelp.com/biz/helen-nails-auburn,38.9579415,-121.1006996,,,w_1027562332,shop=beauty
"Penn Valley, CA",,retail,453991,,,,,39.2222464,-121.0541585,,,w_1067752262,shop=tobacco
"Penn Valley, CA",,retail,445120,Extra Mile,,,,38.8939175,-121.292342,,,w_1077531843,shop=convenience
"Penn Valley, CA",,retail,445110,Panadería La Michoacana,"616 5th Street, CA",,,38.8920755,-121.291773,,,w_1077532229,shop=supermarket
"Penn Valley, CA",,retail,445110,Fotos Market,"561 5th Street, CA",,,38.8915115,-121.2911885,,,w_1077532351,shop=supermarket
"Penn Valley, CA",,retail,446120,Lovely Nails,"654 5th Street, CA",,,38.8919818,-121.292313,,,w_1077532422,shop=beauty
"Penn Valley, CA",,retail,445110,Worton's Market Foresthill,"23140 Forest Hill Road, Foresthill, CA, 95631",,,39.0123766,-120.8390773,,,w_1093266804,shop=supermarket
"Penn Valley, CA",,retail,445120,,,,,39.1967328,-121.0112578,,,w_1111615831,shop=convenience
"Penn Valley, CA",,retail,445120,Oregon House Grocrey & Deli,"13439 Rices Crossing Road, CA, 95962",+1-530-692-1668,,39.3502917,-121.2734326,,,w_1116132653,"shop=convenience, operator=Oregon House Grocrey & Deli"
"Penn Valley, CA",,retail,445120,Sierra Express,,,,39.187133,-120.8325163,,,w_1153921376,shop=convenience
"Penn Valley, CA",,retail,445120,Colfax Food & Liquor,,,,39.0971315,-120.9505285,,,w_1194540913,shop=convenience
"Penn Valley, CA",,retail,445120,ampm,,,,39.0949445,-120.951704,,,w_1194540914,"shop=convenience, brand=ampm"
"Penn Valley, CA",,retail,446120,,"13336 Lincoln Way, Auburn, CA, 95603",+1-530-823-3044,,38.9213091,-121.0560862,,,w_1223142836,shop=beauty
"Penn Valley, CA",,retail,453991,Millenium Smoke Shop,"13334 Lincoln Way, Auburn, CA, 95603",+1-530-887-0420,https://shopmillenium.com/,38.9213077,-121.0561852,,,w_1223142837,"shop=tobacco, operator=Millenium Smoke Shop"
"Penn Valley, CA",,retail,445310,Auburn Liquor & Food,,,,38.9212933,-121.0564449,,,w_1223142839,shop=alcohol
"Penn Valley, CA",,retail,453110,Flowers,,,,38.9246246,-121.0555049,,,w_1233781878,shop=florist
"Penn Valley, CA",,retail,445310,Auburn Liquor Mart,,,,38.9243618,-121.05636,,,w_1233781880,shop=alcohol
"Penn Valley, CA",,retail,453991,Smoke & Vape Shop,,,,38.9241832,-121.056301,,,w_1233781881,shop=tobacco
"Penn Valley, CA",,retail,445120,ampm,,,,38.9238543,-121.0564184,,,w_1233781883,"shop=convenience, brand=ampm"
"Penn Valley, CA",,retail,445120,,,,,38.9238849,-121.0580805,,,w_1233781893,shop=convenience
"Penn Valley, CA",,retail,445120,,,,,38.9943674,-121.0239304,,,w_1244176664,shop=convenience
"Penn Valley, CA",,retail,445110,,,,,39.0002769,-121.0232088,,,w_1244176699,shop=supermarket
"Penn Valley, CA",,retail,445120,,,,,39.1123633,-121.4191121,,,w_1302450808,shop=convenience
"Penn Valley, CA",,retail,445110,Holly Oak Groceries,"555 Garden Highway, Yuba City, CA, 95991",+1-530-671-9064,,39.1197532,-121.6171103,,,w_1306422797,shop=supermarket
"Penn Valley, CA",,retail,445120,ampm,2315 River Oaks,,,39.021431,-121.550557,,,w_1307077855,"shop=convenience, brand=ampm"
"Penn Valley, CA",,retail,445120,ExtraMile,2337 River Oaks,,,39.0217987,-121.5498501,,,w_1307077856,"shop=convenience, brand=ExtraMile"
"Penn Valley, CA",,retail,446110,Walgreens,2293 River Oaks,,,39.0201335,-121.550189,,,w_1307077857,"shop=chemist, brand=Walgreens"
"Penn Valley, CA",,retail,452319,Plumas Stop N Shop,2297 River Oaks,,,39.0207151,-121.54925,,,w_1307077858,shop=general
"Penn Valley, CA",,retail,445120,Chevron,,,,39.0140255,-121.4318493,,,w_1376184063,"shop=convenience, brand=Chevron"
"Penn Valley, CA",,retail,452210,Burlington,,,,39.1430244,-121.6312871,,,w_1415947229,"shop=department_store, brand=Burlington"
"Penn Valley, CA",,retail,452319,Five Below,,,,39.1432729,-121.6308778,,,w_1415947230,"shop=variety_store, brand=Five Below"
"Penn Valley, CA",,retail,445120,Valero,,,,38.8729557,-121.1302104,,,w_1421233220,"shop=convenience, brand=Valero"
