Location,Search Keyword,Segment,NAICS Code,Business Name,Address,Phone Number,Website,Latitude,Longitude,Rating,User Ratings,Place ID,Types
"Gold Mountain, CA",,retail,445110,Stater Bros.,"1155 Calimesa Boulevard, Calimesa, CA, 92320",+1 909-795-2224,https://www.staterbros.com/stores/71,33.995763,-117.0568568,,,n_457359176,"shop=supermarket, brand=Stater Bros."
"Gold Mountain, CA",,retail,445120,ampm,,,,33.9934397,-117.0576116,,,n_457367894,"shop=convenience, brand=ampm"
"Gold Mountain, CA",,retail,445120,Chevron,,,,33.9928393,-117.0565529,,,n_457370070,"shop=convenience, brand=Chevron"
"Gold Mountain, CA",,retail,445120,Circle K,,,,33.9936924,-117.0568424,,,n_457403249,"shop=convenience, brand=Circle K"
"Gold Mountain, CA",,retail,445110,Groceries for Less,,,,34.0048356,-117.0610138,,,n_457415708,shop=supermarket
"Gold Mountain, CA",,retail,445120,County Cork,,,,33.993913,-117.0578123,,,n_457719552,shop=convenience
"Gold Mountain, CA",,retail,445120,Calimesa Drive Thru Dairy,,,,33.9996171,-117.0599343,,,n_457748641,shop=convenience
"Gold Mountain, CA",,retail,445120,C & H Liquor,,,,34.0044841,-117.0620886,,,n_457748645,shop=convenience
"Gold Mountain, CA",,retail,445120,7-Eleven,"32487 Yucaipa Boulevard, Yucaipa, CA, 92399-1877",+1 909-797-6465,https://www.7-eleven.com/locations/ca/yucaipa/32487-yucaipa-blvd-17814,34.0335305,-117.0958508,,,n_583573357,"shop=convenience, brand=7-Eleven"
"Gold Mountain, CA",,retail,452210,Ross,"33720 Oak Glen Road, Yucaipa, CA, 92399",+1 909-797-0918,,34.0359857,-117.0685346,,,n_584865710,"shop=department_store, brand=Ross"
"Gold Mountain, CA",,retail,445110,Stater Bros.,"34460 Yucaipa Boulevard, Yucaipa, CA, 92399",+1 909-790-0060,https://www.staterbros.com/stores/23,34.0353277,-117.0526065,,,n_942830211,"shop=supermarket, brand=Stater Bros."
"Gold Mountain, CA",,retail,445120,Chevron,,,,34.1361476,-117.1935993,,,n_1295131161,"shop=convenience, amenity=fuel, brand=Chevron"
"Gold Mountain, CA",,retail,445120,Elkhorn General Store,,,,34.0857985,-116.9101271,,,n_1370499198,shop=convenience
"Gold Mountain, CA",,retail,445310,Home of the Hangover Liquor Store,"42074 Big Bear Boulevard, Big Bear Lake, CA, 92315",+19098662103,https://www.homeofthehangover.com/,34.244677,-116.8842746,,,n_1456528397,shop=alcohol
"Gold Mountain, CA",,retail,445120,,,,,34.2410273,-116.9172856,,,n_1458412353,shop=convenience
"Gold Mountain, CA",,retail,445210,House of Jerky,,,,34.2411765,-116.9113717,,,n_1458418462,shop=butcher
"Gold Mountain, CA",,retail,445310,Our Town Liquor,,,,34.2413493,-116.916769,,,n_1458420336,shop=alcohol
"Gold Mountain, CA",,retail,445110,Jensen's,,,,34.2473097,-117.2087379,,,n_2580087339,shop=supermarket
"Gold Mountain, CA",,retail,445120,7-Eleven,"41440 Big Bear Boulevard, Big Bear Lake, CA, 92315",+1 909-866-7711,https://www.7-eleven.com/locations/ca/big-bear-lake/41440-big-bear-blvd-22809,34.2438936,-116.8980634,,,n_2720342187,"shop=convenience, brand=7-Eleven"
"Gold Mountain, CA",,retail,445210,Jeff's Famous Beef Jerky,40804B Village Drive,,,34.2400902,-116.9117228,,,n_2789823917,shop=butcher
"Gold Mountain, CA",,retail,445120,Fawnskin Market,"39187 North Shore Drive, Fawnskin, 92333",,,34.2691878,-116.9469479,,,n_2847597677,shop=convenience
"Gold Mountain, CA",,retail,445120,Country Market Liquor,,,,34.0765263,-116.5419715,,,n_3269938341,shop=convenience
"Gold Mountain, CA",,retail,445120,7-Eleven,"55277 29 Palms Highway, Yucca Valley, CA, 92284",+1 760-365-4441,https://www.7-eleven.com/locations/ca/yucca-valley/55277-twenty-nine-palms-21036,34.115878,-116.458194,,,n_3269942265,"shop=convenience, brand=7-Eleven"
"Gold Mountain, CA",,retail,452319,Lighthouse General Store,,,https://www.bigbearlighthouseresort.com/,34.2617796,-116.9175585,,,n_3367436539,shop=general
"Gold Mountain, CA",,retail,446110,CVS Pharmacy,,,https://www.cvs.com/store-locator/redlands-ca-pharmacies/1795-e-lugonia-ave-redlands-ca-92374/storeid=10310,34.0705902,-117.139346,,,n_3425692364,"shop=chemist, brand=CVS Pharmacy"
"Gold Mountain, CA",,retail,445110,Stater Bros.,"1775 East Lugonia Avenue, Redlands, CA, 92374",+1 909-794-0105,https://www.staterbros.com/stores/191,34.0715538,-117.1401034,,,n_3425722427,"shop=supermarket, brand=Stater Bros."
"Gold Mountain, CA",,retail,445120,Jensen's,"31987 Hilltop Blvd, Running Springs, CA, 92382",909-867-2228,,34.2042129,-117.105387,,,n_3683209505,shop=convenience
"Gold Mountain, CA",,retail,445120,7-Eleven,"33561 Yucaipa Boulevard, Yucaipa, CA, 92399",+1 909-797-5837,https://www.7-eleven.com/locations/ca/yucaipa/33561-yucaipa-blvd-35977,34.0335493,-117.0719716,,,n_3946673058,"shop=convenience, brand=7-Eleven"
"Gold Mountain, CA",,retail,445110,Greenspot Market,,,,34.0712263,-117.0993453,,,n_4182185490,shop=supermarket
"Gold Mountain, CA",,retail,445120,Circle K,"20920 Bear Valley Road, Apple Valley, CA, 92308",+1 760-240-3537,,34.4719288,-117.2073355,,,n_4636881834,"shop=convenience, brand=Circle K"
"Gold Mountain, CA",,retail,445110,Stater Bros.,"3633 Highland Avenue, Highland, CA, 92346",+1 909-864-0122,https://www.staterbros.com/stores/58,34.1343034,-117.2077413,,,n_5355805499,"shop=supermarket, brand=Stater Bros."
"Gold Mountain, CA",,retail,445110,Food 4 Less,"26529 Highland Avenue, Highland, 92346",,,34.1343346,-117.225236,,,n_5355835998,"shop=supermarket, brand=Food 4 Less"
"Gold Mountain, CA",,retail,452210,Big Lots,"26545 Highland Avenue, Highland, 92346",,,34.1344273,-117.224498,,,n_5355844208,"shop=department_store, brand=Big Lots"
"Gold Mountain, CA",,retail,445120,7-Eleven,"1365 Citrus Avenue, Redlands, CA, 92374-4012",+1 909-792-9350,https://www.7-eleven.com/locations/ca/redlands/1365-citrus-ave-13958,34.0559949,-117.1571508,,,n_5877018171,"shop=convenience, brand=7-Eleven"
"Gold Mountain, CA",,retail,445110,Stater Bros.,"11 East Colton Avenue, Redlands, CA, 92374",+1 909-792-3900,https://www.staterbros.com/stores/18,34.0637658,-117.1818978,,,n_6125240164,"shop=supermarket, brand=Stater Bros."
"Gold Mountain, CA",,retail,445110,Lucerne Valley Market and Hardware,,,,34.4406496,-116.9450629,,,n_6689581888,shop=supermarket
"Gold Mountain, CA",,retail,445110,Jensen's Minute Shoppe,,,,34.2543017,-117.1731436,,,n_7737339887,shop=supermarket
"Gold Mountain, CA",,retail,445110,Stater Bros.,"28100 California 189, Lake Arrowhead, CA, 92352",+1 909-337-5854,https://www.staterbros.com/stores/92,34.2505706,-117.190455,,,n_7737522586,"shop=supermarket, brand=Stater Bros."
"Gold Mountain, CA",,retail,446120,Modern Nails,"1008 Cherry Valley Boulevard, Calimesa, CA, 92320",,,33.9667699,-117.0361957,,,n_9089150977,shop=beauty
"Gold Mountain, CA",,retail,445120,,,,,34.028759,-117.1186907,,,n_9341603464,shop=convenience
"Gold Mountain, CA",,retail,445120,ampm,,,,34.0283366,-117.1197815,,,n_9341603466,"shop=convenience, brand=ampm"
"Gold Mountain, CA",,retail,453110,Little Green House,,+18009095352,https://www.bigbearflorist.com/,34.2437,-116.897568,,,n_9946668267,shop=florist
"Gold Mountain, CA",,retail,453991,Big Bear Smoke Shop & Vape,"207 West Big Bear Boulevard, Big Bear City, CA, 92314",+19095476720,,34.2613496,-116.8470977,,,n_10167572062,shop=tobacco
"Gold Mountain, CA",,retail,445120,,,,,34.029865,-117.1152364,,,n_10202225164,shop=convenience
"Gold Mountain, CA",,retail,452319,Dollar General,"Lucerne Valley, CA, 92356",,https://www.dollargeneral.com/store-directory/ca/lucerne-valley/14280,34.4444394,-116.9533338,,,n_10210817431,"shop=variety_store, brand=Dollar General"
"Gold Mountain, CA",,retail,446120,Blue Jay Nails & Spa,,,,34.2456744,-117.210261,,,n_11272941350,shop=beauty
"Gold Mountain, CA",,retail,446191,Health Habitat,,,,34.2464696,-117.2101885,,,n_11272945473,shop=health_food
"Gold Mountain, CA",,retail,445120,Food Mart,,,,33.9324261,-116.8230135,,,n_11929210573,shop=convenience
"Gold Mountain, CA",,retail,452319,Dollar General,,,,34.1183453,-116.4530957,,,n_12459786768,"shop=variety_store, brand=Dollar General"
"Gold Mountain, CA",,retail,445120,Circle K,,,,34.0448702,-116.5836055,,,n_12459871164,"shop=convenience, brand=Circle K"
"Gold Mountain, CA",,retail,452319,Dollar General,,,,34.0533996,-116.5747915,,,n_12459879351,"shop=variety_store, brand=Dollar General"
"Gold Mountain, CA",,retail,452210,Marshalls,"42126 Big Bear Boulevard, Big Bear Lake, CA, 92315",+1-909-866-0883,https://www.marshalls.com/us/store/stores/Big+Bear+Lake-CA-92315/1592/aboutstore,34.2479266,-116.8843948,,,n_12501669608,"shop=department_store, brand=Marshalls"
"Gold Mountain, CA",,retail,445110,Grocery Outlet,"42126 Big Bear Boulevard, Big Bear Lake, CA, 92315",+1-909-340-2001,https://www.groceryoutlet.com/grand-opening/big-bear-lake,34.2476405,-116.8843951,,,n_12501669609,"shop=supermarket, brand=Grocery Outlet, operator=Adam & Tara Mazzella"
"Gold Mountain, CA",,retail,452210,Neiman Marcus Last Call,,+1-951-922-9009,,33.9306478,-116.818097,,,n_12571509952,"shop=department_store, brand=Neiman Marcus"
"Gold Mountain, CA",,retail,446120,,,,,34.122843,-117.1939832,,,n_12974351882,shop=beauty
"Gold Mountain, CA",,retail,446120,Top Nails,"20920 Bear Valley Road, Apple Valley, CA, 92308",+1 760-961-0894,,34.4719311,-117.2071131,,,n_13031158945,shop=beauty
"Gold Mountain, CA",,retail,453991,Uptown Smoke & Vape,"20920 Bear Valley Road, Apple Valley, CA, 92308",,,34.4719304,-117.2070219,,,n_13031158946,shop=tobacco
"Gold Mountain, CA",,retail,453991,OG Vape & Glass,"21699 Yucca Loma Road, Apple Valley, CA, 92307",,,34.4992519,-117.1904768,,,n_13076720690,shop=tobacco
"Gold Mountain, CA",,retail,445230,Fresh Oranges,,,,34.0453634,-117.1591102,,,w_111562510,shop=greengrocer
"Gold Mountain, CA",,retail,445110,Vons,"42170 Big Bear Boulevard, Big Bear Lake, CA, 92315",+1 909-866-8459,https://local.vons.com/ca/big-bear-lake/42170-big-bear-blvd.html,34.2524287,-116.885186,,,w_128839093,"shop=supermarket, brand=Vons"
"Gold Mountain, CA",,retail,445110,Stater Bros.,"42171 Big Bear Boulevard, Big Bear Lake, CA, 92315",+1 909-866-5211,https://www.staterbros.com/stores/91,34.2528656,-116.8833274,,,w_130004961,"shop=supermarket, brand=Stater Bros."
"Gold Mountain, CA",,retail,445110,Vons,"33644 Yucaipa Boulevard, Yucaipa, CA, 92399",+1 909-797-7052,https://local.vons.com/ca/yucaipa/33644-yucaipa-blvd.html,34.0353939,-117.070136,,,w_133957909,"shop=supermarket, brand=Vons"
"Gold Mountain, CA",,retail,445110,Stater Bros.,"11365 Bryant Street, Yucaipa, CA, 92399",+1 909-790-3636,https://www.staterbros.com/stores/125,34.0473445,-117.0324682,,,w_206186707,"shop=supermarket, brand=Stater Bros."
"Gold Mountain, CA",,retail,445110,Albertsons,"7201 Boulder Avenue, Highland, CA, 92346",+1 909-425-9100,https://local.albertsons.com/ca/highland/7201-boulder-ave.html,34.1238447,-117.193607,,,w_208956864,"shop=supermarket, brand=Albertsons"
"Gold Mountain, CA",,retail,445230,,,,,34.2099341,-117.085837,,,w_210116317,shop=greengrocer
"Gold Mountain, CA",,retail,445230,,,,,34.2093939,-117.0861164,,,w_210116322,shop=greengrocer
"Gold Mountain, CA",,retail,445230,jerky,,,,34.2101781,-117.0856702,,,w_210116323,shop=greengrocer
"Gold Mountain, CA",,retail,445230,,,,,34.2100595,-117.085749,,,w_210116330,shop=greengrocer
"Gold Mountain, CA",,retail,452319,Dollar Tree,42150 Big Bear Boulevard,,https://www.dollartree.com/locations/ca/big-bear-lake/2959/,34.25215,-116.8859682,,,w_238637905,"shop=variety_store, brand=Dollar Tree"
"Gold Mountain, CA",,retail,445110,VILLAGE MARKET,,,,34.2087397,-117.1148476,,,w_238796867,shop=supermarket
"Gold Mountain, CA",,retail,445120,7-Eleven,,,https://www.7-eleven.com/locations/ca/big-bear-lake/41901-big-bear-blvd-32151,34.2428229,-116.8877537,,,w_238821811,"shop=convenience, brand=7-Eleven"
"Gold Mountain, CA",,retail,445120,ampm,,,,34.2558043,-116.8828774,,,w_239854307,"shop=convenience, brand=ampm"
"Gold Mountain, CA",,retail,445110,ALDI,"4020 Highland Avenue, Highland, CA, 92346-2637",+1 909-543-0758,https://stores.aldi.us/ca/highland/4020-highland-ave,34.1374634,-117.1985117,,,w_270782774,"shop=supermarket, brand=ALDI"
"Gold Mountain, CA",,retail,445110,Walmart Supercenter,"4210 Highland Avenue, Highland, CA, 92346",+1 909-425-8846,https://www.walmart.com/store/1914-highland-ca,34.1376488,-117.1947957,,,w_270782816,"shop=supermarket, brand=Walmart, operator=Walmart"
"Gold Mountain, CA",,retail,445120,Easy's General Store,"498 Maple Lane, Sugar Loaf, 92386",,,34.2433184,-116.8253878,,,w_277490668,shop=convenience
"Gold Mountain, CA",,retail,445210,Smokey's Beef Jerky,"42167 Big Bear Boulevard, Big Bear Lake, 92315",+19098664511,https://smokeysbeefjerky.com/,34.2518817,-116.8839292,,,w_277497560,shop=butcher
"Gold Mountain, CA",,retail,445120,Community Market,"100 East Big Bear Boulevard, Big Bear City",,,34.2609148,-116.8453665,,,w_277504777,shop=convenience
"Gold Mountain, CA",,retail,445120,,,,,34.0702814,-117.1221264,,,w_335468740,shop=convenience
"Gold Mountain, CA",,retail,445120,7-Eleven,"2384 Arden Avenue, San Bernardino, CA, 92404",+1 909-936-9651,https://www.7-eleven.com/locations/ca/san-bernardino/2384-arden-ave-13954,34.1379565,-117.2354055,,,w_356387333,"shop=convenience, brand=7-Eleven"
"Gold Mountain, CA",,retail,445120,Shell,,,,34.004276,-117.063718,,,w_389112218,"shop=convenience, brand=Shell"
"Gold Mountain, CA",,retail,445120,Fastrip,"13710 Calimesa Boulevard, Yucaipa, CA, 92399",(909) 795-8317,,34.0043622,-117.0628811,,,w_389112220,shop=convenience
"Gold Mountain, CA",,retail,445120,ampm,,,,33.9937086,-117.0577573,,,w_389116537,"shop=convenience, brand=ampm"
"Gold Mountain, CA",,retail,445120,7-Eleven,"301 COUNTYLINE, Calimesa, CA, 92320-1213",+1 909-795-6735,https://www.7-eleven.com/locations/ca/calimesa/301-countyline-13980,34.0039128,-117.0477824,,,w_389116548,"shop=convenience, brand=7-Eleven"
"Gold Mountain, CA",,retail,445110,Ranch Market,,,,34.0688759,-117.1728334,,,w_421177868,shop=supermarket
"Gold Mountain, CA",,retail,445120,,,,,34.0623632,-117.1809873,,,w_427366624,shop=convenience
"Gold Mountain, CA",,retail,445120,7-Eleven,"21718 Bear Valley Road, Apple Valley, CA",,https://www.7-eleven.com/locations/ca/apple-valley/21718-bear-valley-rd-23008,34.4720272,-117.1898542,,,w_460849802,"shop=convenience, brand=7-Eleven"
"Gold Mountain, CA",,retail,452210,Big Lots,"21640 Bear Valley Road, Apple Valley, CA, 92308",+1 760-961-0051,https://local.biglots.com/ca/apple-valley/21640-bear-valley-rd,34.4729488,-117.1911999,,,w_473795886,"shop=department_store, brand=Big Lots"
"Gold Mountain, CA",,retail,445110,Stater Bros.,"21602 Bear Valley Road, Apple Valley, CA, 92308",+1 760-240-3124,https://www.staterbros.com/stores/110,34.4729521,-117.1922677,,,w_479415412,"shop=supermarket, brand=Stater Bros."
"Gold Mountain, CA",,retail,445110,Grocery Outlet,,,,34.2476477,-117.2068575,,,w_481332585,"shop=supermarket, brand=Grocery Outlet"
"Gold Mountain, CA",,retail,445110,Stater Bros.,"28988 Greenspot Road, Highland, CA, 92346",+1 909-863-7600,https://www.staterbros.com/stores/182,34.1112011,-117.1721237,,,w_492429778,"shop=supermarket, brand=Stater Bros."
"Gold Mountain, CA",,retail,445110,Food 4 Less,"20801 Bear Valley Road, Apple Valley, CA, 92308",+1 760-247–4990,https://www.food4less.com/stores/grocery/ca/apple-valley/kiowa-square/704/00782?cid=loc_70400782_fb,34.4701316,-117.2090667,,,w_494068973,"shop=supermarket, brand=Food 4 Less"
"Gold Mountain, CA",,retail,452319,Dollar General,"20834 Outer Bear Valley Road, Apple Valley, CA, 92308",+1 760-503-5595,https://www.dollargeneral.com/store-directory/ca/apple-valley/14805,34.4720498,-117.2089729,,,w_494073089,"shop=variety_store, brand=Dollar General"
"Gold Mountain, CA",,retail,445310,Cost Less Liquors,,,,34.4707901,-117.2073755,,,w_494674986,shop=alcohol
"Gold Mountain, CA",,retail,445120,ampm,"20815 Bear Valley Outerhighway South, Apple Valley, CA, 92308",,,34.470932,-117.2082867,,,w_494676594,"shop=convenience, brand=ampm"
"Gold Mountain, CA",,retail,445310,,,,,34.4708737,-117.2034828,,,w_494679049,shop=alcohol
"Gold Mountain, CA",,retail,445120,,"22488 Happy Trails Highway, Apple Valley, CA, 92307",+1 760-240-3885,,34.5012323,-117.1734697,,,w_494683747,shop=convenience
"Gold Mountain, CA",,retail,452319,Absolute Dollar,"21738 Outer Hwy 18 North, Apple Valley, CA, 92307",,https://www.absolutedollarstore.com/,34.5012369,-117.1895932,,,w_495150503,shop=variety_store
"Gold Mountain, CA",,retail,452319,Dollar General,,,https://www.dollargeneral.com/store-directory/ca/apple-valley/12997,34.4984804,-117.1908115,,,w_495829352,"shop=variety_store, brand=Dollar General"
"Gold Mountain, CA",,retail,446110,Walgreens,"21650 Outer Hwy 18 North, Apple Valley, CA, 92307",+1 760-240-0866,https://www.walgreens.com/locator/walgreens-21650+us+highway+18-apple+valley-ca-92307/id=12332,34.5014647,-117.191255,,,w_495903746,"shop=chemist, brand=Walgreens"
"Gold Mountain, CA",,retail,445210,,,,,34.5001672,-117.184905,,,w_511268986,shop=butcher
"Gold Mountain, CA",,retail,445310,,,,,34.5011017,-117.1863252,,,w_512620886,shop=alcohol
"Gold Mountain, CA",,retail,452319,Family Dollar,"27356 Baseline Street, Highland, 92346",,,34.1217423,-117.2071949,,,w_556284692,"shop=variety_store, brand=Family Dollar"
"Gold Mountain, CA",,retail,445110,Smart & Final,"27550 Base Line Street, Highland, 92346",,,34.1221818,-117.2036859,,,w_556284694,"shop=supermarket, brand=Smart & Final"
"Gold Mountain, CA",,retail,445310,,,,,34.120599,-117.2257786,,,w_556499978,shop=alcohol
"Gold Mountain, CA",,retail,445310,,,,,34.1246527,-117.2267375,,,w_556499986,shop=alcohol
"Gold Mountain, CA",,retail,445310,Desert Liquor,"22020 Rusty Court, Apple Valley, CA, 92308",,,34.4719024,-117.1831667,,,w_560419791,shop=alcohol
"Gold Mountain, CA",,retail,445110,Stater Bros.,"1430 Beaumont Avenue, Beaumont, CA, 92223",+1 951-845-8770,https://www.staterbros.com/stores/173,33.948255,-116.9757815,,,w_681734600,"shop=supermarket, brand=Stater Bros."
"Gold Mountain, CA",,retail,445210,Apple Valley Carniceria,"22142 Happy Trails Highway, Apple Valley, CA, 92307",,,34.5009487,-117.1810565,,,w_705059485,shop=butcher
"Gold Mountain, CA",,retail,445120,Dino Mart,"32787 Highway 18, Lucerne Valley, CA, 92356",,,34.4433929,-116.950091,,,w_712559140,shop=convenience
"Gold Mountain, CA",,retail,445120,Good Shop,,,,34.4435808,-116.9505841,,,w_712559145,shop=convenience
"Gold Mountain, CA",,retail,453991,Smoke Club XXI,,,,34.4441265,-116.9474118,,,w_713414052,shop=tobacco
"Gold Mountain, CA",,retail,452319,Pioneer Town General Store,,,,34.1568694,-116.4943494,,,w_810204585,shop=general
"Gold Mountain, CA",,retail,445110,Stater Bros.,"1004 Cherry Valley Boulevard, Calimesa, CA, 92320",+1 951-769-4095,https://www.staterbros.com/stores/205,33.9667522,-117.0356369,,,w_841525958,"shop=supermarket, brand=Stater Bros."
"Gold Mountain, CA",,retail,445310,Halliday's Liquor,,,,34.2662888,-116.4416194,,,w_883003058,shop=alcohol
"Gold Mountain, CA",,retail,452319,Dollar General,"1058 Old Woman Springs Road, Yucca Valley, CA",,https://www.dollargeneral.com/store-directory/ca/yucca-valley/13656,34.2337481,-116.4403167,,,w_883003069,"shop=variety_store, brand=Dollar General"
"Gold Mountain, CA",,retail,445120,Valero,,,,34.2319909,-116.4400474,,,w_883003072,"shop=convenience, brand=Valero, operator=Hero"
"Gold Mountain, CA",,retail,445120,Hero,,,,34.231876,-116.440303,,,w_883003073,shop=convenience
"Gold Mountain, CA",,retail,445110,ALDI,"34000 Yucaipa Boulevard, Yucaipa, CA, 92399-2012",+1 909-529-0856,https://stores.aldi.us/ca/yucaipa/34000-yucaipa-blvd,34.0344933,-117.0617338,,,w_959612901,"shop=supermarket, brand=ALDI"
"Gold Mountain, CA",,retail,445120,7-Eleven,"1020 Cherry Valley Boulevard, Calimesa, CA, 92320",,https://www.7-eleven.com/locations/ca/calimesa/1020-cherry-valley-blvd-38762,33.9659795,-117.0376417,,,w_982953972,"shop=convenience, brand=7-Eleven"
"Gold Mountain, CA",,retail,445120,,,,,34.0334818,-117.0535032,,,w_997055854,shop=convenience
"Gold Mountain, CA",,retail,445110,Banning Village Market,"266 San Gorgonio Avenue, Banning, CA, 92220",,,33.9276617,-116.8764468,,,w_1276581978,shop=supermarket
"Gold Mountain, CA",,retail,445120,Central Market,"22520 Bear Valley Road, Apple Valley, CA, 92308",,,34.4723775,-117.1720838,,,w_1410870088,shop=convenience
