Location,Search Keyword,Segment,NAICS Code,Business Name,Address,Phone Number,Website,Latitude,Longitude,Rating,User Ratings,Place ID,Types
"Kingsburg, CA",,retail,445110,Kearney Palms Shopping Mall,,,,36.7313378,-119.801533,,,n_358763951,shop=supermarket
"Kingsburg, CA",,retail,445120,Sunny Market,,,,36.7502686,-119.664071,,,n_1387567040,shop=convenience
"Kingsburg, CA",,retail,452319,Botanica Judas Tadeo,,,,36.7348858,-119.791373,,,n_1755119709,shop=variety_store
"Kingsburg, CA",,retail,452319,Botanica San Judas,,,,36.7343755,-119.7908878,,,n_1755119710,shop=variety_store
"Kingsburg, CA",,retail,452319,Botanica,,,,36.7355283,-119.792193,,,n_1755119711,shop=variety_store
"Kingsburg, CA",,retail,445120,Mi Casita Astral,,,,36.7341266,-119.7906211,,,n_1755119713,shop=convenience
"Kingsburg, CA",,retail,445120,Fallas Discount Store,,,,36.7355522,-119.7917452,,,n_1755119742,shop=convenience
"Kingsburg, CA",,retail,445120,Fullerton Mini Mart,,,,36.7354286,-119.7920859,,,n_1755119757,shop=convenience
"Kingsburg, CA",,retail,452319,Goodwill,,,,36.7342194,-119.7907208,,,n_1755119760,shop=variety_store
"Kingsburg, CA",,retail,445110,El Super,,,,36.7423058,-119.7709994,,,n_1918053663,shop=supermarket
"Kingsburg, CA",,retail,445120,7-Eleven,,,https://www.7-eleven.com/locations/ca/fresno/6015-e-kings-canyon-19835,36.7364124,-119.681816,,,n_2277852023,"shop=convenience, brand=7-Eleven"
"Kingsburg, CA",,retail,445110,Save Mart,,,,36.7368982,-119.696048,,,n_2277852329,"shop=supermarket, brand=Save Mart"
"Kingsburg, CA",,retail,445210,Carniceria,,,,36.7660781,-119.7340987,,,n_2456462410,shop=butcher
"Kingsburg, CA",,retail,445310,Franks Liquor,,,,36.3334616,-119.2975233,,,n_2529640614,shop=alcohol
"Kingsburg, CA",,retail,445110,Walmart Neighborhood Market,"1830 Shaw Avenue, Clovis, CA, 93611",+1 559-862-2718,https://www.walmart.com/store/5633-clovis-ca,36.807126,-119.680832,,,n_2653323103,"shop=supermarket, brand=Walmart, operator=Walmart"
"Kingsburg, CA",,retail,445120,Kwik Break,,,,36.343122,-119.808871,,,n_2789494036,shop=convenience
"Kingsburg, CA",,retail,445110,Grocery Outlet,"2820 Tulare Street, Fresno, 93721",+1 559 499-1400,https://groceryoutlet.com/,36.7397308,-119.781514,,,n_3146681807,"shop=supermarket, brand=Grocery Outlet, operator=Chris Caillier"
"Kingsburg, CA",,retail,452319,Minkler General Store,,,,36.7226118,-119.4575406,,,n_3202555939,shop=variety_store
"Kingsburg, CA",,retail,445110,best buy market,"Visalia, CA",,,36.3134312,-119.3059128,,,n_3447192034,shop=supermarket
"Kingsburg, CA",,retail,445110,Mr. G's Country Store,"2259 West Tahoe Street, Caruthers, CA, 93609",,,36.5429603,-119.831597,,,n_3483479949,shop=supermarket
"Kingsburg, CA",,retail,452319,Army Surplus,,,,36.7508647,-119.7896827,,,n_3545931878,shop=variety_store
"Kingsburg, CA",,retail,446120,Royal Nails,,,,36.8388769,-119.6811825,,,n_3545960954,shop=beauty
"Kingsburg, CA",,retail,445120,7-Eleven,"5630 East Ashlan, Fresno, CA, 93727",+1 559-291-9025,https://www.7-eleven.com/locations/ca/fresno/5630-e-ashlan-13916,36.7928168,-119.698805,,,n_4004486093,"shop=convenience, brand=7-Eleven"
"Kingsburg, CA",,retail,445110,Vons,"3100 Fowler Avenue, Clovis, CA, 93611",+1 559-294-6720,https://local.vons.com/ca/clovis/3100-fowler-ave.html,36.795317,-119.68425,,,n_4004486094,"shop=supermarket, brand=Vons"
"Kingsburg, CA",,retail,445110,SaveMart,Clovis,,,36.8101207,-119.6737704,,,n_4005055083,shop=supermarket
"Kingsburg, CA",,retail,445310,Vallee,"Clovis, CA",,,36.8099489,-119.6745965,,,n_4005055084,shop=alcohol
"Kingsburg, CA",,retail,452319,99 Cents Only Stores,,,https://locations.99only.com/ca/fresno/discount-store-204.html,36.7375978,-119.7288828,,,n_4633455257,"shop=variety_store, brand=99 Cents Only Stores"
"Kingsburg, CA",,retail,445110,WinCo Foods,,,,36.7333331,-119.719699,,,n_4633455258,"shop=supermarket, brand=WinCo Foods"
"Kingsburg, CA",,retail,445110,Cell Pros,"5211 East Kings Canyon Road, Fresno, CA, 93727",,,36.7362918,-119.7179935,,,n_4664760803,shop=supermarket
"Kingsburg, CA",,retail,446120,Nails World,"1866 W Lacey Blvd, Hanford, CA, 93230",+1 559-589-1394,https://www.nailsworldca.com/,36.3285173,-119.6763459,,,n_4666764209,shop=beauty
"Kingsburg, CA",,retail,445292,Kogetsu-Do Confectionery,"920 F Street, 93706",559-237-2670,,36.7298574,-119.7940795,,,n_4962804742,shop=confectionery
"Kingsburg, CA",,retail,445110,Vallarta,,,,36.7874014,-119.752607,,,n_5568515982,"shop=supermarket, brand=Vallarta"
"Kingsburg, CA",,retail,445120,,,,,36.7715487,-119.8434968,,,n_5701389287,shop=convenience
"Kingsburg, CA",,retail,445120,Speedway,"3177 North Cedar Avenue, Fresno, CA, 93703",,https://www.speedway.com/locations/CA/Fresno/3177-N-Cedar-Ave,36.7791806,-119.7549429,,,n_5701684508,"shop=convenience, brand=Speedway"
"Kingsburg, CA",,retail,445120,,,,,36.7785991,-119.8469419,,,n_5712803093,shop=convenience
"Kingsburg, CA",,retail,445120,,,,,36.6835281,-119.1873722,,,n_6422020628,shop=convenience
"Kingsburg, CA",,retail,452210,Marshalls,,,,36.3257819,-119.676177,,,n_6536788765,"shop=department_store, brand=Marshalls"
"Kingsburg, CA",,retail,446120,Ulta Beauty,"168 12th Avenue, Hanford, CA, 93230",+1 559-587-9433,https://www.ulta.com/stores/hanford-ca-636,36.3244295,-119.676092,,,n_6536788772,"shop=beauty, brand=Ulta Beauty"
"Kingsburg, CA",,retail,452210,Target,"140 North 12th Avenue, Hanford, CA, 93230-5971",+1 559-582-9298,https://www.target.com/sl/hanford/1906,36.3237851,-119.676443,,,n_6536788773,"shop=department_store, brand=Target"
"Kingsburg, CA",,retail,453991,,,,,36.3285141,-119.676439,,,n_6536788779,shop=tobacco
"Kingsburg, CA",,retail,452319,Dollar Tree,,,https://www.dollartree.com/locations/ca/hanford/1246/,36.3302644,-119.675451,,,n_6536797486,"shop=variety_store, brand=Dollar Tree"
"Kingsburg, CA",,retail,445110,Foods Co,,,,36.328981,-119.676244,,,n_6536797487,"shop=supermarket, brand=Foods Co"
"Kingsburg, CA",,retail,452210,Kohl's,"1677 West Lacey Boulevard, Hanford, CA, 93230",+1 559-589-6439,https://www.kohls.com/stores/ca/hanford-1400.shtml,36.326703,-119.671364,,,n_6536797495,"shop=department_store, brand=Kohl's"
"Kingsburg, CA",,retail,452210,JCPenney,,,,36.32401,-119.671073,,,n_6536797499,"shop=department_store, brand=JCPenney"
"Kingsburg, CA",,retail,445110,Cost Less,,,,36.3222534,-119.65593,,,n_6593325447,shop=supermarket
"Kingsburg, CA",,retail,452210,Big Lots,"150 South 11th Avenue, Hanford, CA, 93230",+1 559-583-1174,https://local.biglots.com/ca/hanford/150-s-11th-ave,36.3228326,-119.6575884,,,n_6593325450,"shop=department_store, brand=Big Lots"
"Kingsburg, CA",,retail,445110,Grocery Outlet,,,,36.3264932,-119.651394,,,n_6594608073,"shop=supermarket, brand=Grocery Outlet"
"Kingsburg, CA",,retail,445110,Harrods Market,,,,36.3258332,-119.6448523,,,n_7249785561,shop=supermarket
"Kingsburg, CA",,retail,445120,Chevron,,,,36.3596221,-119.65437,,,n_7282228751,"shop=convenience, brand=Chevron"
"Kingsburg, CA",,retail,446110,CVS Pharmacy,,,https://www.cvs.com/store-locator/hanford-ca-pharmacies/2539-n-11th-ave-hanford-ca-93230/storeid=9893,36.3577471,-119.65396,,,n_7282228868,"shop=chemist, brand=CVS Pharmacy"
"Kingsburg, CA",,retail,446120,Pure Tan,,,,36.3580701,-119.6540764,,,n_7282228869,shop=beauty
"Kingsburg, CA",,retail,453991,Sal's Tobacco & more,,,,36.3581344,-119.6540761,,,n_7282228871,shop=tobacco
"Kingsburg, CA",,retail,446120,Fargo Nail,,,,36.358008,-119.654071,,,n_7282228886,shop=beauty
"Kingsburg, CA",,retail,445110,ALDI,"1725 Herndon Avenue, Clovis, CA, 93611-0530",+1 833-479-7011,https://stores.aldi.us/ca/clovis/1725-herndon-ave,36.8378683,-119.68617,,,n_8663633215,"shop=supermarket, brand=ALDI"
"Kingsburg, CA",,retail,445120,Speedway,"1100 East Prosperity Avenue, Tulare, CA, 93274",,https://www.speedway.com/locations/CA/Tulare/1100-E-Prosperity-Ave,36.2264782,-119.3302097,,,n_9178743880,"shop=convenience, brand=Speedway"
"Kingsburg, CA",,retail,445120,Speedway,"2619 South East Avenue, Fresno, CA, 93706",,https://www.speedway.com/locations/CA/Fresno/2619-S-East-Ave,36.7066391,-119.7755004,,,n_9179009221,"shop=convenience, brand=Speedway"
"Kingsburg, CA",,retail,445110,Dollar General Market,"Clovis, CA",+1 559-712-7970,https://www.dollargeneral.com/store-directory/ca/clovis/13518,36.8223918,-119.7104875,,,n_9196747449,"shop=supermarket, brand=Dollar General"
"Kingsburg, CA",,retail,446120,,"4842 East Kings Canyon Road, Fresno, CA, 93727",+1-559-454-0531,https://beautiful-nails-fresno.edan.io/,36.734319,-119.7343441,,,n_9219789888,"shop=beauty, operator=Beautiful Nails"
"Kingsburg, CA",,retail,453991,Cigarettes,"4848 East Kings Canyon Road, Fresno, CA, 93727",+1-559-252-6400,,36.7355586,-119.7335731,,,n_9220129121,shop=tobacco
"Kingsburg, CA",,retail,445120,,,,,36.7348764,-119.7357137,,,n_9225655732,shop=convenience
"Kingsburg, CA",,retail,445110,Taj Yeeb Market,"4905 East Kings Canyon Road, Fresno, CA, 93727",+1-559-374-5950,,36.737446,-119.7312552,,,n_9225732599,shop=supermarket
"Kingsburg, CA",,retail,445120,,,,,36.7579461,-119.8090754,,,n_9249541392,shop=convenience
"Kingsburg, CA",,retail,445120,ampm,3060 East Tulare Avenue,,,36.742907,-119.7734,,,n_9596138780,"shop=convenience, brand=ampm"
"Kingsburg, CA",,retail,446120,Seva Beauty,,,,36.7380953,-119.7213349,,,n_9903215200,"shop=beauty, brand=Seva Beauty"
"Kingsburg, CA",,retail,452319,Dollar Tree,,,https://www.dollartree.com/locations/ca/fresno/1239/,36.7346996,-119.6971238,,,n_9930852036,"shop=variety_store, brand=Dollar Tree"
"Kingsburg, CA",,retail,445120,,,,,36.5453217,-119.3945539,,,n_9934097979,shop=convenience
"Kingsburg, CA",,retail,446120,DaVi Nails,,,,36.8395707,-119.6953598,,,n_10246141010,"shop=beauty, brand=DaVi Nails"
"Kingsburg, CA",,retail,446120,Patels Threading & Henna Art,"4025 Caldwell Avenue, Visalia, CA, 93277",,,36.2971371,-119.3355547,,,n_10605331756,shop=beauty
"Kingsburg, CA",,retail,453991,Cigarette Depot,"3837 Caldwell Avenue, Visalia, CA, 93277",,,36.2965584,-119.333272,,,n_10605331762,shop=tobacco
"Kingsburg, CA",,retail,445120,Rj's Travel Center,,,,36.4477315,-119.4849872,,,n_10705792753,shop=convenience
"Kingsburg, CA",,retail,445120,7-Eleven,,,https://www.7-eleven.com/locations/ca/reedley/865-w-manning-ave-37944,36.6038238,-119.4573179,,,n_10719858049,"shop=convenience, brand=7-Eleven"
"Kingsburg, CA",,retail,445110,R-N Market Visalia,,,,36.3239632,-119.2623167,,,n_10917830073,shop=supermarket
"Kingsburg, CA",,retail,445310,BevMo!,,,,36.8393283,-119.6975449,,,n_11253946628,"shop=alcohol, brand=BevMo!"
"Kingsburg, CA",,retail,445120,Palm Plaza Chevron,"1645 N 12th Ave, Hanford, CA, 93230",+1 559-530-3862,https://palmplazachevron.com,36.3421978,-119.672281,,,n_11271457733,shop=convenience
"Kingsburg, CA",,retail,452210,dd's Discounts,"3434 South Mooney Boulevard, Visalia, CA, 93277",+1-559-739-7865,https://www.ddsdiscounts.com/,36.2993476,-119.3117257,,,n_11654521843,"shop=department_store, brand=dd's Discounts"
"Kingsburg, CA",,retail,445110,Smart & Final Extra!,"3424 South Mooney Boulevard, Visalia, CA, 93277",,,36.2997469,-119.3117257,,,n_11654521844,"shop=supermarket, brand=Smart & Final"
"Kingsburg, CA",,retail,446120,Michelle Nails & Spa,"3540 South Mooney Boulevard, Visalia, CA, 93277",+1-559-627-4929,,36.2988506,-119.3126201,,,n_11654521856,shop=beauty
"Kingsburg, CA",,retail,452319,Dollar Tree,"3940 South Mooney Boulevard, Visalia, CA, 93277",+1-559-429-3366,https://www.dollartree.com/locations/ca/visalia/1253/,36.2954909,-119.3120408,,,n_11658303066,"shop=variety_store, brand=Dollar Tree"
"Kingsburg, CA",,retail,452210,Burlington,"3844 South Mooney Boulevard, Visalia, CA, 93277",+1 559-734-4692,https://stores.burlington.com/ca/visalia/873,36.2958751,-119.3106523,,,n_11658327171,"shop=department_store, brand=Burlington"
"Kingsburg, CA",,retail,446120,Fancy Nails & Spa,"3738 South Mooney Boulevard, Visalia, CA, 93277",+1-559-732-1808,https://fancynailsandspavisalia.com/,36.2969482,-119.311831,,,n_11658327180,shop=beauty
"Kingsburg, CA",,retail,446120,Simer's Threading and Heena Tattoos,"3722 South Mooney Boulevard, Visalia, CA, 93277",+1-559-622-8672,,36.2969277,-119.312103,,,n_11658327184,shop=beauty
"Kingsburg, CA",,retail,446120,Rare Blink & Beauty,"1933 West Caldwell Avenue, Visalia, CA, 93277",+1-559-747-7144,https://www.facebook.com/Rareblinkandbeauty/,36.2982113,-119.3119409,,,n_11658436517,shop=beauty
"Kingsburg, CA",,retail,446120,Rockstar Nail & Spa Visalia,,+1-559-625-8889,https://www.facebook.com/people/Rockstar-Nail-Spa-Visalia/100083051064974/,36.3255581,-119.3303059,,,n_11667086844,shop=beauty
"Kingsburg, CA",,retail,446120,Bebe Nails,,,,36.2929653,-119.3142028,,,n_11682526141,shop=beauty
"Kingsburg, CA",,retail,446120,Ulta Beauty,"4023 South Mooney Boulevard, Visalia, CA, 93277",+1 559-740-0568,https://www.ulta.com/stores/visalia-ca-711,36.2942096,-119.3153832,,,n_11682526147,"shop=beauty, brand=Ulta Beauty"
"Kingsburg, CA",,retail,452319,Five Below,,+1 559-635-1130,https://locations.fivebelow.com/ca/visalia/3729-south-mooney-boulevard,36.2965331,-119.3154051,,,n_11682855900,"shop=variety_store, brand=Five Below"
"Kingsburg, CA",,retail,452210,Marshalls,,,,36.3030443,-119.3154737,,,n_11686500755,"shop=department_store, brand=Marshalls"
"Kingsburg, CA",,retail,446120,Star Nails,,,,36.301443,-119.3128528,,,n_11686575101,shop=beauty
"Kingsburg, CA",,retail,446120,Bombshell,,,,36.3008486,-119.311994,,,n_11686575121,shop=beauty
"Kingsburg, CA",,retail,446120,Nice Nail & Spa,"5125 West Walnut Avenue, Visalia, CA, 93277",+1-559-625-2248,,36.3114526,-119.3474062,,,n_11695608812,shop=beauty
"Kingsburg, CA",,retail,453991,Mr. Nice Guy's Smoke Shop,,,,36.3115154,-119.3473238,,,n_11695608813,shop=tobacco
"Kingsburg, CA",,retail,445120,ampm,,,,36.330085,-119.3916704,,,n_11709378347,"shop=convenience, brand=ampm"
"Kingsburg, CA",,retail,445120,ExtraMile,,,,36.2979154,-119.3318045,,,n_11720565281,"shop=convenience, brand=ExtraMile"
"Kingsburg, CA",,retail,446110,CVS Pharmacy,"728 West Shaw Avenue, Fresno, CA, 93704",+15592261485,https://www.cvs.com/store-locator/fresno-ca-pharmacies/728-w-shaw-ave-fresno-ca-93704/storeid=9994,36.8099614,-119.806677,,,n_11746502585,"shop=chemist, brand=CVS Pharmacy"
"Kingsburg, CA",,retail,446120,Bath & Body Works,"734 West Shaw Avenue, Fresno, CA, 93704",+15592216429,https://www.bathandbodyworks.com/?cm_mmc=local_BBW01702,36.810393,-119.8066889,,,n_11746502587,"shop=cosmetics, brand=Bath & Body Works"
"Kingsburg, CA",,retail,446120,Sola Salons,"756 West Shaw Avenue, Fresno, CA, 93704",+15595692772,https://www.solasalonstudios.com/locations/fig-garden-village,36.8115501,-119.8052818,,,n_11796266113,"shop=beauty, brand=Sola Salons"
"Kingsburg, CA",,retail,445110,Save Mart,"4120 North West Avenue, Fresno, CA, 93705",+15592226620,,36.7922572,-119.8246784,,,n_11846391884,"shop=supermarket, brand=Save Mart"
"Kingsburg, CA",,retail,445110,Vallarta,"1951 West Clinton Avenue, Fresno, CA, 93705",+15594763920,https://vallartasupermarkets.com/store-locations/Fresno-49,36.7708458,-119.8350155,,,n_11846391937,"shop=supermarket, brand=Vallarta"
"Kingsburg, CA",,retail,445120,MR5 Food Mart,,,,36.8201068,-119.379605,,,n_11882537614,shop=convenience
"Kingsburg, CA",,retail,445110,Smart & Final Extra!,"5700 North Blackstone Avenue, Fresno, CA, 93710",+15594395954,https://www.smartandfinal.com/store,36.8210667,-119.7881552,,,n_11889588912,"shop=supermarket, brand=Smart & Final"
"Kingsburg, CA",,retail,446120,Lucky Star Nails & Spa,"5776 North Blackstone Avenue, Fresno, CA, 93710",+15594397499,,36.8221919,-119.7898513,,,n_11898068128,shop=beauty
"Kingsburg, CA",,retail,445310,Redwave Liquor,"2633 East Shaw Avenue, Fresno, CA, 93710",+15593480700,https://www.instagram.com/redwave_liquor/?hl=en,36.8079235,-119.7404852,,,n_11911077827,shop=alcohol
"Kingsburg, CA",,retail,446120,Eternity & Beyond,"4950 North Woodrow Avenue, Fresno, CA, 93726",+15599173750,https://www.eternity-and-beyond.com/contact-us.html,36.80757,-119.740629,,,n_11911077848,shop=cosmetics
"Kingsburg, CA",,retail,452210,Macy's,"1732 East Shaw Avenue, Fresno, CA, 93710",+15592226611,https://www.macys.com/stores/ca/fresno/fresno-furniture-and-mattress-gallery_365.html,36.8094336,-119.755571,,,n_11911123690,"shop=department_store, brand=Macy's"
"Kingsburg, CA",,retail,445310,Bulldog Liquor,"4968 North Cedar Avenue, Fresno, CA, 93726",+15592260148,,36.8080773,-119.7534141,,,n_11911123725,shop=alcohol
"Kingsburg, CA",,retail,453991,Phoenix Fire Glass,"4921 North Blackstone Avenue, Fresno, CA, 93726",+15592314979,https://www.phoenixfireglass1.com/,36.8073532,-119.7910136,,,n_11917187132,shop=tobacco
"Kingsburg, CA",,retail,445120,Retro Junction,"7010 North Cedar Avenue, Fresno, CA, 93720",+15597654124,http://places.singleplatform.com/retro-junction/menu,36.8377158,-119.7532991,,,n_11919222984,shop=convenience
"Kingsburg, CA",,retail,446120,Healthy Nails and Spa,"6737 North Cedar Avenue, Fresno, CA, 93710",+15595588613,,36.8359482,-119.7550636,,,n_11921596298,shop=beauty
"Kingsburg, CA",,retail,445110,R-N Market,"6670 North Cedar Avenue, Fresno, CA, 93710",+15594398044,https://rnsupermarkets.com/,36.8351018,-119.7522239,,,n_11921596314,shop=supermarket
"Kingsburg, CA",,retail,452319,Dollar Tree,"6728 North Cedar Avenue, Fresno, CA, 93710",+15595540476,https://www.dollartree.com/locations/ca/fresno/1730/,36.8361612,-119.7521989,,,n_11921596317,"shop=variety_store, brand=Dollar Tree"
"Kingsburg, CA",,retail,446110,CVS Pharmacy,"6750 North Cedar Avenue, Fresno, CA, 93710",+15592993115,https://www.cvs.com/store-locator/fresno-ca-pharmacies/6750-n-cedar-ave-fresno-ca-93710/storeid=9149?WT.mc_id=LS_GOOGLE_FS_9149,36.8365854,-119.7522066,,,n_11921596318,"shop=chemist, brand=CVS Pharmacy"
"Kingsburg, CA",,retail,452319,Five Below,"639 East Shaw Avenue, Fresno, CA, 93710",+1 559-400-0253,https://locations.fivebelow.com/ca/fresno/639-east-shaw,36.8075091,-119.7765959,,,n_11944365230,"shop=variety_store, brand=Five Below"
"Kingsburg, CA",,retail,446120,Ulta Beauty,"639 East Shaw Avenue, Fresno, CA, 93710",+1 559-244-0907,https://www.ulta.com/stores/fresno-ca-1322,36.8075538,-119.7752664,,,n_11944365232,"shop=cosmetics, brand=Ulta Beauty"
"Kingsburg, CA",,retail,446120,Sephora,"639 East Shaw Avenue, Fresno, CA, 93710",+15592223434,https://www.sephora.com/happening/stores/fresno-fashion-fair?utm_source=gmb&utm_medium=Yext,36.8072732,-119.7761214,,,n_11944365234,"shop=cosmetics, brand=Sephora"
"Kingsburg, CA",,retail,452210,Macy's,"4888 North Fresno Street, Fresno, CA, 93710",+15592283333,https://www.macys.com/stores/ca/fresno/fashion-fair-mall_359.html,36.8063313,-119.7797664,,,n_11944365235,"shop=department_store, brand=Macy's"
"Kingsburg, CA",,retail,452210,JCPenney,"555 East Shaw Avenue, Fresno, CA, 93710",+15592248330,https://www.jcpenney.com/locations/ca/fresno/clothing-stores-fresno-ca-1932.html,36.8065747,-119.7779494,,,n_11944365236,"shop=department_store, brand=JCPenney"
"Kingsburg, CA",,retail,446120,LUSCE BEAUTY,"485 East Shaw Avenue, Fresno, CA, 93710",+15599345992,https://www.luscebeauty.com/,36.8065654,-119.7792969,,,n_11957856151,shop=cosmetics
"Kingsburg, CA",,retail,452319,Mainland,"705 East Shaw Avenue, Fresno, CA, 93710",+15592244595,https://mainlandskateandsurf.com/,36.8068065,-119.7745988,,,n_11964033085,shop=general
"Kingsburg, CA",,retail,446120,Bath & Body Works,"677 East Shaw Avenue, Fresno, CA, 93710",+15592221979,https://www.bathandbodyworks.com/?cm_mmc=local_BBW00903,36.8068273,-119.7752735,,,n_11964033092,"shop=cosmetics, brand=Bath & Body Works"
"Kingsburg, CA",,retail,446120,New Eyebrow Bar,"637 East Shaw Avenue, Fresno, CA, 93710",+15592281010,,36.8068953,-119.7760818,,,n_11964033111,shop=beauty
"Kingsburg, CA",,retail,446120,Lush,"645 East Shaw Avenue, Fresno, CA, 93710",+15592301693,https://www.lush.com/us/en_us/?y_source=1_ODM2OTI4OC03MTUtbG9jYXRpb24ud2Vic2l0ZQ%3D%3D,36.8070776,-119.7757045,,,n_11964033112,"shop=cosmetics, brand=Lush"
"Kingsburg, CA",,retail,452210,Macy's,"4888 North Fresno Street, Fresno, CA, 93726",+15592283333,https://l.macys.com/fashion-fair-mall-in-fresno-ca,36.8058253,-119.7759033,,,n_11964033121,"shop=department_store, brand=Macy's"
"Kingsburg, CA",,retail,445310,Bella Vino Cellar,"5148 North Palm Avenue, Fresno, CA, 93704",+15592268466,,36.8115268,-119.8074045,,,n_11965760609,shop=wine
"Kingsburg, CA",,retail,453991,Cigars Limited,"5160 North Palm Avenue, Fresno, CA, 93704",+15592210161,http://www.cigarslimited.com/,36.8115941,-119.8073443,,,n_11965760610,shop=tobacco
"Kingsburg, CA",,retail,446120,Young Nail & Spa,"322 East Shaw Avenue, Fresno, CA, 93710",+15592244657,https://www.fresnopedicureservice.com/,36.8090322,-119.7835382,,,n_11965803053,shop=beauty
"Kingsburg, CA",,retail,446120,Perfect Threading & Henna,"349 East Shaw Avenue, Fresno, CA, 93710",+15593751800,,36.8077678,-119.7826329,,,n_11968367280,shop=beauty
"Kingsburg, CA",,retail,446120,Pretty Nails,"391 East Shaw Avenue, Fresno, CA, 93710",+15592300537,https://puty.top/list/pretty-nails,36.8070164,-119.781768,,,n_11968367282,shop=beauty
"Kingsburg, CA",,retail,452319,Korea Mart,"353 East Shaw Avenue, Fresno, CA, 93710",+15594470262,,36.8075196,-119.7826296,,,n_11968367291,shop=general
"Kingsburg, CA",,retail,446120,Sheila's Hair Salon,"610 East Weldon Avenue, Fresno, CA, 93704",+15594428405,,36.7684352,-119.8037515,,,n_11971362094,shop=beauty
"Kingsburg, CA",,retail,446120,Sheer Bliss,"1922 North Echo Avenue, Fresno, CA, 93704",+15592297272,https://www.mysheerbliss.com/,36.7678382,-119.8038547,,,n_11971362104,shop=beauty
"Kingsburg, CA",,retail,446120,Super Perm & Cuts,"1581 North Palm Avenue, Fresno, CA, 93728",+15599603762,http://www.superpermandcuts.com/,36.7645174,-119.8090587,,,n_11971362132,shop=beauty
"Kingsburg, CA",,retail,453991,Shop & Dip,"1563 North Palm Avenue, Fresno, CA, 93728",,,36.7642295,-119.8088672,,,n_11971362133,shop=tobacco
"Kingsburg, CA",,retail,453991,Perfect Blend Fine Cigars,"729 East Olive Avenue, Fresno, CA, 93728",+15594860400,https://www.perfectblendfinecigars.com/,36.7578328,-119.8027757,,,n_11980260480,shop=tobacco
"Kingsburg, CA",,retail,446120,Lavish by Kash,"816 East Fern Avenue, Fresno, CA, 93728",+15592735222,,36.758593,-119.8006725,,,n_11982395027,shop=beauty
"Kingsburg, CA",,retail,446191,Tower Health & Diet Foods,"1130 North Fulton Street, Fresno, CA, 93728",+15592378479,,36.7572017,-119.8001137,,,n_11982446785,shop=health_food
"Kingsburg, CA",,retail,445120,,,,,36.3505534,-119.4253863,,,n_11992653967,shop=convenience
"Kingsburg, CA",,retail,453991,AK Smoke Shop,"619 East Olive Avenue, Fresno, CA, 93728",+15592330447,,36.7578013,-119.8038435,,,n_11993357607,shop=tobacco
"Kingsburg, CA",,retail,445120,Dino Mart,"East Houston Avenue, Visalia, CA, 93292",,,36.3414377,-119.2783307,,,n_12003516635,shop=convenience
"Kingsburg, CA",,retail,453991,Levi's Bargain Cigs & Pipes,,,,36.3423771,-119.2771665,,,n_12003575039,shop=tobacco
"Kingsburg, CA",,retail,446120,Fashion Nails And Spa II,,,,36.3422459,-119.2771637,,,n_12003575043,shop=beauty
"Kingsburg, CA",,retail,445120,Ben Maddox Pik N Go,"1122 North Ben Maddox Way, Visalia, CA, 93292",+1-559-627-5517,,36.3391147,-119.2784418,,,n_12004045641,shop=convenience
"Kingsburg, CA",,retail,445110,Grocery Outlet,,,,36.3089999,-119.3155425,,,n_12012822110,"shop=supermarket, brand=Grocery Outlet"
"Kingsburg, CA",,retail,453991,Super 1 Cigarette,,,,36.3070512,-119.3151449,,,n_12012883995,shop=tobacco
"Kingsburg, CA",,retail,452210,Target,"3173 East Shields Avenue, Fresno, CA, 93726-6902",+1 559-228-8471,https://www.target.com/sl/fresno-south/314,36.7807258,-119.7709215,,,n_12035679400,"shop=department_store, brand=Target"
"Kingsburg, CA",,retail,452319,Dollar Tree,"625 West Herndon Avenue, Clovis, CA, 93612",+15598622029,https://www.dollartree.com/locations/ca/clovis/5404/,36.8388249,-119.725641,,,n_12037280092,"shop=variety_store, brand=Dollar Tree"
"Kingsburg, CA",,retail,446120,Sola Salons,"625 West Herndon Avenue, Clovis, CA, 93611",+15595692772,https://www.solasalonstudios.com/locations/clovis?utm_source=gmb&utm_medium=organic,36.8389611,-119.7256512,,,n_12037280093,"shop=beauty, brand=Sola Salons"
"Kingsburg, CA",,retail,453110,Buckin' Blooms,"635 West Herndon Avenue, Clovis, CA, 93612",+15594723383,https://www.buckinblooms.com/,36.839208,-119.7256815,,,n_12037280106,shop=florist
"Kingsburg, CA",,retail,446120,Palm Beach Tan,"635 West Herndon Avenue, Clovis, CA, 93612",+15599002164,https://palmbeachtan.com/locations/CA/Clovis-Commons,36.8394012,-119.7256775,,,n_12037280108,"shop=beauty, brand=Palm Beach Tan"
"Kingsburg, CA",,retail,446120,Ooh La La Nails & Spa,"635 West Herndon Avenue, Clovis, CA, 93612",+15593226363,https://oohlalanailsandspa.com/,36.8393518,-119.7256795,,,n_12037280109,shop=beauty
"Kingsburg, CA",,retail,446120,Facelogic Spa,"605 West Herndon Avenue, Clovis, CA, 93612",+15593247546,https://facelogicclovis.com/,36.8381894,-119.7254374,,,n_12041167840,shop=beauty
"Kingsburg, CA",,retail,446120,BouDoir Nailspa,"6825 North Willow Avenue, Fresno, CA, 93710",+15593234898,,36.8360545,-119.7299504,,,n_12041167863,shop=beauty
"Kingsburg, CA",,retail,453991,The Spot Smoke Shop,"6929 North Willow Avenue, Fresno, CA, 93710",+15595471954,,36.8372219,-119.7313393,,,n_12041173675,shop=tobacco
"Kingsburg, CA",,retail,445110,ALDI,,,,36.29077,-119.3112858,,,n_12085989636,"shop=supermarket, brand=ALDI"
"Kingsburg, CA",,retail,452319,Dollar Tree,"2950 North Fowler Avenue, Fresno, CA, 93727",+1-559-550-7064,https://www.dollartree.com/locations/ca/fresno/7214/,36.7789434,-119.6816025,,,n_12146616464,"shop=variety_store, brand=Dollar Tree"
"Kingsburg, CA",,retail,445120,Fast N Esy #7,"6451 East Shields Avenue, Fresno, CA, 93727",+1-559-346-0835,,36.7788749,-119.6736619,,,n_12146625518,shop=convenience
"Kingsburg, CA",,retail,453991,The Smokeshop Guys,,,https://thesmokeshopguysvisalia.com/,36.3300378,-119.2905119,,,n_12233101532,shop=tobacco
"Kingsburg, CA",,retail,453991,Super Cigarette Smoke Shop,,,,36.3245944,-119.2745357,,,n_12239487107,shop=tobacco
"Kingsburg, CA",,retail,446120,Happiness Nails,,,,36.3248508,-119.2745283,,,n_12239487110,shop=beauty
"Kingsburg, CA",,retail,453110,Fresh Cut Florist,,1 559 627 9233,,36.3239,-119.3136066,,,n_12271848271,shop=florist
"Kingsburg, CA",,retail,452319,Dollar Tree,"930 Herndon Avenue, Clovis, CA, 93612",+15596283471,https://locations.dollartree.com/ca/clovis/930-herndon-avenue,36.8362686,-119.696649,,,n_12974807491,"shop=variety_store, brand=Dollar Tree"
"Kingsburg, CA",,retail,452210,Ross,"920 Herndon Avenue, Clovis, CA, 93612",+15593248679,https://www.rossstores.com/,36.836206,-119.6971493,,,n_12974807492,"shop=department_store, brand=Ross"
"Kingsburg, CA",,retail,446120,Impression Nails and Spa,"950 Herndon Avenue, Clovis, CA, 93612",+15597974686,,36.8366082,-119.6963375,,,n_12974807497,shop=beauty
"Kingsburg, CA",,retail,445110,FoodMaxx,"5422 North Blackstone Avenue, Fresno, CA",+1 559 438 5368,,36.8167919,-119.7881573,,,n_12976103524,"shop=supermarket, brand=FoodMaxx"
"Kingsburg, CA",,retail,445120,76,,,,36.6784635,-119.7371651,,,n_13071724640,"shop=convenience, brand=76"
"Kingsburg, CA",,retail,445120,ampm,,,,36.6773987,-119.7373935,,,n_13071724656,"shop=convenience, brand=ampm"
"Kingsburg, CA",,retail,445120,ExtraMile,,,,36.6773544,-119.7359498,,,n_13071724672,"shop=convenience, brand=ExtraMile"
"Kingsburg, CA",,retail,445120,7-Eleven,"385 West Shaw Avenue, Fresno, CA, 93704",,,36.8080839,-119.7991578,,,n_13072781257,"shop=convenience, brand=7-Eleven"
"Kingsburg, CA",,retail,445110,,,,,36.6241714,-119.3077684,,,w_61136295,shop=supermarket
"Kingsburg, CA",,retail,445110,,,,,36.6242939,-119.3197306,,,w_61140992,shop=supermarket
"Kingsburg, CA",,retail,445110,,,,,36.7128285,-119.5579737,,,w_61143784,shop=supermarket
"Kingsburg, CA",,retail,445110,,,,,36.6095964,-119.547263,,,w_61173419,shop=supermarket
"Kingsburg, CA",,retail,445110,Valley Foods Supermarket,,,,36.5962581,-119.4548797,,,w_61174332,shop=supermarket
"Kingsburg, CA",,retail,445110,,,,,36.5889848,-119.6096493,,,w_61176020,shop=supermarket
"Kingsburg, CA",,retail,445110,,,,,36.6108107,-119.5309213,,,w_61177013,shop=supermarket
"Kingsburg, CA",,retail,445110,,,,,36.5128711,-119.5513609,,,w_61195765,shop=supermarket
"Kingsburg, CA",,retail,445110,,,,,36.426543,-119.8505574,,,w_61202116,shop=supermarket
"Kingsburg, CA",,retail,445110,,,,,36.5702913,-119.6097889,,,w_61206668,shop=supermarket
"Kingsburg, CA",,retail,445110,Save Mart,,,,36.8221919,-119.7707492,,,w_61405180,"shop=supermarket, brand=Save Mart"
"Kingsburg, CA",,retail,452210,,,,,36.7926613,-119.7892951,,,w_61470087,shop=department_store
"Kingsburg, CA",,retail,445110,,,,,36.7801366,-119.8608308,,,w_61474443,shop=supermarket
"Kingsburg, CA",,retail,445110,,,,,36.7653247,-119.8183419,,,w_61545996,shop=supermarket
"Kingsburg, CA",,retail,445110,CentralValleyTalk.com,"1212 North Van Ness Avenue, Fresno, CA, 93728",,,36.7580118,-119.7985637,,,w_61549727,shop=supermarket
"Kingsburg, CA",,retail,445110,Ventura,,,,36.7351923,-119.7703471,,,w_61574023,shop=supermarket
"Kingsburg, CA",,retail,445110,,,,,36.7426508,-119.7356458,,,w_61607297,shop=supermarket
"Kingsburg, CA",,retail,445110,,,,,36.7709167,-119.8637684,,,w_61612017,shop=supermarket
"Kingsburg, CA",,retail,445110,,,,,36.7727483,-119.7917506,,,w_61617557,shop=supermarket
"Kingsburg, CA",,retail,445120,SB Food Market,,,,36.7289007,-119.7541821,,,w_61700113,shop=convenience
"Kingsburg, CA",,retail,445110,,,,,36.7137241,-119.7542047,,,w_61705455,shop=supermarket
"Kingsburg, CA",,retail,445110,,,,,36.7330216,-119.8026065,,,w_61707777,shop=supermarket
"Kingsburg, CA",,retail,445110,,,,,36.732714,-119.7983345,,,w_61708270,shop=supermarket
"Kingsburg, CA",,retail,445120,7-Eleven,"2397 South Chestnut Avenue, Fresno, CA, 93725-1206",+1 559-252-5221,https://www.7-eleven.com/locations/ca/fresno/2397-s-chestnut-ave-16970,36.7144587,-119.7361454,,,w_61709343,"shop=convenience, brand=7-Eleven"
"Kingsburg, CA",,retail,445110,FoodMaxx,1177 Fresno,,,36.7316187,-119.8018371,,,w_61709882,"shop=supermarket, brand=FoodMaxx"
"Kingsburg, CA",,retail,452210,,,,,36.7328382,-119.7884538,,,w_61710426,shop=department_store
"Kingsburg, CA",,retail,445110,Shaibi Market,,,,36.706607,-119.7587558,,,w_61820806,shop=supermarket
"Kingsburg, CA",,retail,445310,Cavalier Liquor,,,,36.706622,-119.7564362,,,w_61821009,shop=alcohol
"Kingsburg, CA",,retail,445120,Jeylla Miscellaneous,,,,36.7066215,-119.7574935,,,w_61821337,shop=convenience
"Kingsburg, CA",,retail,445110,Discount Market,,,,36.7072245,-119.7575759,,,w_61821396,shop=supermarket
"Kingsburg, CA",,retail,445120,,,,,36.7071729,-119.7518215,,,w_61821504,shop=convenience
"Kingsburg, CA",,retail,445110,WinCo Foods,,,,36.792021,-119.7172257,,,w_61865534,"shop=supermarket, brand=WinCo Foods"
"Kingsburg, CA",,retail,445110,,,,,36.8075539,-119.6810095,,,w_61879563,shop=supermarket
"Kingsburg, CA",,retail,445110,,,,,36.6347024,-119.7912057,,,w_62018606,shop=supermarket
"Kingsburg, CA",,retail,445110,Sprouts Farmers Market,"850 Herndon Avenue, Clovis, CA, 93612",+1 559-326-1169,https://www.sprouts.com/store/ca/clovis/herndon-ave/,36.8362051,-119.6981742,,,w_130006614,"shop=supermarket, brand=Sprouts Farmers Market"
"Kingsburg, CA",,retail,445110,Save Mart Supermarket,"1835 Herndon Ave, Clovis, 93611",,,36.8388475,-119.6823725,,,w_130006709,"shop=supermarket, operator=SaveMart"
"Kingsburg, CA",,retail,445110,Vons,"5638 East Kings Canyon Road, Fresno, CA, 93727",+1 559-458-0209,https://local.vons.com/ca/fresno/5638-e-kings-canyon.html,36.7344613,-119.6984011,,,w_131506703,"shop=supermarket, brand=Vons"
"Kingsburg, CA",,retail,446110,Walgreens,,,https://www.walgreens.com/locator/walgreens-2424+n+brawley+ave-fresno-ca-93722/id=10335,36.7724626,-119.8616755,,,w_164253341,"shop=chemist, brand=Walgreens"
"Kingsburg, CA",,retail,445110,Smart & Final,,,,36.3316151,-119.2983098,,,w_179755182,"shop=supermarket, brand=Smart & Final"
"Kingsburg, CA",,retail,445110,Los Amigos,,,,36.7137677,-119.7541681,,,w_183599497,shop=supermarket
"Kingsburg, CA",,retail,445110,Walmart Supercenter,"5125 East Kings Canyon Road, Fresno, CA, 93727",+1 559-252-9457,https://www.walmart.com/store/2001/fresno-ca,36.7382473,-119.7217907,,,w_183654763,"shop=supermarket, brand=Walmart, operator=Walmart"
"Kingsburg, CA",,retail,446110,Rite Aid,,,https://www.riteaid.com/locations/ca/fresno/3795-west-shields-avenue.html,36.7785198,-119.8616981,,,w_191505145,"shop=chemist, brand=Rite Aid"
"Kingsburg, CA",,retail,446110,CVS Pharmacy,,,,36.7706606,-119.8644872,,,w_191509577,"shop=chemist, brand=CVS Pharmacy"
"Kingsburg, CA",,retail,445110,Savemart,,,,36.7705872,-119.8633482,,,w_191509578,shop=supermarket
"Kingsburg, CA",,retail,445110,Vons,"1650 Herndon Avenue, Clovis, CA, 93611",+1 559-297-6410,https://local.vons.com/ca/clovis/1650-herndon-ave.html,36.8357029,-119.6850394,,,w_225438033,"shop=supermarket, brand=Vons"
"Kingsburg, CA",,retail,452210,Target,"695 West Herndon Avenue, Clovis, CA, 93612",+15593210009,https://www.target.com/sl/clovis-nw/2018,36.8403248,-119.7283412,,,w_225638319,"shop=department_store, brand=Target"
"Kingsburg, CA",,retail,445310,,,,,36.6588371,-119.5943886,,,w_256667014,shop=alcohol
"Kingsburg, CA",,retail,445310,,10777 morro,,,36.6583556,-119.594354,,,w_256667022,shop=alcohol
"Kingsburg, CA",,retail,445110,Walmart Supercenter,"2761 Jensen Avenue, Sanger, CA, 93657",+1 559-875-4268,https://www.walmart.com/store/4238-sanger-ca,36.7056002,-119.5776672,,,w_256667499,"shop=supermarket, brand=Walmart, operator=Walmart"
"Kingsburg, CA",,retail,445120,7-Eleven,"1201 Mooney Boulevard, Visalia, CA, 93277",+1 559-734-8016,https://www.7-eleven.com/locations/ca/visalia/1201-mooney-blvd-24462,36.3199286,-119.3144134,,,w_257834417,"shop=convenience, brand=7-Eleven"
"Kingsburg, CA",,retail,445110,FoodMaxx,,,,36.3429878,-119.2769998,,,w_278616399,"shop=supermarket, brand=FoodMaxx"
"Kingsburg, CA",,retail,446110,Walgreens,"5328 West Cypress Avenue, Visalia, CA, 93277",,https://www.walgreens.com/locator/walgreens-5328+w+cypress+ave-visalia-ca-93277/id=6683,36.3249474,-119.3504016,,,w_344390811,"shop=chemist, brand=Walgreens"
"Kingsburg, CA",,retail,445110,Walmart Supercenter,"3750 South Mooney Boulevard, Visalia, CA, 93277",+1 559-802-4429,https://www.walmart.com/store/5956-visalia-ca,36.2966942,-119.3100833,,,w_353376349,"shop=supermarket, brand=Walmart, operator=Walmart"
"Kingsburg, CA",,retail,452210,Burlington,"685 West Herndon Avenue, Clovis, CA, 93612",+1 559-314-0217,https://stores.burlington.com/ca/clovis/1449/,36.8401213,-119.7273571,,,w_370657581,"shop=department_store, brand=Burlington"
"Kingsburg, CA",,retail,452210,TJ Maxx,"675 West Herndon Avenue, Clovis, CA, 93612",+15592980172,https://tjmaxx.tjx.com/store/index.jsp,36.8401235,-119.7268998,,,w_370657582,"shop=department_store, brand=TJ Maxx"
"Kingsburg, CA",,retail,445110,Grocery Outlet,"1848 Clovis Avenue, Clovis, CA, 93612",,,36.8093716,-119.7015751,,,w_443634069,"shop=supermarket, brand=Grocery Outlet"
"Kingsburg, CA",,retail,445110,Grocery Outlet,"5175 East Belmont Avenue, Fresno, CA, 93727",,,36.7517028,-119.7192675,,,w_443634070,"shop=supermarket, brand=Grocery Outlet"
"Kingsburg, CA",,retail,452319,Family Dollar,,,,36.7516169,-119.7197082,,,w_443634072,"shop=variety_store, brand=Family Dollar"
"Kingsburg, CA",,retail,445110,Grocery Outlet,"1825 East Ashlan Avenue, Fresno, CA, 93726",+15592263663,https://www.groceryoutlet.com/circulars/storeid/56?utm_source=extnet&utm_medium=yext,36.7947192,-119.7887503,,,w_443634073,"shop=supermarket, brand=Grocery Outlet"
"Kingsburg, CA",,retail,445110,Walmart Neighborhood Market,"6855 North Willow Avenue, Fresno, CA, 93710",+1 559-862-2062,https://www.walmart.com/store/5634-fresno-ca,36.8363082,-119.7311121,,,w_454970361,"shop=supermarket, brand=Walmart, operator=Walmart"
"Kingsburg, CA",,retail,445110,Walmart Supercenter,"1804 East Ashlan Avenue, Fresno, CA, 93726",+1 559-470-6967,https://www.walmart.com/store/5632-fresno-ca,36.792721,-119.7891694,,,w_457196948,"shop=supermarket, brand=Walmart, operator=Walmart"
"Kingsburg, CA",,retail,452210,Ross,"4950 East Kings Canyon Road, Fresno, CA, 93727",+1 559-458-0184,,36.7342019,-119.7303931,,,w_469148772,"shop=department_store, brand=Ross"
"Kingsburg, CA",,retail,445110,SF Supermarket,,,,36.7341442,-119.7291226,,,w_469148774,"shop=supermarket, brand=SF Supermarket"
"Kingsburg, CA",,retail,452319,Dollar Tree,,,https://www.dollartree.com/locations/ca/fresno/1217/,36.7342481,-119.7282371,,,w_469148776,"shop=variety_store, brand=Dollar Tree"
"Kingsburg, CA",,retail,445310,,,,,36.7139485,-119.7452051,,,w_469150938,shop=alcohol
"Kingsburg, CA",,retail,452319,Dollar Tree,,,https://www.dollartree.com/locations/ca/fresno/1241/,36.7428263,-119.7687662,,,w_469563533,"shop=variety_store, brand=Dollar Tree"
"Kingsburg, CA",,retail,445110,Vallarta,,,,36.7298168,-119.7348693,,,w_471237605,"shop=supermarket, brand=Vallarta"
"Kingsburg, CA",,retail,445310,Cavalier Liquor,,,,36.7066349,-119.7565693,,,w_479170359,shop=alcohol
"Kingsburg, CA",,retail,445110,Grocery Outlet,"170 East Cross Avenue, Tulare, CA, 93274",,,36.2142762,-119.347859,,,w_488361695,"shop=supermarket, brand=Grocery Outlet"
"Kingsburg, CA",,retail,445110,Foods Co,"4838 East Kings Canyon Road, Fresno, CA, 93727",+1-559-456-9050,https://www.foodsco.net/stores/details/704/00316,36.7341065,-119.7350583,,,w_491652201,"shop=supermarket, brand=Foods Co"
"Kingsburg, CA",,retail,446110,Walgreens,"4810 East Kings Canyon Road, Fresno, CA, 93727",+1-559-458-0141,https://www.walgreens.com/locator/walgreens-4810+e+kings+canyon+rd-fresno-ca-93727/id=6386,36.7353502,-119.7356692,,,w_491652206,"shop=chemist, brand=Walgreens"
"Kingsburg, CA",,retail,452210,Target,"5740 North Blackstone Avenue, Fresno, CA, 93710",+15594318622,https://www.target.com/sl/blackstone-and-bullard/1417,36.8216761,-119.7878804,,,w_553164173,"shop=department_store, brand=Target"
"Kingsburg, CA",,retail,445120,Fast'N'Esy #5,,,,36.7655823,-119.7188029,,,w_578377011,"shop=convenience, brand=Shell"
"Kingsburg, CA",,retail,446110,Walgreens,"852 East Manning Avenue, Reedley, 93654",+1 559 643 0367,https://www.walgreens.com/locator/walgreens-852+e+manning+ave-reedley-ca-93654/id=12298,36.6046736,-119.4402856,,,w_578841687,"shop=chemist, brand=Walgreens"
"Kingsburg, CA",,retail,452319,Dollar Tree,,,https://www.dollartree.com/locations/ca/visalia/6291/,36.3255168,-119.3297487,,,w_604900905,"shop=variety_store, brand=Dollar Tree"
"Kingsburg, CA",,retail,445110,Save Mart,"3615 West Noble Avenue, Visalia, CA, 93277",+1-559-622-0846,,36.3253994,-119.3308909,,,w_604900907,"shop=supermarket, brand=Save Mart"
"Kingsburg, CA",,retail,445120,,,,,36.3138503,-119.7779983,,,w_609798618,shop=convenience
"Kingsburg, CA",,retail,445110,Whole Foods Market,"650 West Shaw Avenue, Fresno, CA, 93740",+1 559-241-0300,https://www.wholefoodsmarket.com/stores/fresno,36.8090992,-119.8054408,,,w_610073242,"shop=supermarket, brand=Whole Foods Market"
"Kingsburg, CA",,retail,445120,Chevron,,,,36.8378951,-119.6991612,,,w_610280639,"shop=convenience, brand=Chevron"
"Kingsburg, CA",,retail,445110,Walmart Supercenter,"1185 Herndon Avenue, Clovis, CA, 93612",+1 559-321-0067,https://www.walmart.com/store/5337-clovis-ca,36.8397512,-119.6956662,,,w_610594839,"shop=supermarket, brand=Walmart, operator=Walmart"
"Kingsburg, CA",,retail,452210,Target,"900 Shaw Avenue, Clovis, CA, 93612-3900",+1 559-297-4691,https://www.target.com/sl/clovis/358,36.8065372,-119.6989326,,,w_620473382,"shop=department_store, brand=Target"
"Kingsburg, CA",,retail,446110,CVS Pharmacy,,,https://www.cvs.com/store-locator/clovis-ca-pharmacies/1405-herndon-ave-clovis-ca-93611/storeid=9933,36.8382031,-119.6903989,,,w_626428645,"shop=chemist, brand=CVS Pharmacy"
"Kingsburg, CA",,retail,445110,Walmart Supercenter,"1819 East Noble Avenue, Visalia, CA, 93292",+1 559-636-2302,https://www.walmart.com/store/1826-visalia-ca,36.3243634,-119.2728474,,,w_658676051,"shop=supermarket, brand=Walmart, operator=Walmart"
"Kingsburg, CA",,retail,445110,Walmart Supercenter,"770 West El Monte Way, Dinuba, CA, 93618",+1 559-591-0380,https://www.walmart.com/store/5394-dinuba-ca,36.5432932,-119.4023667,,,w_690970568,"shop=supermarket, brand=Walmart, operator=Walmart"
"Kingsburg, CA",,retail,452210,Walmart,"1110 East Prosperity Avenue, Tulare, CA, 93274",+1 559-684-1300,https://www.walmart.com/store/2536-tulare-ca,36.2286231,-119.3291026,,,w_691041803,"shop=department_store, brand=Walmart, operator=Walmart"
"Kingsburg, CA",,retail,445110,Walmart Supercenter,"250 South 12th Avenue, Hanford, CA, 93230",+1 559-583-6292,https://www.walmart.com/store/1645-hanford-ca,36.3217364,-119.6763419,,,w_691050517,"shop=supermarket, brand=Walmart, operator=Walmart"
"Kingsburg, CA",,retail,445110,Walmart Neighborhood Market,"1320 North Demaree Street, Visalia, CA, 93291",+1 559-429-3264,https://www.walmart.com/store/5635-visalia-ca,36.3413929,-119.3297142,,,w_692340988,"shop=supermarket, brand=Walmart, operator=Walmart"
"Kingsburg, CA",,retail,445110,Walmart Supercenter,"3400 Floral Avenue, Selma, CA, 93662",+1 559-891-7190,https://www.walmart.com/store/1882-selma-ca,36.5772514,-119.6344352,,,w_692373193,"shop=supermarket, brand=Walmart, operator=Walmart"
"Kingsburg, CA",,retail,445110,Walmart Neighborhood Market,"3131 North Cedar Avenue, Fresno, CA, 93703",+1 559-538-1375,https://www.walmart.com/store/2689-fresno-ca,36.7789529,-119.7562426,,,w_692381020,"shop=supermarket, brand=Walmart, operator=Walmart"
"Kingsburg, CA",,retail,445110,Walmart Supercenter,"323 West Shaw Avenue, Clovis, CA, 93612",+1 559-297-4176,https://www.walmart.com/store/2277-clovis-ca,36.8113285,-119.716866,,,w_692391356,"shop=supermarket, brand=Walmart, operator=Walmart"
"Kingsburg, CA",,retail,445110,Save Mart,"5203 West Walnut Avenue, Visalia, CA, 93277",,,36.3112345,-119.3484512,,,w_724860357,"shop=supermarket, brand=Save Mart"
"Kingsburg, CA",,retail,446110,Rite Aid,"5212 West Walnut Avenue, Visalia, CA, 93277",,https://www.riteaid.com/locations/ca/visalia/5212-west-walnut-avenue.html,36.3136347,-119.3485304,,,w_724860365,"shop=chemist, brand=Rite Aid"
"Kingsburg, CA",,retail,445120,,,,,36.7934342,-119.7174715,,,w_733414653,shop=convenience
"Kingsburg, CA",,retail,445110,ALDI,"1789 West Lacey Boulevard, Hanford, CA, 93230-5903",+1 833-479-7198,https://stores.aldi.us/ca/hanford/1789-w-lacey-blvd,36.3273564,-119.6756993,,,w_956212759,"shop=supermarket, brand=ALDI"
"Kingsburg, CA",,retail,445120,Arco,,,,36.8090243,-119.6375461,,,w_973905485,shop=convenience
"Kingsburg, CA",,retail,445120,Johnny Quick,,,,36.8234519,-119.6822799,,,w_973905487,shop=convenience
"Kingsburg, CA",,retail,446120,Wish Salon and Boutique,,,,36.8233942,-119.682648,,,w_973905490,shop=beauty
"Kingsburg, CA",,retail,445110,Peacock Market,,,,36.8272813,-119.6903453,,,w_973910496,shop=supermarket
"Kingsburg, CA",,retail,446110,Rite Aid,"5574 East Kings Canyon Road, Fresno, CA, 93727",,https://www.riteaid.com/locations/ca/fresno/5574-east-kings-canyon.html,36.7347314,-119.7006996,,,w_983581264,"shop=chemist, brand=Rite Aid"
"Kingsburg, CA",,retail,446110,Walgreens,,,https://www.walgreens.com/locator/walgreens-626+s+clovis+ave-fresno-ca-93727/id=6082,36.7365284,-119.7007287,,,w_983581271,"shop=chemist, brand=Walgreens"
"Kingsburg, CA",,retail,445120,Valero,,,,36.7381962,-119.6995522,,,w_983581278,"shop=convenience, brand=Valero"
"Kingsburg, CA",,retail,445120,Chevron,,,,36.7354542,-119.7004103,,,w_983581284,"shop=convenience, brand=Chevron"
"Kingsburg, CA",,retail,445120,,,,,36.736482,-119.6951679,,,w_983581288,shop=convenience
"Kingsburg, CA",,retail,445120,Speedway,"1375 East Mineral King Avenue, Visalia, CA, 93292",,https://www.speedway.com/locations/CA/Visalia/1375-E-MINERAL-KING,36.3270089,-119.2779915,,,w_993504283,"shop=convenience, brand=Speedway"
"Kingsburg, CA",,retail,445120,,,,,36.3286915,-119.6003036,,,w_993508119,shop=convenience
"Kingsburg, CA",,retail,446110,Rite Aid,"4224 East Shields Avenue, Fresno, CA, 93726",,,36.7791902,-119.7534811,,,w_993527530,"shop=chemist, brand=Rite Aid"
"Kingsburg, CA",,retail,446110,CVS Pharmacy,,,,36.2977596,-119.3306711,,,w_998064779,"shop=chemist, brand=CVS Pharmacy"
"Kingsburg, CA",,retail,445120,ampm,"4897 East Kings Canyon Road, Fresno, CA, 93727",+1-559-255-4910,https://www.ampm.com/,36.736416,-119.7326272,,,w_999745524,"shop=convenience, brand=ampm"
"Kingsburg, CA",,retail,452210,Big Lots,"4895 East Kings Canyon Road, Fresno, CA, 93727",+1-559-456-8492,https://local.biglots.com/ca/fresno/4895-e-kings-canyon-rd,36.7374284,-119.7323623,,,w_999745525,"shop=department_store, brand=Big Lots"
"Kingsburg, CA",,retail,452210,Target,"3308 North Dinuba Boulevard, Visalia, CA, 93291",+1 559-302-1850,https://www.target.com/sl/visalia-north/2469,36.3591811,-119.2945883,,,w_1012946510,"shop=department_store, brand=Target"
"Kingsburg, CA",,retail,452210,Ross,"3124 North Dinuba Boulevard, Visalia, CA, 93291",+1 559-625-5561,,36.3578691,-119.2947756,,,w_1012946512,"shop=department_store, brand=Ross"
"Kingsburg, CA",,retail,445110,Vallarta,,,,36.3572676,-119.2947435,,,w_1012946513,"shop=supermarket, brand=Vallarta"
"Kingsburg, CA",,retail,452210,TJ Maxx,,,,36.356707,-119.2947874,,,w_1012946514,"shop=department_store, brand=TJ Maxx"
"Kingsburg, CA",,retail,445120,,"898 East Visalia Road, Farmersville, CA, 93223",,,36.2981322,-119.1985878,,,w_1013244876,shop=convenience
"Kingsburg, CA",,retail,445110,WinCo Foods,"3939 West Russell Avenue, Visalia, CA, 93277",+15597417400,,36.2962336,-119.3340861,,,w_1017265826,"shop=supermarket, brand=WinCo Foods"
"Kingsburg, CA",,retail,445120,,,,,36.3420679,-119.6720998,,,w_1033838278,shop=convenience
"Kingsburg, CA",,retail,445120,Monson Market,,,,36.4948263,-119.3401023,,,w_1044358041,shop=convenience
"Kingsburg, CA",,retail,445110,Family Express Food & Liquor,"1102 Fresno Street, Fresno, CA, 93706",+1 559-233-8615,,36.7296311,-119.8006044,,,w_1063934882,shop=supermarket
"Kingsburg, CA",,retail,445120,Valero,"1405 West El Monte Way, Dinuba, CA, 93618",,,36.5465061,-119.4125433,,,w_1074118978,"shop=convenience, brand=Valero"
"Kingsburg, CA",,retail,445120,,,,,36.384796,-119.2194061,,,w_1083846525,shop=convenience
"Kingsburg, CA",,retail,445120,,,,,36.5454968,-119.3954791,,,w_1084059316,shop=convenience
"Kingsburg, CA",,retail,445120,,,,,36.2973747,-119.2076639,,,w_1086284880,shop=convenience
"Kingsburg, CA",,retail,445120,,,,,36.2982075,-119.2076749,,,w_1086688111,shop=convenience
"Kingsburg, CA",,retail,445120,,,,,36.298195,-119.2068724,,,w_1086688117,shop=convenience
"Kingsburg, CA",,retail,445110,Save Mart,"5201 West Goshen Avenue, Visalia, CA, 93291",,,36.3400165,-119.3488178,,,w_1097537727,"shop=supermarket, brand=Save Mart"
"Kingsburg, CA",,retail,446110,CVS Pharmacy,"1102 North Demaree Street, Visalia, CA, 93291",,https://www.cvs.com/store-locator/visalia-ca-pharmacies/1102-n-demaree-st-visalia-ca-93291/storeid=2541,36.3393613,-119.3313828,,,w_1097537732,"shop=chemist, brand=CVS Pharmacy"
"Kingsburg, CA",,retail,446110,Walgreens,"100 West Walnut Avenue, Visalia, CA, 93277",,https://www.walgreens.com/locator/walgreens-100+w+walnut+ave-visalia-ca-93277/id=3476,36.3133621,-119.2926822,,,w_1097537737,"shop=chemist, brand=Walgreens"
"Kingsburg, CA",,retail,446110,Rite Aid,"1735 East Walnut Avenue, Visalia, CA, 93292",,https://www.riteaid.com/locations/ca/visalia/1735-e-walnut-avenue.html,36.3120172,-119.2733161,,,w_1097689928,"shop=chemist, brand=Rite Aid"
"Kingsburg, CA",,retail,445120,,"1935 South Lovers Lane, Visalia, CA, 93292",,,36.3132185,-119.2612355,,,w_1098003209,shop=convenience
"Kingsburg, CA",,retail,446120,Salon De Maria,,,,36.3032099,-119.3119061,,,w_1108078128,shop=beauty
"Kingsburg, CA",,retail,446120,Bellisima,,,,36.3032688,-119.312607,,,w_1108078544,shop=beauty
"Kingsburg, CA",,retail,445310,BevMo!,"3808 South Mooney Boulevard, Visalia, CA, 93277",+1-559-625-5285,,36.2961933,-119.3130864,,,w_1108080246,"shop=alcohol, brand=BevMo!"
"Kingsburg, CA",,retail,445310,Beverage House Liquor,,,,36.2984555,-119.2957746,,,w_1108385571,shop=alcohol
"Kingsburg, CA",,retail,445120,,"419 West Caldwell Avenue, Visalia, CA, 93277",,,36.2975041,-119.2954568,,,w_1108385600,shop=convenience
"Kingsburg, CA",,retail,445120,,,,,36.3034675,-119.2076258,,,w_1137019569,shop=convenience
"Kingsburg, CA",,retail,445120,Squaw Valley Indian Trading Center,,,,36.7405602,-119.2478893,,,w_1142020414,shop=convenience
"Kingsburg, CA",,retail,445120,Circle K,,,,36.2265442,-119.3143373,,,w_1153400649,"shop=convenience, brand=Circle K"
"Kingsburg, CA",,retail,445110,Target,"2195 East Prosperity Avenue, Tulare, CA, 93274",+1 559-631-1128,https://www.target.com/sl/tulare/2349,36.2239581,-119.3141767,,,w_1153400663,"shop=supermarket, brand=Target"
"Kingsburg, CA",,retail,445110,Target,"4247 South Mooney Boulevard, Visalia, CA, 93277",+1-559-749-0740,https://www.target.com/sl/visalia/1805,36.2921737,-119.3172447,,,w_1153402196,"shop=supermarket, brand=Target"
"Kingsburg, CA",,retail,445120,ampm,,,,36.8378662,-119.6982025,,,w_1214654291,"shop=convenience, brand=ampm"
"Kingsburg, CA",,retail,445120,Food Shop,,,,36.8261498,-119.691417,,,w_1217440963,shop=convenience
"Kingsburg, CA",,retail,445120,7-Eleven,1110 North Lemoore Avenue,,,36.3136593,-119.780309,,,w_1230894955,"shop=convenience, brand=7-Eleven, operator=7-Eleven"
"Kingsburg, CA",,retail,452319,Dollar General,6875 Robinson Road,,https://www.dollargeneral.com/store-directory/ca/goshen/18363,36.3548422,-119.420173,,,w_1230895065,"shop=variety_store, brand=Dollar General"
"Kingsburg, CA",,retail,452319,Dollar General,5385 South Elm Avenue,,https://www.dollargeneral.com/store-directory/ca/fresno/15320,36.6573083,-119.7914178,,,w_1230901586,"shop=variety_store, brand=Dollar General"
"Kingsburg, CA",,retail,445120,7-Eleven,"518 South Lovers Lane, Visalia, CA, 93292",,https://www.7-eleven.com/locations/ca/visalia/518-s-lovers-lane-22014,36.3263431,-119.2602433,,,w_1234519708,"shop=convenience, brand=7-Eleven"
"Kingsburg, CA",,retail,445120,,,,,36.3255843,-119.2598804,,,w_1234519736,shop=convenience
"Kingsburg, CA",,retail,446110,Walgreens,"3010 North Demaree Street, Visalia, CA, 93291",,https://www.walgreens.com/locator/walgreens-3010+n+demaree+st-visalia-ca-93291/id=11407,36.3571181,-119.3314148,,,w_1236015686,"shop=chemist, brand=Walgreens"
"Kingsburg, CA",,retail,445120,1 Stop Shop,,,,36.7655569,-119.7550461,,,w_1237426481,shop=convenience
"Kingsburg, CA",,retail,452319,Dollar General,"1425 North Farmersville Boulevard, Farmersville, CA, 93223",,https://www.dollargeneral.com/store-directory/ca/farmersville/19019,36.3099756,-119.207934,,,w_1239826685,"shop=variety_store, brand=Dollar General"
"Kingsburg, CA",,retail,445120,,"North Farmersville Boulevard, Farmersville, CA, 93223",,,36.3101763,-119.2067119,,,w_1240042993,shop=convenience
"Kingsburg, CA",,retail,452319,Dollar Tree,"917 East Olive Avenue, Fresno, CA, 93728",+15595507835,https://www.dollartree.com/locations/ca/fresno/2600/,36.7583717,-119.8000683,,,w_1245203419,"shop=variety_store, brand=Dollar Tree"
"Kingsburg, CA",,retail,445120,7-Eleven,"1596 North Palm Avenue, Fresno, CA, 93728",+1 559-264-4511,https://www.7-eleven.com/locations/ca/fresno/1596-n-palm-19198,36.7645311,-119.8081711,,,w_1245209053,"shop=convenience, brand=7-Eleven"
"Kingsburg, CA",,retail,446110,Walgreens,"1016 West Shaw Avenue, Fresno, CA, 93711",+15592292361,https://www.walgreens.com/locator/walgreens-1016+w+shaw+ave-fresno-ca-93711/id=13871,36.8089231,-119.8092744,,,w_1257943858,"shop=chemist, brand=Walgreens"
"Kingsburg, CA",,retail,445120,ExtraMile,,,,36.3124899,-119.3486349,,,w_1258028023,"shop=convenience, brand=ExtraMile"
"Kingsburg, CA",,retail,445120,The Barn,,,,36.3312565,-119.3903267,,,w_1259525077,shop=convenience
"Kingsburg, CA",,retail,445120,ampm,,,,36.3556534,-119.2961833,,,w_1263050599,"shop=convenience, brand=ampm"
"Kingsburg, CA",,retail,445120,SHOP and GO,,,,36.3510968,-119.2976704,,,w_1274640958,shop=convenience
"Kingsburg, CA",,retail,452319,Dollar Tree,"4010 North West Avenue, Fresno, CA, 93705",+15595507836,https://www.dollartree.com/locations/ca/fresno/5788/,36.7904308,-119.8260439,,,w_1275944037,"shop=variety_store, brand=Dollar Tree"
"Kingsburg, CA",,retail,452210,dd's Discounts,"4040 North West Avenue, Fresno, CA, 93705",+15592302629,https://www.ddsdiscounts.com/,36.7907377,-119.8246112,,,w_1275944040,"shop=department_store, brand=dd's Discounts"
"Kingsburg, CA",,retail,452210,Burlington,"5630 North Blackstone Avenue, Fresno, CA, 93710",+1 559-432-2628,https://stores.burlington.com/ca/fresno/299/,36.8202897,-119.7878546,,,w_1280941672,"shop=department_store, brand=Burlington"
"Kingsburg, CA",,retail,452319,Kennel Marketplace,"3010 East Campus Pointe Drive, Fresno, CA, 93710",+15593700557,http://www.thekennelmarketplace.com/,36.8125404,-119.7357717,,,w_1282722616,shop=general
"Kingsburg, CA",,retail,445120,7-Eleven,"2389 East Shaw Avenue, Fresno, CA, 93710",+1 559-229-2400,https://www.7-eleven.com/locations/ca/fresno/2389-e-shaw-ave-16947,36.8080714,-119.745672,,,w_1283804876,"shop=convenience, brand=7-Eleven"
"Kingsburg, CA",,retail,445120,Gulf Express,"1418 East Shaw Avenue, Fresno, CA, 93710",+15592270323,,36.8090389,-119.7628182,,,w_1283804887,"shop=convenience, brand=Gulf Express"
"Kingsburg, CA",,retail,445120,Bad Bud's,"6777 North Cedar Avenue, Fresno, CA, 93710",+15594388970,,36.8370607,-119.754733,,,w_1284793069,shop=convenience
"Kingsburg, CA",,retail,445120,One Star Mini Mart,"4206 North Blackstone Avenue, Fresno, CA, 93726",+15592223077,,36.794514,-119.7899783,,,w_1286736049,shop=convenience
"Kingsburg, CA",,retail,446110,CVS Pharmacy,"4987 North Fresno Street, Fresno, CA, 93710",+15592277137,https://www.cvs.com/store-locator/fresno-ca-pharmacies/4987-n-fresno-st-fresno-ca-93726/storeid=6772?WT.mc_id=LS_GOOGLE_FS_6772,36.8081052,-119.7818587,,,w_1290574479,"shop=chemist, brand=CVS Pharmacy"
"Kingsburg, CA",,retail,445120,C's Oasis,"388 East Shaw Avenue, Fresno, CA, 93710",,,36.8090317,-119.7819252,,,w_1290574482,shop=convenience
"Kingsburg, CA",,retail,445120,Day and Night Markets,"7505 North Willow Avenue, Clovis, CA, 93612",+15599407538,https://dayandnightmarkets.com/,36.8453761,-119.730352,,,w_1290654478,shop=convenience
"Kingsburg, CA",,retail,446120,Milan Institute,"6500 South Mooney Boulevard, Visalia, CA, 93277",+15593025938,,36.2715731,-119.3118764,,,w_1290705496,shop=beauty
"Kingsburg, CA",,retail,445310,Bulldog Liquor,"420 East Shaw Avenue, Fresno, CA, 93710",+15592266926,https://instagram.com/bulldog.liquor?igshid=OGQ5ZDc2ODk2ZA==,36.8089646,-119.7809798,,,w_1290843592,shop=alcohol
"Kingsburg, CA",,retail,445310,Circle C Market,"16246 East Kings Canyon Road, Sanger, CA, 93657",+15597872111,,36.7337343,-119.4971168,,,w_1292294357,shop=alcohol
"Kingsburg, CA",,retail,445110,Tower Market & Deli,"1233 North Van Ness Avenue, Fresno, CA, 93728",+15592661060,,36.7585626,-119.799392,,,w_1292559158,shop=supermarket
"Kingsburg, CA",,retail,445110,Mercado Sol Del Valle,,+1-559-429-4305,,36.3406024,-119.2790978,,,w_1295424496,shop=supermarket
"Kingsburg, CA",,retail,445120,T.Mart,,,,36.3422214,-119.2792084,,,w_1295424501,shop=convenience
"Kingsburg, CA",,retail,446120,Happiness Nails & Spa,,,,36.2939216,-119.3124478,,,w_1295806949,shop=beauty
"Kingsburg, CA",,retail,452210,Big Lots,"2525 South Mooney Boulevard, Visalia, CA, 93277",+1 559-739-7074,https://local.biglots.com/ca/visalia/2525-s-mooney-blvd,36.3077497,-119.3156113,,,w_1296411400,"shop=department_store, brand=Big Lots"
"Kingsburg, CA",,retail,452319,99 Cents Only Stores,,,,36.3066427,-119.3153387,,,w_1296425245,"shop=variety_store, brand=99 Cents Only Stores"
"Kingsburg, CA",,retail,445120,7-Eleven,,,,36.3124448,-119.2922731,,,w_1297201453,"shop=convenience, brand=7-Eleven"
"Kingsburg, CA",,retail,445120,ampm,"825 North Willow Avenue, Clovis, CA, 93611",+15599407062,https://www.ampm.com/,36.8455633,-119.7287433,,,w_1300170423,"shop=convenience, brand=ampm"
"Kingsburg, CA",,retail,445110,Food 4 Less,,,,36.348268,-119.2986791,,,w_1315228782,"shop=supermarket, brand=Food 4 Less"
"Kingsburg, CA",,retail,452210,dd's Discounts,,,,36.3469798,-119.2986624,,,w_1315228785,"shop=department_store, brand=dd's Discounts"
"Kingsburg, CA",,retail,452319,Family Dollar,,,,36.3437638,-119.295779,,,w_1315360916,"shop=variety_store, brand=Family Dollar"
"Kingsburg, CA",,retail,445230,First Step Nutrition,,,https://www.shopfirststep.com/,36.3432284,-119.2971007,,,w_1315360917,shop=greengrocer
"Kingsburg, CA",,retail,445310,Jacks Liquor,,,,36.3425488,-119.2962224,,,w_1315367440,shop=alcohol
"Kingsburg, CA",,retail,445210,Nueva Italia Carniceria y Taqueria,,,,36.3373524,-119.2914416,,,w_1315412463,shop=butcher
"Kingsburg, CA",,retail,445120,Lee's Mini Mart,,,,36.3350662,-119.292069,,,w_1315420790,shop=convenience
"Kingsburg, CA",,retail,445120,Circle K,,,,36.2264213,-119.3363308,,,w_1320003325,"shop=convenience, brand=Circle K"
"Kingsburg, CA",,retail,445120,Shannon Village Market,,,,36.3570985,-119.3152166,,,w_1320197998,shop=convenience
"Kingsburg, CA",,retail,445120,London Market,,,,36.4783146,-119.4410987,,,w_1321666652,shop=convenience
"Kingsburg, CA",,retail,445120,Mercado Latino,,,,36.4773154,-119.4423959,,,w_1321672054,shop=convenience
"Kingsburg, CA",,retail,446110,CVS Pharmacy,,,,36.3241296,-119.2765405,,,w_1322667572,"shop=chemist, brand=CVS Pharmacy"
"Kingsburg, CA",,retail,452319,Dollar Tree,,,,36.3242269,-119.2758056,,,w_1322667574,"shop=variety_store, brand=Dollar Tree"
"Kingsburg, CA",,retail,445110,Save Mart,,,,36.3241307,-119.275222,,,w_1322667575,"shop=supermarket, brand=Save Mart"
"Kingsburg, CA",,retail,445120,The Barn,,,,36.3414598,-119.3311465,,,w_1330560914,shop=convenience
"Kingsburg, CA",,retail,445120,,,,,36.815334,-119.7898524,,,w_1362729245,shop=convenience
"Kingsburg, CA",,retail,445110,People's Food & Deli,"5593 Avenue 400, Dinuba, CA, 93618",,,36.5169185,-119.4490645,,,w_1376133042,shop=supermarket
"Kingsburg, CA",,retail,445120,,,,,36.8161842,-119.7909727,,,w_1412095840,shop=convenience
"Kingsburg, CA",,retail,445120,BJ's Express Mart,,,,36.3248042,-119.3312136,,,w_1413369559,shop=convenience
"Kingsburg, CA",,retail,453991,Mooneys Smoke Shop,,,,36.3189539,-119.3136126,,,w_1413374748,shop=tobacco
