Location,Search Keyword,Segment,NAICS Code,Business Name,Address,Phone Number,Website,Latitude,Longitude,Rating,User Ratings,Place ID,Types
"Elmira, CA",,retail,445110,Nugget Markets,"409 Mace Boulevard, Davis, CA, 95618",+1 530-753-6690,https://www.nuggetmarket.com/locations/mace-davis/,38.5501266,-121.6960082,,,n_597045822,shop=supermarket
"Elmira, CA",,retail,445110,Raley's,"890 Southampton Road, Benicia, CA, 94510",707-746-1203,https://www.raleys.com/,38.0665187,-122.167967,,,n_598055156,"shop=supermarket, brand=Raley's"
"Elmira, CA",,retail,445110,Safeway,"50 Solano Square, Benicia, CA, 94510",+1 707-745-4047,https://local.safeway.com/safeway/ca/benicia/50-solano-sq.html,38.0547702,-122.15572,,,n_698082170,"shop=supermarket, brand=Safeway, operator=Safeway"
"Elmira, CA",,retail,445110,Westlake IGA Market,,,,38.5545359,-121.7870207,,,n_711012114,shop=supermarket
"Elmira, CA",,retail,445120,Snug Harbor Bait & Groceries,,,,38.1993289,-121.6134957,,,n_761305299,shop=convenience
"Elmira, CA",,retail,445110,Bel Air Supermarket,"7465 Rush River Drive, Sacramento, CA, 95831",,,38.4866182,-121.5351981,,,n_761843487,shop=supermarket
"Elmira, CA",,retail,445110,Nugget Markets,"1040 Florin Road, Sacramento, CA, 95831",916-395-2875,https://www.nuggetmarket.com/locations/florin-sacramento/,38.4946211,-121.5211208,,,n_761845564,shop=supermarket
"Elmira, CA",,retail,446110,Rite Aid,,,,38.4936932,-121.522638,,,n_761845565,"shop=chemist, amenity=pharmacy, brand=Rite Aid"
"Elmira, CA",,retail,445110,Trader Joe's,"885 Russell Boulevard, Davis, CA, 95616",+1 530-757-2693,https://www.traderjoes.com/,38.5467537,-121.7614973,,,n_1052335476,"shop=supermarket, brand=Trader Joe's"
"Elmira, CA",,retail,445110,Whole Foods Market,"3682 Bel Aire Plaza, Napa, CA, 94558",+1 707-224-6300,https://www.wholefoodsmarket.com/stores/napa,38.3232512,-122.3063419,,,n_1347464430,"shop=supermarket, brand=Whole Foods Market"
"Elmira, CA",,retail,445110,Trader Joe's,"3654 Bel Aire Plaza, Napa, CA, 94558",+1 707-256-0806,https://locations.traderjoes.com/ca/napa/128/,38.3227883,-122.3059235,,,n_1347464433,"shop=supermarket, brand=Trader Joe's"
"Elmira, CA",,retail,445120,Chevron,,,,38.0949246,-122.2288446,,,n_1861486372,"shop=convenience, brand=Chevron"
"Elmira, CA",,retail,445120,Ben's Food & Liquor,,,,38.0946002,-122.2281094,,,n_1861493139,shop=convenience
"Elmira, CA",,retail,452210,dd's Discounts,,,,38.1040392,-122.2307137,,,n_1861502515,"shop=department_store, brand=dd's Discounts"
"Elmira, CA",,retail,445110,Cardenas,,,,38.1038261,-122.231081,,,n_1861502536,"shop=supermarket, brand=Cardenas"
"Elmira, CA",,retail,446120,Orchid Nails and Spa,,,,38.1049112,-122.2311349,,,n_1862633028,shop=beauty
"Elmira, CA",,retail,445120,Cigarettes 4 Less,,,,38.1048239,-122.2310622,,,n_1862633074,shop=convenience
"Elmira, CA",,retail,446120,Bath & Body Works,,,,38.5414333,-121.741526,,,n_1941881548,"shop=cosmetics, brand=Bath & Body Works"
"Elmira, CA",,retail,445110,Lira's Supermarket,,,,38.1601325,-121.6946965,,,n_1974530827,shop=supermarket
"Elmira, CA",,retail,445110,Bel Air,,,,38.4965543,-121.509933,,,n_2085502813,"shop=supermarket, brand=Bel Air"
"Elmira, CA",,retail,445120,ampm,"1391 Florin Road, Sacramento, CA, 95822",,,38.4960765,-121.5036694,,,n_2092439950,"shop=convenience, brand=ampm"
"Elmira, CA",,retail,452319,Dollar Tree,"3015 West Capitol Avenue, West Sacramento, CA, 95691",,https://www.dollartree.com/locations/ca/west-sacramento/1215/,38.5770654,-121.5502033,,,n_2120443586,"shop=variety_store, brand=Dollar Tree"
"Elmira, CA",,retail,453991,Discount Cigarettes,"3017 West Capitol Avenue, West Sacramento, CA, 95691",,,38.5772961,-121.5502123,,,n_2120443591,shop=tobacco
"Elmira, CA",,retail,445110,Mercado Loco,"3049 West Capitol Avenue, West Sacramento, CA, 95691",,,38.5781665,-121.5502033,,,n_2120443743,shop=supermarket
"Elmira, CA",,retail,445310,Country West Liquor,"3071 West Capitol Avenue, West Sacramento, CA, 95691",,,38.578944,-121.5502929,,,n_2120443872,shop=alcohol
"Elmira, CA",,retail,452319,Dollar Tree,"West Sacramento, CA, 95691",,https://www.dollartree.com/locations/ca/west-sacramento/5241/,38.5496933,-121.5381723,,,n_2120467983,"shop=variety_store, brand=Dollar Tree"
"Elmira, CA",,retail,445110,Savemart,,,,38.559607,-121.7577404,,,n_2188177617,shop=supermarket
"Elmira, CA",,retail,445110,FoodMaxx,,,,38.1234059,-122.236462,,,n_2264170931,"shop=supermarket, brand=FoodMaxx"
"Elmira, CA",,retail,445120,Sage Street Market,"201 Sage Street, Davis, 94566",+1 530-759-0663,https://housing.ucdavis.edu/dining/sage-street/,38.5412859,-121.7717517,,,n_2281654814,shop=convenience
"Elmira, CA",,retail,452319,Dollar Tree,,,,38.3434826,-121.9937642,,,n_2401059911,"shop=variety_store, brand=Dollar Tree"
"Elmira, CA",,retail,445110,Raley's,"375 West Main Street, Woodland, CA, 95695",,,38.6766059,-121.8012339,,,n_2551989425,"shop=supermarket, brand=Raley's"
"Elmira, CA",,retail,445110,Raley's,,,,38.2574839,-122.0660105,,,n_2589909684,"shop=supermarket, brand=Raley's"
"Elmira, CA",,retail,452210,TJ Maxx,,,,38.215332,-122.1417063,,,n_2589929166,"shop=department_store, brand=TJ Maxx"
"Elmira, CA",,retail,452210,Target,"3000 Harbison Drive, Vacaville, CA, 95687-3909",+1 707-452-8053,https://www.target.com/sl/vacaville/827,38.3610366,-121.9613315,,,n_2590491557,"shop=department_store, brand=Target"
"Elmira, CA",,retail,452210,Burlington,"2021 Harbison Drive, Vacaville, CA, 95687",+1 707-451-7866,https://stores.burlington.com/ca/vacaville/758/,38.360385,-121.964131,,,n_2590493283,"shop=department_store, brand=Burlington"
"Elmira, CA",,retail,452210,Ross,"2071 Harbison Drive, Vacaville, CA, 95687",+1 707-446-9856,,38.3604083,-121.9662639,,,n_2590493942,"shop=department_store, brand=Ross"
"Elmira, CA",,retail,445110,Grocery Outlet,,,,38.3676348,-121.9592533,,,n_2590547087,"shop=supermarket, brand=Grocery Outlet"
"Elmira, CA",,retail,452210,Marshalls,,,,38.1337123,-122.2196958,,,n_2638103317,"shop=department_store, brand=Marshalls"
"Elmira, CA",,retail,452210,Ross,"133 Plaza Drive, Vallejo, CA, 94591",+1 707-552-9565,,38.1326326,-122.2203904,,,n_2638103319,"shop=department_store, brand=Ross"
"Elmira, CA",,retail,445310,Domaine Carneros,,,,38.255478,-122.351414,,,n_2795282869,"shop=wine, brand=Tattinger"
"Elmira, CA",,retail,445310,Cuvaison ,,,,38.250786,-122.34732,,,n_2795290369,shop=wine
"Elmira, CA",,retail,445310,Madonna Winery,,,,38.255822,-122.341286,,,n_2795292869,shop=wine
"Elmira, CA",,retail,445120,Town Market,,,,38.1044143,-122.2380254,,,n_2805280721,shop=convenience
"Elmira, CA",,retail,445120,7-Eleven,"2835 Georgia Street, Vallejo, CA, 94591-6503",+1 707-648-2805,https://www.7-eleven.com/locations/ca/vallejo/2835-georgia-st-14133,38.0996339,-122.2239494,,,n_2805280723,"shop=convenience, brand=7-Eleven"
"Elmira, CA",,retail,445120,Parkside Market,"202 Davi Avenue, Pittsburg",,,38.021443,-121.892495,,,n_3458085812,shop=convenience
"Elmira, CA",,retail,446120,Perfumania,"321 Nut Tree Road, Vacaville, 95687",,,38.3660673,-121.9570409,,,n_3458211395,"shop=perfumery, brand=Perfumania"
"Elmira, CA",,retail,445310,Materra | Cunat Family Vineyards,,,http://www.materrawines.com/,38.3621152,-122.3111949,,,n_3711387003,shop=wine
"Elmira, CA",,retail,445110,Nob Hill,"611 Trancas St, Napa, CA, 94558",(707) 224-8583,,38.3241936,-122.2859373,,,n_3715624080,"shop=supermarket, operator=Raley's"
"Elmira, CA",,retail,445110,Lucky,"1312 Trancas St, Napa, CA, 94558",+1 (707) 255-7767,https://www.luckysupermarkets.com/stores/5055,38.3234529,-122.301783,,,n_3715632816,"shop=supermarket, brand=Lucky"
"Elmira, CA",,retail,446120,,,,,38.2897418,-122.0323392,,,n_3748098517,shop=beauty
"Elmira, CA",,retail,445110,Yolo Fruit Stand,,,,38.5615898,-121.6441703,,,n_3748099233,shop=supermarket
"Elmira, CA",,retail,445120,7-Eleven,"1097 East Monte Vista Avenue, Vacaville, CA, 95688",,https://www.7-eleven.com/locations/ca/vacaville/1097-e-monte-vista-ave-24248,38.3603497,-121.977732,,,n_4044814529,"shop=convenience, brand=7-Eleven"
"Elmira, CA",,retail,445120,Vaca Food & Liquor,"1193 East Monte Vista Avenue, Vacaville, CA, 95688",,,38.3610102,-121.975167,,,n_4047002168,shop=convenience
"Elmira, CA",,retail,445120,ampm,"450 County Road 102, Woodland, CA, 95776",,,38.6760717,-121.7291872,,,n_4047530706,"shop=convenience, brand=ampm"
"Elmira, CA",,retail,452210,Walmart,"1720 East Main Street, Woodland, CA, 95776",+1 530-668-1060,https://www.walmart.com/store/2190-woodland-ca,38.6756434,-121.7412552,,,n_4047545109,"shop=department_store, brand=Walmart, operator=Walmart"
"Elmira, CA",,retail,446120,Harbor Beauty Salon,,,,38.0178584,-121.8821883,,,n_4073863926,shop=beauty
"Elmira, CA",,retail,445310,,,,,38.0175763,-121.8823103,,,n_4073866089,shop=alcohol
"Elmira, CA",,retail,445110,Trader Joe's,"1350 Gateway Boulevard, Fairfield, CA, 94533",+1 707-434-0144,https://locations.traderjoes.com/ca/fairfield/101/,38.2640861,-122.053199,,,n_4141972189,"shop=supermarket, brand=Trader Joe's"
"Elmira, CA",,retail,445110,Grocery Outlet,"6419 Riverside Boulevard, Sacramento, CA, 95831",,,38.5096119,-121.5412946,,,n_4344001952,"shop=supermarket, brand=Grocery Outlet"
"Elmira, CA",,retail,452319,Family Dollar,,,,38.5543659,-121.7870159,,,n_4356618301,"shop=variety_store, brand=Family Dollar"
"Elmira, CA",,retail,445310,vini,,,,38.5434516,-121.7407513,,,n_4359279889,shop=wine
"Elmira, CA",,retail,453110,Strelitzia Fllowers,"4614 2nd Street, Davis, CA, 95616",+1-530-758-5050,https://www.strelitziaflowers.com/,38.5548488,-121.6966368,,,n_4378091337,shop=florist
"Elmira, CA",,retail,445120,Power Market,,,,38.0263416,-121.9580779,,,n_4555791430,shop=convenience
"Elmira, CA",,retail,445110,Mi Tierra,,,,38.026264,-121.9480092,,,n_4555819570,shop=supermarket
"Elmira, CA",,retail,445110,Safeway,"660 Bailey Road, Pittsburg, CA, 94565",+1 925-458-0181,https://local.safeway.com/safeway/ca/pittsburg/660-bailey-rd.html,38.0161167,-121.943476,,,n_4555862465,"shop=supermarket, brand=Safeway"
"Elmira, CA",,retail,452319,Dollar Tree,,,https://www.dollartree.com/locations/ca/pittsburg/4369/,38.0156718,-121.943397,,,n_4555862466,"shop=variety_store, brand=Dollar Tree"
"Elmira, CA",,retail,445110,La Chicana Market,,,,38.0264699,-121.933659,,,n_4556083432,shop=supermarket
"Elmira, CA",,retail,445310,Dave's Liquor,,,,38.0264028,-121.9327381,,,n_4556083434,shop=alcohol
"Elmira, CA",,retail,445120,Power Market,,,,38.0263713,-121.9275577,,,n_4556083435,shop=convenience
"Elmira, CA",,retail,445110,Bill Bly's Ranch Market,,,,38.0265163,-121.9438266,,,n_4556083443,shop=supermarket
"Elmira, CA",,retail,445110,Del Valle Produce,,,,38.0343242,-121.9614961,,,n_4556083446,shop=supermarket
"Elmira, CA",,retail,445120,Power Market,,,,38.0204953,-121.9424637,,,n_4557932441,shop=convenience
"Elmira, CA",,retail,445120,Alliance,,,,38.0264828,-121.94271,,,n_4574206604,shop=convenience
"Elmira, CA",,retail,446120,Bella Capelli Hair Salon,,7074551507,,38.3547124,-121.9914707,,,n_4581999079,shop=beauty
"Elmira, CA",,retail,446120,Atma Wholistic Day Spa,,,,38.3538264,-121.9913908,,,n_4581999081,shop=beauty
"Elmira, CA",,retail,445120,7-Eleven,"1450 Alamo Drive, Vacaville, CA, 95687-6537",+1 707-448-7711,https://www.7-eleven.com/locations/ca/vacaville/1450-alamo-dr-14155,38.3355513,-121.9859436,,,n_4582002103,"shop=convenience, brand=7-Eleven"
"Elmira, CA",,retail,445110,Raley's,"3061 Alamo Drive, Vacaville, 95687",,,38.3366712,-121.954517,,,n_4582002104,"shop=supermarket, brand=Raley's"
"Elmira, CA",,retail,446120,Ulta Beauty,"1725 Trancas Street, Napa, CA, 94558",+1 707-224-1117,https://www.ulta.com/stores/napa-ca-648,38.3205387,-122.3064942,,,n_4588450155,"shop=cosmetics, brand=Ulta Beauty"
"Elmira, CA",,retail,445310,BevMo!,,,,38.3215705,-122.30045,,,n_4588462326,"shop=alcohol, brand=BevMo!"
"Elmira, CA",,retail,445292,See's Candies,"1301 Trancas Street, Napa, CA",,,38.3223328,-122.300243,,,n_4588462328,"shop=confectionery, brand=See's Candies"
"Elmira, CA",,retail,452210,Marshalls,,,,38.2863039,-122.273581,,,n_4589631152,"shop=department_store, brand=Marshalls"
"Elmira, CA",,retail,445120,7-Eleven,"2906 First Street, Napa, CA, 94558-5529",+1 707-252-0288,https://www.7-eleven.com/locations/ca/napa/2906-first-st-14138,38.3012926,-122.3107291,,,n_4610544343,"shop=convenience, brand=7-Eleven"
"Elmira, CA",,retail,445120,Kwikee Mart,,,,38.3156127,-122.2973371,,,n_4612232971,shop=convenience
"Elmira, CA",,retail,446120,Imola Nail Spa,,,,38.281042,-122.2926389,,,n_4615542650,shop=beauty
"Elmira, CA",,retail,445120,Valencia,,,,38.2814304,-122.2926399,,,n_4615542657,shop=convenience
"Elmira, CA",,retail,445110,Grocery Outlet,,,,38.2809103,-122.290877,,,n_4615542659,"shop=supermarket, brand=Grocery Outlet"
"Elmira, CA",,retail,445120,7-Eleven,"1136 Imola Avenue, Napa, CA, 94559-4237",+1 707-224-6788,https://www.7-eleven.com/locations/ca/napa/1136-imola-ave-14152,38.2803293,-122.2653634,,,n_4623128061,"shop=convenience, brand=7-Eleven"
"Elmira, CA",,retail,446120,Allure Nail & Massage,,,,38.3231957,-122.2994422,,,n_4636874578,shop=beauty
"Elmira, CA",,retail,445120,7-Eleven,"29 Rio del Mar, American Canyon, CA, 94503",+1 707-642-4748,https://www.7-eleven.com/locations/ca/american-canyon/29-rio-del-mar-16640,38.1793938,-122.255827,,,n_4650632313,"shop=convenience, brand=7-Eleven"
"Elmira, CA",,retail,445120,Thai Market,"American Canyon, CA, 94503",,,38.1773916,-122.255065,,,n_4650632314,shop=convenience
"Elmira, CA",,retail,445120,AC Food and Liquor,"American Canyon, CA, 94503",,,38.1772708,-122.255049,,,n_4650632315,shop=convenience
"Elmira, CA",,retail,452210,JCPenney,"Solano Mall, Fairfield, CA, 94533",,,38.2603424,-122.051404,,,n_4747926439,"shop=department_store, brand=JCPenney"
"Elmira, CA",,retail,452210,Sears,"Solano Mall, Fairfield, CA, 94533",,,38.2596547,-122.0528598,,,n_4747933229,"shop=department_store, brand=Sears"
"Elmira, CA",,retail,452210,Macy's,"Solano Mall, Fairfield, CA, 94533",,https://www.macys.com/stores/ca/fairfield/solano-town-center_326.html,38.2597684,-122.055306,,,n_4747933347,"shop=department_store, brand=Macy's"
"Elmira, CA",,retail,445310,BevMo!,"1545 Holiday Lane, Fairfield, CA, 94534",,,38.2603159,-122.061703,,,n_4747942462,"shop=alcohol, brand=BevMo!"
"Elmira, CA",,retail,445110,FoodMaxx,"1955 West Texas Street, Fairfield, CA, 94533",,,38.2479744,-122.0642653,,,n_4747961243,"shop=supermarket, brand=FoodMaxx"
"Elmira, CA",,retail,452210,Napa Premium Outlets,"629 Factory Stores Drive, CA, 94558",+17072269876,https://www.premiumoutlets.com/,38.2960716,-122.3030827,,,n_4783421225,shop=department_store
"Elmira, CA",,retail,453991,Illusions Smoke Shop,"203 G Street, Davis, CA, 95616",,,38.5437499,-121.7391322,,,n_5300335928,shop=tobacco
"Elmira, CA",,retail,446120,Studio K,"229 C Street, Davis, CA, 95616",,,38.5436706,-121.743809,,,n_5300364190,shop=beauty
"Elmira, CA",,retail,445120,7-Eleven,"East 5th Street, 94510",,https://www.7-eleven.com/locations/ca/benicia/500-military-east-26231,38.050469,-122.1467636,,,n_5305448128,"shop=convenience, brand=7-Eleven"
"Elmira, CA",,retail,445110,Walmart Neighborhood Market,"1250 East Gibson Road, Woodland, CA, 95776",+1 530-665-4306,https://www.walmart.com/store/5606-woodland-ca,38.661335,-121.763685,,,n_5315597553,"shop=supermarket, brand=Walmart, operator=Walmart"
"Elmira, CA",,retail,445110,Walmart Neighborhood Market,"2050 Nut Tree Road, Vacaville, CA, 95687",+1 707-359-3258,https://www.walmart.com/store/5007-vacaville-ca,38.350599,-121.951128,,,n_5315597931,"shop=supermarket, brand=Walmart, operator=Walmart"
"Elmira, CA",,retail,445110,Walmart Neighborhood Market,"215 California Street, Woodland, CA, 95695",+1 530-665-4638,https://www.walmart.com/store/4127-woodland-ca,38.680872,-121.787924,,,n_5315598128,"shop=supermarket, brand=Walmart, operator=Walmart"
"Elmira, CA",,retail,445110,Grocery Outlet,,,,38.6760568,-121.7587008,,,n_5326270116,"shop=supermarket, brand=Grocery Outlet"
"Elmira, CA",,retail,452210,Ross,"1388 East Main Street, Woodland, CA, 95776",+1 530-661-4778,,38.6762932,-121.7573109,,,n_5326270120,"shop=department_store, brand=Ross"
"Elmira, CA",,retail,452319,Dollar Tree,,,https://www.dollartree.com/locations/ca/woodland/4760/,38.6754712,-121.7454213,,,n_5326303604,"shop=variety_store, brand=Dollar Tree"
"Elmira, CA",,retail,445110,Food 4 Less,,,,38.6750418,-121.7449944,,,n_5326303605,"shop=supermarket, brand=Food 4 Less"
"Elmira, CA",,retail,452319,Dollar Tree,,,https://www.dollartree.com/locations/ca/woodland/1206/,38.679975,-121.7851467,,,n_5326319896,"shop=variety_store, brand=Dollar Tree"
"Elmira, CA",,retail,445110,Seafood City Market,"3495 Sonoma Boulevard, 94590",7076541972,http://www.seafoodcity.com,38.122467,-122.2575771,,,n_5474696349,shop=supermarket
"Elmira, CA",,retail,445210,Sanoma Meat Market,"2723 Sonoma Boulevard, 94590",707-648-7933,,38.1117534,-122.254761,,,n_5487078024,shop=butcher
"Elmira, CA",,retail,452319,Dollar Tree,"3475 Sonoma Boulevard, 94590",707-648-9788,,38.1217281,-122.2571966,,,n_5507277622,"shop=variety_store, brand=Dollar Tree, operator=Dollar Tree"
"Elmira, CA",,retail,445210,Sanoma Meat Market,"2723 Sonoma Boulevard, 94590",,,38.111722,-122.2549,,,n_5507277722,shop=butcher
"Elmira, CA",,retail,452319,Dollar Tree,"938 Admiral Callaghan Lane, 94591",707-557-4358,https://www.dollartree.com/locations/ca/vallejo/4131/,38.1330067,-122.2211937,,,n_5536296826,"shop=variety_store, brand=Dollar Tree, operator=Dollar Tree"
"Elmira, CA",,retail,445120,,,,,38.3383674,-122.2599194,,,n_5569989027,shop=convenience
"Elmira, CA",,retail,445120,Spanish Flat Country Store & Deli,"4318 Knoxville Road, 94558",7079661600,,38.5334367,-122.2273067,,,n_5678599527,shop=convenience
"Elmira, CA",,retail,445110,SF Supermarket,,,,38.5207448,-121.513205,,,n_5778410512,"shop=supermarket, brand=SF Supermarket"
"Elmira, CA",,retail,445120,Loop,,,,38.4804506,-121.5078253,,,n_5833583540,shop=convenience
"Elmira, CA",,retail,445120,Food Stop,,,,38.4811183,-121.5009882,,,n_5833614923,shop=convenience
"Elmira, CA",,retail,445120,,,,,38.4458633,-121.8266784,,,n_5904459569,shop=convenience
"Elmira, CA",,retail,452210,Ross,"8184 Delta Shores Circle South, Sacramento, CA, 95832",+1 916-665-1000,,38.4629881,-121.4942442,,,n_6182196270,"shop=department_store, brand=Ross"
"Elmira, CA",,retail,445110,Nugget Markets,"157 Main Street, Woodland, CA, 95695",530-662-5479,https://www.nuggetmarket.com/locations/woodland/,38.6782103,-121.7806092,,,n_6262280253,shop=supermarket
"Elmira, CA",,retail,446120,Ulta Beauty,"8180 Delta Shores Circle South, Sacramento, CA, 95832",+1 916-665-1205,https://www.ulta.com/stores/sacramento-ca-1119,38.4632759,-121.4943303,,,n_6265129798,"shop=beauty, brand=Ulta Beauty"
"Elmira, CA",,retail,446120,Bath & Body Works,"8176 Delta Shores Circle South, Sacramento, CA, 95832",,,38.4636512,-121.4943536,,,n_6265151654,"shop=cosmetics, brand=Bath & Body Works"
"Elmira, CA",,retail,445310,Napa General Store,94599,,,38.2961093,-122.2825449,,,n_6331604891,shop=wine
"Elmira, CA",,retail,445310,Back Room Wines,"1000 Main Street, 94559",,,38.2994495,-122.2852957,,,n_6331612787,shop=wine
"Elmira, CA",,retail,446120,,,,,38.0059669,-121.8369787,,,n_6331742053,shop=beauty
"Elmira, CA",,retail,445120,7-Eleven,"4600 Century Boulevard, Pittsburg, CA, 94565",,https://www.7-eleven.com/locations/ca/pittsburg/4600-century-blvd-33374,38.005707,-121.8363293,,,n_6331742058,"shop=convenience, brand=7-Eleven"
"Elmira, CA",,retail,445120,Speedway,"800 Merchant Street, Vacaville, CA, 95688",,https://www.speedway.com/locations/CA/Vacaville/800-MERCHANT-ST,38.3493246,-121.9961694,,,n_6463573766,"shop=convenience, brand=Speedway"
"Elmira, CA",,retail,445310,Vacaville U Save Liquor,,,,38.349137,-121.9951412,,,n_6463573768,shop=alcohol
"Elmira, CA",,retail,445120,Airway Market,,,,38.5174154,-121.5000058,,,n_6546797021,shop=convenience
"Elmira, CA",,retail,446120,Florin Nails & Spa,"1309 Florin Road, Sacramento, CA, 95831",,,38.4967945,-121.5094683,,,n_6577763083,shop=beauty
"Elmira, CA",,retail,453991,Cigarettes & Tobacco Forever,"1195 Florin Road, Sacramento, CA, 95831",,,38.4961069,-121.5125487,,,n_6577791049,shop=tobacco
"Elmira, CA",,retail,445310,Lichine's Liquor & Deli,"7107 South Land Park Drive, Sacramento, CA, 95831",,,38.4966889,-121.5111381,,,n_6577796876,shop=alcohol
"Elmira, CA",,retail,446120,MAC Cosmetics,,,,38.2950227,-122.3031739,,,n_6606294975,"shop=cosmetics, brand=MAC Cosmetics"
"Elmira, CA",,retail,445120,ampm,,,,38.3697829,-121.9543421,,,n_6696356311,"shop=convenience, brand=ampm"
"Elmira, CA",,retail,445120,ExtraMile,,,,38.3698231,-121.9557328,,,n_6696356313,"shop=convenience, brand=ExtraMile"
"Elmira, CA",,retail,445120,Shell,"950 Merchant Street, Vacaville, CA, 95688",,,38.3479489,-121.997683,,,n_6701143983,"shop=convenience, brand=Shell"
"Elmira, CA",,retail,445310,Mayacamas,1256 1st Street,,,38.2983293,-122.2878961,,,n_6762934309,shop=wine
"Elmira, CA",,retail,452210,Big Lots,,,,37.9999144,-121.83891,,,n_6855684965,"shop=department_store, brand=Big Lots"
"Elmira, CA",,retail,452319,99 Cents Only Stores,,,https://locations.99only.com/ca/antioch/discount-store-228.html,38.000259,-121.8389529,,,n_6855684966,"shop=variety_store, brand=99 Cents Only Stores"
"Elmira, CA",,retail,445310,Vezer Family Vineyard,"5071 Suisun Valley Road, Fairfield, CA, 94534",707 422 8025,https://www.vezerfamilyvineyard.com/,38.2942743,-122.1209711,,,n_6907745577,shop=wine
"Elmira, CA",,retail,445310,Vezer Family Vineyard,"2522 Mankas Corner Road, Fairfield, CA, 94534",+1 707 429 3958,https://www.vezerfamilyvineyard.com/,38.2860808,-122.1076244,,,n_6907745578,shop=wine
"Elmira, CA",,retail,445310,Rock Creek Vineyard,"4610 Green Valley Road, Fairfield, CA, 94534",+1 707 864 2471,https://rockcreekvineyard.com/,38.2680937,-122.1634895,,,n_6907745579,shop=wine
"Elmira, CA",,retail,445310,GV Cellars,"1635 Mason Road, Fairfield, CA, 94534",+1 707 864 2089,https://www.gvcellars.com/,38.2429011,-122.1689571,,,n_6907745580,shop=wine
"Elmira, CA",,retail,445310,Galvan Family Cellars,"499 Edison Court, Fairfield, CA, 94534",+1 707 864 3606,http://www.galvanwine.com/,38.2054258,-122.1421686,,,n_6907745581,shop=wine
"Elmira, CA",,retail,445310,Wooden Valley Winery,"4756 Suisun Valley Road, Fairfield, CA, 94534",+1 707 864 0730,https://www.woodenvalley.com/,38.2768146,-122.1131887,,,n_6907753793,shop=wine
"Elmira, CA",,retail,445310,Tolenas Vineyards and Winery,"4185 Chadbourne Road, Fairfield, CA, 94534",+1 707 372 1434,https://www.tolenaswinery.com/,38.2451215,-122.0845856,,,n_6907753794,shop=wine
"Elmira, CA",,retail,445310,Tenbrink Vineyards,"4185 Chadbourne Road, Fairfield, CA, 94534",+1 707 480 7334,http://www.tenbrinkvineyards.com,38.2451794,-122.0845856,,,n_6907753795,shop=wine
"Elmira, CA",,retail,445310,Suisun Valley Filling Station,"2529 Mankas Corner Road, Fairfield, CA, 94534",+1 707 863 1555,https://www.suisunvalleyfillingstation.com/,38.2861334,-122.1066977,,,n_6907753796,shop=wine
"Elmira, CA",,retail,445310,Suisun Creek Winery,"2434 Morrison Lane, Fairfield, CA, 94534",+1 805 704 2822,https://www.suisuncreekwinery.com/,38.2664553,-122.1147531,,,n_6907753797,shop=wine
"Elmira, CA",,retail,445310,Seven Artisans Winery,"4341 Abernathy Road, Fairfield, CA, 94534",+1 707 771 0911,https://www.sevenartisanswinery.com/,38.2541305,-122.092761,,,n_6907753798,shop=wine
"Elmira, CA",,retail,445310,Mangels Vineyards,"4529 Suisun Valley Road, Fairfield, CA, 94534",+1 707 410 5392,https://www.mangelsvineyards.com,38.2648727,-122.1138619,,,n_6907753799,shop=wine
"Elmira, CA",,retail,445310,BackRoad Vines,"2323 Julian Lane, Fairfield, CA, 94534",707 759 0185,https://backroadvines.com/,38.2869513,-122.1206398,,,n_6907753800,shop=wine
"Elmira, CA",,retail,445310,BackRoad Vines,"2221 Julian Lane, Fairfield, CA, 94534",707 759 0185,https://backroadvines.com/,38.2862239,-122.1287133,,,n_6907753801,shop=wine
"Elmira, CA",,retail,446120,Eyebrow Hub,,,,38.2809368,-122.2902997,,,n_7012409218,shop=beauty
"Elmira, CA",,retail,453991,Cigarettes & More,,,,38.2809428,-122.2903589,,,n_7012409219,shop=tobacco
"Elmira, CA",,retail,445120,Loop,,,,38.3219283,-122.3025118,,,n_7015452107,shop=convenience
"Elmira, CA",,retail,445120,Speedway,"603 Lincoln Avenue, Napa, CA, 94558",,https://www.speedway.com/locations/CA/Napa/603-LINCOLN-AVE,38.3098215,-122.2824686,,,n_7015459768,"shop=convenience, brand=Speedway"
"Elmira, CA",,retail,446120,Terrace Day Spa,,,,38.2973352,-122.2697397,,,n_7015867104,shop=beauty
"Elmira, CA",,retail,446120,,,,,38.3193962,-122.2982954,,,n_7016076621,shop=beauty
"Elmira, CA",,retail,446120,Ulta Beauty,"147 Plaza Drive, Vallejo, CA, 94591",+1 707-644-4262,https://web.facebook.com/Ulta-Beauty-1760767710890300/,38.1346119,-122.2191807,,,n_7060534515,"shop=cosmetics, brand=Ulta Beauty"
"Elmira, CA",,retail,446120,Ulta Beauty,"2135 Bronze Star Drive, Woodland, CA, 95776",+1 530-631-0379,https://www.ulta.com/stores/woodland-ca-1397,38.6720477,-121.7273029,,,n_7108490965,"shop=beauty, brand=Ulta Beauty"
"Elmira, CA",,retail,445120,7-Eleven,"1229 East Main Street, Woodland, CA, 95776-3534",+1 530-666-6288,https://www.7-eleven.com/locations/ca/woodland/1229-east-main-st-21433,38.6778084,-121.7650026,,,n_7108559569,"shop=convenience, brand=7-Eleven"
"Elmira, CA",,retail,445120,ExtraMile,,,,38.1844865,-122.2542366,,,n_7147570778,"shop=convenience, brand=ExtraMile"
"Elmira, CA",,retail,452319,Daiso Japan,"8176 Delta Shores Circle South, Sacramento, CA, 95832",,,38.4635241,-121.4942435,,,n_7168257496,"shop=variety_store, brand=Daiso"
"Elmira, CA",,retail,445120,7-Eleven,"1208 Tennessee Street, Vallejo, CA, 94590-4624",+1 707-552-0307,https://www.7-eleven.com/locations/ca/vallejo/1208-tennessee-st-16729,38.1101943,-122.242552,,,n_7264190757,"shop=convenience, brand=7-Eleven"
"Elmira, CA",,retail,445120,ExtraMile,,,,38.5759775,-121.5763279,,,n_7276087582,"shop=convenience, brand=ExtraMile"
"Elmira, CA",,retail,445110,Raley's,,,,38.2459304,-122.0218487,,,n_7281177585,"shop=supermarket, brand=Raley's"
"Elmira, CA",,retail,453110,,,,,38.2496351,-122.0618915,,,n_7281575694,shop=florist
"Elmira, CA",,retail,445120,,,,,38.2497386,-122.0564051,,,n_7281575707,shop=convenience
"Elmira, CA",,retail,445120,,,,,38.1407984,-122.2312029,,,n_7285402563,shop=convenience
"Elmira, CA",,retail,445120,,,,,38.1238192,-122.227318,,,n_7287005431,shop=convenience
"Elmira, CA",,retail,445120,ExtraMile,,,,38.1229576,-122.2523132,,,n_7289205531,"shop=convenience, brand=ExtraMile"
"Elmira, CA",,retail,445120,,,,,38.4584686,-121.8399796,,,n_7295075927,shop=convenience
"Elmira, CA",,retail,445120,Carniceria Lupita,,,,38.456498,-121.8414375,,,n_7295116659,shop=convenience
"Elmira, CA",,retail,445120,,,,,38.46985,-121.8237809,,,n_7295614518,shop=convenience
"Elmira, CA",,retail,445110,Grocery Outlet,,,,38.5527092,-121.7297074,,,n_7352799822,"shop=supermarket, brand=Grocery Outlet"
"Elmira, CA",,retail,452319,Dollar Tree,,,https://www.dollartree.com/locations/ca/davis/3475/,38.5527137,-121.7300145,,,n_7352799823,"shop=variety_store, brand=Dollar Tree"
"Elmira, CA",,retail,445120,ExtraMile,,,,38.4816017,-121.5016616,,,n_7442396046,"shop=convenience, brand=ExtraMile"
"Elmira, CA",,retail,446110,Walgreens,"10 West Main Street, Woodland, CA, 95695",,https://www.walgreens.com/locator/walgreens-10+w+main+st-woodland-ca-95695/id=4107,38.6779505,-121.7845622,,,n_7549480313,"shop=chemist, brand=Walgreens"
"Elmira, CA",,retail,445120,Chevron,,,,38.6770965,-121.7845426,,,n_7549480315,"shop=convenience, brand=Chevron"
"Elmira, CA",,retail,446110,CVS Pharmacy,,,https://www.cvs.com/store-locator/woodland-ca-pharmacies/7-w-main-st-woodland-ca-95695/storeid=9180,38.6761852,-121.7845762,,,n_7549480316,"shop=chemist, brand=CVS Pharmacy"
"Elmira, CA",,retail,445120,7-Eleven,"301 Cottonwood Street, Woodland, CA, 95695-2920",+1 530-666-2622,https://www.7-eleven.com/locations/ca/woodland/301-cottonwood-street-15758,38.6787234,-121.7928593,,,n_7579900663,"shop=convenience, brand=7-Eleven"
"Elmira, CA",,retail,445120,ampm,,,,38.5311045,-121.9555392,,,n_7838108711,"shop=convenience, brand=ampm"
"Elmira, CA",,retail,446120,,,,,38.2495811,-122.0443908,,,n_8203897850,shop=beauty
"Elmira, CA",,retail,445120,Tower Market,,,,38.1823183,-122.137753,,,n_8887777728,shop=convenience
"Elmira, CA",,retail,452319,UC Davis Store,,,,38.5432343,-121.740172,,,n_8939553215,shop=general
"Elmira, CA",,retail,445120,Woodland Gas Plaza,"454 North East Street, Woodland, CA, 95776",,,38.6905036,-121.7649546,,,n_9027582621,shop=convenience
"Elmira, CA",,retail,446120,The Cosmetics Company Store,,,,38.3673617,-121.9519727,,,n_9046397082,shop=cosmetics
"Elmira, CA",,retail,446120,,,,,38.3067186,-122.3028103,,,n_9147158059,shop=beauty
"Elmira, CA",,retail,446120,Eyebrow Hub,"173 Admiral Callaghan Lane;Plaza Drive, 94591",7079174053,https://www.americasbest.com/,38.1329049,-122.221272,,,n_9147329296,shop=beauty
"Elmira, CA",,retail,445120,Speedway,"1915 Auto Center Drive, Antioch, CA, 94509",,,38.005987,-121.8341225,,,n_9181552128,"shop=convenience, brand=Speedway"
"Elmira, CA",,retail,446110,Rite Aid,"60 Solano Square, Benicia, CA, 94510",707-746-0229,https://www.riteaid.com/locations/ca/benicia/60-solano-square.html,38.0545825,-122.1552593,,,n_9258688693,"shop=chemist, brand=Rite Aid, operator=Riteaid"
"Elmira, CA",,retail,445110,Grocery Outlet,,,,38.2593539,-122.0351753,,,n_9326692009,"shop=supermarket, brand=Grocery Outlet"
"Elmira, CA",,retail,445110,Smart & Final,,,,38.2751985,-122.0359625,,,n_9326694355,"shop=supermarket, brand=Smart & Final"
"Elmira, CA",,retail,446110,CVS Pharmacy,,,https://www.cvs.com/store-locator/fairfield-ca-pharmacies/300-travis-blvd-fairfield-ca-94533/storeid=9371,38.2591854,-122.0360819,,,n_9326697705,"shop=chemist, amenity=pharmacy, brand=CVS Pharmacy"
"Elmira, CA",,retail,446110,CVS Pharmacy,,,https://www.cvs.com/store-locator/fairfield-ca-pharmacies/300-travis-blvd-fairfield-ca-94533/storeid=9371,38.2591032,-122.0360363,,,n_9326697706,"shop=chemist, brand=CVS Pharmacy"
"Elmira, CA",,retail,452319,Dollar Tree,,,https://www.dollartree.com/locations/ca/fairfield/2341/,38.2737372,-122.0358619,,,n_9326717041,"shop=variety_store, brand=Dollar Tree"
"Elmira, CA",,retail,445120,ExtraMile,,,,38.325101,-122.286067,,,n_9395814795,"shop=convenience, brand=ExtraMile"
"Elmira, CA",,retail,445120,,,,,38.4271393,-121.4814891,,,n_9446609830,shop=convenience
"Elmira, CA",,retail,445120,,,,,38.4283695,-121.4814979,,,n_9446609831,shop=convenience
"Elmira, CA",,retail,452319,99 Cents Only Stores,,+17075538509,https://locations.99only.com/ca/vallejo/discount-store-232.html,38.1046184,-122.2158894,,,n_9461916668,"shop=variety_store, brand=99 Cents Only Stores"
"Elmira, CA",,retail,446110,Walgreens,,+17075575974,https://www.walgreens.com/locator/walgreens-2647+springs+rd-vallejo-ca-94591/id=2575,38.1054648,-122.2072295,,,n_9461916813,"shop=chemist, brand=Walgreens"
"Elmira, CA",,retail,445120,7-Eleven,"2580 Springs Road, Vallejo, CA, 94591-5613",+1 707-648-3058,https://www.7-eleven.com/locations/ca/vallejo/2580-springs-rd-14148,38.1062455,-122.2094593,,,n_9461916827,"shop=convenience, brand=7-Eleven"
"Elmira, CA",,retail,445120,ExtraMile,"Fairfield, CA, 94534",,,38.2214121,-122.1296851,,,n_9610159598,"shop=convenience, brand=ExtraMile"
"Elmira, CA",,retail,445120,Loop,,,,38.138718,-122.2556192,,,n_9727895570,shop=convenience
"Elmira, CA",,retail,446120,Maintain Youth,,,,38.3004472,-122.2936219,,,n_9760704117,shop=beauty
"Elmira, CA",,retail,446120,Regal Nails,,,,38.009345,-121.8681767,,,n_9815719057,"shop=beauty, brand=Regal Nails"
"Elmira, CA",,retail,445110,Spice 4 Less,"1349 Oliver Road, 94534",,,38.256579,-122.0681602,,,n_9869339317,shop=supermarket
"Elmira, CA",,retail,453110,Sister,"931 1st Street, 94510",,https://www.dolfloral.com/,38.052083,-122.1571002,,,n_9875701917,shop=florist
"Elmira, CA",,retail,453110,,,,,38.1061468,-122.2182775,,,n_9877085851,shop=florist
"Elmira, CA",,retail,445120,USA Mini Mart,"7385 Greenhaven Drive, Sacramento, CA, 95831",,,38.4918273,-121.5199668,,,n_9891201172,shop=convenience
"Elmira, CA",,retail,445110,Central Market,,,,38.2423013,-121.5161558,,,n_9946419744,shop=supermarket
"Elmira, CA",,retail,445120,Big Store,,,,38.2403836,-121.5154383,,,n_9946545810,shop=convenience
"Elmira, CA",,retail,445110,Grocery Outlet,,,,38.3198916,-122.3107833,,,n_9960511440,"shop=supermarket, brand=Grocery Outlet"
"Elmira, CA",,retail,445120,7-Eleven,"985 Lincoln Avenue, Napa, CA, 94558-5059",+1 707-226-7168,https://www.7-eleven.com/locations/ca/napa/985-lincoln-ave-18813,38.3086155,-122.2927376,,,n_9966877629,"shop=convenience, brand=7-Eleven"
"Elmira, CA",,retail,445310,,,,,38.3096344,-122.2862891,,,n_9966877632,shop=alcohol
"Elmira, CA",,retail,445110,Lola’s Market,,,,38.2883254,-122.3094774,,,n_9966907834,shop=supermarket
"Elmira, CA",,retail,445120,ampm,,,,38.5136328,-121.5016332,,,n_9980843041,"shop=convenience, brand=ampm"
"Elmira, CA",,retail,445292,See's Candies,,,,38.46144,-121.4919988,,,n_10013628446,"shop=confectionery, brand=See's Candies"
"Elmira, CA",,retail,445120,7-Eleven,,,https://www.7-eleven.com/locations/ca/suisun-city/801-sunset-ave-32180,38.2496523,-122.0200391,,,n_10059992538,"shop=convenience, brand=7-Eleven"
"Elmira, CA",,retail,445120,ampm,,,,38.2449936,-122.0308317,,,n_10059992555,"shop=convenience, brand=ampm"
"Elmira, CA",,retail,452319,Dollar Tree,,,https://www.dollartree.com/locations/ca/suisun-city/3973/,38.2442685,-122.0223223,,,n_10060007191,"shop=variety_store, brand=Dollar Tree"
"Elmira, CA",,retail,445120,Circle K,,,,38.2497877,-122.0528601,,,n_10062517905,"shop=convenience, brand=Circle K"
"Elmira, CA",,retail,445120,7-Eleven,,,https://www.7-eleven.com/locations/ca/suisun-city/115-sunset-ave-39189,38.244019,-122.0171765,,,n_10062764047,"shop=convenience, brand=7-Eleven"
"Elmira, CA",,retail,445120,ExtraMile,,,,38.2441077,-122.0180557,,,n_10062764064,"shop=convenience, brand=ExtraMile"
"Elmira, CA",,retail,445120,7-Eleven,,,https://www.7-eleven.com/locations/ca/suisun-city/301-walters-rd-38961,38.2402516,-121.989121,,,n_10062774167,"shop=convenience, brand=7-Eleven"
"Elmira, CA",,retail,445120,7-Eleven,,,https://www.7-eleven.com/locations/ca/vacaville/2490-nut-tree-rd-22837,38.3357872,-121.9527833,,,n_10067495446,"shop=convenience, brand=7-Eleven"
"Elmira, CA",,retail,445120,ampm,,,,38.3349167,-121.9528218,,,n_10067495456,"shop=convenience, brand=ampm"
"Elmira, CA",,retail,445120,ExtraMile,,,,38.3461331,-121.9734319,,,n_10067543628,"shop=convenience, brand=ExtraMile"
"Elmira, CA",,retail,445120,Silo Market,,,,38.5382058,-121.7527051,,,n_10080233615,shop=convenience
"Elmira, CA",,retail,452210,Marshalls,,,,38.6717796,-121.7273091,,,n_10158556336,"shop=department_store, brand=Marshalls"
"Elmira, CA",,retail,452210,JCPenney,,,,38.6621012,-121.7632085,,,n_10656645217,"shop=department_store, brand=JCPenney"
"Elmira, CA",,retail,445120,Maverik,,,,38.5716868,-121.5769888,,,n_10696098509,"shop=convenience, brand=Maverik"
"Elmira, CA",,retail,445120,7-Eleven,"2255 Tennessee Street, Vallejo, CA, 94591",+1 707-561-0940,https://www.7-eleven.com/locations/ca/vallejo/2255-tennessee-st-39058,38.1091881,-122.2278529,,,n_10698712447,"shop=convenience, brand=7-Eleven"
"Elmira, CA",,retail,445310,Vintner's Collective,"1245 Main Street, Napa, CA, 94559",,,38.3010916,-122.2872434,,,n_10760283653,shop=wine
"Elmira, CA",,retail,445292,Kobasics Candies,"5324 Riverside Boulevard, Sacramento, CA",+1-916-448-3555,https://kobasicscandies.com/,38.528454,-121.519881,,,n_10774378042,shop=confectionery
"Elmira, CA",,retail,445110,Bel Air,,,,38.6637765,-121.7398632,,,n_10794426478,"shop=supermarket, brand=Bel Air"
"Elmira, CA",,retail,446110,CVS Pharmacy,,,https://www.cvs.com/store-locator/dixon-ca-pharmacies/1057-n-1st-st-dixon-ca-95620/storeid=9950,38.4554567,-121.8234086,,,n_10869872957,"shop=chemist, brand=CVS Pharmacy"
"Elmira, CA",,retail,445110,Grocery Outlet,,,,38.4678154,-121.8217252,,,n_10873483702,"shop=supermarket, brand=Grocery Outlet"
"Elmira, CA",,retail,445292,Kollar Chocolates,,,https://kollarchocolates.com/,38.4017064,-122.3621497,,,n_10897249378,shop=chocolate
"Elmira, CA",,retail,445120,ampm,,,,38.6771448,-121.7984574,,,n_10901127548,"shop=convenience, brand=ampm"
"Elmira, CA",,retail,453991,MVP Smoke Shop,"2951 Harbor Street, Pittsburg, CA, 94565",,,38.0081235,-121.8856157,,,n_10913702254,shop=tobacco
"Elmira, CA",,retail,446120,Nails Palace,,,,38.0082388,-121.8857158,,,n_10913702255,shop=beauty
"Elmira, CA",,retail,453110,Pittsburg Florist & Gifts,,,,38.0068957,-121.8890029,,,n_10914501174,shop=florist
"Elmira, CA",,retail,445310,Rice Wine & Liquors,,,,38.0083203,-121.8912345,,,n_10914541735,shop=alcohol
"Elmira, CA",,retail,452319,Dollar Tree,,,https://www.dollartree.com/locations/ca/pittsburg/1556/,38.0086205,-121.8912126,,,n_10914541736,"shop=variety_store, brand=Dollar Tree"
"Elmira, CA",,retail,445110,La Superior Mercados,,,,38.0090389,-121.8910642,,,n_10914541739,shop=supermarket
"Elmira, CA",,retail,446110,Wallgreens,,,,38.0096867,-121.8914916,,,n_10914541755,shop=chemist
"Elmira, CA",,retail,445120,Chevron,,,,38.6959195,-121.7648763,,,n_11004963739,"shop=convenience, brand=Chevron"
"Elmira, CA",,retail,445120,7-Eleven,"1925 Sierra Avenue, Napa, CA, 94558",+1 707-253-7046,https://www.7-eleven.com/locations/ca/napa/1925-sierra-ave-14129,38.3270796,-122.3128757,,,n_11014367260,"shop=convenience, brand=7-Eleven"
"Elmira, CA",,retail,445110,WinCo Foods,,,,38.0113991,-121.8576852,,,n_11018687792,"shop=supermarket, brand=WinCo Foods"
"Elmira, CA",,retail,445120,,,,,38.2418449,-121.5140997,,,n_11035968909,shop=convenience
"Elmira, CA",,retail,446120,Relax Nails & Spa,,,,38.2637568,-122.0504066,,,n_11100437775,shop=beauty
"Elmira, CA",,retail,446120,Pro Nails,762-A Admiral Callaghan Lane,,,38.1246775,-122.2267276,,,n_11147725086,"shop=beauty, brand=Pro Nails"
"Elmira, CA",,retail,445210,The Fatted Calf,"644 1st Street, Napa, CA, 94559",+1-707-256-3684,https://fattedcalf.com/locations/napa-store,38.3014228,-122.2820141,,,n_11157745538,shop=butcher
"Elmira, CA",,retail,445310,Oxbow Cheese & Wine,,+1-707-257-5200,https://www.oxbowwine.com/,38.301861,-122.2818274,,,n_11157745539,shop=wine
"Elmira, CA",,retail,445310,Napa Valley Distillery,,,https://www.napadistillery.com,38.3016784,-122.2814762,,,n_11157745549,shop=alcohol
"Elmira, CA",,retail,445120,Discount Cigarettes,,,,38.1338808,-122.2213862,,,n_11173253438,shop=convenience
"Elmira, CA",,retail,452319,Dollar Tree,,,https://www.dollartree.com/locations/ca/sacramento/8551/,38.4808054,-121.50428,,,n_11296521833,"shop=variety_store, brand=Dollar Tree"
"Elmira, CA",,retail,445110,168 Market,"765 Sereno Drive, Vallejo, CA, 94589",+1 707-339-8899,https://www.168markets.com/,38.1271105,-122.2533395,,,n_11329957256,shop=supermarket
"Elmira, CA",,retail,445110,Smart & Final Extra!,,,https://smartandfinal.com/,38.1280402,-122.2564681,,,n_11330013076,"shop=supermarket, brand=Smart & Final"
"Elmira, CA",,retail,445110,Food Barn,,,,38.127596,-122.2503036,,,n_11461014444,shop=supermarket
"Elmira, CA",,retail,445292,Xi Square,,,,38.5442707,-121.7408663,,,n_11473458369,shop=confectionery
"Elmira, CA",,retail,445310,iTea,,,,38.5434122,-121.7468113,,,n_11473458569,shop=beverages
"Elmira, CA",,retail,452210,Big Lots,"1500 Oliver Road, Fairfield, CA, 94534",+1 707-430-5085,https://local.biglots.com/ca/fairfield/1500-oliver-rd,38.2598541,-122.0682517,,,n_11474794997,"shop=department_store, brand=Big Lots"
"Elmira, CA",,retail,452210,Big Lots,"52 West Court Street, Woodland, CA, 95695",+1 530-406-1520,https://local.biglots.com/ca/woodland/52-w-court-st,38.6799917,-121.7865756,,,n_11527326463,"shop=department_store, brand=Big Lots"
"Elmira, CA",,retail,445110,La Superior Mercados,,,,38.6800122,-121.7858835,,,n_11527326464,shop=supermarket
"Elmira, CA",,retail,452210,dd's Discounts,,,,38.2747048,-122.0356596,,,n_11548913634,"shop=department_store, brand=dd's Discounts"
"Elmira, CA",,retail,452319,99 Cents Only Stores,,,,38.2749212,-122.0356527,,,n_11548913635,"shop=variety_store, brand=99 Cents Only Stores"
"Elmira, CA",,retail,445120,ampm,,,,38.2711431,-122.0346619,,,n_11548913647,"shop=convenience, brand=ampm"
"Elmira, CA",,retail,452319,Family Dollar,,,,38.1617373,-121.6986766,,,n_11559093116,"shop=variety_store, brand=Family Dollar"
"Elmira, CA",,retail,453991,,,,,38.1606837,-121.6944426,,,n_11559093119,shop=tobacco
"Elmira, CA",,retail,452210,dd's Discounts,,,,38.0114804,-121.8610502,,,n_11593212866,"shop=department_store, brand=dd's Discounts"
"Elmira, CA",,retail,445310,Etude Winery,"1280 Cuttings Wharf Road, Napa, CA, 94559",+17072575782,https://www.etudewines.com/,38.2460939,-122.314712,,,n_11685818210,"shop=wine, operator=Etude Winery"
"Elmira, CA",,retail,445310,Migration Winery,"1451 Stanly Lane, Napa, CA, 94559",,https://www.migrationwines.com,38.2445583,-122.293676,,,n_11686015337,"shop=wine, operator=Duckhorn Wine Company"
"Elmira, CA",,retail,445120,Power Market,,,,38.2435996,-122.1227452,,,n_11776507190,shop=convenience
"Elmira, CA",,retail,445292,Cartoon Candy Kitchen,,,,38.1384607,-122.2333444,,,n_11820323682,shop=confectionery
"Elmira, CA",,retail,445120,ampm,,,,38.5579136,-121.5391619,,,n_11821051728,"shop=convenience, brand=ampm"
"Elmira, CA",,retail,445110,Sprouts Farmers Market,,,,38.6762199,-121.7541648,,,n_12027551471,"shop=supermarket, brand=Sprouts Farmers Market"
"Elmira, CA",,retail,445120,ampm,,,,38.4656293,-121.4902705,,,n_12269674570,"shop=convenience, brand=ampm"
"Elmira, CA",,retail,445120,7-Eleven,,,,38.4669165,-121.4898967,,,n_12269674572,"shop=convenience, brand=7-Eleven"
"Elmira, CA",,retail,452319,Dollar Tree,,,,38.4865889,-121.5358186,,,n_12270314639,"shop=variety_store, brand=Dollar Tree"
"Elmira, CA",,retail,445110,Food 4 Less,,,,38.2635699,-122.0355155,,,n_12345229724,"shop=supermarket, brand=Food 4 Less"
"Elmira, CA",,retail,445120,Myu Myu,"204 E Street, 95616",,,38.5435351,-121.7410304,,,n_12387173502,shop=convenience
"Elmira, CA",,retail,452319,Wow Discount,,,,38.3650843,-121.9549772,,,n_12452261384,shop=variety_store
"Elmira, CA",,retail,446120,Bath & Body Works,,,,38.3669355,-121.9571362,,,n_12452281203,"shop=cosmetics, brand=Bath & Body Works"
"Elmira, CA",,retail,446120,Luxury Perfume,,,,38.3683517,-121.9529814,,,n_12452281213,shop=perfumery
"Elmira, CA",,retail,445310,Sips,94510,415-963-2292,https://sendsips.com/,38.0502693,-122.1580369,,,n_12470316701,shop=alcohol
"Elmira, CA",,retail,446120,Gaia Nails,"834 Southampton Road, 94510",,,38.0658827,-122.1658659,,,n_12477123602,shop=beauty
"Elmira, CA",,retail,445120,Come N Go,,,,38.1063967,-122.2171366,,,n_12517663646,shop=convenience
"Elmira, CA",,retail,452319,Dollar Tree,,,,38.1051839,-122.2153017,,,n_12517678077,"shop=variety_store, brand=Dollar Tree"
"Elmira, CA",,retail,452319,Dollar Tree,,,,38.508467,-121.5429806,,,n_12616591360,"shop=variety_store, brand=Dollar Tree"
"Elmira, CA",,retail,445120,7-Eleven,,,,38.6767881,-121.7436832,,,n_12760859559,"shop=convenience, brand=7-Eleven"
"Elmira, CA",,retail,445120,Bob's Food & Liquor,,,,38.6726802,-121.7945574,,,n_12769283078,shop=convenience
"Elmira, CA",,retail,445120,,,,,38.4667134,-121.823148,,,n_12803459677,shop=convenience
"Elmira, CA",,retail,445120,Chevron,,,,38.6766917,-121.7474879,,,n_12806626082,"shop=convenience, brand=Chevron"
"Elmira, CA",,retail,445120,Chevron,,,,38.6765859,-121.7272551,,,n_12806838830,"shop=convenience, brand=Chevron"
"Elmira, CA",,retail,446120,Beauty By Threads,,,,38.4613844,-121.4919506,,,n_12826217980,shop=beauty
"Elmira, CA",,retail,452319,Dollar Tree,,,,38.6762136,-121.8018794,,,n_12844517451,"shop=variety_store, brand=Dollar Tree"
"Elmira, CA",,retail,445120,,,,,38.6778038,-121.7835779,,,n_12844596111,shop=convenience
"Elmira, CA",,retail,445310,Romey's Liquors,,,,38.6783862,-121.783445,,,n_12844596126,shop=alcohol
"Elmira, CA",,retail,446120,Angels Nails,,,,38.6783848,-121.7830202,,,n_12844596127,shop=beauty
"Elmira, CA",,retail,446120,Lift Aesthetics,"1834 1st Street, Napa, CA, 94559",,https://liftaesthetics.com/,38.2977525,-122.294048,,,n_12849584447,shop=beauty
"Elmira, CA",,retail,445110,Grocery Outlet,,,,37.998927,-121.8467436,,,n_12862025569,"shop=supermarket, brand=Grocery Outlet"
"Elmira, CA",,retail,445110,Frontline Electrical Services,"3195 Park Road, Benicia, CA, 94510",+1 800-945-0268,https://frontlineproservices.com/,38.0652735,-122.1327538,,,n_13044298689,shop=supermarket
"Elmira, CA",,retail,445110,Davis Food Cooperative,"620 G Street, Davis",,https://davisfood.coop/,38.5495605,-121.7398534,,,w_25366944,shop=supermarket
"Elmira, CA",,retail,452210,Walmart,"2203 Loveridge Road, Pittsburg, CA, 94565",+1 925-427-2022,https://www.walmart.com/store/1615-pittsburg-ca,38.0089728,-121.8681802,,,w_31441569,"shop=department_store, brand=Walmart, operator=Walmart"
"Elmira, CA",,retail,445110,Cardenas,"2100 Railroad Avenue, Pittsburg, CA",9254271697,cardenasmarkets.com,38.0163201,-121.8912923,,,w_31899618,"shop=supermarket, brand=Cardenas"
"Elmira, CA",,retail,445110,Walmart Supercenter,"235 East Dorset Drive, Dixon, CA, 95620",+1 707-693-6505,https://www.walmart.com/store/5139-dixon-ca,38.4719325,-121.8202668,,,w_32575728,"shop=supermarket, brand=Walmart, operator=Walmart"
"Elmira, CA",,retail,445110,,,,,38.559598,-121.7577435,,,w_32656558,shop=supermarket
"Elmira, CA",,retail,445110,Nugget Markets,"1414 East Covell Boulevard, Davis, CA, 95616",530-750-3800,https://www.nuggetmarket.com/locations/covell-davis/,38.5609311,-121.7331594,,,w_36921187,shop=supermarket
"Elmira, CA",,retail,445110,Safeway,"709 Lincoln Road West, Vallejo, CA, 94590",+1 707-643-2172,https://local.safeway.com/safeway/ca/vallejo/709-lincoln-rd-w.html,38.0989849,-122.2305851,,,w_40167304,"shop=supermarket, brand=Safeway"
"Elmira, CA",,retail,445120,Circle K,,,,38.560243,-121.7856258,,,w_44468483,"shop=convenience, brand=Circle K"
"Elmira, CA",,retail,452210,Target,"904 Admiral Callaghan Lane, Vallejo, CA, 94591",(707) 642-0419,https://www.target.com/sl/vallejo/331,38.1317158,-122.2226158,,,w_59441205,"shop=department_store, brand=Target, operator=Target"
"Elmira, CA",,retail,452210,Kohl's,"1190 Admiral Callaghan Lane, Vallejo, CA, 94591",+1 707-649-9851,https://www.kohls.com/stores/ca/vallejo-763.shtml,38.1346883,-122.2129307,,,w_59441210,"shop=department_store, brand=Kohl's"
"Elmira, CA",,retail,445292,Jelly Belly Tours,"1 Jelly Belly Lane, Fairfield, CA, 94533",,,38.2387529,-122.0773555,,,w_80573879,shop=confectionery
"Elmira, CA",,retail,445110,Safeway,"103 West American Canyon Road, American Canyon, CA, 94503",+1 707-649-5150,https://local.safeway.com/safeway/ca/american-canyon/103-american-canyon-rd.html,38.1646333,-122.2550806,,,w_91532996,"shop=supermarket, brand=Safeway"
"Elmira, CA",,retail,445110,Walmart Supercenter,"7011 Main Street, American Canyon, CA, 94503",+1 707-557-4393,https://www.walmart.com/store/1651-american-canyon-ca,38.1830695,-122.252621,,,w_91533001,"shop=supermarket, brand=Walmart, operator=Walmart"
"Elmira, CA",,retail,445120,Chevron,"999 East Grant Avenue, Winters, 95694",,,38.5307486,-121.956873,,,w_99823595,"shop=convenience, brand=Chevron"
"Elmira, CA",,retail,445110,Lorenzo's Town and Country Market,"121 East Grant Avenue, Winters, CA, 95694",(530) 795-3214,http://www.lorenzosmarket.com/,38.5279893,-121.9659191,,,w_99823640,shop=supermarket
"Elmira, CA",,retail,445120,Shell,,,,38.4642819,-121.8217154,,,w_100397085,"shop=convenience, brand=Shell"
"Elmira, CA",,retail,445310,Bevbox,,,,38.0952433,-122.2309712,,,w_106479433,"shop=alcohol, brand=Bevbox"
"Elmira, CA",,retail,445120,Power Market,,,,38.093778,-122.2285912,,,w_106479476,shop=convenience
"Elmira, CA",,retail,445120,ExtraMile,,,,38.3545836,-121.9806976,,,w_106610193,"shop=convenience, brand=ExtraMile"
"Elmira, CA",,retail,445120,7-Eleven,"4000 Enterprise Boulevard, West Sacramento, CA, 95691",,https://www.7-eleven.com/locations/ca/west-sacramento/4010-lake-road-33646,38.5729411,-121.5787845,,,w_107138702,"shop=convenience, brand=7-Eleven"
"Elmira, CA",,retail,445120,Extra Mile,"333 Mace Boulevard, Davis, CA, 95618",,,38.5569982,-121.6949381,,,w_107138735,"shop=convenience, brand=ampm"
"Elmira, CA",,retail,445310,Artesa Vineyards & Winery,"1345 Henry Road, Napa, CA, 94559",,,38.2690889,-122.3563396,,,w_117047467,shop=wine
"Elmira, CA",,retail,445110,Nugget Market,"West Sacramento, CA, 95691",+1 916 375 8700,https://www.nuggetmarket.com/locations/west-sacramento/,38.5509976,-121.5354278,,,w_120610528,shop=supermarket
"Elmira, CA",,retail,445120,,,,,38.5766738,-121.5483152,,,w_120651923,shop=convenience
"Elmira, CA",,retail,445120,ampm,"4790 West Capitol Avenue, West Sacramento, CA, 95691",,,38.5760628,-121.5758576,,,w_120653454,"shop=convenience, brand=ampm"
"Elmira, CA",,retail,452210,Target,"2050 Town Center Plaza, West Sacramento, CA, 95691-4957",+1 916-384-0977,https://www.target.com/sl/west-sacramento/2268,38.5492802,-121.5364651,,,w_120653915,"shop=department_store, brand=Target"
"Elmira, CA",,retail,452210,Target,"4000 Bel Aire Plaza, Napa, CA, 94558-2835",+1 707-225-3016,https://www.target.com/sl/napa-north/1438,38.3224745,-122.3082177,,,w_165338469,"shop=department_store, brand=Target"
"Elmira, CA",,retail,446110,CVS Pharmacy,,,https://www.cvs.com/store-locator/benicia-ca-pharmacies/2100-columbus-pkwy-benicia-ca-94510/storeid=9761,38.0811494,-122.1928554,,,w_174866378,"shop=chemist, brand=CVS Pharmacy"
"Elmira, CA",,retail,446110,Rite Aid,"2021 Solano Avenue, Vallejo, CA, 94590",7075521476,https://www.riteaid.com/locations/ca/vallejo/2021-solano-avenue.html,38.1043871,-122.2323031,,,w_175581278,"shop=chemist, brand=Rite Aid"
"Elmira, CA",,retail,445120,Wagon Wheel Liquors,,,,38.1117246,-122.22893,,,w_175985862,shop=convenience
"Elmira, CA",,retail,445110,Grocery Outlet,"66 Admiral Callaghan Lane, Vallejo, CA, 94591",,,38.1116334,-122.2280278,,,w_175985869,"shop=supermarket, brand=Grocery Outlet"
"Elmira, CA",,retail,445120,,,,,38.561477,-121.7697643,,,w_179561538,shop=convenience
"Elmira, CA",,retail,452210,Target,"4601 2nd Street, Davis, CA, 95618-9446",+1 530-761-0126,https://www.target.com/sl/davis/2455,38.5539622,-121.6998848,,,w_181387958,"shop=department_store, brand=Target"
"Elmira, CA",,retail,445120,,,,,38.5603122,-121.7580129,,,w_208527818,shop=convenience
"Elmira, CA",,retail,445120,ExtraMile,,,,38.5603734,-121.7590328,,,w_208528164,"shop=convenience, brand=ExtraMile"
"Elmira, CA",,retail,446110,CVS Pharmacy,"1350 Florin Road, Sacramento, CA, 95831",,https://www.cvs.com/store-locator/sacramento-ca-pharmacies/1350-florin-rd-sacramento-ca-95822/storeid=9823,38.4951122,-121.5053277,,,w_219022660,"shop=chemist, brand=CVS Pharmacy"
"Elmira, CA",,retail,452319,99 Cents Only Stores,"551 Peabody Road, CA",,https://locations.99only.com/ca/vacaville/discount-store-192.html,38.3455196,-121.972223,,,w_220393869,"shop=variety_store, brand=99 Cents Only Stores"
"Elmira, CA",,retail,445120,,,,,38.3459381,-121.9726611,,,w_220396080,shop=convenience
"Elmira, CA",,retail,445110,Walmart Neighborhood Market,"501 Sereno Drive, Vallejo, CA, 94589",+1 707-653-1058,https://www.walmart.com/store/5609-vallejo-ca,38.1264462,-122.2543758,,,w_223212124,"shop=supermarket, brand=Walmart, operator=Walmart"
"Elmira, CA",,retail,446120,My Nails & Spa,,,,38.0063297,-121.8390574,,,w_224033357,shop=beauty
"Elmira, CA",,retail,445110,Walmart Neighborhood Market,"941 Alamo Drive, Vacaville, CA, 95687",+1 707-359-3180,https://www.walmart.com/store/5608-vacaville-ca,38.3446478,-121.9958329,,,w_231773786,"shop=supermarket, brand=Walmart, operator=Walmart"
"Elmira, CA",,retail,445110,Safeway,"5051 Business Center Drive, Fairfield, CA, 94533",+1 707-863-4160,https://local.safeway.com/safeway/ca/fairfield/5051-business-ctr-dr.html,38.216955,-122.1411395,,,w_233927732,"shop=supermarket, brand=Safeway"
"Elmira, CA",,retail,446110,CVS Pharmacy,,,https://www.cvs.com/store-locator/fairfield-ca-pharmacies/5059-business-center-dr-fairfield-ca-94534/storeid=3075,38.2157201,-122.1413966,,,w_233927733,"shop=chemist, brand=CVS Pharmacy"
"Elmira, CA",,retail,445110,Safeway,"774 Admiral Callaghan Lane, Vallejo, CA, 94591",+1 707-554-8035,https://local.safeway.com/safeway/ca/vallejo/774-admiral-callaghan-ln.html,38.1253891,-122.2265464,,,w_238540423,"shop=supermarket, brand=Safeway"
"Elmira, CA",,retail,445110,Safeway,"122 Robles Way, Vallejo, CA, 94591",+1 707-554-4467,https://local.safeway.com/safeway/ca/vallejo/122-robles-dr.html,38.0845607,-122.2102407,,,w_238542978,"shop=supermarket, brand=Safeway"
"Elmira, CA",,retail,445110,Safeway,"2090 Harbison Drive, Vacaville, CA, 95688",+1 707-452-7277,https://local.safeway.com/safeway/ca/vacaville/2090-harbison-dr.html,38.3620483,-121.9616629,,,w_238688850,"shop=supermarket, brand=Safeway"
"Elmira, CA",,retail,452210,Ross,"3331 Jefferson Street, Napa, CA, 94558",+1 707-258-2100,,38.3213504,-122.3011331,,,w_252236171,"shop=department_store, brand=Ross"
"Elmira, CA",,retail,445110,Safeway,"3375 Jefferson Street, Napa, CA, 94558",+1 707-225-3037,https://local.safeway.com/safeway/ca/napa/3375-jefferson-st.html,38.3211507,-122.301819,,,w_252236175,"shop=supermarket, brand=Safeway"
"Elmira, CA",,retail,452210,Target,"2059 Cadenasso Drive, Fairfield, CA, 94533",+1 707-426-1105,https://www.target.com/sl/fairfield/675,38.2464498,-122.068839,,,w_252833854,"shop=department_store, brand=Target"
"Elmira, CA",,retail,452210,Cost Plus World Market,,,,38.2622859,-122.0581626,,,w_252835343,shop=department_store
"Elmira, CA",,retail,445110,Walmart Supercenter,"2701 North Texas Street, Fairfield, CA, 94533",+1 707-428-4792,https://www.walmart.com/store/2048-fairfield-ca,38.2791081,-122.0353714,,,w_252835625,"shop=supermarket, brand=Walmart, operator=Walmart"
"Elmira, CA",,retail,445110,Raley's,,,,38.2887554,-122.0327513,,,w_252836950,"shop=supermarket, brand=Raley's"
"Elmira, CA",,retail,445110,Walmart Supercenter,"1501 Helen Power Drive, Vacaville, CA, 95687",+1 707-451-0166,https://www.walmart.com/store/1704-vacaville-ca,38.3620549,-121.9590515,,,w_253076358,"shop=supermarket, brand=Walmart, operator=Walmart"
"Elmira, CA",,retail,452210,Kohl's,"570 Orange Drive, Vacaville, CA, 95687",+1 707-451-0622,https://www.kohls.com/stores/ca/vacaville-757.shtml,38.3754396,-121.946873,,,w_253078348,"shop=department_store, brand=Kohl's"
"Elmira, CA",,retail,445110,Safeway,"2401 Waterman Boulevard, Fairfield, CA, 94533",+1 707-427-5640,https://local.safeway.com/safeway/ca/fairfield/2401-waterman-dr.html,38.2716298,-122.0529763,,,w_253285341,"shop=supermarket, brand=Safeway"
"Elmira, CA",,retail,445110,Safeway,"1235 Stratford Avenue, Dixon, CA, 95620",+1 707-678-7400,https://local.safeway.com/safeway/ca/dixon/1235-stratford-ave.html,38.4569579,-121.8389756,,,w_253702561,"shop=supermarket, brand=Safeway"
"Elmira, CA",,retail,445110,Safeway,"2121 Cowell Boulevard, Davis, CA, 96516",+1 530-792-8500,https://local.safeway.com/safeway/ca/davis/2121-cowell-blvd.html,38.5411947,-121.7252508,,,w_253731115,"shop=supermarket, brand=Safeway, operator=Safeway"
"Elmira, CA",,retail,446110,Rite Aid,"2135 Cowell Boulevard, Davis, CA, 96516",+1-530-753-9810,https://www.riteaid.com/locations/ca/davis/2135-cowell-boulevard.html,38.5417114,-121.7252912,,,w_253731116,"shop=chemist, brand=Rite Aid, operator=Rite Aid"
"Elmira, CA",,retail,445110,Safeway,"1451 West Covell Boulevard, Davis, CA, 95616",+1 530-757-4540,https://local.safeway.com/safeway/ca/davis/1451-w-covell-blvd.html,38.5620438,-121.7664935,,,w_253731412,"shop=supermarket, brand=Safeway"
"Elmira, CA",,retail,446110,CVS Pharmacy,,,https://www.cvs.com/store-locator/davis-ca-pharmacies/1471-w-covell-blvd-davis-ca-95616/storeid=9282,38.5615158,-121.7664762,,,w_253731413,"shop=chemist, brand=CVS Pharmacy"
"Elmira, CA",,retail,445310,French's Liquor,,,,38.6621619,-121.7653043,,,w_268122713,shop=alcohol
"Elmira, CA",,retail,445110,Nugget Market,"157 Main Street, Woodland, CA, 95695",,,38.6780364,-121.7808674,,,w_270510695,shop=supermarket
"Elmira, CA",,retail,445310,Clos du Val Winery,"5330 Silverado Trail, Napa, CA, 94558",,,38.3880182,-122.3129076,,,w_283009806,shop=wine
"Elmira, CA",,retail,446110,Walgreens,,,,38.3349001,-121.9692621,,,w_286953514,"shop=chemist, brand=Walgreens"
"Elmira, CA",,retail,445120,,,,,38.154264,-122.2543856,,,w_317150994,shop=convenience
"Elmira, CA",,retail,445110,Browns Valley Market;Brown's Valley Market/Meat,"3263 Browns Valley Road, Napa, CA, 94558",(707) 253-1873;+011 (707) 253-1873,https://www.brownsvalleymeat.com/,38.3043017,-122.3296116,,,w_324607234,shop=supermarket
"Elmira, CA",,retail,445120,ExtraMile,,,,38.2812148,-122.2747543,,,w_348383463,"shop=convenience, brand=ExtraMile"
"Elmira, CA",,retail,452319,Dollar Tree,"3060 Travis Boulevard, Fairfield, CA, 94534",,https://www.dollartree.com/locations/ca/fairfield/5973/,38.2595715,-122.0668031,,,w_374980109,"shop=variety_store, brand=Dollar Tree"
"Elmira, CA",,retail,445120,,,,,38.2587958,-122.065533,,,w_374980114,shop=convenience
"Elmira, CA",,retail,445120,ExtraMile,"2990 Travis Boulevard, CA",,,38.258707,-122.0645123,,,w_374980130,"shop=convenience, brand=ExtraMile"
"Elmira, CA",,retail,452319,Dollar Tree,"1347 Florin Road, Sacramento, CA, 95831",,https://www.dollartree.com/locations/ca/sacramento/2545/,38.4969545,-121.5072397,,,w_386324749,"shop=variety_store, brand=Dollar Tree"
"Elmira, CA",,retail,452210,TJ Maxx,,,,38.5555041,-121.6973483,,,w_390499345,"shop=department_store, brand=TJ Maxx"
"Elmira, CA",,retail,445310,,,,,38.3610039,-121.9751663,,,w_402283314,shop=alcohol
"Elmira, CA",,retail,446110,CVS Pharmacy,,,https://www.cvs.com/store-locator/vacaville-ca-pharmacies/191-depot-st-vacaville-ca-95688/storeid=9819,38.3583868,-121.9807134,,,w_402288622,"shop=chemist, brand=CVS Pharmacy"
"Elmira, CA",,retail,445120,ampm,"9590 Harbour Point Drive, Elk Grove, CA, 95758",,,38.409384,-121.4777395,,,w_402338544,"shop=convenience, brand=ampm"
"Elmira, CA",,retail,445120,Corner Mart,,,,38.1006523,-122.2418749,,,w_403542799,shop=convenience
"Elmira, CA",,retail,445310,Vacaville Food & Liquor,"300 Parker Street, Vacaville, CA, 95688",,,38.3564004,-121.9901196,,,w_407110604,shop=alcohol
"Elmira, CA",,retail,453110,Rose Florist & Gift Shop,"218 Main Street, Vacaville, CA, 95688",,,38.3564229,-121.9903125,,,w_407110605,shop=florist
"Elmira, CA",,retail,446120,,,,,38.2965458,-122.2872227,,,w_421698360,shop=beauty
"Elmira, CA",,retail,446110,Walgreens,"250 Florin Road, Sacramento, CA, 95831",,https://www.walgreens.com/locator/walgreens-250+florin+rd-sacramento-ca-95831/id=10716,38.5093241,-121.543039,,,w_436507624,"shop=chemist, brand=Walgreens"
"Elmira, CA",,retail,446110,Walgreens,,,https://www.walgreens.com/locator/walgreens-2700+willow+pass+rd-bay+point-ca-94565/id=13026,38.0270718,-121.9416059,,,w_459851071,"shop=chemist, brand=Walgreens"
"Elmira, CA",,retail,446110,Walgreens,"Trancas Street, Napa, CA",707-257-1154,https://www.walgreens.com/locator/walgreens-1685+trancas+st-napa-ca-94558/id=11822,38.321551,-122.3053891,,,w_463715635,"shop=chemist, brand=Walgreens"
"Elmira, CA",,retail,445110,Raley's,"217 Soscol Avenue, Napa, CA, 94559",(707) 224-7897,https://www.raleys.com/stores/raleys-soscol-napa-california/,38.2835215,-122.2776254,,,w_463914691,"shop=supermarket, brand=Raley's"
"Elmira, CA",,retail,452210,Target,"205 Soscol Avenue, Napa, CA, 94559",+1 707-224-1058,https://www.target.com/sl/napa/1026,38.2822009,-122.2775837,,,w_463914693,"shop=department_store, brand=Target"
"Elmira, CA",,retail,445310,Val’s,,,,38.2815609,-122.2738664,,,w_463914695,shop=alcohol
"Elmira, CA",,retail,445110,Lucky,"2355 California Blvd, Napa, CA, 94558",(707) 256-3407,https://luckysupermarkets.com/stores/730,38.3058596,-122.3033721,,,w_466311895,"shop=supermarket, brand=Lucky"
"Elmira, CA",,retail,452319,Dollar Tree,,,https://www.dollartree.com/locations/ca/napa/5987/,38.320296,-122.298486,,,w_466311901,"shop=variety_store, brand=Dollar Tree"
"Elmira, CA",,retail,445120,Speedway,,,https://www.speedway.com/locations/CA/Napa/1300-Trancas-St,38.3230344,-122.3008568,,,w_466427171,"shop=convenience, brand=Speedway"
"Elmira, CA",,retail,446110,Rite Aid,,,https://www.riteaid.com/locations/ca/napa/1203-west-imola-avenue.html,38.2813744,-122.2898885,,,w_466822193,"shop=chemist, brand=Rite Aid"
"Elmira, CA",,retail,445120,,,,,38.2813865,-122.2932104,,,w_466822199,shop=convenience
"Elmira, CA",,retail,446110,CVS Pharmacy,,,https://www.cvs.com/store-locator/napa-ca-pharmacies/291-s-coombs-st-napa-ca-94559/storeid=7141,38.2822084,-122.2895391,,,w_466822205,"shop=chemist, brand=CVS Pharmacy"
"Elmira, CA",,retail,445110,Walmart Supercenter,"681 Lincoln Avenue, Napa, CA, 94558",+1 707-224-8797,https://www.walmart.com/store/2925-napa-ca,38.3090089,-122.2832863,,,w_467338277,"shop=supermarket, brand=Walmart, operator=Walmart"
"Elmira, CA",,retail,445120,ExtraMile,,,,38.3098858,-122.2846993,,,w_467480221,"shop=convenience, brand=ExtraMile"
"Elmira, CA",,retail,445120,Fairview Market & Deli,"1017 Coombsville Road, Napa, CA, 94558",,,38.2972439,-122.2691966,,,w_467711691,shop=convenience
"Elmira, CA",,retail,445110,Lucky,"1979 Peabody Road, CA",+1-707-452-0991,https://www.luckysupermarkets.com/stores#/5092,38.3363841,-121.9686028,,,w_468499167,"shop=supermarket, brand=Lucky"
"Elmira, CA",,retail,445310,Total Wine,"1680 East Monte Vista Avenue, Vacaville, CA, 95688",+1 707-474-4644,https://www.totalwine.com/store-info/california-vacaville/1142,38.3697803,-121.9589065,,,w_468838967,"shop=alcohol, brand=Total Wine"
"Elmira, CA",,retail,446110,CVS Pharmacy,,,https://www.cvs.com/store-locator/napa-ca-pharmacies/675-trancas-st-napa-ca-94558/storeid=1804,38.3238121,-122.2876098,,,w_469515171,"shop=chemist, brand=CVS Pharmacy"
"Elmira, CA",,retail,445120,7-Eleven,"1670 Silverado Trail, Napa, CA, 94559-1412",+1 707-255-5110,https://www.7-eleven.com/locations/ca/napa/1670-silverado-trail-14131,38.3109907,-122.276053,,,w_469516118,"shop=convenience, brand=7-Eleven"
"Elmira, CA",,retail,445120,7-Eleven,"189 South Orchard Avenue, Vacaville, CA, 95688-3635",+1 707-447-0711,https://www.7-eleven.com/locations/ca/vacaville/189-s-orchard-ave-23433,38.3586802,-122.0043043,,,w_470508638,"shop=convenience, brand=7-Eleven"
"Elmira, CA",,retail,445110,Maya Supermarket,"120 South Orchard Avenue, Vacaville, CA, 95688",,,38.3575701,-122.0054503,,,w_470508640,shop=supermarket
"Elmira, CA",,retail,445110,Walmart Supercenter,"8270 Delta Shores Circle South, Sacramento, CA, 95832",+1 916-665-1011,https://www.walmart.com/store/2464-sacramento-ca,38.4596032,-121.4928968,,,w_545766729,"shop=supermarket, brand=Walmart, operator=Walmart"
"Elmira, CA",,retail,445120,,,,,38.3207058,-122.3096453,,,w_550180914,shop=convenience
"Elmira, CA",,retail,445120,Shell,,,,38.0086695,-121.8701636,,,w_552679753,"shop=convenience, brand=Shell"
"Elmira, CA",,retail,445120,Chevron,,,,38.4076029,-121.477006,,,w_552685321,"shop=convenience, brand=Chevron"
"Elmira, CA",,retail,452319,Dollar General,"176 East Grant Avenue, Winters, CA, 95694",,https://www.dollargeneral.com/store-directory/ca/winters/14552,38.5263093,-121.9656621,,,w_554616359,"shop=variety_store, brand=Dollar General"
"Elmira, CA",,retail,446110,CVS Pharmacy,"1193 Admiral Callaghan Lane, Vallejo, CA, 94591",,https://www.cvs.com/store-locator/vallejo-ca-pharmacies/1193-admiral-callaghan-lane-vallejo-ca-94591/storeid=9927,38.1368029,-122.2142112,,,w_567961769,"shop=chemist, brand=CVS Pharmacy"
"Elmira, CA",,retail,445120,7-Eleven,"901 Mason Street, Vacaville, CA, 95688",+1 707-449-9473,https://www.7-eleven.com/locations/ca/vacaville/901-mason-st-39555,38.3556107,-121.9809044,,,w_611842371,"shop=convenience, brand=7-Eleven"
"Elmira, CA",,retail,445110,WinCo Foods,"855 Davis Street, Vacaville, CA, 95688",,,38.3466011,-121.9841677,,,w_614132985,"shop=supermarket, brand=WinCo Foods"
"Elmira, CA",,retail,452319,Dollar Tree,"230 Peabody Road, Vacaville, CA, 95687",7073054296,https://www.dollartree.com/locations/ca/vacaville/1235/,38.3493681,-121.9766452,,,w_614140915,"shop=variety_store, brand=Dollar Tree"
"Elmira, CA",,retail,445110,Walmart Supercenter,"350 Walters Road, Suisun City, CA, 94585",+1 707-639-4980,https://www.walmart.com/store/3708-suisun-city-ca,38.2426758,-121.9902909,,,w_616207071,"shop=supermarket, brand=Walmart, operator=Walmart"
"Elmira, CA",,retail,452210,Kohl's,"1116 1st Street, Napa, CA, 94559",+1 707-226-2109,https://www.kohls.com/stores/ca/napa-1371.shtml,38.2994212,-122.2869801,,,w_626734127,"shop=department_store, brand=Kohl's"
"Elmira, CA",,retail,445120,Circle K,,,,38.23519,-122.2635308,,,w_634348887,"shop=convenience, brand=Circle K"
"Elmira, CA",,retail,446120,De Allore Hair and Nail Studio,"217 Parker Street, Vacaville, CA, 95688",,,38.3572777,-121.9897191,,,w_672821332,shop=beauty
"Elmira, CA",,retail,445120,ExtraMile,,,,38.2931222,-122.0331637,,,w_679418170,"shop=convenience, brand=ExtraMile"
"Elmira, CA",,retail,446110,CVS Pharmacy,"3340 North Texas Street, Fairfield, CA, 94533",,https://www.cvs.com/store-locator/cvs-pharmacy-address/3340+North+Texas+Street-Fairfield-CA-94533/storeid=9712,38.2914405,-122.0333667,,,w_679418174,"shop=chemist, brand=CVS Pharmacy"
"Elmira, CA",,retail,445120,ampm,,,,38.29471,-122.0323908,,,w_679418176,"shop=convenience, brand=ampm"
"Elmira, CA",,retail,453110,Stems Florist,"637 Merchant Street, Vacaville, CA, 95688",,,38.3514052,-121.9926171,,,w_686401379,shop=florist
"Elmira, CA",,retail,453991,Cigarettes & More,"641 Merchant Street, Vacaville, CA, 95688",,,38.3513225,-121.99263,,,w_686401380,shop=tobacco
"Elmira, CA",,retail,445120,Alamo Gas Food & Car Wash,"970 Alamo Drive, Vacaville, CA, 95687",,,38.34303,-121.9960332,,,w_687268137,shop=convenience
"Elmira, CA",,retail,445110,County Square Market,"136 Peabody Road, Vacaville, CA, 95687",707-455-1786,https://countysquaremarket.com/,38.3525623,-121.9774245,,,w_687996492,shop=supermarket
"Elmira, CA",,retail,445310,,,,,38.3525179,-121.9792221,,,w_687996497,shop=alcohol
"Elmira, CA",,retail,445110,La Placita,"111 Brown Street, Vacaville, CA, 95688",,,38.3605429,-121.9778663,,,w_688086595,shop=supermarket
"Elmira, CA",,retail,445110,Lucky,"777 East Monte Vista Avenue, Vacaville, CA, 95688",,,38.3601823,-121.9829075,,,w_688784406,"shop=supermarket, brand=Lucky"
"Elmira, CA",,retail,446120,Pro Nails,"761 East Monte Vista Avenue, Vacaville, CA, 95688",,,38.3598681,-121.9837434,,,w_688784415,shop=beauty
"Elmira, CA",,retail,453991,Tobaccoville,"755 East Monte Vista Avenue, Vacaville, CA, 95688",,,38.359706,-121.9837479,,,w_688784418,shop=tobacco
"Elmira, CA",,retail,452210,Ross,"1300 Gateway Boulevard, Fairfield, CA, 94533",+1 707-399-8425,,38.263007,-122.0505619,,,w_689052619,"shop=department_store, brand=Ross"
"Elmira, CA",,retail,445110,Nugget Markets,"130 Browns Valley Parkway, Vacaville, CA, 95688",,,38.3646849,-121.9695145,,,w_689555562,shop=supermarket
"Elmira, CA",,retail,445310,Parkway Food & Liquor,"146 Browns Valley Parkway, Vacaville, CA, 95688",,,38.3657494,-121.9693767,,,w_689555569,shop=alcohol
"Elmira, CA",,retail,446120,Hawaii Nails & Spa,"148 Browns Valley Parkway, Vacaville, CA, 95688",,,38.3658402,-121.9692975,,,w_689555570,shop=beauty
"Elmira, CA",,retail,446120,Happy Nails & Spa,"210 Peabody Road, Vacaville, CA, 95687",+1 707-451-1144,https://happynailsvacaville.com/,38.3501155,-121.9766311,,,w_692824874,shop=beauty
"Elmira, CA",,retail,445120,City Gas & Food Mart,"401 Merchant Street, Vacaville, CA, 95688",,,38.3547333,-121.9899595,,,w_693203168,shop=convenience
"Elmira, CA",,retail,446120,Mirage Salon & Spa,"536 Main Street, Vacaville, CA, 95688",,,38.3564265,-121.9870536,,,w_693733300,shop=beauty
"Elmira, CA",,retail,446120,Northern California Facial & Oral Surgery,"301 Alamo Drive, Vacaville, CA, 95688",,,38.3550831,-122.0087772,,,w_693852054,shop=beauty
"Elmira, CA",,retail,453110,Pearson's Florist,"390 East Monte Vista Avenue, Vacaville, CA, 95688",,,38.3588546,-121.9889977,,,w_694008077,shop=florist
"Elmira, CA",,retail,445120,Monte Vista Food & Liquor,"390 East Monte Vista Avenue, Vacaville, CA, 95688",,,38.3588557,-121.9891475,,,w_694008078,shop=convenience
"Elmira, CA",,retail,445310,,,,,38.2953694,-122.2888359,,,w_698093671,shop=alcohol
"Elmira, CA",,retail,446120,Perfect Eyebrows,"125 Peabody Road, Vacaville, CA, 95687",,,38.3523916,-121.9748813,,,w_698165645,shop=beauty
"Elmira, CA",,retail,445110,Desi Outlet,"127 Peabody Road, Vacaville, CA, 95687",,,38.3523337,-121.9748823,,,w_698165646,shop=supermarket
"Elmira, CA",,retail,446120,Lavender Nails & Spa,"139 Peabody Road, Vacaville, CA, 95687",,,38.35199,-121.9748882,,,w_698165653,shop=beauty
"Elmira, CA",,retail,453991,Smoke Division,"153 Peabody Road, Vacaville, CA, 95687",,,38.3516653,-121.975786,,,w_698165661,shop=tobacco
"Elmira, CA",,retail,445120,7-Eleven,"167 Peabody Road, Vacaville, CA, 95687",+1 707-448-1143,https://www.7-eleven.com/locations/ca/vacaville/167-peabody-rd-16055,38.3513285,-121.9756682,,,w_698165662,"shop=convenience, brand=7-Eleven"
"Elmira, CA",,retail,445120,Shell Select,"177 Peabody Road, Vacaville, CA, 95687",,,38.3508115,-121.9758053,,,w_698165668,"shop=convenience, brand=Shell Select"
"Elmira, CA",,retail,445120,7-Eleven,"1199 43rd Avenue, Sacramento, CA, 95822",+1 916-424-2809,https://www.7-eleven.com/locations/ca/sacramento/1199-43rd-ave-14107,38.5165834,-121.5152676,,,w_700445808,"shop=convenience, brand=7-Eleven"
"Elmira, CA",,retail,445310,B2B Wine & Spirits,"808 Alamo Drive, Vacaville, CA, 95688",,,38.3487693,-122.0000458,,,w_702325638,shop=alcohol
"Elmira, CA",,retail,446120,Natural Tans,"858 Alamo Drive, Vacaville, CA, 95688",,,38.3475263,-122.0004489,,,w_702325649,shop=beauty
"Elmira, CA",,retail,446120,Orchids Nails,"892 Alamo Drive, Vacaville, CA, 95688",,,38.3473167,-121.9986404,,,w_702325666,shop=beauty
"Elmira, CA",,retail,445120,ExtraMile,"970 Merchant Street, Vacaville, CA, 95688",,,38.3474469,-121.9983798,,,w_702325667,"shop=convenience, brand=ExtraMile"
"Elmira, CA",,retail,446120,Pure Nails,"921 Merchant Street, Vacaville, CA, 95688",,,38.3479276,-121.9965372,,,w_702359018,shop=beauty
"Elmira, CA",,retail,452210,Big Lots,"818 Alamo Drive, Vacaville, CA, 95688",+1 707-469-9330,https://local.biglots.com/ca/vacaville/818-alamo-dr,38.3484805,-122.0002495,,,w_702607662,"shop=department_store, brand=Big Lots"
"Elmira, CA",,retail,445120,ExtraMile,"182 Nut Tree Parkway, Vacaville, CA, 95687",,,38.36294,-121.9656701,,,w_704236459,"shop=convenience, brand=ExtraMile"
"Elmira, CA",,retail,446120,Cali Nails Spa,"196 Nut Tree Parkway, Vacaville, CA, 95687",,,38.3621332,-121.9669068,,,w_704236464,shop=beauty
"Elmira, CA",,retail,446120,Studio 13,"350 Main Street, Vacaville, CA, 95688",,,38.3563824,-121.9889189,,,w_706231388,shop=beauty
"Elmira, CA",,retail,445120,Food Mart,"6854 Sievers Road, Dixon, CA, 95620",,,38.4896737,-121.804204,,,w_712928356,shop=convenience
"Elmira, CA",,retail,445120,76,"8665 Pedrick Road, Dixon, CA, 95620",,,38.4910037,-121.8043248,,,w_712928357,"shop=convenience, brand=76"
"Elmira, CA",,retail,446120,Gaia Nails,"1610 East Monte Vista Avenue, Vacaville, CA, 95688",,,38.366463,-121.9633731,,,w_732019987,shop=beauty
"Elmira, CA",,retail,446120,European Wax Center,"1630 East Monte Vista Avenue, Vacaville, CA, 95688",,https://locations.waxcenter.com/ca/vacaville/vacaville-0425.html,38.3674037,-121.9619742,,,w_732020005,"shop=beauty, brand=European Wax Center"
"Elmira, CA",,retail,445310,BevMo!,"1621 East Monte Vista Avenue, Vacaville, CA, 95688",,,38.368378,-121.9642237,,,w_736467300,"shop=alcohol, brand=BevMo!"
"Elmira, CA",,retail,446120,Top Coat Nail Salon & Spa,"1631 East Monte Vista Avenue, Vacaville, CA, 95688",,,38.3681021,-121.9635345,,,w_736467303,shop=beauty
"Elmira, CA",,retail,446191,Vitality Bowls,"1631 East Monte Vista Avenue, Vacaville, CA, 95688",,,38.3680248,-121.9634181,,,w_736467305,shop=health_food
"Elmira, CA",,retail,445292,See's Candies,"1631 East Monte Vista Avenue, Vacaville, CA, 95688",,,38.3679964,-121.9632978,,,w_736467306,"shop=confectionery, brand=See's Candies"
"Elmira, CA",,retail,446120,Angel Nail & Spa,"1615 East Monte Vista Avenue, Vacaville, CA, 95688",,,38.3670147,-121.9639222,,,w_736467313,shop=beauty
"Elmira, CA",,retail,446120,Ulta Beauty,"1641 East Monte Vista Avenue, Vacaville, CA, 95688",+1 707-455-8369,https://www.ulta.com/stores/vacaville-ca-545,38.3694591,-121.9626877,,,w_736793615,"shop=beauty, brand=Ulta Beauty"
"Elmira, CA",,retail,446120,Eyebrow Art,"1639 East Monte Vista Avenue, Vacaville, CA, 95688",,,38.3682683,-121.9629987,,,w_736949423,shop=beauty
"Elmira, CA",,retail,445120,,,,,38.2515574,-122.069997,,,w_741037006,shop=convenience
"Elmira, CA",,retail,445292,Jelly Belly,"1663 East Monte Vista Avenue, Vacaville, CA, 95688",,,38.3703143,-121.9616247,,,w_741343188,shop=confectionery
"Elmira, CA",,retail,446191,True Roots Juice & Eats,"374 Merchant Street, Vacaville, CA, 95688",,,38.3553629,-121.9897801,,,w_743195271,shop=health_food
"Elmira, CA",,retail,446120,Merle Norman,"368 Merchant Street, Vacaville, CA, 95688",,,38.3555001,-121.9896097,,,w_743195273,"shop=cosmetics, brand=Merle Norman Cosmetics"
"Elmira, CA",,retail,446110,Walgreens,,,https://www.walgreens.com/locator/walgreens-210+american+canyon+rd-american+canyon-ca-94503/id=11365,38.164963,-122.2517605,,,w_765266506,"shop=chemist, brand=Walgreens"
"Elmira, CA",,retail,445120,7-Eleven,"218 American Canyon Road, American Canyon, CA, 94503",+1 707-557-1302,https://www.7-eleven.com/locations/ca/american-canyon/218-american-canyon-rd-35704,38.1651659,-122.2507093,,,w_765266507,"shop=convenience, brand=7-Eleven"
"Elmira, CA",,retail,445120,Chevron,,,,38.39506,-121.9519691,,,w_779691258,"shop=convenience, brand=Chevron"
"Elmira, CA",,retail,445120,ExtraMile,,,,38.2431622,-122.0179446,,,w_779722560,"shop=convenience, brand=ExtraMile"
"Elmira, CA",,retail,445120,,,,,38.2442726,-122.0210295,,,w_779725747,shop=convenience
"Elmira, CA",,retail,446110,Rite Aid,"135 Sunset Avenue, Suisun City, CA, 94585",7074264242,https://www.riteaid.com/locations/ca/suisun-city/135-sunset-avenue.html,38.245977,-122.0190247,,,w_779727713,"shop=chemist, brand=Rite Aid"
"Elmira, CA",,retail,445120,Circle K,,,,38.2496814,-122.0604527,,,w_779804856,"shop=convenience, brand=Circle K"
"Elmira, CA",,retail,445120,7-Eleven,"206 East Tabor Avenue, Fairfield, CA, 94533-3967",+1 707-426-0342,https://www.7-eleven.com/locations/ca/fairfield/206-e-tabor-ave-14149,38.265896,-122.03225,,,w_779976061,"shop=convenience, brand=7-Eleven"
"Elmira, CA",,retail,446110,Walgreens,"Redwood Street, 94590",,https://www.walgreens.com/locator/walgreens-1050+redwood+st-vallejo-ca-94590/id=3171,38.1231528,-122.2501776,,,w_780579571,"shop=chemist, brand=Walgreens"
"Elmira, CA",,retail,445120,ampm,,,,38.4462854,-121.8540157,,,w_781357253,"shop=convenience, brand=ampm"
"Elmira, CA",,retail,445120,,,,,38.44631,-121.8557809,,,w_781357255,shop=convenience
"Elmira, CA",,retail,445120,Chevron,,,,38.468622,-121.8231598,,,w_781425139,"shop=convenience, brand=Chevron"
"Elmira, CA",,retail,445120,7-Eleven,"1075 North First Street, Dixon, CA, 95620-2428",+1 707-678-9187,https://www.7-eleven.com/locations/ca/dixon/1075-north-first-st-23584,38.455864,-121.8231267,,,w_781433858,"shop=convenience, brand=7-Eleven"
"Elmira, CA",,retail,445120,,,,,38.4564325,-121.8228804,,,w_781433860,shop=convenience
"Elmira, CA",,retail,446110,CVS Pharmacy,,,https://www.cvs.com/store-locator/vallejo-ca-pharmacies/3678-sonoma-blvd-vallejo-ca-94590/storeid=9832,38.1243611,-122.2537234,,,w_911550091,"shop=chemist, brand=CVS Pharmacy"
"Elmira, CA",,retail,452319,99 Cents Only Stores,"3684 Sonoma Boulevard, 94590",,https://locations.99only.com/ca/vallejo/discount-store-410.html,38.1248858,-122.2537897,,,w_911550092,"shop=variety_store, brand=99 Cents Only Stores"
"Elmira, CA",,retail,445120,ampm,"16435 County Road 99, Woodland, CA, 95695",,,38.6999828,-121.7832874,,,w_930864736,"shop=convenience, brand=ampm"
"Elmira, CA",,retail,445120,Shell,,,,38.1602469,-121.6922141,,,w_942012876,"shop=convenience, brand=Shell"
"Elmira, CA",,retail,445210,"Carniceria La Reyna, Inc.","889 Markham Avenue, Vacaville, CA, 95688",,,38.3596196,-121.9812776,,,w_960910063,shop=butcher
"Elmira, CA",,retail,445310,Depot Food & Liquor,"891 Markham Avenue, Vacaville, CA, 95688",,,38.3594587,-121.9813197,,,w_960910064,shop=alcohol
"Elmira, CA",,retail,445310,Hillcrest Liquors & Food,"1107 East 18th Street, Antioch, CA, 94509",,,38.0044129,-121.7867098,,,w_991363980,shop=alcohol
"Elmira, CA",,retail,445120,7-Eleven,"1101 East 18th Street, Antioch, CA, 94509",+1 925-757-5478,https://www.7-eleven.com/locations/ca/antioch/1101-east-18th-st-20039,38.0044013,-121.7871661,,,w_991363981,"shop=convenience, brand=7-Eleven"
"Elmira, CA",,retail,445120,ampm,,,,38.007761,-121.8716791,,,w_1004514114,"shop=convenience, brand=ampm"
"Elmira, CA",,retail,445120,,"3801 Railroad Avenue, Pittsburg, CA, 94565",,,38.0042975,-121.8937691,,,w_1020376659,"shop=convenience, operator=Amigos Market and Liquor"
"Elmira, CA",,retail,446110,CVS Pharmacy,"230 Atlantic Avenue, Pittsburg, CA, 94564",,,38.0069381,-121.8896822,,,w_1020376662,"shop=chemist, brand=CVS Pharmacy"
"Elmira, CA",,retail,445110,Foods Co,"300 Atlantic Avenue, Pittsburg, CA, 94565",,,38.0069671,-121.8880999,,,w_1020376664,"shop=supermarket, brand=Foods Co"
"Elmira, CA",,retail,445120,7-Eleven,"3300 Loveridge Road, Pittsburg, CA, 94565",+1 925-439-5544,https://www.7-eleven.com/locations/ca/pittsburg/3300-loveridge-rd-19004,38.0026847,-121.8735931,,,w_1020376668,"shop=convenience, brand=7-Eleven"
"Elmira, CA",,retail,445110,Bonfaire Market,"4102 Railroad Avenue, Pittsburg, CA, 94565",,,38.0004298,-121.8960369,,,w_1020405218,shop=supermarket
"Elmira, CA",,retail,445120,Eagle Mini Mart,"3870 Railroad Avenue, Pittsburg, CA, 94565",,,38.0033929,-121.8949049,,,w_1020405443,shop=convenience
"Elmira, CA",,retail,445120,Bonfare Market,,,https://www.bonfaremarkets.com/,38.1229879,-122.2269134,,,w_1026255065,shop=convenience
"Elmira, CA",,retail,445120,7-Eleven,,,,38.1453044,-122.234875,,,w_1034400852,"shop=convenience, brand=7-Eleven"
"Elmira, CA",,retail,445310,judds Hill,,,,38.339299,-122.279717,,,w_1042675605,shop=wine
"Elmira, CA",,retail,445120,,,,,38.2128355,-122.139265,,,w_1043828261,shop=convenience
"Elmira, CA",,retail,445120,,,,,38.203038,-122.1579745,,,w_1043828288,shop=convenience
"Elmira, CA",,retail,445120,7-Eleven,,,https://www.7-eleven.com/locations/ca/fairfield/4449-central-place-34158,38.22051,-122.126553,,,w_1044322927,"shop=convenience, brand=7-Eleven"
"Elmira, CA",,retail,445120,Shell,,,,38.221381,-122.1281415,,,w_1044323187,"shop=convenience, brand=Shell"
"Elmira, CA",,retail,445120,ampm,,,,38.221948,-122.127156,,,w_1044323190,"shop=convenience, brand=ampm"
"Elmira, CA",,retail,445120,,,,,38.221886,-122.126263,,,w_1044323192,shop=convenience
"Elmira, CA",,retail,445120,Jolly King Neighborhood Store Liquor and Food,"730 5th Street, Fairfield, CA, 94533",,,38.250039,-122.060506,,,w_1046339241,shop=convenience
"Elmira, CA",,retail,445120,ampm,"2051 Walters Road, Fairfield, CA, 94533",7074325600,,38.265321,-121.9888435,,,w_1047461343,"shop=convenience, brand=ampm"
"Elmira, CA",,retail,445120,Bonfire Market,,,https://www.bonfaremarkets.com/,38.2438798,-121.9871094,,,w_1050385047,shop=convenience
"Elmira, CA",,retail,445120,Quik Stop,,,,38.279339,-121.970606,,,w_1051714900,"shop=convenience, brand=Quik Stop"
"Elmira, CA",,retail,453991,U Know Smoke Shop,,,,38.1053785,-122.2379605,,,w_1059650129,shop=tobacco
"Elmira, CA",,retail,445110,Cielo Supermarker,"1818 A Street, Antioch, CA, 94509",,,38.0044319,-121.8076566,,,w_1079367631,shop=supermarket
"Elmira, CA",,retail,445120,,,,,38.004673,-121.8064884,,,w_1079367634,shop=convenience
"Elmira, CA",,retail,445110,Suisun Seafood Center,"303 Lawler Center Drive, Suisun City, CA, 94585",,,38.2423262,-122.0181721,,,w_1193243491,shop=supermarket
"Elmira, CA",,retail,445120,7-Eleven,,,,38.2223561,-122.2619681,,,w_1198861706,"shop=convenience, brand=7-Eleven"
"Elmira, CA",,retail,445120,Circle K,"360 Napa Junction Road, American Canyon, CA, 95403",,,38.1850978,-122.2562362,,,w_1200737953,"shop=convenience, brand=Circle K"
"Elmira, CA",,retail,445110,Super La Favorita,"1950 North Texas Street, Fairfield, CA, 94533",+1 707-427-8767,,38.2637635,-122.0331859,,,w_1204763939,shop=supermarket
"Elmira, CA",,retail,445292,Coaster Candy,,,,38.1370758,-122.2322908,,,w_1272944547,shop=confectionery
"Elmira, CA",,retail,452210,Target,"2185 Bronze Star Drive, Woodland, CA, 95776",+1 530-665-4148,https://www.target.com/sl/woodland/2408,38.6726946,-121.724703,,,w_1309901037,"shop=department_store, brand=Target"
"Elmira, CA",,retail,446120,,,,,38.1090463,-122.2378881,,,w_1365648097,shop=beauty
"Elmira, CA",,retail,452319,Dollar General,,,,38.1091915,-122.2377052,,,w_1365648098,"shop=variety_store, brand=Dollar General"
"Elmira, CA",,retail,445120,,,,,38.1326823,-122.2570377,,,w_1372800789,shop=convenience
