Location,Search Keyword,Segment,NAICS Code,Business Name,Address,Phone Number,Website,Latitude,Longitude,Rating,User Ratings,Place ID,Types
"Palmdale, CA",,retail,445120,7-Eleven,"8724 Foothill Boulevard, Sunland, CA, 91040-1923",+1 818-352-8548,https://www.7-eleven.com/locations/ca/sunland/8724-foothill-blvd-25484,34.2599712,-118.323967,,,n_360051491,"shop=convenience, brand=7-Eleven"
"Palmdale, CA",,retail,445120,7-Eleven,"8363 Foothill Boulevard, Sunland-Tujunga, CA, 91040",+1 818-353-0321,https://www.7-eleven.com/locations/ca/sunland/8363-foothill-blvd-20814,34.2601185,-118.3155035,,,n_566387419,"shop=convenience, brand=7-Eleven, operator=7 Eleven"
"Palmdale, CA",,retail,445110,Smart & Final,,,,34.2461924,-118.274765,,,n_1178385450,"shop=supermarket, brand=Smart & Final"
"Palmdale, CA",,retail,445310,Tupacks Liquor,"2802 East Avenue I, Lancaster, CA, 93535",,,34.7041075,-118.079093,,,n_1747235323,shop=alcohol
"Palmdale, CA",,retail,446120,Formosa Rouge Spa and Salon,"10th Street West, Lancaster, 93534",,,34.698689,-118.148416,,,n_1857646918,shop=beauty
"Palmdale, CA",,retail,452210,Kohl's,"19307 Golden Valley Road, Santa Clarita, CA, 91387",+1 661-252-1006,https://www.kohls.com/stores/ca/santaclarita-752.shtml,34.3927664,-118.4685457,,,n_1900632301,"shop=department_store, brand=Kohl's"
"Palmdale, CA",,retail,445110,Food 4 Less,"44555 Valley Central Way, Lancaster, 93536",,,34.6905767,-118.17356,,,n_2021525173,"shop=supermarket, brand=Food 4 Less"
"Palmdale, CA",,retail,452210,Marshalls,"44500 Valley Central Way, Lancaster, CA, 93536",+1 661 945-8180,,34.691651,-118.171277,,,n_2035836712,"shop=department_store, brand=Marshalls"
"Palmdale, CA",,retail,452319,99 Cents Only Stores,,,https://locations.99only.com/ca/lancaster/discount-store-70.html,34.6924807,-118.1733719,,,n_2035836725,"shop=variety_store, brand=99 Cents Only Stores"
"Palmdale, CA",,retail,445120,ExtraMile,"1860 West Avenue I, Lancaster, CA, 93534",(661) 942-3917,,34.7035528,-118.1654874,,,n_2040290004,"shop=convenience, brand=ExtraMile"
"Palmdale, CA",,retail,445120,Tupacks,"2802 East Avenue I, Lancaster, CA, 93535",,,34.7041604,-118.079088,,,n_2135520169,shop=convenience
"Palmdale, CA",,retail,445120,Joshua Market,,,,34.5427175,-117.9743011,,,n_2730589380,shop=convenience
"Palmdale, CA",,retail,445120,Wee Vill Market,,,,34.7744617,-118.4574217,,,n_2773982874,shop=convenience
"Palmdale, CA",,retail,446120,Buff & Tweeze,,,,34.237238,-118.2603367,,,n_3761097961,shop=beauty
"Palmdale, CA",,retail,452319,99Cent,,,,34.2459232,-118.2742884,,,n_3762837921,shop=variety_store
"Palmdale, CA",,retail,452319,Dollar Tree,"6540 Foothill Boulevard, CA, 91042",,https://www.dollartree.com/locations/ca/tujunga/4243/,34.2450054,-118.274625,,,n_4312972392,"shop=variety_store, brand=Dollar Tree"
"Palmdale, CA",,retail,445120,ExtraMile,,,,34.5587886,-118.0460861,,,n_4367365959,"shop=convenience, brand=ExtraMile"
"Palmdale, CA",,retail,446120,Sunny Nail Spa,,,,34.5589011,-118.0464894,,,n_4367365976,shop=beauty
"Palmdale, CA",,retail,453110,,,,,34.6898131,-118.1643657,,,n_4377742394,shop=florist
"Palmdale, CA",,retail,446110,Walgreens,"28460 Copper Hill Drive, Santa Clarita, CA, 91390",,https://www.walgreens.com/locator/walgreens-28460+haskell+canyon+rd-santa+clarita-ca-91390/id=7556,34.4600453,-118.511248,,,n_4529345093,"shop=chemist, brand=Walgreens"
"Palmdale, CA",,retail,445110,Food 4 Less,,,,34.4141373,-118.4708132,,,n_4763069443,"shop=supermarket, brand=Food 4 Less"
"Palmdale, CA",,retail,452210,Ross,"19242 Soledad Canyon Road, Santa Clarita, CA, 91351",+1 661-424-0137,,34.4141284,-118.4717654,,,n_4763069444,"shop=department_store, brand=Ross"
"Palmdale, CA",,retail,446120,Ulta Beauty,"39246 10th Street West, Palmdale, CA, 93551",+1 661-274-4307,https://www.ulta.com/stores/palmdale-ca-382,34.596698,-118.1453356,,,n_5300179722,"shop=beauty, brand=Ulta Beauty"
"Palmdale, CA",,retail,445310,City Market II,10th Street West,661-942-2531,,34.676003,-118.1477054,,,n_5305891521,shop=alcohol
"Palmdale, CA",,retail,445310,Jet,West Avenue K,,,34.6746169,-118.1439723,,,n_5305922623,shop=alcohol
"Palmdale, CA",,retail,445120,Antiques On The Blvd,"764 West Lancaster Boulevard, Lancaster, CA, 93534",,,34.6974006,-118.1443159,,,n_5310693726,shop=convenience
"Palmdale, CA",,retail,446120,Gassy Couture,"706 West Lancaster Boulevard, Lancaster",,,34.6976051,-118.1426404,,,n_5310716329,shop=beauty
"Palmdale, CA",,retail,445292,Five Dime,"709 West Lancaster Boulevard, Lancaster, CA, 93534",,,34.6979256,-118.1424963,,,n_5311290027,shop=confectionery
"Palmdale, CA",,retail,445110,On the Blvd Market,105 West Lancaster Boulevard,,,34.6980992,-118.1410887,,,n_5311388722,shop=supermarket
"Palmdale, CA",,retail,453110,Bags With Roses,"722 West Lancaster Boulevard, Lancaster",,,34.6975985,-118.1427586,,,n_5330419311,shop=florist
"Palmdale, CA",,retail,446120,Melody Nails and Spa,,,,34.2416635,-118.267342,,,n_5606052274,shop=beauty
"Palmdale, CA",,retail,446120,Beauty Queen,,,,34.2453477,-118.2752441,,,n_5788510729,shop=beauty
"Palmdale, CA",,retail,446120,Exotique Tanning,,,,34.2452339,-118.27507,,,n_5788510731,shop=beauty
"Palmdale, CA",,retail,445120,7-Eleven,"27588 North Sierra Highway, Canyon Country, CA, 91351-3091",+1 661-299-8603,https://www.7-eleven.com/locations/ca/canyon-country/27588-n-sierra-hwy-27226,34.4162673,-118.4547176,,,n_5874297063,"shop=convenience, brand=7-Eleven"
"Palmdale, CA",,retail,445110,Stater Bros.,"26900 Sierra Highway, Santa Clarita, CA, 91321",+1 661-298-7988,https://www.staterbros.com/stores/141,34.4040865,-118.4649144,,,n_5874297077,"shop=supermarket, brand=Stater Bros."
"Palmdale, CA",,retail,445310,BevMo!,,,,34.3935468,-118.4667946,,,n_5874298491,"shop=alcohol, brand=BevMo!"
"Palmdale, CA",,retail,445310,,,,,34.4162937,-118.4659269,,,n_5874336328,shop=alcohol
"Palmdale, CA",,retail,445110,Vallarta,,,,34.5791435,-118.122304,,,n_6123245279,"shop=supermarket, brand=Vallarta"
"Palmdale, CA",,retail,445120,ampm,,,,34.864891,-118.169489,,,n_6176017536,"shop=convenience, brand=ampm"
"Palmdale, CA",,retail,445110,Albertsons,"38727 Tierra Subida Avenue, Palmdale, CA, 93551",+1 661-274-9557,https://local.albertsons.com/ca/palmdale/38727-tierra-subida-ave.html,34.5860756,-118.1488577,,,n_6369301139,"shop=supermarket, brand=Albertsons"
"Palmdale, CA",,retail,452319,Dollar King,"8343 Foothill Boulevard, Sunland-Tujunga, CA, 91040",,,34.2601694,-118.31505,,,n_6392076332,shop=variety_store
"Palmdale, CA",,retail,445120,Circle K,"2343 West Avenue J, Lancaster, CA, 93536",,,34.6899321,-118.1742779,,,n_6810225656,"shop=convenience, brand=Circle K"
"Palmdale, CA",,retail,445110,Trader Joe's,"39507 10th Street West, Palmdale, CA, 93551",+1 661-947-2890,https://locations.traderjoes.com/ca/palmdale/185/,34.6003065,-118.14914,,,n_6810225658,"shop=supermarket, brand=Trader Joe's"
"Palmdale, CA",,retail,452210,TJ Maxx,,,,34.5994081,-118.149116,,,n_6810225661,"shop=department_store, brand=TJ Maxx"
"Palmdale, CA",,retail,446120,Westside Tan,,,,34.5948768,-118.1465034,,,n_6810225678,shop=beauty
"Palmdale, CA",,retail,446120,Happy Nails & Spa,,,,34.5948846,-118.1463807,,,n_6810225679,shop=beauty
"Palmdale, CA",,retail,446120,"Ted Y.T. Fang, D.D.S",,,,34.5948943,-118.1465907,,,n_6810225682,shop=cosmetics
"Palmdale, CA",,retail,452319,Five Below,,+1 661-225-9810,https://locations.fivebelow.com/ca/palmdale/39180-10th-street-west,34.5953901,-118.1453667,,,n_6810225684,"shop=variety_store, brand=Five Below"
"Palmdale, CA",,retail,452210,Ross,"39196 10th Street West, Palmdale, CA, 93551",+1 661-538-9937,,34.5956326,-118.1453478,,,n_6810258685,"shop=department_store, brand=Ross"
"Palmdale, CA",,retail,445110,Smart & Final,,,,34.5960019,-118.145353,,,n_6810258686,"shop=supermarket, brand=Smart & Final"
"Palmdale, CA",,retail,445110,Sprouts Farmers Market,"39258 10th Street West, Palmdale, CA, 93551",+1 661-485-1280,https://www.sprouts.com/store/ca/palmdale/454-palmdale/,34.5970075,-118.145326,,,n_6810258688,"shop=supermarket, brand=Sprouts Farmers Market"
"Palmdale, CA",,retail,446120,Bellissima Nail & Spa,,,,34.6068202,-118.1472548,,,n_6810258698,shop=beauty
"Palmdale, CA",,retail,452210,Kohl's,"39850 10th Street West, Palmdale, CA, 93551",+1 661-265-7885,https://www.kohls.com/stores/ca/palmdale-753.shtml,34.6067926,-118.1444182,,,n_6810258703,"shop=department_store, brand=Kohl's"
"Palmdale, CA",,retail,446120,Sujey Nail Bar,,,,34.6095844,-118.1465565,,,n_6810258710,shop=beauty
"Palmdale, CA",,retail,446120,Michael Anthony Spa & Salon,,,,34.61201,-118.1487456,,,n_6810258716,shop=beauty
"Palmdale, CA",,retail,446120,Happy Nails & Spa,,,,34.6112315,-118.1487438,,,n_6810258721,shop=beauty
"Palmdale, CA",,retail,452210,JCPenney,,,,34.6040926,-118.151577,,,n_6810258726,"shop=department_store, brand=JCPenney"
"Palmdale, CA",,retail,452210,Macy's,,,https://www.macys.com/stores/ca/palmdale/antelope-valley-mall_414.html,34.6048059,-118.1501545,,,n_6810258727,"shop=department_store, brand=Macy's"
"Palmdale, CA",,retail,452210,Dillard's,,+1 661-267-0670,https://www.dillards.com/stores/california/antelope-valley-mall-palmdale/0961,34.6063143,-118.1526371,,,n_6810258728,"shop=department_store, brand=Dillard's"
"Palmdale, CA",,retail,452210,Sears,,,,34.6046613,-118.154996,,,n_6810258730,"shop=department_store, brand=Sears"
"Palmdale, CA",,retail,445120,ExtraMile,,,,34.6462875,-118.1484355,,,n_6811714486,"shop=convenience, brand=ExtraMile"
"Palmdale, CA",,retail,445120,,,,,34.5829033,-118.1382237,,,n_6811714508,shop=convenience
"Palmdale, CA",,retail,445120,ampm,,,,34.5828424,-118.1362076,,,n_6811714544,"shop=convenience, brand=ampm"
"Palmdale, CA",,retail,452319,Dollar Tree,,,https://www.dollartree.com/locations/ca/palmdale/1535/,34.5788841,-118.1270388,,,n_6811714551,"shop=variety_store, brand=Dollar Tree"
"Palmdale, CA",,retail,452319,Dollar General,,,https://www.dollargeneral.com/store-directory/ca/palmdale/13594,34.5789103,-118.1262548,,,n_6811714556,"shop=variety_store, brand=Dollar General"
"Palmdale, CA",,retail,453991,Tobacco Shop,,,,34.5788988,-118.126055,,,n_6811714557,shop=tobacco
"Palmdale, CA",,retail,446120,Fashion Nails,,,,34.5788991,-118.1259226,,,n_6811714560,shop=beauty
"Palmdale, CA",,retail,452210,dd's Discounts,,,,34.5789105,-118.125615,,,n_6811714561,"shop=department_store, brand=dd's Discounts"
"Palmdale, CA",,retail,445120,7-Eleven,,,https://www.7-eleven.com/locations/ca/palmdale/703-e-palmdale-blvd-24483,34.5799312,-118.1163526,,,n_6811714564,"shop=convenience, brand=7-Eleven"
"Palmdale, CA",,retail,445110,Vallarta,,,,34.5806271,-118.0959283,,,n_6811714571,"shop=supermarket, brand=Vallarta"
"Palmdale, CA",,retail,445120,Shell,,,,34.5800665,-118.094805,,,n_6811714578,"shop=convenience, brand=Shell"
"Palmdale, CA",,retail,445120,7-Eleven,"1868 East Palmdale Boulevard, Palmdale, CA, 93550-4852",+1 661-272-4966,https://www.7-eleven.com/locations/ca/palmdale/1868-e-palmdale-blvd-25970,34.5791264,-118.094349,,,n_6811714579,"shop=convenience, brand=7-Eleven"
"Palmdale, CA",,retail,452319,99 Cents Only Stores,,,https://locations.99only.com/ca/palmdale/discount-store-326.html,34.5792544,-118.0921748,,,n_6811714580,"shop=variety_store, brand=99 Cents Only Stores"
"Palmdale, CA",,retail,445110,Super Grocers,,,,34.5788575,-118.0921708,,,n_6811714581,shop=supermarket
"Palmdale, CA",,retail,445120,ampm,,,,34.5805217,-118.0856087,,,n_6811714582,"shop=convenience, brand=ampm"
"Palmdale, CA",,retail,445110,Stater Bros.,"37218 47th Street East, Palmdale, CA, 93552",+1 661-285-9184,https://www.staterbros.com/stores/145,34.5592187,-118.043715,,,n_6811714627,"shop=supermarket, brand=Stater Bros."
"Palmdale, CA",,retail,452319,Dollar Tree,,,https://www.dollartree.com/locations/ca/palmdale/4235/,34.5571978,-118.0469896,,,n_6811714631,"shop=variety_store, brand=Dollar Tree"
"Palmdale, CA",,retail,445110,Stater Bros.,"2535 East Avenue South, Palmdale, CA, 93550",+1 661-266-1076,https://www.staterbros.com/stores/130,34.5593868,-118.0834951,,,n_6811714635,"shop=supermarket, brand=Stater Bros."
"Palmdale, CA",,retail,446110,Rite Aid,,,https://www.riteaid.com/locations/ca/palmdale/2419-east-avenue-s.html,34.5595568,-118.0853087,,,n_6811714638,"shop=chemist, brand=Rite Aid"
"Palmdale, CA",,retail,445110,Food 4 Less,,,,34.5594476,-118.0862806,,,n_6811714640,"shop=supermarket, brand=Food 4 Less"
"Palmdale, CA",,retail,452319,99 Cents Only Stores,,,https://locations.99only.com/ca/palmdale/discount-store-109.html,34.5987575,-118.1369486,,,n_6834419616,"shop=variety_store, brand=99 Cents Only Stores"
"Palmdale, CA",,retail,445120,ExtraMile,,,,34.6745327,-118.1629268,,,n_6834419617,"shop=convenience, brand=ExtraMile"
"Palmdale, CA",,retail,445120,ExtraMile,,,,34.661278,-118.1229321,,,n_6834419618,"shop=convenience, brand=ExtraMile"
"Palmdale, CA",,retail,445110,Acton Market,,,,34.4685864,-118.1976456,,,n_7091113978,shop=supermarket
"Palmdale, CA",,retail,445310,Kwik Stop,,,,34.6014087,-118.1217813,,,n_7894861117,shop=alcohol
"Palmdale, CA",,retail,446110,Rite Aid,,,https://www.riteaid.com/locations/ca/canyon-country/16642-soledad-canyon-rd.html,34.426082,-118.426072,,,n_8122201503,"shop=chemist, brand=Rite Aid"
"Palmdale, CA",,retail,445120,7-Eleven,"28529 Sand Canyon Road, Canyon Country, CA, 91387",+1 661-360-3140,https://www.7-eleven.com/locations/ca/canyon-country/28529-sand-canyon-rd-39700,34.4266503,-118.4243529,,,n_8122201504,"shop=convenience, brand=7-Eleven"
"Palmdale, CA",,retail,452319,Dollar Tree,,,https://www.dollartree.com/locations/ca/santa-clarita/1783/,34.4171006,-118.473789,,,n_8122349920,"shop=variety_store, brand=Dollar Tree"
"Palmdale, CA",,retail,445310,Smoke Rings #3,2026 W Avenue J,,,34.6880653,-118.1668213,,,n_8158685470,shop=alcohol
"Palmdale, CA",,retail,446120,The BLVD Beauty,"711 West Lancaster Boulevard, Lancaster, CA, 93534",,,34.697893,-118.142759,,,n_8987070487,shop=beauty
"Palmdale, CA",,retail,446191,Bee Honey,"616 West Lancaster Boulevard, Lancaster, CA, 93534",,,34.6978712,-118.1402056,,,n_8987075146,shop=health_food
"Palmdale, CA",,retail,445120,El Rancho Grande Market Y Panaderia,"42741 45th Street West, Quartz Hill, CA, 93536",,,34.6596555,-118.2110085,,,n_8991454468,shop=convenience
"Palmdale, CA",,retail,445120,76,,,,34.6523904,-118.2182254,,,n_9168752867,"shop=convenience, brand=76"
"Palmdale, CA",,retail,445110,Smart & Final,,,,34.6297005,-118.220231,,,n_9168763398,"shop=supermarket, brand=Smart & Final"
"Palmdale, CA",,retail,446120,Number One Nails,,,,34.6606221,-118.2018351,,,n_9170451739,shop=beauty
"Palmdale, CA",,retail,446120,Regal Nails,,,,34.5563957,-118.042692,,,n_9178440424,shop=beauty
"Palmdale, CA",,retail,445120,Speedway,"19301 Soledad Canyon Road, Canyon Country, CA, 91351",,https://www.speedway.com/locations/CA/Canyon-Country/19301-Soledad-Canyon-Rd,34.416198,-118.4727008,,,n_9178493447,"shop=convenience, brand=Speedway"
"Palmdale, CA",,retail,445120,Speedway,"38755 Tierra Subida Avenue, Palmdale, CA, 93551",,https://www.speedway.com/locations/CA/Palmdale/38755-Tierra-Subida-Ave,34.5868266,-118.1479565,,,n_9178510936,"shop=convenience, brand=Speedway"
"Palmdale, CA",,retail,452210,Burlington,"44725 Valley Central Way, Lancaster, CA, 93536",+1 661-206-3797,https://stores.burlington.com/ca/lancaster/1096,34.6955386,-118.173407,,,n_9178946481,"shop=department_store, brand=Burlington"
"Palmdale, CA",,retail,445310,BevMo!,,,,34.602654,-118.1462156,,,n_9181555366,"shop=alcohol, brand=BevMo!"
"Palmdale, CA",,retail,445110,The Whole Wheatery,"44264 10th Street West, Lancaster, CA, 93534",,,34.6877903,-118.1471395,,,n_9196973519,shop=supermarket
"Palmdale, CA",,retail,445310,Agua Dulce Winery,"9640 Sierra Highway, Agua Dulce, CA, 91390",,https://www.aguadulcewinery.com,34.5193843,-118.3020591,,,n_9287954192,shop=wine
"Palmdale, CA",,retail,446120,Red Persimmon Nails and Spa,,,,34.5746147,-118.0460086,,,n_9288402051,shop=beauty
"Palmdale, CA",,retail,445110,Stater Bros.,"1850 East Avenue J, Lancaster, CA, 93535",+1 661-948-1885,https://www.staterbros.com/stores/144,34.6884109,-118.095865,,,n_9291373845,"shop=supermarket, brand=Stater Bros."
"Palmdale, CA",,retail,452319,Dollar Tree,,,,34.6901615,-118.1106448,,,n_9291826427,"shop=variety_store, brand=Dollar Tree"
"Palmdale, CA",,retail,452210,Ross,"43545 13th Street West, Lancaster, CA, 93534",+1 661-949-8944,,34.6740228,-118.1547332,,,n_9301788729,"shop=department_store, brand=Ross"
"Palmdale, CA",,retail,445310,Reyes Winery,"10262 Sierra Highway, Agua Dulce, CA, 91390",+16612681865,https://reyeswinery.com/,34.5169095,-118.3142212,,,n_9310077941,shop=wine
"Palmdale, CA",,retail,445310,Golden Star Vineyards,"36043 106th Street East, Littlerock, CA, 93543",,https://www.goldenstarvineyards.com,34.536703,-117.9432243,,,n_9310146668,shop=wine
"Palmdale, CA",,retail,446120,Angel's Nails,"19391 Soledad Canyon Road, Canyon Country, CA 91351, USA",661-251-9637,https://angelsnailsca.com,34.4160111,-118.4739746,,,n_9696667186,shop=beauty
"Palmdale, CA",,retail,453991,Cig World,"16507 Soledad Canyon Rd, #A1, Canyon Country, CA, 91387",661-250-4808,https://cigworldca.com,34.4271308,-118.4241793,,,n_9865126077,"shop=tobacco, operator=Chadi Almoghrabi"
"Palmdale, CA",,retail,445120,Shell Shop,,,,34.4924565,-118.1988547,,,n_10012619933,"shop=convenience, brand=Shell Shop"
"Palmdale, CA",,retail,446120,Genesis Beauty Supply,,,,34.5577361,-118.0474012,,,n_10013741916,shop=beauty
"Palmdale, CA",,retail,445292,See's Candies,,,,34.6745588,-118.1504999,,,n_10013935111,"shop=confectionery, brand=See's Candies"
"Palmdale, CA",,retail,446120,Shadez Salon Suites,,,,34.6593802,-118.1465133,,,n_11296278866,shop=beauty
"Palmdale, CA",,retail,446120,Beauty Supply,,,,34.6883971,-118.0963024,,,n_11421014873,shop=beauty
"Palmdale, CA",,retail,445110,ALDI,"19361 Soledad Canyon Road, Santa Clarita, CA, 91351",+1 844-479-7148,https://stores.aldi.us/ca/santa-clarita/19361-soledad-canyon-rd,34.4171056,-118.4744623,,,n_11651078047,"shop=supermarket, brand=ALDI"
"Palmdale, CA",,retail,445110,Sprouts Farmers Market,"43668 15th Street West, Lancaster, CA, 93534",+1 661-499-2651,https://www.sprouts.com/store/ca/lancaster/15th-st/,34.6764078,-118.1546237,,,n_11651078048,"shop=supermarket, brand=Sprouts Farmers Market"
"Palmdale, CA",,retail,446120,Vincent Nails & Spa,,,,34.5740694,-118.0430729,,,n_11660434001,shop=beauty
"Palmdale, CA",,retail,446120,Fashion Nails,2022 West Avenue J,,,34.6880561,-118.166741,,,n_11685189223,shop=beauty
"Palmdale, CA",,retail,445110,Smart & Final,2058 West Avenue J,,,34.6887779,-118.167648,,,n_11685193717,"shop=supermarket, brand=Smart & Final"
"Palmdale, CA",,retail,445310,Smoke Rings 3,2026 West Avenue J,,,34.6880664,-118.16678,,,n_11685205585,shop=alcohol
"Palmdale, CA",,retail,445120,,,,,34.5435125,-118.0360472,,,n_12100285732,shop=convenience
"Palmdale, CA",,retail,452319,Dollar Tree,,,,34.6297033,-118.2206647,,,n_12192067337,"shop=variety_store, brand=Dollar Tree"
"Palmdale, CA",,retail,446120,Royal Nails & Spa,,,,34.5997729,-118.1471357,,,n_12193798774,shop=beauty
"Palmdale, CA",,retail,453110,The Farmer's Wife,,,,34.6451585,-118.2190013,,,n_12196287817,shop=florist
"Palmdale, CA",,retail,452319,Dollar Tree,,,,34.6757959,-118.1672414,,,n_12198309317,"shop=variety_store, brand=Dollar Tree"
"Palmdale, CA",,retail,445110,Grocery Outlet,Plum Canyon Road,,,34.4459292,-118.4729739,,,n_12670181563,"shop=supermarket, brand=Grocery Outlet"
"Palmdale, CA",,retail,446120,Glo Salon,"8656 Foothill Boulevard, Sunland, CA, 91040",,,34.2593508,-118.3218143,,,n_12781980102,shop=beauty
"Palmdale, CA",,retail,445310,Stardust,"8534 Foothill Boulevard, Sunland, CA, 91040",,,34.2595471,-118.3192308,,,n_12782008246,shop=alcohol
"Palmdale, CA",,retail,453991,Smokes LA,"8517 Foothill Boulevard, Sunland, CA, 91040",,,34.2600775,-118.3185864,,,n_12782008249,shop=tobacco
"Palmdale, CA",,retail,453110,Floral Fantasies,"8530 Foothill Boulevard, Sunland, CA, 91040",,,34.2595524,-118.3189502,,,n_12782008251,shop=florist
"Palmdale, CA",,retail,446120,Queen's Nails,"8530 Foothill Boulevard, Sunland, CA, 91040",,,34.2594656,-118.3189537,,,n_12782008252,shop=beauty
"Palmdale, CA",,retail,445120,Mobil Mart,,,,34.2600532,-118.3182945,,,n_12782008254,"shop=convenience, brand=Mobil Mart"
"Palmdale, CA",,retail,446120,Nails Spa Organic Bar & Lounge,"26521 Golden Valley Road, Santa Clarita, CA, 91350",,,34.4175324,-118.503016,,,n_12957224709,shop=beauty
"Palmdale, CA",,retail,445110,Walmart Supercenter,"40130 10th Street West, Palmdale, CA, 93551",+1 661-267-6496,https://www.walmart.com/store/1660-palmdale-ca,34.6116436,-118.1445145,,,w_34155525,"shop=supermarket, brand=Walmart, operator=Walmart"
"Palmdale, CA",,retail,445110,Stater Bros.,"2845 West Avenue L, Lancaster, CA, 93536",+1 661-943-2545,https://www.staterbros.com/stores/146,34.6616024,-118.1824268,,,w_132270300,"shop=supermarket, brand=Stater Bros."
"Palmdale, CA",,retail,445110,Vons,"4033 West Avenue L, Lancaster, CA, 93536",+1 661-722-7291,https://local.vons.com/ca/lancaster/4033-w-ave-l.html,34.6616017,-118.2023961,,,w_132312038,"shop=supermarket, brand=Vons"
"Palmdale, CA",,retail,445110,Vons,"3027 Rancho Vista Boulevard, Palmdale, CA, 93551",+1 661-265-9285,https://local.vons.com/ca/palmdale/3027-rancho-vista-blvd.html,34.6034161,-118.1842826,,,w_132692502,"shop=supermarket, brand=Vons"
"Palmdale, CA",,retail,445110,Vons,"16550 West Soledad Canyon Road, Santa Clarita, CA, 91351",+1 661-252-3838,https://local.vons.com/ca/santa-clarita/16550-w-soledad-canyon-rd.html,34.4255817,-118.4250195,,,w_133125515,"shop=supermarket, brand=Vons"
"Palmdale, CA",,retail,445110,Vallarta,,,,34.4169764,-118.4580716,,,w_195682615,"shop=supermarket, brand=Vallarta"
"Palmdale, CA",,retail,445110,Vallarta,"1801 West Avenue I, Lancaster, 93534",+1 (661) 951-0233,http://www.vallartasupermarket.com,34.7047719,-118.1633509,,,w_196018533,"shop=supermarket, brand=Vallarta"
"Palmdale, CA",,retail,445120,ampm,"918 West Lancaster Boulevard, Lancaster, CA, 93534",,,34.696802,-118.1475983,,,w_196230690,"shop=convenience, brand=ampm"
"Palmdale, CA",,retail,445120,Shell,"44015 20th Street West, Lancaster, 93534",,,34.6827817,-118.1664637,,,w_197540086,"shop=convenience, brand=Shell"
"Palmdale, CA",,retail,446110,CVS Pharmacy,"2006 West Avenue J, Lancaster, 93536",,https://www.cvs.com/store-locator/lancaster-ca-pharmacies/2006-west-avenue-j-lancaster-ca-93536/storeid=9785,34.6879182,-118.1661695,,,w_208637563,"shop=chemist, brand=CVS Pharmacy, operator=CVS"
"Palmdale, CA",,retail,452210,Target,"39440 10th Street West, Palmdale, CA, 93551-3747",+1 661-265-0906,https://www.target.com/sl/palmdale/685,34.5997905,-118.1463602,,,w_208643453,"shop=department_store, brand=Target"
"Palmdale, CA",,retail,445120,Circle K,,,,34.6013339,-118.1486843,,,w_208643618,"shop=convenience, brand=Circle K"
"Palmdale, CA",,retail,445110,Albertsons,"43543 20th Street West, Lancaster, CA, 93536",+1 661-940-4747,https://local.albertsons.com/ca/lancaster/43543-20th-st-w.html,34.6737728,-118.1676359,,,w_210774056,"shop=supermarket, brand=Albertsons, operator=Albertsons"
"Palmdale, CA",,retail,452210,Target,"43525 10th Street West, Lancaster, CA, 93534",+1 661-949-8584,https://www.target.com/sl/lancaster/245,34.6731639,-118.1489613,,,w_210845894,"shop=department_store, brand=Target"
"Palmdale, CA",,retail,445120,ampm,,,,34.6745666,-118.1550809,,,w_210845905,"shop=convenience, brand=ampm"
"Palmdale, CA",,retail,446110,CVS Pharmacy,,,https://www.cvs.com/store-locator/lancaster-ca-pharmacies/846-w-avenue-k-lancaster-ca-93534/storeid=1666,34.6742906,-118.1471567,,,w_211544058,"shop=chemist, brand=CVS Pharmacy"
"Palmdale, CA",,retail,445110,WinCo Foods,"740 West Avenue K 4, Lancaster, 93534",+1 661 945-2022,https://www.wincofoods.com/,34.6720778,-118.1448851,,,w_222009417,"shop=supermarket, brand=WinCo Foods"
"Palmdale, CA",,retail,452319,Dollar Tree,"1834 West Avenue J, Lancaster, CA, 93534",,https://www.dollartree.com/locations/ca/lancaster/8878/,34.689091,-118.1647551,,,w_250041064,"shop=variety_store, brand=Dollar Tree"
"Palmdale, CA",,retail,452210,Burlington,"320 West Rancho Vista Boulevard, Palmdale, CA, 93551",+1 661-947-3913,https://stores.burlington.com/ca/palmdale/568,34.6005975,-118.135061,,,w_250135168,"shop=department_store, brand=Burlington"
"Palmdale, CA",,retail,445120,Circle K,,,,34.6011832,-118.138637,,,w_250141003,"shop=convenience, brand=Circle K"
"Palmdale, CA",,retail,445110,Albertsons,"6240 Foothill Boulevard, Tujunga, CA, 91042",+1 818-248-2745,https://local.albertsons.com/ca/tujunga/6240-foothill-blvd.html,34.2409269,-118.268028,,,w_366225308,"shop=supermarket, brand=Albertsons"
"Palmdale, CA",,retail,445110,,,,,34.2426188,-118.2703052,,,w_366225350,shop=supermarket
"Palmdale, CA",,retail,446110,CVS Pharmacy,,,https://www.cvs.com/store-locator/tujunga-ca-pharmacies/6588-foothill-blvd-tujunga-ca-91042/storeid=9786,34.2458619,-118.2758055,,,w_369272409,"shop=chemist, brand=CVS Pharmacy"
"Palmdale, CA",,retail,445110,Albertsons,"27631 West Bouquet Canyon Road, Saugus, CA, 91350",+1 661-296-9655,https://local.albertsons.com/ca/saugus/27631-w-bouquet-canyon-rd.html,34.4440547,-118.5120638,,,w_390342868,"shop=supermarket, brand=Albertsons"
"Palmdale, CA",,retail,445120,Rancher's Market,,(661) 270-0615,,34.6184787,-118.2889167,,,w_406999940,shop=convenience
"Palmdale, CA",,retail,445120,,,,,34.2481514,-118.2844114,,,w_432093494,shop=convenience
"Palmdale, CA",,retail,445110,Vons,"7789 Foothill Boulevard, Tujunga, CA, 91042",+1 818-353-4917,https://local.vons.com/ca/tujunga/7789-foothill-blvd.html,34.2591392,-118.3011846,,,w_432104195,"shop=supermarket, brand=Vons"
"Palmdale, CA",,retail,445120,7-Eleven,"6610 Foothill Boulevard, Tujunga, CA, 91042-2707",+1 818-353-9202,https://www.7-eleven.com/locations/ca/tujunga/6610-foothill-blvd-19239,34.2462778,-118.2765746,,,w_432122533,"shop=convenience, brand=7-Eleven"
"Palmdale, CA",,retail,446110,Medco Pharmacy,,,,34.2599495,-118.3171612,,,w_432339811,shop=chemist
"Palmdale, CA",,retail,453110,Alina Flowers,,,,34.2385197,-118.2624886,,,w_432357732,shop=florist
"Palmdale, CA",,retail,445110,Walmart Supercenter,"37140 47th Street East, Palmdale, CA, 93552",+1 661-533-0248,https://www.walmart.com/store/2950-palmdale-ca,34.5567714,-118.0422675,,,w_439102819,"shop=supermarket, brand=Walmart, operator=Walmart"
"Palmdale, CA",,retail,452319,Dollar Tree,,,,34.41716,-118.4748722,,,w_472513218,"shop=variety_store, brand=Dollar Tree"
"Palmdale, CA",,retail,445110,Ralphs,"19340 Soledad Canyon Road, Canyon Country, CA, 91351",+1 661-252-6226,https://www.ralphs.com/stores/grocery/ca/canyon-country/canyon-country-village/703/00726,34.4146356,-118.473194,,,w_472513304,"shop=supermarket, brand=Ralphs"
"Palmdale, CA",,retail,445120,7-Eleven,"27222 Whites Canyon Road, Canyon Country, CA, 91351",+1 661-252-3090,https://www.7-eleven.com/locations/ca/canyon-country/27222-whites-canyon-rd-13878,34.4165019,-118.4716724,,,w_472520430,"shop=convenience, brand=7-Eleven"
"Palmdale, CA",,retail,446110,Walgreens,"19266 Soledad Canyon Road, Santa Clarita, CA, 91351",,https://www.walgreens.com/locator/walgreens-19266+soledad+canyon+rd-santa+clarita-ca-91351/id=6930,34.4153187,-118.4717228,,,w_472529473,"shop=chemist, brand=Walgreens"
"Palmdale, CA",,retail,445120,Green Valley Market & Gas,"16166 Spunky Canyon Road, Green Valley, CA, 91390",,,34.6213527,-118.4142078,,,w_472536623,shop=convenience
"Palmdale, CA",,retail,445110,Walmart Supercenter,"26471 Carl Boyer Drive, Santa Clarita, CA, 91350",+1 661-259-0863,https://www.walmart.com/store/3523-santa-clarita-ca,34.4139578,-118.5060443,,,w_472545184,"shop=supermarket, brand=Walmart, operator=Walmart"
"Palmdale, CA",,retail,445120,AMPM,"26409 Sierra Highway, Newhall, CA, 91321",,,34.400096,-118.4737226,,,w_472590163,shop=convenience
"Palmdale, CA",,retail,446110,Rite Aid,,,,34.5721651,-118.0441561,,,w_472681423,"shop=chemist, brand=Rite Aid"
"Palmdale, CA",,retail,446110,Walgreens,"831 East Avenue K, Lancaster, CA, 93535",,https://www.walgreens.com/locator/walgreens-831+e+avenue+k-lancaster-ca-93535/id=6018,34.6755658,-118.1131202,,,w_472700948,"shop=chemist, brand=Walgreens"
"Palmdale, CA",,retail,445120,7-Eleven,"844 East Avenue J, Lancaster, 93535",,https://www.7-eleven.com/locations/ca/lancaster/844-e-avenue-j-19597,34.6890409,-118.1129646,,,w_472701040,"shop=convenience, brand=7-Eleven"
"Palmdale, CA",,retail,452319,Dollar Tree,,,,34.6880121,-118.1108942,,,w_472710655,"shop=variety_store, brand=Dollar Tree"
"Palmdale, CA",,retail,445110,,,,,34.6879595,-118.1119528,,,w_472710783,"shop=grocery, brand=Superior Grocers"
"Palmdale, CA",,retail,446120,Sally's Beauty Salon,,,,34.6881115,-118.1113231,,,w_472712099,shop=beauty
"Palmdale, CA",,retail,445120,Shell,,,,34.675408,-118.1115052,,,w_472715740,"shop=convenience, brand=Shell"
"Palmdale, CA",,retail,446110,CVS Pharmacy,"44430 10th Street East, Lancaster, 93535",,https://www.cvs.com/store-locator/lancaster-ca-pharmacies/44430-challenger-way-lancaster-ca-93535/storeid=9657,34.6904071,-118.1122198,,,w_472717732,"shop=chemist, brand=CVS Pharmacy"
"Palmdale, CA",,retail,445110,Walmart Supercenter,"1731 East Avenue J, Lancaster, CA, 93535",+1 661-945-7848,https://www.walmart.com/store/2951-lancaster-ca,34.6924661,-118.0978202,,,w_472727177,"shop=supermarket, brand=Walmart"
"Palmdale, CA",,retail,445120,7-Eleven,"44011 Sierra Highway, Lancaster, CA, 93534-4412",+1 661-948-7270,https://www.7-eleven.com/locations/ca/lancaster/44011-sierra-hwy-17837,34.6823938,-118.1346526,,,w_472729610,"shop=convenience, brand=7-Eleven"
"Palmdale, CA",,retail,445120,ampm,"West Avenue K, Lancaster",,,34.6746082,-118.1652343,,,w_472732583,"shop=convenience, brand=ampm"
"Palmdale, CA",,retail,445120,,,,,34.6030195,-118.1866128,,,w_472752090,shop=convenience
"Palmdale, CA",,retail,445120,7-Eleven,,,https://www.7-eleven.com/locations/ca/lancaster/3210-west-avenue-l-15968,34.6599873,-118.1883829,,,w_472752702,"shop=convenience, brand=7-Eleven"
"Palmdale, CA",,retail,445120,QH Beverages,,,,34.6481728,-118.2179637,,,w_472760146,shop=convenience
"Palmdale, CA",,retail,445120,,"849 East Avenue I, Lancaster, 93535",,,34.7047216,-118.1131718,,,w_472763196,shop=convenience
"Palmdale, CA",,retail,445120,,,,,34.6598178,-118.2097368,,,w_472778154,shop=convenience
"Palmdale, CA",,retail,445310,Shamrock Liquor,"4540 West Avenue L, Quartz Hill, CA, 93536",,,34.6599516,-118.2116175,,,w_472778356,shop=alcohol
"Palmdale, CA",,retail,446110,CVS Pharmacy,,,https://www.cvs.com/store-locator/lancaster-ca-pharmacies/4105-w-avenue-l-lancaster-ca-93536/storeid=9618,34.6616541,-118.2038225,,,w_472778534,"shop=chemist, brand=CVS Pharmacy"
"Palmdale, CA",,retail,445120,Chevron,,,,34.6605487,-118.2054474,,,w_472778539,"shop=convenience, brand=Chevron"
"Palmdale, CA",,retail,445310,Bootleggers 2,"111 East Avenue K, Lancaster, 93535",,,34.6754271,-118.1297244,,,w_472788813,shop=alcohol
"Palmdale, CA",,retail,445120,ampm,,,,34.6755727,-118.1307897,,,w_472788814,"shop=convenience, brand=ampm"
"Palmdale, CA",,retail,446110,Walgreens,,,https://www.walgreens.com/locator/walgreens-2840+w+avenue+l-lancaster-ca-93536/id=6017,34.6596743,-118.1827078,,,w_472793060,"shop=chemist, brand=Walgreens"
"Palmdale, CA",,retail,445310,,,,,34.6487723,-118.1290757,,,w_472801844,shop=alcohol
"Palmdale, CA",,retail,446110,CVS Pharmacy,,,https://www.cvs.com/store-locator/palmdale-ca-pharmacies/38012-47th-street-east-palmdale-ca-93552/storeid=3055,34.5734184,-118.0440612,,,w_472912422,"shop=chemist, brand=CVS Pharmacy"
"Palmdale, CA",,retail,445110,Vallarta,,,,34.5748928,-118.0436453,,,w_472912548,"shop=supermarket, brand=Vallarta"
"Palmdale, CA",,retail,445120,,,,,34.5207147,-117.9860229,,,w_472915294,shop=convenience
"Palmdale, CA",,retail,445120,Super Store 6,,,,34.5580208,-117.9691413,,,w_472938250,shop=convenience
"Palmdale, CA",,retail,445110,Farmers Mart,"8202 Pearblossom Highway, Littlerock, CA, 93543",,,34.5207668,-117.9832975,,,w_472949258,shop=supermarket
"Palmdale, CA",,retail,445120,,,,,34.5204031,-117.9805676,,,w_472950885,shop=convenience
"Palmdale, CA",,retail,445120,Food Mart,,,https://www.shell.com,34.5822037,-118.1367232,,,w_472954491,shop=convenience
"Palmdale, CA",,retail,445120,,,,,34.5791954,-118.112115,,,w_472954635,shop=convenience
"Palmdale, CA",,retail,445120,ampm,,,,34.703546,-118.1666441,,,w_472957433,"shop=convenience, brand=ampm"
"Palmdale, CA",,retail,445120,One Stop Food Mart,"470 East Palmdale Boulevard, Palmdale, CA, 93550",,,34.5793732,-118.12093,,,w_472962272,shop=convenience
"Palmdale, CA",,retail,445120,ampm,,,,34.5574477,-118.0840683,,,w_472969585,"shop=convenience, brand=ampm"
"Palmdale, CA",,retail,445120,,,,,34.5796883,-118.0856481,,,w_472973131,shop=convenience
"Palmdale, CA",,retail,445120,Mobil Mart,,,,34.5430537,-118.0313507,,,w_472983012,"shop=convenience, brand=Mobil Mart"
"Palmdale, CA",,retail,445120,Valero,Lancaster,,,34.6752972,-118.1608514,,,w_472990375,"shop=convenience, brand=Valero"
"Palmdale, CA",,retail,452210,Big Lots,"1070 West Avenue K, Lancaster, CA, 93534",+1 661-945-1881,https://local.biglots.com/ca/lancaster/1070-w-avenue-k,34.6732764,-118.151126,,,w_472992132,"shop=department_store, brand=Big Lots"
"Palmdale, CA",,retail,445120,,,,,34.6898443,-118.1360107,,,w_472994032,shop=convenience
"Palmdale, CA",,retail,445120,ampm,,,,34.49104,-118.1975809,,,w_473009630,"shop=convenience, brand=ampm"
"Palmdale, CA",,retail,452319,,,,,34.4378895,-118.2658476,,,w_473044425,shop=general
"Palmdale, CA",,retail,445110,ALDI,"740 Rancho Vista Boulevard, Palmdale, CA, 93551-3713",+1 626-838-0060,https://stores.aldi.us/ca/palmdale/740-w-rancho-vista-blvd,34.6007042,-118.1450903,,,w_659815444,"shop=supermarket, brand=ALDI"
"Palmdale, CA",,retail,445110,Walmart Neighborhood Market,"3875 Rancho Vista Boulevard, Palmdale, CA, 93551",+1 661-202-3602,https://www.walmart.com/store/5689-palmdale-ca,34.6141195,-118.2001049,,,w_662912338,"shop=supermarket, brand=Walmart, operator=Walmart"
"Palmdale, CA",,retail,452319,Dollar General,"3546 West Rosamond Boulevard, Rosamond, CA, 93560",,https://www.dollargeneral.com/store-directory/ca/rosamond/16540,34.8633358,-118.1943542,,,w_664771881,"shop=variety_store, brand=Dollar General"
"Palmdale, CA",,retail,445120,Mobil Mart,,,,34.6453248,-118.1486191,,,w_726792179,"shop=convenience, brand=Mobil Mart"
"Palmdale, CA",,retail,452319,Family Dollar,,,,34.5807228,-118.0737875,,,w_726792188,"shop=variety_store, brand=Family Dollar"
"Palmdale, CA",,retail,452319,Dollar Tree,,,https://www.dollartree.com/locations/ca/palmdale/7061/,34.6098421,-118.1447951,,,w_776450516,"shop=variety_store, brand=Dollar Tree"
"Palmdale, CA",,retail,445120,Circle K,,,,34.689789,-118.165949,,,w_850739452,"shop=convenience, brand=Circle K"
"Palmdale, CA",,retail,452319,Family Dollar,,,,34.5206236,-117.9797475,,,w_851741378,"shop=variety_store, brand=Family Dollar"
"Palmdale, CA",,retail,445120,ampm,,,,34.4238625,-118.423103,,,w_872034788,"shop=convenience, brand=ampm"
"Palmdale, CA",,retail,452319,Dollar General,"40360 171st Street East, Lake Los Angeles, CA, 93591",(661) 544-1955,https://www.dollargeneral.com/store-directory/ca/lake-los-angeles/14002,34.6159501,-117.8261284,,,w_878028734,"shop=variety_store, brand=Dollar General"
"Palmdale, CA",,retail,452319,Family Dollar,"16830 East Avenue O, Lake Los Angeles, CA, 93591",(661) 349-7852,,34.6158857,-117.8282885,,,w_878029825,"shop=variety_store, brand=Family Dollar"
"Palmdale, CA",,retail,445110,ALDI,"2014 East Avenue J, Lancaster, CA, 93535-6165",+1 661-349-8357,https://stores.aldi.us/ca/lancaster/2014-e-avenue-j,34.689103,-118.0941569,,,w_935047557,"shop=supermarket, brand=ALDI"
"Palmdale, CA",,retail,452319,Dollar General,"8830 East Palmdale Boulevard, Sun Village, CA, 93552",+1 661-382-0025,https://www.dollargeneral.com/store-directory/ca/sun-village/17009,34.5791236,-117.9707643,,,w_993282134,"shop=variety_store, brand=Dollar General"
"Palmdale, CA",,retail,452210,Target,"38019 47th Street East, Palmdale, CA, 93552-3103",+1 661-998-2500,https://www.target.com/sl/palmdale-east/2350,34.5740586,-118.0485225,,,w_1006767313,"shop=department_store, brand=Target"
"Palmdale, CA",,retail,446120,Bath & Body Works,,,,34.5747989,-118.0482122,,,w_1006767315,"shop=cosmetics, brand=Bath & Body Works"
"Palmdale, CA",,retail,452210,Ross,"38115 47th Street East, Palmdale, CA, 93552",+1 661-533-9394,,34.5750598,-118.04838,,,w_1006767316,"shop=department_store, brand=Ross"
"Palmdale, CA",,retail,445110,Grocery Outlet,,,,34.8631664,-118.1778071,,,w_1007374950,"shop=supermarket, brand=Grocery Outlet"
"Palmdale, CA",,retail,445120,7-Eleven,,,https://www.7-eleven.com/locations/ca/rosamond/2536-rosamond-blvd-41317,34.8636178,-118.1765286,,,w_1007374958,"shop=convenience, brand=7-Eleven"
"Palmdale, CA",,retail,445120,Fastrip,,,https://fastrip.com/,34.8637913,-118.1627287,,,w_1010280694,"shop=convenience, brand=Fastrip"
"Palmdale, CA",,retail,452319,Family Dollar,,,,34.8648831,-118.1622636,,,w_1010280701,"shop=variety_store, brand=Family Dollar"
"Palmdale, CA",,retail,445120,Circle K,,,,34.5809134,-118.0591387,,,w_1024349043,"shop=convenience, brand=Circle K"
"Palmdale, CA",,retail,446110,Rite Aid,2938 West Rosamond Boulevard,,https://www.riteaid.com/locations/ca/rosamond/2938-west-rosamond-blvd.html,34.8634592,-118.1841064,,,w_1051944347,"shop=chemist, brand=Rite Aid"
"Palmdale, CA",,retail,452319,Dollar General,"2475 Sierra Highway, Rosamond, CA, 93560",,https://www.dollargeneral.com/store-directory/ca/rosamond/18807,34.8567663,-118.162592,,,w_1051944357,"shop=variety_store, brand=Dollar General"
"Palmdale, CA",,retail,452319,Saddleback Market,Lake Los Angeles,+1 661 264-2904,,34.6169469,-117.8262957,,,w_1075482766,shop=general
"Palmdale, CA",,retail,445120,Circle K,,,,34.6745682,-118.1297881,,,w_1094679933,"shop=convenience, brand=Circle K"
"Palmdale, CA",,retail,445120,7-Eleven,"2873 East Avenue, Palmdale, CA, 93550-5535",+1 661-947-2220,https://www.7-eleven.com/locations/ca/palmdale/2873-east-ave-r-15127,34.5731658,-118.0764507,,,w_1095468037,"shop=convenience, brand=7-Eleven"
"Palmdale, CA",,retail,452210,Target,"19105 Golden Valley Road, Santa Clarita, CA, 91387-1428",+1 661-977-5154,https://www.target.com/sl/santa-clarita-east/2030,34.39456,-118.4648258,,,w_1308875555,"shop=department_store, brand=Target"
"Palmdale, CA",,retail,445120,Shell,,,,34.444781,-118.4723609,,,w_1335718537,"shop=convenience, brand=Shell"
"Palmdale, CA",,retail,445120,Backroad Market & Liquor,"15488½ Spunky Canyon Road, Green Valley, CA, 91390",,,34.6158511,-118.4033015,,,w_1337662218,shop=convenience
"Palmdale, CA",,retail,445110,Albertsons,,,https://local.albertsons.com/ca/rosamond/2547-rosamond.html,34.8655593,-118.1767355,,,r_5687550,"shop=supermarket, brand=Albertsons"
"Palmdale, CA",,retail,445110,Walmart Supercenter,"44665 Valley Central Way, Lancaster, CA, 93536",+1-661-940-8744,https://www.walmart.com/store/1563-lancaster-ca,34.6937972,-118.174061,,,r_6955798,"shop=supermarket, brand=Walmart, operator=Walmart"
