Location,Search Keyword,Segment,NAICS Code,Business Name,Address,Phone Number,Website,Latitude,Longitude,Rating,User Ratings,Place ID,Types
"Hardwick, CA",,retail,445110,Kearney Palms Shopping Mall,,,,36.7313378,-119.801533,,,n_358763951,shop=supermarket
"Hardwick, CA",,retail,445120,Sunny Market,,,,36.7502686,-119.664071,,,n_1387567040,shop=convenience
"Hardwick, CA",,retail,452319,Botanica Judas Tadeo,,,,36.7348858,-119.791373,,,n_1755119709,shop=variety_store
"Hardwick, CA",,retail,452319,Botanica San Judas,,,,36.7343755,-119.7908878,,,n_1755119710,shop=variety_store
"Hardwick, CA",,retail,452319,Botanica,,,,36.7355283,-119.792193,,,n_1755119711,shop=variety_store
"Hardwick, CA",,retail,445120,Mi Casita Astral,,,,36.7341266,-119.7906211,,,n_1755119713,shop=convenience
"Hardwick, CA",,retail,445120,Fallas Discount Store,,,,36.7355522,-119.7917452,,,n_1755119742,shop=convenience
"Hardwick, CA",,retail,445120,Fullerton Mini Mart,,,,36.7354286,-119.7920859,,,n_1755119757,shop=convenience
"Hardwick, CA",,retail,452319,Goodwill,,,,36.7342194,-119.7907208,,,n_1755119760,shop=variety_store
"Hardwick, CA",,retail,445110,El Super,,,,36.7423058,-119.7709994,,,n_1918053663,shop=supermarket
"Hardwick, CA",,retail,445120,7-Eleven,,,https://www.7-eleven.com/locations/ca/fresno/6015-e-kings-canyon-19835,36.7364124,-119.681816,,,n_2277852023,"shop=convenience, brand=7-Eleven"
"Hardwick, CA",,retail,445110,Save Mart,,,,36.7368982,-119.696048,,,n_2277852329,"shop=supermarket, brand=Save Mart"
"Hardwick, CA",,retail,445310,Franks Liquor,,,,36.3334616,-119.2975233,,,n_2529640614,shop=alcohol
"Hardwick, CA",,retail,445120,Kwik Break,,,,36.343122,-119.808871,,,n_2789494036,shop=convenience
"Hardwick, CA",,retail,445110,Grocery Outlet,"2820 Tulare Street, Fresno, 93721",+1 559 499-1400,https://groceryoutlet.com/,36.7397308,-119.781514,,,n_3146681807,"shop=supermarket, brand=Grocery Outlet, operator=Chris Caillier"
"Hardwick, CA",,retail,445110,best buy market,"Visalia, CA",,,36.3134312,-119.3059128,,,n_3447192034,shop=supermarket
"Hardwick, CA",,retail,445110,Mr. G's Country Store,"2259 West Tahoe Street, Caruthers, CA, 93609",,,36.5429603,-119.831597,,,n_3483479949,shop=supermarket
"Hardwick, CA",,retail,452319,Army Surplus,,,,36.7508647,-119.7896827,,,n_3545931878,shop=variety_store
"Hardwick, CA",,retail,452319,99 Cents Only Stores,,,https://locations.99only.com/ca/fresno/discount-store-204.html,36.7375978,-119.7288828,,,n_4633455257,"shop=variety_store, brand=99 Cents Only Stores"
"Hardwick, CA",,retail,445110,WinCo Foods,,,,36.7333331,-119.719699,,,n_4633455258,"shop=supermarket, brand=WinCo Foods"
"Hardwick, CA",,retail,445110,Cell Pros,"5211 East Kings Canyon Road, Fresno, CA, 93727",,,36.7362918,-119.7179935,,,n_4664760803,shop=supermarket
"Hardwick, CA",,retail,446120,Nails World,"1866 W Lacey Blvd, Hanford, CA, 93230",+1 559-589-1394,https://www.nailsworldca.com/,36.3285173,-119.6763459,,,n_4666764209,shop=beauty
"Hardwick, CA",,retail,445292,Kogetsu-Do Confectionery,"920 F Street, 93706",559-237-2670,,36.7298574,-119.7940795,,,n_4962804742,shop=confectionery
"Hardwick, CA",,retail,452210,Marshalls,,,,36.3257819,-119.676177,,,n_6536788765,"shop=department_store, brand=Marshalls"
"Hardwick, CA",,retail,446120,Ulta Beauty,"168 12th Avenue, Hanford, CA, 93230",+1 559-587-9433,https://www.ulta.com/stores/hanford-ca-636,36.3244295,-119.676092,,,n_6536788772,"shop=beauty, brand=Ulta Beauty"
"Hardwick, CA",,retail,452210,Target,"140 North 12th Avenue, Hanford, CA, 93230-5971",+1 559-582-9298,https://www.target.com/sl/hanford/1906,36.3237851,-119.676443,,,n_6536788773,"shop=department_store, brand=Target"
"Hardwick, CA",,retail,453991,,,,,36.3285141,-119.676439,,,n_6536788779,shop=tobacco
"Hardwick, CA",,retail,452319,Dollar Tree,,,https://www.dollartree.com/locations/ca/hanford/1246/,36.3302644,-119.675451,,,n_6536797486,"shop=variety_store, brand=Dollar Tree"
"Hardwick, CA",,retail,445110,Foods Co,,,,36.328981,-119.676244,,,n_6536797487,"shop=supermarket, brand=Foods Co"
"Hardwick, CA",,retail,452210,Kohl's,"1677 West Lacey Boulevard, Hanford, CA, 93230",+1 559-589-6439,https://www.kohls.com/stores/ca/hanford-1400.shtml,36.326703,-119.671364,,,n_6536797495,"shop=department_store, brand=Kohl's"
"Hardwick, CA",,retail,452210,JCPenney,,,,36.32401,-119.671073,,,n_6536797499,"shop=department_store, brand=JCPenney"
"Hardwick, CA",,retail,445110,Cost Less,,,,36.3222534,-119.65593,,,n_6593325447,shop=supermarket
"Hardwick, CA",,retail,452210,Big Lots,"150 South 11th Avenue, Hanford, CA, 93230",+1 559-583-1174,https://local.biglots.com/ca/hanford/150-s-11th-ave,36.3228326,-119.6575884,,,n_6593325450,"shop=department_store, brand=Big Lots"
"Hardwick, CA",,retail,445110,Grocery Outlet,,,,36.3264932,-119.651394,,,n_6594608073,"shop=supermarket, brand=Grocery Outlet"
"Hardwick, CA",,retail,445110,Harrods Market,,,,36.3258332,-119.6448523,,,n_7249785561,shop=supermarket
"Hardwick, CA",,retail,445120,Chevron,,,,36.3596221,-119.65437,,,n_7282228751,"shop=convenience, brand=Chevron"
"Hardwick, CA",,retail,446110,CVS Pharmacy,,,https://www.cvs.com/store-locator/hanford-ca-pharmacies/2539-n-11th-ave-hanford-ca-93230/storeid=9893,36.3577471,-119.65396,,,n_7282228868,"shop=chemist, brand=CVS Pharmacy"
"Hardwick, CA",,retail,446120,Pure Tan,,,,36.3580701,-119.6540764,,,n_7282228869,shop=beauty
"Hardwick, CA",,retail,453991,Sal's Tobacco & more,,,,36.3581344,-119.6540761,,,n_7282228871,shop=tobacco
"Hardwick, CA",,retail,446120,Fargo Nail,,,,36.358008,-119.654071,,,n_7282228886,shop=beauty
"Hardwick, CA",,retail,445120,Speedway,"1100 East Prosperity Avenue, Tulare, CA, 93274",,https://www.speedway.com/locations/CA/Tulare/1100-E-Prosperity-Ave,36.2264782,-119.3302097,,,n_9178743880,"shop=convenience, brand=Speedway"
"Hardwick, CA",,retail,445120,Speedway,"2619 South East Avenue, Fresno, CA, 93706",,https://www.speedway.com/locations/CA/Fresno/2619-S-East-Ave,36.7066391,-119.7755004,,,n_9179009221,"shop=convenience, brand=Speedway"
"Hardwick, CA",,retail,446120,,"4842 East Kings Canyon Road, Fresno, CA, 93727",+1-559-454-0531,https://beautiful-nails-fresno.edan.io/,36.734319,-119.7343441,,,n_9219789888,"shop=beauty, operator=Beautiful Nails"
"Hardwick, CA",,retail,453991,Cigarettes,"4848 East Kings Canyon Road, Fresno, CA, 93727",+1-559-252-6400,,36.7355586,-119.7335731,,,n_9220129121,shop=tobacco
"Hardwick, CA",,retail,445120,,,,,36.7348764,-119.7357137,,,n_9225655732,shop=convenience
"Hardwick, CA",,retail,445110,Taj Yeeb Market,"4905 East Kings Canyon Road, Fresno, CA, 93727",+1-559-374-5950,,36.737446,-119.7312552,,,n_9225732599,shop=supermarket
"Hardwick, CA",,retail,445120,ampm,3060 East Tulare Avenue,,,36.742907,-119.7734,,,n_9596138780,"shop=convenience, brand=ampm"
"Hardwick, CA",,retail,446120,Seva Beauty,,,,36.7380953,-119.7213349,,,n_9903215200,"shop=beauty, brand=Seva Beauty"
"Hardwick, CA",,retail,452319,Dollar Tree,,,https://www.dollartree.com/locations/ca/fresno/1239/,36.7346996,-119.6971238,,,n_9930852036,"shop=variety_store, brand=Dollar Tree"
"Hardwick, CA",,retail,445120,,,,,36.5453217,-119.3945539,,,n_9934097979,shop=convenience
"Hardwick, CA",,retail,446120,Patels Threading & Henna Art,"4025 Caldwell Avenue, Visalia, CA, 93277",,,36.2971371,-119.3355547,,,n_10605331756,shop=beauty
"Hardwick, CA",,retail,453991,Cigarette Depot,"3837 Caldwell Avenue, Visalia, CA, 93277",,,36.2965584,-119.333272,,,n_10605331762,shop=tobacco
"Hardwick, CA",,retail,445120,Rj's Travel Center,,,,36.4477315,-119.4849872,,,n_10705792753,shop=convenience
"Hardwick, CA",,retail,445120,7-Eleven,,,https://www.7-eleven.com/locations/ca/reedley/865-w-manning-ave-37944,36.6038238,-119.4573179,,,n_10719858049,"shop=convenience, brand=7-Eleven"
"Hardwick, CA",,retail,445120,Palm Plaza Chevron,"1645 N 12th Ave, Hanford, CA, 93230",+1 559-530-3862,https://palmplazachevron.com,36.3421978,-119.672281,,,n_11271457733,shop=convenience
"Hardwick, CA",,retail,452210,dd's Discounts,"3434 South Mooney Boulevard, Visalia, CA, 93277",+1-559-739-7865,https://www.ddsdiscounts.com/,36.2993476,-119.3117257,,,n_11654521843,"shop=department_store, brand=dd's Discounts"
"Hardwick, CA",,retail,445110,Smart & Final Extra!,"3424 South Mooney Boulevard, Visalia, CA, 93277",,,36.2997469,-119.3117257,,,n_11654521844,"shop=supermarket, brand=Smart & Final"
"Hardwick, CA",,retail,446120,Michelle Nails & Spa,"3540 South Mooney Boulevard, Visalia, CA, 93277",+1-559-627-4929,,36.2988506,-119.3126201,,,n_11654521856,shop=beauty
"Hardwick, CA",,retail,452319,Dollar Tree,"3940 South Mooney Boulevard, Visalia, CA, 93277",+1-559-429-3366,https://www.dollartree.com/locations/ca/visalia/1253/,36.2954909,-119.3120408,,,n_11658303066,"shop=variety_store, brand=Dollar Tree"
"Hardwick, CA",,retail,452210,Burlington,"3844 South Mooney Boulevard, Visalia, CA, 93277",+1 559-734-4692,https://stores.burlington.com/ca/visalia/873,36.2958751,-119.3106523,,,n_11658327171,"shop=department_store, brand=Burlington"
"Hardwick, CA",,retail,446120,Fancy Nails & Spa,"3738 South Mooney Boulevard, Visalia, CA, 93277",+1-559-732-1808,https://fancynailsandspavisalia.com/,36.2969482,-119.311831,,,n_11658327180,shop=beauty
"Hardwick, CA",,retail,446120,Simer's Threading and Heena Tattoos,"3722 South Mooney Boulevard, Visalia, CA, 93277",+1-559-622-8672,,36.2969277,-119.312103,,,n_11658327184,shop=beauty
"Hardwick, CA",,retail,446120,Rare Blink & Beauty,"1933 West Caldwell Avenue, Visalia, CA, 93277",+1-559-747-7144,https://www.facebook.com/Rareblinkandbeauty/,36.2982113,-119.3119409,,,n_11658436517,shop=beauty
"Hardwick, CA",,retail,446120,Rockstar Nail & Spa Visalia,,+1-559-625-8889,https://www.facebook.com/people/Rockstar-Nail-Spa-Visalia/100083051064974/,36.3255581,-119.3303059,,,n_11667086844,shop=beauty
"Hardwick, CA",,retail,446120,Bebe Nails,,,,36.2929653,-119.3142028,,,n_11682526141,shop=beauty
"Hardwick, CA",,retail,446120,Ulta Beauty,"4023 South Mooney Boulevard, Visalia, CA, 93277",+1 559-740-0568,https://www.ulta.com/stores/visalia-ca-711,36.2942096,-119.3153832,,,n_11682526147,"shop=beauty, brand=Ulta Beauty"
"Hardwick, CA",,retail,452319,Five Below,,+1 559-635-1130,https://locations.fivebelow.com/ca/visalia/3729-south-mooney-boulevard,36.2965331,-119.3154051,,,n_11682855900,"shop=variety_store, brand=Five Below"
"Hardwick, CA",,retail,452210,Marshalls,,,,36.3030443,-119.3154737,,,n_11686500755,"shop=department_store, brand=Marshalls"
"Hardwick, CA",,retail,446120,Star Nails,,,,36.301443,-119.3128528,,,n_11686575101,shop=beauty
"Hardwick, CA",,retail,446120,Bombshell,,,,36.3008486,-119.311994,,,n_11686575121,shop=beauty
"Hardwick, CA",,retail,446120,Nice Nail & Spa,"5125 West Walnut Avenue, Visalia, CA, 93277",+1-559-625-2248,,36.3114526,-119.3474062,,,n_11695608812,shop=beauty
"Hardwick, CA",,retail,453991,Mr. Nice Guy's Smoke Shop,,,,36.3115154,-119.3473238,,,n_11695608813,shop=tobacco
"Hardwick, CA",,retail,445120,ampm,,,,36.330085,-119.3916704,,,n_11709378347,"shop=convenience, brand=ampm"
"Hardwick, CA",,retail,445120,ExtraMile,,,,36.2979154,-119.3318045,,,n_11720565281,"shop=convenience, brand=ExtraMile"
"Hardwick, CA",,retail,446191,Tower Health & Diet Foods,"1130 North Fulton Street, Fresno, CA, 93728",+15592378479,,36.7572017,-119.8001137,,,n_11982446785,shop=health_food
"Hardwick, CA",,retail,445120,,,,,36.3505534,-119.4253863,,,n_11992653967,shop=convenience
"Hardwick, CA",,retail,445120,Dino Mart,"East Houston Avenue, Visalia, CA, 93292",,,36.3414377,-119.2783307,,,n_12003516635,shop=convenience
"Hardwick, CA",,retail,453991,Levi's Bargain Cigs & Pipes,,,,36.3423771,-119.2771665,,,n_12003575039,shop=tobacco
"Hardwick, CA",,retail,446120,Fashion Nails And Spa II,,,,36.3422459,-119.2771637,,,n_12003575043,shop=beauty
"Hardwick, CA",,retail,445120,Ben Maddox Pik N Go,"1122 North Ben Maddox Way, Visalia, CA, 93292",+1-559-627-5517,,36.3391147,-119.2784418,,,n_12004045641,shop=convenience
"Hardwick, CA",,retail,445110,Grocery Outlet,,,,36.3089999,-119.3155425,,,n_12012822110,"shop=supermarket, brand=Grocery Outlet"
"Hardwick, CA",,retail,453991,Super 1 Cigarette,,,,36.3070512,-119.3151449,,,n_12012883995,shop=tobacco
"Hardwick, CA",,retail,445110,ALDI,,,,36.29077,-119.3112858,,,n_12085989636,"shop=supermarket, brand=ALDI"
"Hardwick, CA",,retail,453991,The Smokeshop Guys,,,https://thesmokeshopguysvisalia.com/,36.3300378,-119.2905119,,,n_12233101532,shop=tobacco
"Hardwick, CA",,retail,453110,Fresh Cut Florist,,1 559 627 9233,,36.3239,-119.3136066,,,n_12271848271,shop=florist
"Hardwick, CA",,retail,445120,Stratford Marketplace,"20693 Laurel Avenue, Stratford, CA, 93266",,,36.1891898,-119.8285934,,,n_12610065268,shop=convenience
"Hardwick, CA",,retail,445120,76,,,,36.6784635,-119.7371651,,,n_13071724640,"shop=convenience, brand=76"
"Hardwick, CA",,retail,445120,ampm,,,,36.6773987,-119.7373935,,,n_13071724656,"shop=convenience, brand=ampm"
"Hardwick, CA",,retail,445120,ExtraMile,,,,36.6773544,-119.7359498,,,n_13071724672,"shop=convenience, brand=ExtraMile"
"Hardwick, CA",,retail,445110,,,,,36.7128285,-119.5579737,,,w_61143784,shop=supermarket
"Hardwick, CA",,retail,445110,,,,,36.6095964,-119.547263,,,w_61173419,shop=supermarket
"Hardwick, CA",,retail,445110,Valley Foods Supermarket,,,,36.5962581,-119.4548797,,,w_61174332,shop=supermarket
"Hardwick, CA",,retail,445110,,,,,36.5889848,-119.6096493,,,w_61176020,shop=supermarket
"Hardwick, CA",,retail,445110,,,,,36.6108107,-119.5309213,,,w_61177013,shop=supermarket
"Hardwick, CA",,retail,445110,,,,,36.5128711,-119.5513609,,,w_61195765,shop=supermarket
"Hardwick, CA",,retail,445110,,,,,36.426543,-119.8505574,,,w_61202116,shop=supermarket
"Hardwick, CA",,retail,445110,,,,,36.5702913,-119.6097889,,,w_61206668,shop=supermarket
"Hardwick, CA",,retail,445110,Ventura,,,,36.7351923,-119.7703471,,,w_61574023,shop=supermarket
"Hardwick, CA",,retail,445110,,,,,36.7426508,-119.7356458,,,w_61607297,shop=supermarket
"Hardwick, CA",,retail,445120,SB Food Market,,,,36.7289007,-119.7541821,,,w_61700113,shop=convenience
"Hardwick, CA",,retail,445110,,,,,36.7137241,-119.7542047,,,w_61705455,shop=supermarket
"Hardwick, CA",,retail,445110,,,,,36.7330216,-119.8026065,,,w_61707777,shop=supermarket
"Hardwick, CA",,retail,445110,,,,,36.732714,-119.7983345,,,w_61708270,shop=supermarket
"Hardwick, CA",,retail,445120,7-Eleven,"2397 South Chestnut Avenue, Fresno, CA, 93725-1206",+1 559-252-5221,https://www.7-eleven.com/locations/ca/fresno/2397-s-chestnut-ave-16970,36.7144587,-119.7361454,,,w_61709343,"shop=convenience, brand=7-Eleven"
"Hardwick, CA",,retail,445110,FoodMaxx,1177 Fresno,,,36.7316187,-119.8018371,,,w_61709882,"shop=supermarket, brand=FoodMaxx"
"Hardwick, CA",,retail,452210,,,,,36.7328382,-119.7884538,,,w_61710426,shop=department_store
"Hardwick, CA",,retail,445110,Shaibi Market,,,,36.706607,-119.7587558,,,w_61820806,shop=supermarket
"Hardwick, CA",,retail,445310,Cavalier Liquor,,,,36.706622,-119.7564362,,,w_61821009,shop=alcohol
"Hardwick, CA",,retail,445120,Jeylla Miscellaneous,,,,36.7066215,-119.7574935,,,w_61821337,shop=convenience
"Hardwick, CA",,retail,445110,Discount Market,,,,36.7072245,-119.7575759,,,w_61821396,shop=supermarket
"Hardwick, CA",,retail,445120,,,,,36.7071729,-119.7518215,,,w_61821504,shop=convenience
"Hardwick, CA",,retail,445110,,,,,36.6347024,-119.7912057,,,w_62018606,shop=supermarket
"Hardwick, CA",,retail,445110,Vons,"5638 East Kings Canyon Road, Fresno, CA, 93727",+1 559-458-0209,https://local.vons.com/ca/fresno/5638-e-kings-canyon.html,36.7344613,-119.6984011,,,w_131506703,"shop=supermarket, brand=Vons"
"Hardwick, CA",,retail,445110,Smart & Final,,,,36.3316151,-119.2983098,,,w_179755182,"shop=supermarket, brand=Smart & Final"
"Hardwick, CA",,retail,445110,Los Amigos,,,,36.7137677,-119.7541681,,,w_183599497,shop=supermarket
"Hardwick, CA",,retail,445110,Walmart Supercenter,"5125 East Kings Canyon Road, Fresno, CA, 93727",+1 559-252-9457,https://www.walmart.com/store/2001/fresno-ca,36.7382473,-119.7217907,,,w_183654763,"shop=supermarket, brand=Walmart, operator=Walmart"
"Hardwick, CA",,retail,445310,,,,,36.6588371,-119.5943886,,,w_256667014,shop=alcohol
"Hardwick, CA",,retail,445310,,10777 morro,,,36.6583556,-119.594354,,,w_256667022,shop=alcohol
"Hardwick, CA",,retail,445110,Walmart Supercenter,"2761 Jensen Avenue, Sanger, CA, 93657",+1 559-875-4268,https://www.walmart.com/store/4238-sanger-ca,36.7056002,-119.5776672,,,w_256667499,"shop=supermarket, brand=Walmart, operator=Walmart"
"Hardwick, CA",,retail,445120,7-Eleven,"1201 Mooney Boulevard, Visalia, CA, 93277",+1 559-734-8016,https://www.7-eleven.com/locations/ca/visalia/1201-mooney-blvd-24462,36.3199286,-119.3144134,,,w_257834417,"shop=convenience, brand=7-Eleven"
"Hardwick, CA",,retail,445110,FoodMaxx,,,,36.3429878,-119.2769998,,,w_278616399,"shop=supermarket, brand=FoodMaxx"
"Hardwick, CA",,retail,446110,Walgreens,"5328 West Cypress Avenue, Visalia, CA, 93277",,https://www.walgreens.com/locator/walgreens-5328+w+cypress+ave-visalia-ca-93277/id=6683,36.3249474,-119.3504016,,,w_344390811,"shop=chemist, brand=Walgreens"
"Hardwick, CA",,retail,445110,Walmart Supercenter,"3750 South Mooney Boulevard, Visalia, CA, 93277",+1 559-802-4429,https://www.walmart.com/store/5956-visalia-ca,36.2966942,-119.3100833,,,w_353376349,"shop=supermarket, brand=Walmart, operator=Walmart"
"Hardwick, CA",,retail,445110,Grocery Outlet,"5175 East Belmont Avenue, Fresno, CA, 93727",,,36.7517028,-119.7192675,,,w_443634070,"shop=supermarket, brand=Grocery Outlet"
"Hardwick, CA",,retail,452319,Family Dollar,,,,36.7516169,-119.7197082,,,w_443634072,"shop=variety_store, brand=Family Dollar"
"Hardwick, CA",,retail,452210,Ross,"4950 East Kings Canyon Road, Fresno, CA, 93727",+1 559-458-0184,,36.7342019,-119.7303931,,,w_469148772,"shop=department_store, brand=Ross"
"Hardwick, CA",,retail,445110,SF Supermarket,,,,36.7341442,-119.7291226,,,w_469148774,"shop=supermarket, brand=SF Supermarket"
"Hardwick, CA",,retail,452319,Dollar Tree,,,https://www.dollartree.com/locations/ca/fresno/1217/,36.7342481,-119.7282371,,,w_469148776,"shop=variety_store, brand=Dollar Tree"
"Hardwick, CA",,retail,445310,,,,,36.7139485,-119.7452051,,,w_469150938,shop=alcohol
"Hardwick, CA",,retail,452319,Dollar Tree,,,https://www.dollartree.com/locations/ca/fresno/1241/,36.7428263,-119.7687662,,,w_469563533,"shop=variety_store, brand=Dollar Tree"
"Hardwick, CA",,retail,445110,Vallarta,,,,36.7298168,-119.7348693,,,w_471237605,"shop=supermarket, brand=Vallarta"
"Hardwick, CA",,retail,445310,Cavalier Liquor,,,,36.7066349,-119.7565693,,,w_479170359,shop=alcohol
"Hardwick, CA",,retail,445110,Grocery Outlet,"170 East Cross Avenue, Tulare, CA, 93274",,,36.2142762,-119.347859,,,w_488361695,"shop=supermarket, brand=Grocery Outlet"
"Hardwick, CA",,retail,445110,Foods Co,"4838 East Kings Canyon Road, Fresno, CA, 93727",+1-559-456-9050,https://www.foodsco.net/stores/details/704/00316,36.7341065,-119.7350583,,,w_491652201,"shop=supermarket, brand=Foods Co"
"Hardwick, CA",,retail,446110,Walgreens,"4810 East Kings Canyon Road, Fresno, CA, 93727",+1-559-458-0141,https://www.walgreens.com/locator/walgreens-4810+e+kings+canyon+rd-fresno-ca-93727/id=6386,36.7353502,-119.7356692,,,w_491652206,"shop=chemist, brand=Walgreens"
"Hardwick, CA",,retail,446110,Walgreens,"852 East Manning Avenue, Reedley, 93654",+1 559 643 0367,https://www.walgreens.com/locator/walgreens-852+e+manning+ave-reedley-ca-93654/id=12298,36.6046736,-119.4402856,,,w_578841687,"shop=chemist, brand=Walgreens"
"Hardwick, CA",,retail,452319,Dollar Tree,,,https://www.dollartree.com/locations/ca/visalia/6291/,36.3255168,-119.3297487,,,w_604900905,"shop=variety_store, brand=Dollar Tree"
"Hardwick, CA",,retail,445110,Save Mart,"3615 West Noble Avenue, Visalia, CA, 93277",+1-559-622-0846,,36.3253994,-119.3308909,,,w_604900907,"shop=supermarket, brand=Save Mart"
"Hardwick, CA",,retail,445120,,,,,36.3138503,-119.7779983,,,w_609798618,shop=convenience
"Hardwick, CA",,retail,445110,Walmart Supercenter,"770 West El Monte Way, Dinuba, CA, 93618",+1 559-591-0380,https://www.walmart.com/store/5394-dinuba-ca,36.5432932,-119.4023667,,,w_690970568,"shop=supermarket, brand=Walmart, operator=Walmart"
"Hardwick, CA",,retail,452210,Walmart,"1110 East Prosperity Avenue, Tulare, CA, 93274",+1 559-684-1300,https://www.walmart.com/store/2536-tulare-ca,36.2286231,-119.3291026,,,w_691041803,"shop=department_store, brand=Walmart, operator=Walmart"
"Hardwick, CA",,retail,445110,Walmart Supercenter,"250 South 12th Avenue, Hanford, CA, 93230",+1 559-583-6292,https://www.walmart.com/store/1645-hanford-ca,36.3217364,-119.6763419,,,w_691050517,"shop=supermarket, brand=Walmart, operator=Walmart"
"Hardwick, CA",,retail,445110,Walmart Neighborhood Market,"1320 North Demaree Street, Visalia, CA, 93291",+1 559-429-3264,https://www.walmart.com/store/5635-visalia-ca,36.3413929,-119.3297142,,,w_692340988,"shop=supermarket, brand=Walmart, operator=Walmart"
"Hardwick, CA",,retail,445110,Walmart Supercenter,"3400 Floral Avenue, Selma, CA, 93662",+1 559-891-7190,https://www.walmart.com/store/1882-selma-ca,36.5772514,-119.6344352,,,w_692373193,"shop=supermarket, brand=Walmart, operator=Walmart"
"Hardwick, CA",,retail,445110,Save Mart,"5203 West Walnut Avenue, Visalia, CA, 93277",,,36.3112345,-119.3484512,,,w_724860357,"shop=supermarket, brand=Save Mart"
"Hardwick, CA",,retail,446110,Rite Aid,"5212 West Walnut Avenue, Visalia, CA, 93277",,https://www.riteaid.com/locations/ca/visalia/5212-west-walnut-avenue.html,36.3136347,-119.3485304,,,w_724860365,"shop=chemist, brand=Rite Aid"
"Hardwick, CA",,retail,445110,ALDI,"1789 West Lacey Boulevard, Hanford, CA, 93230-5903",+1 833-479-7198,https://stores.aldi.us/ca/hanford/1789-w-lacey-blvd,36.3273564,-119.6756993,,,w_956212759,"shop=supermarket, brand=ALDI"
"Hardwick, CA",,retail,446110,Rite Aid,"5574 East Kings Canyon Road, Fresno, CA, 93727",,https://www.riteaid.com/locations/ca/fresno/5574-east-kings-canyon.html,36.7347314,-119.7006996,,,w_983581264,"shop=chemist, brand=Rite Aid"
"Hardwick, CA",,retail,446110,Walgreens,,,https://www.walgreens.com/locator/walgreens-626+s+clovis+ave-fresno-ca-93727/id=6082,36.7365284,-119.7007287,,,w_983581271,"shop=chemist, brand=Walgreens"
"Hardwick, CA",,retail,445120,Valero,,,,36.7381962,-119.6995522,,,w_983581278,"shop=convenience, brand=Valero"
"Hardwick, CA",,retail,445120,Chevron,,,,36.7354542,-119.7004103,,,w_983581284,"shop=convenience, brand=Chevron"
"Hardwick, CA",,retail,445120,,,,,36.736482,-119.6951679,,,w_983581288,shop=convenience
"Hardwick, CA",,retail,445120,,,,,36.3286915,-119.6003036,,,w_993508119,shop=convenience
"Hardwick, CA",,retail,446110,CVS Pharmacy,,,,36.2977596,-119.3306711,,,w_998064779,"shop=chemist, brand=CVS Pharmacy"
"Hardwick, CA",,retail,445120,ampm,"4897 East Kings Canyon Road, Fresno, CA, 93727",+1-559-255-4910,https://www.ampm.com/,36.736416,-119.7326272,,,w_999745524,"shop=convenience, brand=ampm"
"Hardwick, CA",,retail,452210,Big Lots,"4895 East Kings Canyon Road, Fresno, CA, 93727",+1-559-456-8492,https://local.biglots.com/ca/fresno/4895-e-kings-canyon-rd,36.7374284,-119.7323623,,,w_999745525,"shop=department_store, brand=Big Lots"
"Hardwick, CA",,retail,452210,Target,"3308 North Dinuba Boulevard, Visalia, CA, 93291",+1 559-302-1850,https://www.target.com/sl/visalia-north/2469,36.3591811,-119.2945883,,,w_1012946510,"shop=department_store, brand=Target"
"Hardwick, CA",,retail,452210,Ross,"3124 North Dinuba Boulevard, Visalia, CA, 93291",+1 559-625-5561,,36.3578691,-119.2947756,,,w_1012946512,"shop=department_store, brand=Ross"
"Hardwick, CA",,retail,445110,Vallarta,,,,36.3572676,-119.2947435,,,w_1012946513,"shop=supermarket, brand=Vallarta"
"Hardwick, CA",,retail,452210,TJ Maxx,,,,36.356707,-119.2947874,,,w_1012946514,"shop=department_store, brand=TJ Maxx"
"Hardwick, CA",,retail,445110,WinCo Foods,"3939 West Russell Avenue, Visalia, CA, 93277",+15597417400,,36.2962336,-119.3340861,,,w_1017265826,"shop=supermarket, brand=WinCo Foods"
"Hardwick, CA",,retail,445120,,,,,36.3420679,-119.6720998,,,w_1033838278,shop=convenience
"Hardwick, CA",,retail,445120,Monson Market,,,,36.4948263,-119.3401023,,,w_1044358041,shop=convenience
"Hardwick, CA",,retail,445110,Family Express Food & Liquor,"1102 Fresno Street, Fresno, CA, 93706",+1 559-233-8615,,36.7296311,-119.8006044,,,w_1063934882,shop=supermarket
"Hardwick, CA",,retail,445120,Valero,"1405 West El Monte Way, Dinuba, CA, 93618",,,36.5465061,-119.4125433,,,w_1074118978,"shop=convenience, brand=Valero"
"Hardwick, CA",,retail,445120,,,,,36.5454968,-119.3954791,,,w_1084059316,shop=convenience
"Hardwick, CA",,retail,445110,Save Mart,"5201 West Goshen Avenue, Visalia, CA, 93291",,,36.3400165,-119.3488178,,,w_1097537727,"shop=supermarket, brand=Save Mart"
"Hardwick, CA",,retail,446110,CVS Pharmacy,"1102 North Demaree Street, Visalia, CA, 93291",,https://www.cvs.com/store-locator/visalia-ca-pharmacies/1102-n-demaree-st-visalia-ca-93291/storeid=2541,36.3393613,-119.3313828,,,w_1097537732,"shop=chemist, brand=CVS Pharmacy"
"Hardwick, CA",,retail,446110,Walgreens,"100 West Walnut Avenue, Visalia, CA, 93277",,https://www.walgreens.com/locator/walgreens-100+w+walnut+ave-visalia-ca-93277/id=3476,36.3133621,-119.2926822,,,w_1097537737,"shop=chemist, brand=Walgreens"
"Hardwick, CA",,retail,446120,Salon De Maria,,,,36.3032099,-119.3119061,,,w_1108078128,shop=beauty
"Hardwick, CA",,retail,446120,Bellisima,,,,36.3032688,-119.312607,,,w_1108078544,shop=beauty
"Hardwick, CA",,retail,445310,BevMo!,"3808 South Mooney Boulevard, Visalia, CA, 93277",+1-559-625-5285,,36.2961933,-119.3130864,,,w_1108080246,"shop=alcohol, brand=BevMo!"
"Hardwick, CA",,retail,445310,Beverage House Liquor,,,,36.2984555,-119.2957746,,,w_1108385571,shop=alcohol
"Hardwick, CA",,retail,445120,,"419 West Caldwell Avenue, Visalia, CA, 93277",,,36.2975041,-119.2954568,,,w_1108385600,shop=convenience
"Hardwick, CA",,retail,445110,Target,"4247 South Mooney Boulevard, Visalia, CA, 93277",+1-559-749-0740,https://www.target.com/sl/visalia/1805,36.2921737,-119.3172447,,,w_1153402196,"shop=supermarket, brand=Target"
"Hardwick, CA",,retail,445120,7-Eleven,1110 North Lemoore Avenue,,,36.3136593,-119.780309,,,w_1230894955,"shop=convenience, brand=7-Eleven, operator=7-Eleven"
"Hardwick, CA",,retail,452319,Dollar General,6875 Robinson Road,,https://www.dollargeneral.com/store-directory/ca/goshen/18363,36.3548422,-119.420173,,,w_1230895065,"shop=variety_store, brand=Dollar General"
"Hardwick, CA",,retail,452319,Dollar General,5385 South Elm Avenue,,https://www.dollargeneral.com/store-directory/ca/fresno/15320,36.6573083,-119.7914178,,,w_1230901586,"shop=variety_store, brand=Dollar General"
"Hardwick, CA",,retail,446110,Walgreens,"3010 North Demaree Street, Visalia, CA, 93291",,https://www.walgreens.com/locator/walgreens-3010+n+demaree+st-visalia-ca-93291/id=11407,36.3571181,-119.3314148,,,w_1236015686,"shop=chemist, brand=Walgreens"
"Hardwick, CA",,retail,445120,ExtraMile,,,,36.3124899,-119.3486349,,,w_1258028023,"shop=convenience, brand=ExtraMile"
"Hardwick, CA",,retail,445120,The Barn,,,,36.3312565,-119.3903267,,,w_1259525077,shop=convenience
"Hardwick, CA",,retail,445120,ampm,,,,36.3556534,-119.2961833,,,w_1263050599,"shop=convenience, brand=ampm"
"Hardwick, CA",,retail,445120,SHOP and GO,,,,36.3510968,-119.2976704,,,w_1274640958,shop=convenience
"Hardwick, CA",,retail,446120,Milan Institute,"6500 South Mooney Boulevard, Visalia, CA, 93277",+15593025938,,36.2715731,-119.3118764,,,w_1290705496,shop=beauty
"Hardwick, CA",,retail,445110,Mercado Sol Del Valle,,+1-559-429-4305,,36.3406024,-119.2790978,,,w_1295424496,shop=supermarket
"Hardwick, CA",,retail,445120,T.Mart,,,,36.3422214,-119.2792084,,,w_1295424501,shop=convenience
"Hardwick, CA",,retail,446120,Happiness Nails & Spa,,,,36.2939216,-119.3124478,,,w_1295806949,shop=beauty
"Hardwick, CA",,retail,452210,Big Lots,"2525 South Mooney Boulevard, Visalia, CA, 93277",+1 559-739-7074,https://local.biglots.com/ca/visalia/2525-s-mooney-blvd,36.3077497,-119.3156113,,,w_1296411400,"shop=department_store, brand=Big Lots"
"Hardwick, CA",,retail,452319,99 Cents Only Stores,,,,36.3066427,-119.3153387,,,w_1296425245,"shop=variety_store, brand=99 Cents Only Stores"
"Hardwick, CA",,retail,445120,7-Eleven,,,,36.3124448,-119.2922731,,,w_1297201453,"shop=convenience, brand=7-Eleven"
"Hardwick, CA",,retail,445110,Food 4 Less,,,,36.348268,-119.2986791,,,w_1315228782,"shop=supermarket, brand=Food 4 Less"
"Hardwick, CA",,retail,452210,dd's Discounts,,,,36.3469798,-119.2986624,,,w_1315228785,"shop=department_store, brand=dd's Discounts"
"Hardwick, CA",,retail,452319,Family Dollar,,,,36.3437638,-119.295779,,,w_1315360916,"shop=variety_store, brand=Family Dollar"
"Hardwick, CA",,retail,445230,First Step Nutrition,,,https://www.shopfirststep.com/,36.3432284,-119.2971007,,,w_1315360917,shop=greengrocer
"Hardwick, CA",,retail,445310,Jacks Liquor,,,,36.3425488,-119.2962224,,,w_1315367440,shop=alcohol
"Hardwick, CA",,retail,445210,Nueva Italia Carniceria y Taqueria,,,,36.3373524,-119.2914416,,,w_1315412463,shop=butcher
"Hardwick, CA",,retail,445120,Lee's Mini Mart,,,,36.3350662,-119.292069,,,w_1315420790,shop=convenience
"Hardwick, CA",,retail,445120,Circle K,,,,36.2264213,-119.3363308,,,w_1320003325,"shop=convenience, brand=Circle K"
"Hardwick, CA",,retail,445120,Shannon Village Market,,,,36.3570985,-119.3152166,,,w_1320197998,shop=convenience
"Hardwick, CA",,retail,445120,London Market,,,,36.4783146,-119.4410987,,,w_1321666652,shop=convenience
"Hardwick, CA",,retail,445120,Mercado Latino,,,,36.4773154,-119.4423959,,,w_1321672054,shop=convenience
"Hardwick, CA",,retail,445120,The Barn,,,,36.3414598,-119.3311465,,,w_1330560914,shop=convenience
"Hardwick, CA",,retail,445110,Stratford Market,"20374 Main Street, Stratford, CA, 93266",+1 (559) 947-3121,,36.1897926,-119.8236352,,,w_1356160586,shop=supermarket
"Hardwick, CA",,retail,445110,A & M Market,"20510 Main Street, Stratford, CA, 93266",,,36.1896264,-119.8257156,,,w_1361402828,shop=supermarket
"Hardwick, CA",,retail,445110,People's Food & Deli,"5593 Avenue 400, Dinuba, CA, 93618",,,36.5169185,-119.4490645,,,w_1376133042,shop=supermarket
"Hardwick, CA",,retail,445120,BJ's Express Mart,,,,36.3248042,-119.3312136,,,w_1413369559,shop=convenience
"Hardwick, CA",,retail,453991,Mooney’s Smoke Shop,,,,36.3189539,-119.3136126,,,w_1413374748,shop=tobacco
