Location,Search Keyword,Segment,NAICS Code,Business Name,Address,Phone Number,Website,Latitude,Longitude,Rating,User Ratings,Place ID,Types
"Madison, CA",,retail,445110,Nugget Markets,"409 Mace Boulevard, Davis, CA, 95618",+1 530-753-6690,https://www.nuggetmarket.com/locations/mace-davis/,38.5501266,-121.6960082,,,n_597045822,shop=supermarket
"Madison, CA",,retail,445110,Westlake IGA Market,,,,38.5545359,-121.7870207,,,n_711012114,shop=supermarket
"Madison, CA",,retail,445110,Bel Air,"3250 Arena Boulevard, 95834",,,38.6418424,-121.533552,,,n_955382076,"shop=supermarket, brand=Bel Air"
"Madison, CA",,retail,445110,Trader Joe's,"885 Russell Boulevard, Davis, CA, 95616",+1 530-757-2693,https://www.traderjoes.com/,38.5467537,-121.7614973,,,n_1052335476,"shop=supermarket, brand=Trader Joe's"
"Madison, CA",,retail,446120,Bath & Body Works,,,,38.5414333,-121.741526,,,n_1941881548,"shop=cosmetics, brand=Bath & Body Works"
"Madison, CA",,retail,445120,Taylors Market,,,,38.6928653,-121.5870823,,,n_2014326840,shop=convenience
"Madison, CA",,retail,445310,Natomas Food & Liquor,,,,38.6423034,-121.5189202,,,n_2029655845,shop=alcohol
"Madison, CA",,retail,452210,Kohl's,"4700 Natomas Boulevard, Sacramento, CA, 95835",+1 916-928-4260,https://www.kohls.com/stores/ca/sacramento-683.shtml,38.6584959,-121.5082395,,,n_2031483833,"shop=department_store, brand=Kohl's"
"Madison, CA",,retail,445110,Raley's,,,,38.6574654,-121.509945,,,n_2031483845,"shop=supermarket, brand=Raley's"
"Madison, CA",,retail,445120,Loop,,,,38.6564956,-121.5089181,,,n_2080818402,shop=convenience
"Madison, CA",,retail,446120,Papillon Salon,"Arena Boulevard, Sacramento, CA, 95834",,,38.6419146,-121.5344108,,,n_2088148590,shop=beauty
"Madison, CA",,retail,452319,Dollar Tree,"3015 West Capitol Avenue, West Sacramento, CA, 95691",,https://www.dollartree.com/locations/ca/west-sacramento/1215/,38.5770654,-121.5502033,,,n_2120443586,"shop=variety_store, brand=Dollar Tree"
"Madison, CA",,retail,453991,Discount Cigarettes,"3017 West Capitol Avenue, West Sacramento, CA, 95691",,,38.5772961,-121.5502123,,,n_2120443591,shop=tobacco
"Madison, CA",,retail,445110,Mercado Loco,"3049 West Capitol Avenue, West Sacramento, CA, 95691",,,38.5781665,-121.5502033,,,n_2120443743,shop=supermarket
"Madison, CA",,retail,445310,Country West Liquor,"3071 West Capitol Avenue, West Sacramento, CA, 95691",,,38.578944,-121.5502929,,,n_2120443872,shop=alcohol
"Madison, CA",,retail,452319,Dollar Tree,"West Sacramento, CA, 95691",,https://www.dollartree.com/locations/ca/west-sacramento/5241/,38.5496933,-121.5381723,,,n_2120467983,"shop=variety_store, brand=Dollar Tree"
"Madison, CA",,retail,445110,Savemart,,,,38.559607,-121.7577404,,,n_2188177617,shop=supermarket
"Madison, CA",,retail,445120,Sage Street Market,"201 Sage Street, Davis, 94566",+1 530-759-0663,https://housing.ucdavis.edu/dining/sage-street/,38.5412859,-121.7717517,,,n_2281654814,shop=convenience
"Madison, CA",,retail,452319,Dollar Tree,,,,38.3434826,-121.9937642,,,n_2401059911,"shop=variety_store, brand=Dollar Tree"
"Madison, CA",,retail,445310,Vino Volo,,,,38.6928611,-121.5869717,,,n_2440834034,shop=beverages
"Madison, CA",,retail,445110,Raley's,"375 West Main Street, Woodland, CA, 95695",,,38.6766059,-121.8012339,,,n_2551989425,"shop=supermarket, brand=Raley's"
"Madison, CA",,retail,445110,Indian Groceries,"2000 Club Center Drive, Sacramento, 95835",(916) 419-2116,http://sacramentoindiangroceries.com/,38.6701019,-121.5046585,,,n_2583206999,shop=supermarket
"Madison, CA",,retail,445110,Natraj Indian Foods,"4301 Truxel Road, Sacramento, 95834",(916) 515-4899,,38.6498924,-121.5104683,,,n_2583207782,shop=supermarket
"Madison, CA",,retail,452210,Target,"3000 Harbison Drive, Vacaville, CA, 95687-3909",+1 707-452-8053,https://www.target.com/sl/vacaville/827,38.3610366,-121.9613315,,,n_2590491557,"shop=department_store, brand=Target"
"Madison, CA",,retail,452210,Burlington,"2021 Harbison Drive, Vacaville, CA, 95687",+1 707-451-7866,https://stores.burlington.com/ca/vacaville/758/,38.360385,-121.964131,,,n_2590493283,"shop=department_store, brand=Burlington"
"Madison, CA",,retail,452210,Ross,"2071 Harbison Drive, Vacaville, CA, 95687",+1 707-446-9856,,38.3604083,-121.9662639,,,n_2590493942,"shop=department_store, brand=Ross"
"Madison, CA",,retail,445110,Grocery Outlet,,,,38.3676348,-121.9592533,,,n_2590547087,"shop=supermarket, brand=Grocery Outlet"
"Madison, CA",,retail,452319,Dollar General,,,https://www.dollargeneral.com/store-directory/ca/arbuckle/14972,39.012402,-122.0569087,,,n_3360384197,"shop=variety_store, brand=Dollar General"
"Madison, CA",,retail,446120,Perfumania,"321 Nut Tree Road, Vacaville, 95687",,,38.3660673,-121.9570409,,,n_3458211395,"shop=perfumery, brand=Perfumania"
"Madison, CA",,retail,445110,Arteaga's,,,,38.5904104,-121.5256748,,,n_3748094805,shop=supermarket
"Madison, CA",,retail,445110,Yolo Fruit Stand,,,,38.5615898,-121.6441703,,,n_3748099233,shop=supermarket
"Madison, CA",,retail,445120,7-Eleven,"1097 East Monte Vista Avenue, Vacaville, CA, 95688",,https://www.7-eleven.com/locations/ca/vacaville/1097-e-monte-vista-ave-24248,38.3603497,-121.977732,,,n_4044814529,"shop=convenience, brand=7-Eleven"
"Madison, CA",,retail,445120,Vaca Food & Liquor,"1193 East Monte Vista Avenue, Vacaville, CA, 95688",,,38.3610102,-121.975167,,,n_4047002168,shop=convenience
"Madison, CA",,retail,445120,ampm,"450 County Road 102, Woodland, CA, 95776",,,38.6760717,-121.7291872,,,n_4047530706,"shop=convenience, brand=ampm"
"Madison, CA",,retail,452210,Walmart,"1720 East Main Street, Woodland, CA, 95776",+1 530-668-1060,https://www.walmart.com/store/2190-woodland-ca,38.6756434,-121.7412552,,,n_4047545109,"shop=department_store, brand=Walmart, operator=Walmart"
"Madison, CA",,retail,445120,J&J Gas Mart,,,,39.0132479,-122.0568978,,,n_4247961991,shop=convenience
"Madison, CA",,retail,452319,Family Dollar,,,,38.5543659,-121.7870159,,,n_4356618301,"shop=variety_store, brand=Family Dollar"
"Madison, CA",,retail,445310,vini,,,,38.5434516,-121.7407513,,,n_4359279889,shop=wine
"Madison, CA",,retail,453110,Strelitzia Fllowers,"4614 2nd Street, Davis, CA, 95616",+1-530-758-5050,https://www.strelitziaflowers.com/,38.5548488,-121.6966368,,,n_4378091337,shop=florist
"Madison, CA",,retail,446120,Bella Capelli Hair Salon,,7074551507,,38.3547124,-121.9914707,,,n_4581999079,shop=beauty
"Madison, CA",,retail,446120,Atma Wholistic Day Spa,,,,38.3538264,-121.9913908,,,n_4581999081,shop=beauty
"Madison, CA",,retail,445120,7-Eleven,"1450 Alamo Drive, Vacaville, CA, 95687-6537",+1 707-448-7711,https://www.7-eleven.com/locations/ca/vacaville/1450-alamo-dr-14155,38.3355513,-121.9859436,,,n_4582002103,"shop=convenience, brand=7-Eleven"
"Madison, CA",,retail,445110,Raley's,"3061 Alamo Drive, Vacaville, 95687",,,38.3366712,-121.954517,,,n_4582002104,"shop=supermarket, brand=Raley's"
"Madison, CA",,retail,445310,A Mart Food & Liquor,,,,38.6129861,-121.5178791,,,n_5181158526,shop=alcohol
"Madison, CA",,retail,452210,Marshalls,,,,38.6602036,-121.5105925,,,n_5281436759,"shop=department_store, brand=Marshalls"
"Madison, CA",,retail,453991,Illusions Smoke Shop,"203 G Street, Davis, CA, 95616",,,38.5437499,-121.7391322,,,n_5300335928,shop=tobacco
"Madison, CA",,retail,446120,Studio K,"229 C Street, Davis, CA, 95616",,,38.5436706,-121.743809,,,n_5300364190,shop=beauty
"Madison, CA",,retail,445110,Walmart Neighborhood Market,"1250 East Gibson Road, Woodland, CA, 95776",+1 530-665-4306,https://www.walmart.com/store/5606-woodland-ca,38.661335,-121.763685,,,n_5315597553,"shop=supermarket, brand=Walmart, operator=Walmart"
"Madison, CA",,retail,445110,Walmart Neighborhood Market,"2050 Nut Tree Road, Vacaville, CA, 95687",+1 707-359-3258,https://www.walmart.com/store/5007-vacaville-ca,38.350599,-121.951128,,,n_5315597931,"shop=supermarket, brand=Walmart, operator=Walmart"
"Madison, CA",,retail,445110,Walmart Neighborhood Market,"215 California Street, Woodland, CA, 95695",+1 530-665-4638,https://www.walmart.com/store/4127-woodland-ca,38.680872,-121.787924,,,n_5315598128,"shop=supermarket, brand=Walmart, operator=Walmart"
"Madison, CA",,retail,445110,Grocery Outlet,,,,38.6760568,-121.7587008,,,n_5326270116,"shop=supermarket, brand=Grocery Outlet"
"Madison, CA",,retail,452210,Ross,"1388 East Main Street, Woodland, CA, 95776",+1 530-661-4778,,38.6762932,-121.7573109,,,n_5326270120,"shop=department_store, brand=Ross"
"Madison, CA",,retail,452319,Dollar Tree,,,https://www.dollartree.com/locations/ca/woodland/4760/,38.6754712,-121.7454213,,,n_5326303604,"shop=variety_store, brand=Dollar Tree"
"Madison, CA",,retail,445110,Food 4 Less,,,,38.6750418,-121.7449944,,,n_5326303605,"shop=supermarket, brand=Food 4 Less"
"Madison, CA",,retail,452319,Dollar Tree,,,https://www.dollartree.com/locations/ca/woodland/1206/,38.679975,-121.7851467,,,n_5326319896,"shop=variety_store, brand=Dollar Tree"
"Madison, CA",,retail,452319,Dollar Tree,,,https://www.dollartree.com/locations/ca/sacramento/5211/,38.6705021,-121.5051865,,,n_5541459681,"shop=variety_store, brand=Dollar Tree"
"Madison, CA",,retail,446120,La Fleur Nail Spa,,,,38.6425654,-121.5189806,,,n_5558988686,shop=beauty
"Madison, CA",,retail,446120,Golden Salon & Spa,"2840 Del Paso Road, Sacramento, CA, 95834",,,38.6552208,-121.5249835,,,n_5581062915,shop=beauty
"Madison, CA",,retail,445120,Spanish Flat Country Store & Deli,"4318 Knoxville Road, 94558",7079661600,,38.5334367,-122.2273067,,,n_5678599527,shop=convenience
"Madison, CA",,retail,445120,,"Arena Boulevard, Sacramento, CA, 95834",,,38.6426295,-121.532455,,,n_5864740732,shop=convenience
"Madison, CA",,retail,445120,,,,,38.4458633,-121.8266784,,,n_5904459569,shop=convenience
"Madison, CA",,retail,445110,Nugget Markets,"157 Main Street, Woodland, CA, 95695",530-662-5479,https://www.nuggetmarket.com/locations/woodland/,38.6782103,-121.7806092,,,n_6262280253,shop=supermarket
"Madison, CA",,retail,445120,Food Mart,,,,39.0243043,-122.0647088,,,n_6357137343,shop=convenience
"Madison, CA",,retail,445120,Speedway,"800 Merchant Street, Vacaville, CA, 95688",,https://www.speedway.com/locations/CA/Vacaville/800-MERCHANT-ST,38.3493246,-121.9961694,,,n_6463573766,"shop=convenience, brand=Speedway"
"Madison, CA",,retail,445310,Vacaville U Save Liquor,,,,38.349137,-121.9951412,,,n_6463573768,shop=alcohol
"Madison, CA",,retail,445120,ampm,,,,38.6133914,-121.5309533,,,n_6548733271,"shop=convenience, brand=ampm"
"Madison, CA",,retail,445120,ampm,,,,38.3697829,-121.9543421,,,n_6696356311,"shop=convenience, brand=ampm"
"Madison, CA",,retail,445120,ExtraMile,,,,38.3698231,-121.9557328,,,n_6696356313,"shop=convenience, brand=ExtraMile"
"Madison, CA",,retail,445120,Shell,"950 Merchant Street, Vacaville, CA, 95688",,,38.3479489,-121.997683,,,n_6701143983,"shop=convenience, brand=Shell"
"Madison, CA",,retail,445120,ExtraMile,,,,38.6552494,-121.5225477,,,n_6709153241,"shop=convenience, brand=ExtraMile"
"Madison, CA",,retail,446120,Ulta Beauty,"2135 Bronze Star Drive, Woodland, CA, 95776",+1 530-631-0379,https://www.ulta.com/stores/woodland-ca-1397,38.6720477,-121.7273029,,,n_7108490965,"shop=beauty, brand=Ulta Beauty"
"Madison, CA",,retail,445120,7-Eleven,"1229 East Main Street, Woodland, CA, 95776-3534",+1 530-666-6288,https://www.7-eleven.com/locations/ca/woodland/1229-east-main-st-21433,38.6778084,-121.7650026,,,n_7108559569,"shop=convenience, brand=7-Eleven"
"Madison, CA",,retail,445310,A & B Liquor,,,,38.5799563,-121.5410038,,,n_7257120232,shop=alcohol
"Madison, CA",,retail,445120,ExtraMile,,,,38.5759775,-121.5763279,,,n_7276087582,"shop=convenience, brand=ExtraMile"
"Madison, CA",,retail,445120,,,,,38.4584686,-121.8399796,,,n_7295075927,shop=convenience
"Madison, CA",,retail,445120,Carniceria Lupita,,,,38.456498,-121.8414375,,,n_7295116659,shop=convenience
"Madison, CA",,retail,445120,,,,,38.46985,-121.8237809,,,n_7295614518,shop=convenience
"Madison, CA",,retail,445110,Grocery Outlet,,,,38.5527092,-121.7297074,,,n_7352799822,"shop=supermarket, brand=Grocery Outlet"
"Madison, CA",,retail,452319,Dollar Tree,,,https://www.dollartree.com/locations/ca/davis/3475/,38.5527137,-121.7300145,,,n_7352799823,"shop=variety_store, brand=Dollar Tree"
"Madison, CA",,retail,446110,Walgreens,"10 West Main Street, Woodland, CA, 95695",,https://www.walgreens.com/locator/walgreens-10+w+main+st-woodland-ca-95695/id=4107,38.6779505,-121.7845622,,,n_7549480313,"shop=chemist, brand=Walgreens"
"Madison, CA",,retail,445120,Chevron,,,,38.6770965,-121.7845426,,,n_7549480315,"shop=convenience, brand=Chevron"
"Madison, CA",,retail,446110,CVS Pharmacy,,,https://www.cvs.com/store-locator/woodland-ca-pharmacies/7-w-main-st-woodland-ca-95695/storeid=9180,38.6761852,-121.7845762,,,n_7549480316,"shop=chemist, brand=CVS Pharmacy"
"Madison, CA",,retail,445120,7-Eleven,"301 Cottonwood Street, Woodland, CA, 95695-2920",+1 530-666-2622,https://www.7-eleven.com/locations/ca/woodland/301-cottonwood-street-15758,38.6787234,-121.7928593,,,n_7579900663,"shop=convenience, brand=7-Eleven"
"Madison, CA",,retail,445120,ampm,,,,38.5311045,-121.9555392,,,n_7838108711,"shop=convenience, brand=ampm"
"Madison, CA",,retail,452210,That’s Cheap!,,,,38.6599991,-121.5103054,,,n_8530303480,shop=department_store
"Madison, CA",,retail,445110,Indian Grocery Outlet,,,,38.6402262,-121.5097266,,,n_8934828261,shop=supermarket
"Madison, CA",,retail,452319,UC Davis Store,,,,38.5432343,-121.740172,,,n_8939553215,shop=general
"Madison, CA",,retail,445120,Woodland Gas Plaza,"454 North East Street, Woodland, CA, 95776",,,38.6905036,-121.7649546,,,n_9027582621,shop=convenience
"Madison, CA",,retail,446120,The Cosmetics Company Store,,,,38.3673617,-121.9519727,,,n_9046397082,shop=cosmetics
"Madison, CA",,retail,445120,Speedway,"2650 Gateway Oaks Drive, Sacramento, CA, 95833",,https://www.speedway.com/locations/CA/Sacramento/2650-GATEWAY-OAKS-DR,38.6139728,-121.5165351,,,n_9184218526,"shop=convenience, brand=Speedway"
"Madison, CA",,retail,445120,ampm,,,,38.863587,-121.9509053,,,n_9898835536,"shop=convenience, brand=ampm"
"Madison, CA",,retail,445120,7-Eleven,,,https://www.7-eleven.com/locations/ca/vacaville/2490-nut-tree-rd-22837,38.3357872,-121.9527833,,,n_10067495446,"shop=convenience, brand=7-Eleven"
"Madison, CA",,retail,445120,ampm,,,,38.3349167,-121.9528218,,,n_10067495456,"shop=convenience, brand=ampm"
"Madison, CA",,retail,445120,ExtraMile,,,,38.3461331,-121.9734319,,,n_10067543628,"shop=convenience, brand=ExtraMile"
"Madison, CA",,retail,445120,Silo Market,,,,38.5382058,-121.7527051,,,n_10080233615,shop=convenience
"Madison, CA",,retail,452210,Marshalls,,,,38.6717796,-121.7273091,,,n_10158556336,"shop=department_store, brand=Marshalls"
"Madison, CA",,retail,452210,JCPenney,,,,38.6621012,-121.7632085,,,n_10656645217,"shop=department_store, brand=JCPenney"
"Madison, CA",,retail,445120,Main+ Market,,,,38.6417554,-121.5201142,,,n_10666802082,shop=convenience
"Madison, CA",,retail,445120,Maverik,,,,38.5716868,-121.5769888,,,n_10696098509,"shop=convenience, brand=Maverik"
"Madison, CA",,retail,445110,Bel Air,,,,38.6637765,-121.7398632,,,n_10794426478,"shop=supermarket, brand=Bel Air"
"Madison, CA",,retail,446110,CVS Pharmacy,,,https://www.cvs.com/store-locator/dixon-ca-pharmacies/1057-n-1st-st-dixon-ca-95620/storeid=9950,38.4554567,-121.8234086,,,n_10869872957,"shop=chemist, brand=CVS Pharmacy"
"Madison, CA",,retail,445110,Grocery Outlet,,,,38.4678154,-121.8217252,,,n_10873483702,"shop=supermarket, brand=Grocery Outlet"
"Madison, CA",,retail,445120,ampm,,,,38.6771448,-121.7984574,,,n_10901127548,"shop=convenience, brand=ampm"
"Madison, CA",,retail,445120,Chevron,,,,38.6959195,-121.7648763,,,n_11004963739,"shop=convenience, brand=Chevron"
"Madison, CA",,retail,446120,Y2K Nails,2831 Del Paso Road,,,38.6573766,-121.5241575,,,n_11104872859,shop=beauty
"Madison, CA",,retail,446120,California Sun,,,,38.6573983,-121.5237204,,,n_11104872860,shop=beauty
"Madison, CA",,retail,445120,ExtraMile,,,,38.8607048,-121.9557879,,,n_11125652590,"shop=convenience, brand=ExtraMile"
"Madison, CA",,retail,452319,Dollar Tree,"4710 Natomas Boulevard, Sacramento, CA, 95835",279-221-4621,,38.6590858,-121.5095053,,,n_11403897152,"shop=variety_store, brand=Dollar Tree"
"Madison, CA",,retail,445292,Xi Square,,,,38.5442707,-121.7408663,,,n_11473458369,shop=confectionery
"Madison, CA",,retail,445310,iTea,,,,38.5434122,-121.7468113,,,n_11473458569,shop=beverages
"Madison, CA",,retail,445120,7-Eleven,,,,38.6145112,-121.5304444,,,n_11507930081,"shop=convenience, brand=7-Eleven"
"Madison, CA",,retail,445120,Diamond Food Mart,,,,38.881276,-121.9703683,,,n_11520448421,shop=convenience
"Madison, CA",,retail,445120,Yolo Market,,,,38.7326172,-121.8062631,,,n_11521258594,shop=convenience
"Madison, CA",,retail,452210,Big Lots,"52 West Court Street, Woodland, CA, 95695",+1 530-406-1520,https://local.biglots.com/ca/woodland/52-w-court-st,38.6799917,-121.7865756,,,n_11527326463,"shop=department_store, brand=Big Lots"
"Madison, CA",,retail,445110,La Superior Mercados,,,,38.6800122,-121.7858835,,,n_11527326464,shop=supermarket
"Madison, CA",,retail,445120,ampm,,,,38.5579136,-121.5391619,,,n_11821051728,"shop=convenience, brand=ampm"
"Madison, CA",,retail,445110,Sprouts Farmers Market,,,,38.6762199,-121.7541648,,,n_12027551471,"shop=supermarket, brand=Sprouts Farmers Market"
"Madison, CA",,retail,446120,Y2K Nails,"4660 Natomas Boulevard, Sacramento, CA, 95835",,,38.6579043,-121.510305,,,n_12207344898,shop=beauty
"Madison, CA",,retail,446120,European Wax Center,,,,38.6570658,-121.5102782,,,n_12207384710,"shop=beauty, brand=European Wax Center"
"Madison, CA",,retail,445120,Myu Myu,"204 E Street, 95616",,,38.5435351,-121.7410304,,,n_12387173502,shop=convenience
"Madison, CA",,retail,452319,Wow Discount,,,,38.3650843,-121.9549772,,,n_12452261384,shop=variety_store
"Madison, CA",,retail,446120,Bath & Body Works,,,,38.3669355,-121.9571362,,,n_12452281203,"shop=cosmetics, brand=Bath & Body Works"
"Madison, CA",,retail,446120,Luxury Perfume,,,,38.3683517,-121.9529814,,,n_12452281213,shop=perfumery
"Madison, CA",,retail,445120,Desi Market and Grill,"2087 Arena Boulevard, Sacramento, CA, 95834",,,38.6472443,-121.5111945,,,n_12675388739,shop=convenience
"Madison, CA",,retail,445120,7-Eleven,,,,38.6767881,-121.7436832,,,n_12760859559,"shop=convenience, brand=7-Eleven"
"Madison, CA",,retail,445120,Bob's Food & Liquor,,,,38.6726802,-121.7945574,,,n_12769283078,shop=convenience
"Madison, CA",,retail,445120,,,,,38.4667134,-121.823148,,,n_12803459677,shop=convenience
"Madison, CA",,retail,445120,Chevron,,,,38.6766917,-121.7474879,,,n_12806626082,"shop=convenience, brand=Chevron"
"Madison, CA",,retail,445120,Chevron,,,,38.6765859,-121.7272551,,,n_12806838830,"shop=convenience, brand=Chevron"
"Madison, CA",,retail,452319,Dollar Tree,,,,38.6762136,-121.8018794,,,n_12844517451,"shop=variety_store, brand=Dollar Tree"
"Madison, CA",,retail,445120,,,,,38.6778038,-121.7835779,,,n_12844596111,shop=convenience
"Madison, CA",,retail,445310,Romey's Liquors,,,,38.6783862,-121.783445,,,n_12844596126,shop=alcohol
"Madison, CA",,retail,446120,Angels Nails,,,,38.6783848,-121.7830202,,,n_12844596127,shop=beauty
"Madison, CA",,retail,446120,Aurum Beauty Experience Refined,"2735 Del Paso Road, Sacramento, CA",,,38.6573492,-121.5229127,,,n_13057463070,shop=beauty
"Madison, CA",,retail,445110,Davis Food Cooperative,"620 G Street, Davis",,https://davisfood.coop/,38.5495605,-121.7398534,,,w_25366944,shop=supermarket
"Madison, CA",,retail,445110,Walmart Supercenter,"235 East Dorset Drive, Dixon, CA, 95620",+1 707-693-6505,https://www.walmart.com/store/5139-dixon-ca,38.4719325,-121.8202668,,,w_32575728,"shop=supermarket, brand=Walmart, operator=Walmart"
"Madison, CA",,retail,445110,,,,,38.559598,-121.7577435,,,w_32656558,shop=supermarket
"Madison, CA",,retail,445120,,,,,38.7366001,-122.1446562,,,w_34643183,shop=convenience
"Madison, CA",,retail,445120,Guinda Corner Store,"7530 State Highway 16, Guinda, CA",,,38.8289718,-122.1929482,,,w_34720160,"shop=convenience, operator=Wyatt family"
"Madison, CA",,retail,445110,Nugget Markets,"1414 East Covell Boulevard, Davis, CA, 95616",530-750-3800,https://www.nuggetmarket.com/locations/covell-davis/,38.5609311,-121.7331594,,,w_36921187,shop=supermarket
"Madison, CA",,retail,445120,Circle K,,,,38.560243,-121.7856258,,,w_44468483,"shop=convenience, brand=Circle K"
"Madison, CA",,retail,446110,Walgreens,"3521 Del Paso Road, Sacramento, CA, 95835",,https://www.walgreens.com/locator/walgreens-3521+del+paso+rd-sacramento-ca-95835/id=10114,38.6563016,-121.541786,,,w_82443706,"shop=chemist, brand=Walgreens"
"Madison, CA",,retail,445120,Chevron,"999 East Grant Avenue, Winters, 95694",,,38.5307486,-121.956873,,,w_99823595,"shop=convenience, brand=Chevron"
"Madison, CA",,retail,445110,Lorenzo's Town and Country Market,"121 East Grant Avenue, Winters, CA, 95694",(530) 795-3214,http://www.lorenzosmarket.com/,38.5279893,-121.9659191,,,w_99823640,shop=supermarket
"Madison, CA",,retail,445120,Shell,,,,38.4642819,-121.8217154,,,w_100397085,"shop=convenience, brand=Shell"
"Madison, CA",,retail,445120,ExtraMile,,,,38.3545836,-121.9806976,,,w_106610193,"shop=convenience, brand=ExtraMile"
"Madison, CA",,retail,445120,7-Eleven,"4000 Enterprise Boulevard, West Sacramento, CA, 95691",,https://www.7-eleven.com/locations/ca/west-sacramento/4010-lake-road-33646,38.5729411,-121.5787845,,,w_107138702,"shop=convenience, brand=7-Eleven"
"Madison, CA",,retail,445120,Extra Mile,"333 Mace Boulevard, Davis, CA, 95618",,,38.5569982,-121.6949381,,,w_107138735,"shop=convenience, brand=ampm"
"Madison, CA",,retail,445110,Nugget Market,"West Sacramento, CA, 95691",+1 916 375 8700,https://www.nuggetmarket.com/locations/west-sacramento/,38.5509976,-121.5354278,,,w_120610528,shop=supermarket
"Madison, CA",,retail,445120,,"2816 West Capitol Avenue, West Sacramento, CA, 95691",,,38.5797282,-121.5482602,,,w_120651039,shop=convenience
"Madison, CA",,retail,445120,,"847 Harbor Boulevard, West Sacramento, CA, 95691",,,38.5773733,-121.5480041,,,w_120651230,shop=convenience
"Madison, CA",,retail,445110,Grocery Outlet,"845 Harbor Boulevard, West Sacramento, CA, 95691",,,38.5780553,-121.5477565,,,w_120651489,"shop=supermarket, brand=Grocery Outlet"
"Madison, CA",,retail,446110,Walgreens,"1351 West Capitol Avenue, West Sacramento, CA, 95691",,https://www.walgreens.com/locator/walgreens-1351+w+capitol+ave-west+sacramento-ca-95691/id=4198,38.5804098,-121.5254428,,,w_120651745,"shop=chemist, brand=Walgreens"
"Madison, CA",,retail,445120,,,,,38.5766738,-121.5483152,,,w_120651923,shop=convenience
"Madison, CA",,retail,445110,Raley's,"1601 West Capitol Avenue, West Sacramento, CA, 95691",,,38.5797836,-121.5291816,,,w_120651926,"shop=supermarket, brand=Raley's"
"Madison, CA",,retail,445110,Walmart Supercenter,"755 Riverpoint Court, West Sacramento, CA, 95605",+1 916-373-2200,https://www.walmart.com/store/3652-west-sacramento-ca,38.5872989,-121.5500893,,,w_120652138,"shop=supermarket, brand=Walmart, operator=Walmart"
"Madison, CA",,retail,445120,ampm,,,,38.5911241,-121.5479627,,,w_120652788,"shop=convenience, brand=ampm"
"Madison, CA",,retail,452210,Ross,"735 Riverpoint Court, West Sacramento, CA, 95605",+1 916-376-0270,,38.5887345,-121.5484121,,,w_120652827,"shop=department_store, brand=Ross"
"Madison, CA",,retail,445120,ampm,"4790 West Capitol Avenue, West Sacramento, CA, 95691",,,38.5760628,-121.5758576,,,w_120653454,"shop=convenience, brand=ampm"
"Madison, CA",,retail,452210,Target,"2050 Town Center Plaza, West Sacramento, CA, 95691-4957",+1 916-384-0977,https://www.target.com/sl/west-sacramento/2268,38.5492802,-121.5364651,,,w_120653915,"shop=department_store, brand=Target"
"Madison, CA",,retail,445120,,,,,38.561477,-121.7697643,,,w_179561538,shop=convenience
"Madison, CA",,retail,452210,Target,"4601 2nd Street, Davis, CA, 95618-9446",+1 530-761-0126,https://www.target.com/sl/davis/2455,38.5539622,-121.6998848,,,w_181387958,"shop=department_store, brand=Target"
"Madison, CA",,retail,445110,Bel Air,,,,38.6417484,-121.5336513,,,w_190861802,"shop=supermarket, brand=Bel Air"
"Madison, CA",,retail,445110,Sprouts Farmers Market,"2810 Del Paso Road, Sacramento, CA, 95834",+1 916-431-1111,https://www.sprouts.com/store/ca/sacramento/natomas/,38.6545813,-121.5239033,,,w_194741309,"shop=supermarket, brand=Sprouts Farmers Market"
"Madison, CA",,retail,445120,Chevron,,,,38.6159264,-121.5386321,,,w_196256626,"shop=convenience, brand=Chevron"
"Madison, CA",,retail,445120,ampm,"6100 Airport Boulevard, Sacramento, CA, 95837",,,38.6783959,-121.5900289,,,w_196800212,"shop=convenience, brand=ampm"
"Madison, CA",,retail,446110,CVS Pharmacy,"2050 Club Center Drive, Sacramento, CA, 95835",,https://www.cvs.com/store-locator/sacramento-ca-pharmacies/2050-club-center-dr-sacramento-ca-95835/storeid=4151,38.6702283,-121.5062928,,,w_197733533,"shop=chemist, brand=CVS Pharmacy"
"Madison, CA",,retail,445120,,,,,38.5603122,-121.7580129,,,w_208527818,shop=convenience
"Madison, CA",,retail,445120,ExtraMile,,,,38.5603734,-121.7590328,,,w_208528164,"shop=convenience, brand=ExtraMile"
"Madison, CA",,retail,452319,99 Cents Only Stores,"551 Peabody Road, CA",,https://locations.99only.com/ca/vacaville/discount-store-192.html,38.3455196,-121.972223,,,w_220393869,"shop=variety_store, brand=99 Cents Only Stores"
"Madison, CA",,retail,445120,,,,,38.3459381,-121.9726611,,,w_220396080,shop=convenience
"Madison, CA",,retail,445110,Walmart Neighborhood Market,"941 Alamo Drive, Vacaville, CA, 95687",+1 707-359-3180,https://www.walmart.com/store/5608-vacaville-ca,38.3446478,-121.9958329,,,w_231773786,"shop=supermarket, brand=Walmart, operator=Walmart"
"Madison, CA",,retail,445110,Safeway,"2090 Harbison Drive, Vacaville, CA, 95688",+1 707-452-7277,https://local.safeway.com/safeway/ca/vacaville/2090-harbison-dr.html,38.3620483,-121.9616629,,,w_238688850,"shop=supermarket, brand=Safeway"
"Madison, CA",,retail,445110,Safeway,"2851 Del Paso Road, Sacramento, CA, 95835",+1 916-285-8840,https://local.safeway.com/safeway/ca/sacramento/2851-del-paso-rd.html,38.6576126,-121.5247496,,,w_239964409,"shop=supermarket, brand=Safeway"
"Madison, CA",,retail,445110,Walmart Supercenter,"1501 Helen Power Drive, Vacaville, CA, 95687",+1 707-451-0166,https://www.walmart.com/store/1704-vacaville-ca,38.3620549,-121.9590515,,,w_253076358,"shop=supermarket, brand=Walmart, operator=Walmart"
"Madison, CA",,retail,452210,Kohl's,"570 Orange Drive, Vacaville, CA, 95687",+1 707-451-0622,https://www.kohls.com/stores/ca/vacaville-757.shtml,38.3754396,-121.946873,,,w_253078348,"shop=department_store, brand=Kohl's"
"Madison, CA",,retail,445110,Safeway,"1235 Stratford Avenue, Dixon, CA, 95620",+1 707-678-7400,https://local.safeway.com/safeway/ca/dixon/1235-stratford-ave.html,38.4569579,-121.8389756,,,w_253702561,"shop=supermarket, brand=Safeway"
"Madison, CA",,retail,445110,Safeway,"2121 Cowell Boulevard, Davis, CA, 96516",+1 530-792-8500,https://local.safeway.com/safeway/ca/davis/2121-cowell-blvd.html,38.5411947,-121.7252508,,,w_253731115,"shop=supermarket, brand=Safeway, operator=Safeway"
"Madison, CA",,retail,446110,Rite Aid,"2135 Cowell Boulevard, Davis, CA, 96516",+1-530-753-9810,https://www.riteaid.com/locations/ca/davis/2135-cowell-boulevard.html,38.5417114,-121.7252912,,,w_253731116,"shop=chemist, brand=Rite Aid, operator=Rite Aid"
"Madison, CA",,retail,445110,Safeway,"1451 West Covell Boulevard, Davis, CA, 95616",+1 530-757-4540,https://local.safeway.com/safeway/ca/davis/1451-w-covell-blvd.html,38.5620438,-121.7664935,,,w_253731412,"shop=supermarket, brand=Safeway"
"Madison, CA",,retail,446110,CVS Pharmacy,,,https://www.cvs.com/store-locator/davis-ca-pharmacies/1471-w-covell-blvd-davis-ca-95616/storeid=9282,38.5615158,-121.7664762,,,w_253731413,"shop=chemist, brand=CVS Pharmacy"
"Madison, CA",,retail,445310,French's Liquor,,,,38.6621619,-121.7653043,,,w_268122713,shop=alcohol
"Madison, CA",,retail,445110,Nugget Market,"157 Main Street, Woodland, CA, 95695",,,38.6780364,-121.7808674,,,w_270510695,shop=supermarket
"Madison, CA",,retail,446110,Walgreens,,,,38.3349001,-121.9692621,,,w_286953514,"shop=chemist, brand=Walgreens"
"Madison, CA",,retail,452210,TJ Maxx,,,,38.5555041,-121.6973483,,,w_390499345,"shop=department_store, brand=TJ Maxx"
"Madison, CA",,retail,445120,,CA,,,38.881939,-121.9703892,,,w_399770318,shop=convenience
"Madison, CA",,retail,445120,Chevron,"4040 Road 89, CA",,,38.8809564,-121.9711729,,,w_399770323,"shop=convenience, brand=Chevron"
"Madison, CA",,retail,445310,,,,,38.3610039,-121.9751663,,,w_402283314,shop=alcohol
"Madison, CA",,retail,446110,CVS Pharmacy,,,https://www.cvs.com/store-locator/vacaville-ca-pharmacies/191-depot-st-vacaville-ca-95688/storeid=9819,38.3583868,-121.9807134,,,w_402288622,"shop=chemist, brand=CVS Pharmacy"
"Madison, CA",,retail,445310,Vacaville Food & Liquor,"300 Parker Street, Vacaville, CA, 95688",,,38.3564004,-121.9901196,,,w_407110604,shop=alcohol
"Madison, CA",,retail,453110,Rose Florist & Gift Shop,"218 Main Street, Vacaville, CA, 95688",,,38.3564229,-121.9903125,,,w_407110605,shop=florist
"Madison, CA",,retail,445110,Lucky,"1979 Peabody Road, CA",+1-707-452-0991,https://www.luckysupermarkets.com/stores#/5092,38.3363841,-121.9686028,,,w_468499167,"shop=supermarket, brand=Lucky"
"Madison, CA",,retail,445310,Total Wine,"1680 East Monte Vista Avenue, Vacaville, CA, 95688",+1 707-474-4644,https://www.totalwine.com/store-info/california-vacaville/1142,38.3697803,-121.9589065,,,w_468838967,"shop=alcohol, brand=Total Wine"
"Madison, CA",,retail,445120,7-Eleven,"189 South Orchard Avenue, Vacaville, CA, 95688-3635",+1 707-447-0711,https://www.7-eleven.com/locations/ca/vacaville/189-s-orchard-ave-23433,38.3586802,-122.0043043,,,w_470508638,"shop=convenience, brand=7-Eleven"
"Madison, CA",,retail,445110,Maya Supermarket,"120 South Orchard Avenue, Vacaville, CA, 95688",,,38.3575701,-122.0054503,,,w_470508640,shop=supermarket
"Madison, CA",,retail,452319,Dollar General,"176 East Grant Avenue, Winters, CA, 95694",,https://www.dollargeneral.com/store-directory/ca/winters/14552,38.5263093,-121.9656621,,,w_554616359,"shop=variety_store, brand=Dollar General"
"Madison, CA",,retail,445120,7-Eleven,"901 Mason Street, Vacaville, CA, 95688",+1 707-449-9473,https://www.7-eleven.com/locations/ca/vacaville/901-mason-st-39555,38.3556107,-121.9809044,,,w_611842371,"shop=convenience, brand=7-Eleven"
"Madison, CA",,retail,445110,WinCo Foods,"855 Davis Street, Vacaville, CA, 95688",,,38.3466011,-121.9841677,,,w_614132985,"shop=supermarket, brand=WinCo Foods"
"Madison, CA",,retail,452319,Dollar Tree,"230 Peabody Road, Vacaville, CA, 95687",7073054296,https://www.dollartree.com/locations/ca/vacaville/1235/,38.3493681,-121.9766452,,,w_614140915,"shop=variety_store, brand=Dollar Tree"
"Madison, CA",,retail,446120,De Allore Hair and Nail Studio,"217 Parker Street, Vacaville, CA, 95688",,,38.3572777,-121.9897191,,,w_672821332,shop=beauty
"Madison, CA",,retail,453110,Stems Florist,"637 Merchant Street, Vacaville, CA, 95688",,,38.3514052,-121.9926171,,,w_686401379,shop=florist
"Madison, CA",,retail,453991,Cigarettes & More,"641 Merchant Street, Vacaville, CA, 95688",,,38.3513225,-121.99263,,,w_686401380,shop=tobacco
"Madison, CA",,retail,445120,Alamo Gas Food & Car Wash,"970 Alamo Drive, Vacaville, CA, 95687",,,38.34303,-121.9960332,,,w_687268137,shop=convenience
"Madison, CA",,retail,445110,County Square Market,"136 Peabody Road, Vacaville, CA, 95687",707-455-1786,https://countysquaremarket.com/,38.3525623,-121.9774245,,,w_687996492,shop=supermarket
"Madison, CA",,retail,445310,,,,,38.3525179,-121.9792221,,,w_687996497,shop=alcohol
"Madison, CA",,retail,445110,La Placita,"111 Brown Street, Vacaville, CA, 95688",,,38.3605429,-121.9778663,,,w_688086595,shop=supermarket
"Madison, CA",,retail,445110,Lucky,"777 East Monte Vista Avenue, Vacaville, CA, 95688",,,38.3601823,-121.9829075,,,w_688784406,"shop=supermarket, brand=Lucky"
"Madison, CA",,retail,446120,Pro Nails,"761 East Monte Vista Avenue, Vacaville, CA, 95688",,,38.3598681,-121.9837434,,,w_688784415,shop=beauty
"Madison, CA",,retail,453991,Tobaccoville,"755 East Monte Vista Avenue, Vacaville, CA, 95688",,,38.359706,-121.9837479,,,w_688784418,shop=tobacco
"Madison, CA",,retail,445110,Nugget Markets,"130 Browns Valley Parkway, Vacaville, CA, 95688",,,38.3646849,-121.9695145,,,w_689555562,shop=supermarket
"Madison, CA",,retail,445310,Parkway Food & Liquor,"146 Browns Valley Parkway, Vacaville, CA, 95688",,,38.3657494,-121.9693767,,,w_689555569,shop=alcohol
"Madison, CA",,retail,446120,Hawaii Nails & Spa,"148 Browns Valley Parkway, Vacaville, CA, 95688",,,38.3658402,-121.9692975,,,w_689555570,shop=beauty
"Madison, CA",,retail,446120,Happy Nails & Spa,"210 Peabody Road, Vacaville, CA, 95687",+1 707-451-1144,https://happynailsvacaville.com/,38.3501155,-121.9766311,,,w_692824874,shop=beauty
"Madison, CA",,retail,445120,City Gas & Food Mart,"401 Merchant Street, Vacaville, CA, 95688",,,38.3547333,-121.9899595,,,w_693203168,shop=convenience
"Madison, CA",,retail,446120,Mirage Salon & Spa,"536 Main Street, Vacaville, CA, 95688",,,38.3564265,-121.9870536,,,w_693733300,shop=beauty
"Madison, CA",,retail,446120,Northern California Facial & Oral Surgery,"301 Alamo Drive, Vacaville, CA, 95688",,,38.3550831,-122.0087772,,,w_693852054,shop=beauty
"Madison, CA",,retail,453110,Pearson's Florist,"390 East Monte Vista Avenue, Vacaville, CA, 95688",,,38.3588546,-121.9889977,,,w_694008077,shop=florist
"Madison, CA",,retail,445120,Monte Vista Food & Liquor,"390 East Monte Vista Avenue, Vacaville, CA, 95688",,,38.3588557,-121.9891475,,,w_694008078,shop=convenience
"Madison, CA",,retail,446120,Perfect Eyebrows,"125 Peabody Road, Vacaville, CA, 95687",,,38.3523916,-121.9748813,,,w_698165645,shop=beauty
"Madison, CA",,retail,445110,Desi Outlet,"127 Peabody Road, Vacaville, CA, 95687",,,38.3523337,-121.9748823,,,w_698165646,shop=supermarket
"Madison, CA",,retail,446120,Lavender Nails & Spa,"139 Peabody Road, Vacaville, CA, 95687",,,38.35199,-121.9748882,,,w_698165653,shop=beauty
"Madison, CA",,retail,453991,Smoke Division,"153 Peabody Road, Vacaville, CA, 95687",,,38.3516653,-121.975786,,,w_698165661,shop=tobacco
"Madison, CA",,retail,445120,7-Eleven,"167 Peabody Road, Vacaville, CA, 95687",+1 707-448-1143,https://www.7-eleven.com/locations/ca/vacaville/167-peabody-rd-16055,38.3513285,-121.9756682,,,w_698165662,"shop=convenience, brand=7-Eleven"
"Madison, CA",,retail,445120,Shell Select,"177 Peabody Road, Vacaville, CA, 95687",,,38.3508115,-121.9758053,,,w_698165668,"shop=convenience, brand=Shell Select"
"Madison, CA",,retail,445310,B2B Wine & Spirits,"808 Alamo Drive, Vacaville, CA, 95688",,,38.3487693,-122.0000458,,,w_702325638,shop=alcohol
"Madison, CA",,retail,446120,Natural Tans,"858 Alamo Drive, Vacaville, CA, 95688",,,38.3475263,-122.0004489,,,w_702325649,shop=beauty
"Madison, CA",,retail,446120,Orchids Nails,"892 Alamo Drive, Vacaville, CA, 95688",,,38.3473167,-121.9986404,,,w_702325666,shop=beauty
"Madison, CA",,retail,445120,ExtraMile,"970 Merchant Street, Vacaville, CA, 95688",,,38.3474469,-121.9983798,,,w_702325667,"shop=convenience, brand=ExtraMile"
"Madison, CA",,retail,446120,Pure Nails,"921 Merchant Street, Vacaville, CA, 95688",,,38.3479276,-121.9965372,,,w_702359018,shop=beauty
"Madison, CA",,retail,452210,Big Lots,"818 Alamo Drive, Vacaville, CA, 95688",+1 707-469-9330,https://local.biglots.com/ca/vacaville/818-alamo-dr,38.3484805,-122.0002495,,,w_702607662,"shop=department_store, brand=Big Lots"
"Madison, CA",,retail,445120,ExtraMile,"182 Nut Tree Parkway, Vacaville, CA, 95687",,,38.36294,-121.9656701,,,w_704236459,"shop=convenience, brand=ExtraMile"
"Madison, CA",,retail,446120,Cali Nails Spa,"196 Nut Tree Parkway, Vacaville, CA, 95687",,,38.3621332,-121.9669068,,,w_704236464,shop=beauty
"Madison, CA",,retail,446120,Studio 13,"350 Main Street, Vacaville, CA, 95688",,,38.3563824,-121.9889189,,,w_706231388,shop=beauty
"Madison, CA",,retail,445120,Food Mart,"6854 Sievers Road, Dixon, CA, 95620",,,38.4896737,-121.804204,,,w_712928356,shop=convenience
"Madison, CA",,retail,445120,76,"8665 Pedrick Road, Dixon, CA, 95620",,,38.4910037,-121.8043248,,,w_712928357,"shop=convenience, brand=76"
"Madison, CA",,retail,446120,Gaia Nails,"1610 East Monte Vista Avenue, Vacaville, CA, 95688",,,38.366463,-121.9633731,,,w_732019987,shop=beauty
"Madison, CA",,retail,446120,European Wax Center,"1630 East Monte Vista Avenue, Vacaville, CA, 95688",,https://locations.waxcenter.com/ca/vacaville/vacaville-0425.html,38.3674037,-121.9619742,,,w_732020005,"shop=beauty, brand=European Wax Center"
"Madison, CA",,retail,445310,BevMo!,"1621 East Monte Vista Avenue, Vacaville, CA, 95688",,,38.368378,-121.9642237,,,w_736467300,"shop=alcohol, brand=BevMo!"
"Madison, CA",,retail,446120,Top Coat Nail Salon & Spa,"1631 East Monte Vista Avenue, Vacaville, CA, 95688",,,38.3681021,-121.9635345,,,w_736467303,shop=beauty
"Madison, CA",,retail,446191,Vitality Bowls,"1631 East Monte Vista Avenue, Vacaville, CA, 95688",,,38.3680248,-121.9634181,,,w_736467305,shop=health_food
"Madison, CA",,retail,445292,See's Candies,"1631 East Monte Vista Avenue, Vacaville, CA, 95688",,,38.3679964,-121.9632978,,,w_736467306,"shop=confectionery, brand=See's Candies"
"Madison, CA",,retail,446120,Angel Nail & Spa,"1615 East Monte Vista Avenue, Vacaville, CA, 95688",,,38.3670147,-121.9639222,,,w_736467313,shop=beauty
"Madison, CA",,retail,446120,Ulta Beauty,"1641 East Monte Vista Avenue, Vacaville, CA, 95688",+1 707-455-8369,https://www.ulta.com/stores/vacaville-ca-545,38.3694591,-121.9626877,,,w_736793615,"shop=beauty, brand=Ulta Beauty"
"Madison, CA",,retail,446120,Eyebrow Art,"1639 East Monte Vista Avenue, Vacaville, CA, 95688",,,38.3682683,-121.9629987,,,w_736949423,shop=beauty
"Madison, CA",,retail,445292,Jelly Belly,"1663 East Monte Vista Avenue, Vacaville, CA, 95688",,,38.3703143,-121.9616247,,,w_741343188,shop=confectionery
"Madison, CA",,retail,446191,True Roots Juice & Eats,"374 Merchant Street, Vacaville, CA, 95688",,,38.3553629,-121.9897801,,,w_743195271,shop=health_food
"Madison, CA",,retail,446120,Merle Norman,"368 Merchant Street, Vacaville, CA, 95688",,,38.3555001,-121.9896097,,,w_743195273,"shop=cosmetics, brand=Merle Norman Cosmetics"
"Madison, CA",,retail,445120,Chevron,,,,38.39506,-121.9519691,,,w_779691258,"shop=convenience, brand=Chevron"
"Madison, CA",,retail,445120,ampm,,,,38.4462854,-121.8540157,,,w_781357253,"shop=convenience, brand=ampm"
"Madison, CA",,retail,445120,,,,,38.44631,-121.8557809,,,w_781357255,shop=convenience
"Madison, CA",,retail,445120,Chevron,,,,38.468622,-121.8231598,,,w_781425139,"shop=convenience, brand=Chevron"
"Madison, CA",,retail,445120,7-Eleven,"1075 North First Street, Dixon, CA, 95620-2428",+1 707-678-9187,https://www.7-eleven.com/locations/ca/dixon/1075-north-first-st-23584,38.455864,-121.8231267,,,w_781433858,"shop=convenience, brand=7-Eleven"
"Madison, CA",,retail,445120,,,,,38.4564325,-121.8228804,,,w_781433860,shop=convenience
"Madison, CA",,retail,445120,ampm,"16435 County Road 99, Woodland, CA, 95695",,,38.6999828,-121.7832874,,,w_930864736,"shop=convenience, brand=ampm"
"Madison, CA",,retail,445210,"Carniceria La Reyna, Inc.","889 Markham Avenue, Vacaville, CA, 95688",,,38.3596196,-121.9812776,,,w_960910063,shop=butcher
"Madison, CA",,retail,445310,Depot Food & Liquor,"891 Markham Avenue, Vacaville, CA, 95688",,,38.3594587,-121.9813197,,,w_960910064,shop=alcohol
"Madison, CA",,retail,445120,Farm Fork Sky Express,,,,38.6956819,-121.5915959,,,w_1120649603,"shop=convenience, operator=Paradies"
"Madison, CA",,retail,445120,Farm Fork Sky Market,,,,38.6922346,-121.5916622,,,w_1120667954,shop=convenience
"Madison, CA",,retail,452210,Target,"2185 Bronze Star Drive, Woodland, CA, 95776",+1 530-665-4148,https://www.target.com/sl/woodland/2408,38.6726946,-121.724703,,,w_1309901037,"shop=department_store, brand=Target"
