Location,Search Keyword,Segment,NAICS Code,Business Name,Address,Phone Number,Website,Latitude,Longitude,Rating,User Ratings,Place ID,Types
"Isleton, CA",,retail,445110,Trader Joe's,"6535 Pacific Avenue, Stockton, CA, 95207",+1 209-951-7597,https://locations.traderjoes.com/ca/stockton/76/,38.0091681,-121.3226915,,,n_502635393,"shop=supermarket, brand=Trader Joe's"
"Isleton, CA",,retail,445110,Podesto's,,,,38.0114821,-121.3216023,,,n_502635397,shop=supermarket
"Isleton, CA",,retail,445110,S-MART Foods,,,,38.1140855,-121.2811715,,,n_660946004,shop=supermarket
"Isleton, CA",,retail,445110,Food 4 Less,,,,38.1140053,-121.305743,,,n_660946005,"shop=supermarket, brand=Food 4 Less"
"Isleton, CA",,retail,445120,Snug Harbor Bait & Groceries,,,,38.1993289,-121.6134957,,,n_761305299,shop=convenience
"Isleton, CA",,retail,445110,Bel Air Supermarket,"7465 Rush River Drive, Sacramento, CA, 95831",,,38.4866182,-121.5351981,,,n_761843487,shop=supermarket
"Isleton, CA",,retail,445110,Nugget Markets,"1040 Florin Road, Sacramento, CA, 95831",916-395-2875,https://www.nuggetmarket.com/locations/florin-sacramento/,38.4946211,-121.5211208,,,n_761845564,shop=supermarket
"Isleton, CA",,retail,446110,Rite Aid,,,,38.4936932,-121.522638,,,n_761845565,"shop=chemist, amenity=pharmacy, brand=Rite Aid"
"Isleton, CA",,retail,452210,Ross,"5412 Ygnacio Valley Road, Concord, CA, 94521",+1 925-524-0276,,37.9489185,-121.9587844,,,n_1492592014,"shop=department_store, brand=Ross"
"Isleton, CA",,retail,445120,Village Market,,,,37.9408329,-121.9347295,,,n_1608420289,shop=convenience
"Isleton, CA",,retail,452210,JCPenney,,,,37.9658084,-121.733731,,,n_1669925513,"shop=department_store, brand=JCPenney"
"Isleton, CA",,retail,445110,Food 4 Less,"4551 Mack Road, Sacramento, CA, 95823",,,38.4755431,-121.4492316,,,n_1712260517,"shop=supermarket, brand=Food 4 Less"
"Isleton, CA",,retail,445110,Nugget Markets,"7101 Elk Grove Boulevard, Elk Grove, CA, 95758",916-226-2626,https://www.nuggetmarket.com/locations/elk-grove/,38.4100083,-121.4200614,,,n_1776777196,shop=supermarket
"Isleton, CA",,retail,452210,Kohl's,"9650 Bruceville Road, Elk Grove, CA, 95757",+1 916-714-6471,https://www.kohls.com/stores/ca/elkgrove-695.shtml,38.4074279,-121.4199611,,,n_1776792738,"shop=department_store, brand=Kohl's"
"Isleton, CA",,retail,445110,Trader Joe's,"9670 Bruceville Road, Elk Grove, CA, 95757",+1 916-686-9980,https://locations.traderjoes.com/ca/elk-grove/190/,38.4065756,-121.4202938,,,n_1776990072,"shop=supermarket, brand=Trader Joe's"
"Isleton, CA",,retail,445110,Save Mart,,,,38.4252352,-121.413422,,,n_1777080652,"shop=supermarket, brand=Save Mart"
"Isleton, CA",,retail,445110,Sprouts Farmers Market,"8211 Laguna Boulevard, Elk Grove, CA, 95758",+1 916-478-9595,https://www.sprouts.com/store/ca/elk-grove/laguna-blvd/,38.4235558,-121.4061363,,,n_1777087009,"shop=supermarket, brand=Sprouts Farmers Market"
"Isleton, CA",,retail,452210,TJ Maxx,,,,38.424106,-121.4019572,,,n_1840685390,"shop=department_store, brand=TJ Maxx"
"Isleton, CA",,retail,445310,BevMo!,,,,38.4236952,-121.4022657,,,n_1840685754,"shop=alcohol, brand=BevMo!"
"Isleton, CA",,retail,445110,Walgreens,,,,37.9523055,-121.954894,,,n_1920275837,shop=supermarket
"Isleton, CA",,retail,445110,Lucky,,,,37.9538917,-121.9657488,,,n_1920278633,"shop=supermarket, brand=Lucky"
"Isleton, CA",,retail,445110,FoodMaxx,,,,37.9639857,-121.9874844,,,n_1920361993,"shop=supermarket, brand=FoodMaxx"
"Isleton, CA",,retail,445120,7-Eleven,,,https://www.7-eleven.com/locations/ca/concord/4101-concord-blvd-32604,37.9782517,-121.9939529,,,n_1920761599,"shop=convenience, brand=7-Eleven"
"Isleton, CA",,retail,445110,Lira's Supermarket,,,,38.1601325,-121.6946965,,,n_1974530827,shop=supermarket
"Isleton, CA",,retail,452210,Burlington,"5601 Florin Road, Sacramento, CA, 95823-2204",+1 916-399-5726,https://stores.burlington.com/ca/sacramento/370,38.4974034,-121.43971,,,n_2047680022,"shop=department_store, brand=Burlington"
"Isleton, CA",,retail,445110,Bel Air,,,,38.4965543,-121.509933,,,n_2085502813,"shop=supermarket, brand=Bel Air"
"Isleton, CA",,retail,445120,ampm,"1391 Florin Road, Sacramento, CA, 95822",,,38.4960765,-121.5036694,,,n_2092439950,"shop=convenience, brand=ampm"
"Isleton, CA",,retail,445110,SF Supermarket,,,,38.4724152,-121.44876,,,n_2103501933,"shop=supermarket, brand=SF Supermarket"
"Isleton, CA",,retail,445110,99 Ranch Market,,+1 916-429-8899,,38.49457,-121.4570444,,,n_2143340383,"shop=supermarket, brand=99 Ranch Market"
"Isleton, CA",,retail,452319,Dollar Tree,,,,38.3434826,-121.9937642,,,n_2401059911,"shop=variety_store, brand=Dollar Tree"
"Isleton, CA",,retail,445120,Three Palms Grocery,,,,38.0054202,-121.2182039,,,n_2422016317,shop=convenience
"Isleton, CA",,retail,445110,FoodMaxx,"4500 Lone Tree Way, Antioch, 94531",+1 9257560150,,37.9652976,-121.781917,,,n_2503295303,"shop=supermarket, brand=FoodMaxx"
"Isleton, CA",,retail,452210,Target,"3000 Harbison Drive, Vacaville, CA, 95687-3909",+1 707-452-8053,https://www.target.com/sl/vacaville/827,38.3610366,-121.9613315,,,n_2590491557,"shop=department_store, brand=Target"
"Isleton, CA",,retail,452210,Burlington,"2021 Harbison Drive, Vacaville, CA, 95687",+1 707-451-7866,https://stores.burlington.com/ca/vacaville/758/,38.360385,-121.964131,,,n_2590493283,"shop=department_store, brand=Burlington"
"Isleton, CA",,retail,452210,Ross,"2071 Harbison Drive, Vacaville, CA, 95687",+1 707-446-9856,,38.3604083,-121.9662639,,,n_2590493942,"shop=department_store, brand=Ross"
"Isleton, CA",,retail,445110,Grocery Outlet,,,,38.3676348,-121.9592533,,,n_2590547087,"shop=supermarket, brand=Grocery Outlet"
"Isleton, CA",,retail,445110,Grocery Outlet,"8517 Bond Road, Elk Grove, CA, 95624",+1-916-714-6088,,38.4254082,-121.3876382,,,n_2591789125,"shop=supermarket, brand=Grocery Outlet"
"Isleton, CA",,retail,452210,Burlington,"9175 East Stockton Boulevard, Elk Grove, CA, 95624",+1 916-687-6192,https://stores.burlington.com/ca/elk-grove/760,38.4265041,-121.390931,,,n_2591804832,"shop=department_store, brand=Burlington"
"Isleton, CA",,retail,452210,Ross,"9135 East Stockton Boulevard, Elk Grove, CA, 95624",+1 916-685-3327,,38.4267428,-121.3945605,,,n_2591807840,"shop=department_store, brand=Ross"
"Isleton, CA",,retail,445110,FoodMaxx,,,,38.4948653,-121.46112,,,n_2617825633,"shop=supermarket, brand=FoodMaxx"
"Isleton, CA",,retail,445120,The Grove,,,,37.9804535,-121.311083,,,n_2636064408,shop=convenience
"Isleton, CA",,retail,445110,Sakura Japanese Groceries & Gifts,"4343 Pacific Avenue, Stockton, 95207",(209) 477 3939,,37.9870345,-121.311504,,,n_2674335031,shop=supermarket
"Isleton, CA",,retail,452210,Dillard's,,+1 209-477-1230,https://www.dillards.com/stores/california/weberstown-mall-stockton/0960,37.9935109,-121.3114094,,,n_2675775140,"shop=department_store, brand=Dillard's"
"Isleton, CA",,retail,445120,Chevron,,,,37.9610631,-121.746817,,,n_2683062657,"shop=convenience, amenity=fuel, brand=Chevron"
"Isleton, CA",,retail,446120,KJ Nails and Spa,,,,37.987591,-121.311635,,,n_2684512520,shop=beauty
"Isleton, CA",,retail,452210,Macy's,,,https://www.macys.com/stores/ca/stockton/sherwood-place_338.html,37.9979499,-121.3133727,,,n_2686083700,"shop=department_store, brand=Macy's"
"Isleton, CA",,retail,446120,Ulta Beauty,"5410 Pacific Avenue, Stockton, CA, 95207",+1 209-235-1209,https://www.ulta.com/stores/stockton-ca-314,38.0000786,-121.3145646,,,n_2690341499,"shop=beauty, brand=Ulta Beauty"
"Isleton, CA",,retail,452210,Sears,,,,37.995853,-121.3124635,,,n_2690341506,"shop=department_store, brand=Sears"
"Isleton, CA",,retail,452210,JCPenney,,,,37.9949792,-121.310403,,,n_2697114401,"shop=department_store, brand=JCPenney"
"Isleton, CA",,retail,452319,Dollar Tree,,,https://www.dollartree.com/locations/ca/stockton/1263/,37.9869454,-121.3225685,,,n_2711826822,"shop=variety_store, brand=Dollar Tree"
"Isleton, CA",,retail,446120,USA Nails,,,,37.989284,-121.3223764,,,n_2711826832,shop=beauty
"Isleton, CA",,retail,445110,New Cambodian Market Asian Grocery,,,,37.9899373,-121.3228924,,,n_2711826834,shop=supermarket
"Isleton, CA",,retail,445310,Shop N Go Liquor,,,,37.9897239,-121.3229811,,,n_2711826838,shop=alcohol
"Isleton, CA",,retail,452319,99 Cents Only Stores,,,https://locations.99only.com/ca/stockton/discount-store-264.html,37.9896282,-121.323301,,,n_2711826840,"shop=variety_store, brand=99 Cents Only Stores"
"Isleton, CA",,retail,446120,Coop Discount Beauty Suppyl,,,,37.9906192,-121.3214595,,,n_2711826854,shop=beauty
"Isleton, CA",,retail,446120,Sir Gauun's,,,,37.9906424,-121.3213871,,,n_2711826855,shop=beauty
"Isleton, CA",,retail,446120,Exclusive Beauty Salon,,,,37.987473,-121.3120857,,,n_2711826891,shop=beauty
"Isleton, CA",,retail,446120,Curves,,,,37.987001,-121.311624,,,n_2711826906,"shop=beauty, brand=Curves"
"Isleton, CA",,retail,446120,Pincurls,,,,37.9869188,-121.3119945,,,n_2711826908,shop=beauty
"Isleton, CA",,retail,445110,Arteaga's,,,,37.9325555,-121.2838261,,,n_2961958294,shop=supermarket
"Isleton, CA",,retail,445120,Elsumeri Market,,,,37.9491296,-121.2723074,,,n_2961960788,shop=convenience
"Isleton, CA",,retail,445110,Dollar General Market,"Stockton, CA",+1 209-684-0361,https://www.dollargeneral.com/store-directory/ca/stockton/13632,37.9803567,-121.2577097,,,n_2962107269,"shop=supermarket, brand=Dollar General"
"Isleton, CA",,retail,445110,La Superior,,,,37.972345,-121.2678189,,,n_2962113719,shop=supermarket
"Isleton, CA",,retail,452319,The Zin Barrell,,,,38.1155893,-121.1741645,,,n_2983918694,shop=variety_store
"Isleton, CA",,retail,445110,The Farm Bowl,,,,38.0202712,-121.2035253,,,n_2983921261,shop=supermarket
"Isleton, CA",,retail,452319,Family Dollar,,,,37.9663994,-121.3021899,,,n_2983924051,"shop=variety_store, brand=Family Dollar"
"Isleton, CA",,retail,445120,Danny's Market,"701 Airport Way, 95205",(209) 460-1830,,37.9624446,-121.2764803,,,n_2983926842,shop=convenience
"Isleton, CA",,retail,445120,Madison Market,,,,37.9599251,-121.2955187,,,n_2983940102,shop=convenience
"Isleton, CA",,retail,445310,Green Frog Liquor & Deli,,,,37.9564077,-121.3001341,,,n_2983971676,shop=alcohol
"Isleton, CA",,retail,445120,Parkside Market,"202 Davi Avenue, Pittsburg",,,38.021443,-121.892495,,,n_3458085812,shop=convenience
"Isleton, CA",,retail,446120,Perfumania,"321 Nut Tree Road, Vacaville, 95687",,,38.3660673,-121.9570409,,,n_3458211395,"shop=perfumery, brand=Perfumania"
"Isleton, CA",,retail,445110,Grocery Outlet,,,,37.9669929,-121.2735073,,,n_3748097156,"shop=supermarket, brand=Grocery Outlet"
"Isleton, CA",,retail,446110,Rite Aid,,,https://www.riteaid.com/locations/ca/stockton/1050-north-wilson-way.html,37.9669032,-121.2740765,,,n_3748097976,"shop=chemist, brand=Rite Aid"
"Isleton, CA",,retail,452319,,,,,37.9715348,-121.269595,,,n_3748097980,shop=variety_store
"Isleton, CA",,retail,445310,Discount Liquor,,,,37.9705795,-121.277769,,,n_3748097995,shop=alcohol
"Isleton, CA",,retail,446120,,,,,38.2897418,-122.0323392,,,n_3748098517,shop=beauty
"Isleton, CA",,retail,446120,Top Nails,,,,37.9672696,-121.2943221,,,n_3862261006,shop=beauty
"Isleton, CA",,retail,453110,,,,,37.9670446,-121.2940586,,,n_3862262086,shop=florist
"Isleton, CA",,retail,445120,Gong's,,,,37.9674156,-121.2930431,,,n_3862262087,shop=convenience
"Isleton, CA",,retail,445110,Super King,"6045 North El Dorado Street, Stockton, CA, 95207",+1-209-474-6645,http://superkingfoods.com,38.0080914,-121.310022,,,n_3862262159,shop=supermarket
"Isleton, CA",,retail,445120,Save Market,,,,37.9388629,-121.2883198,,,n_3864110578,shop=convenience
"Isleton, CA",,retail,452319,Factory 2-U,,,,37.9545844,-121.2831037,,,n_3864110966,shop=variety_store
"Isleton, CA",,retail,445120,ampm,,,,37.9373844,-121.293139,,,n_3864112562,"shop=convenience, brand=ampm"
"Isleton, CA",,retail,445120,7-Eleven,"1097 East Monte Vista Avenue, Vacaville, CA, 95688",,https://www.7-eleven.com/locations/ca/vacaville/1097-e-monte-vista-ave-24248,38.3603497,-121.977732,,,n_4044814529,"shop=convenience, brand=7-Eleven"
"Isleton, CA",,retail,445120,Vaca Food & Liquor,"1193 East Monte Vista Avenue, Vacaville, CA, 95688",,,38.3610102,-121.975167,,,n_4047002168,shop=convenience
"Isleton, CA",,retail,445120,ampm,"1617 West Fremont Street, Stockton, CA, 95203",,,37.9547083,-121.313918,,,n_4047462989,"shop=convenience, brand=ampm"
"Isleton, CA",,retail,446110,CVS Pharmacy,"8351 Elk Grove Florin Road, Sacramento, CA, 95829",,https://www.cvs.com/store-locator/sacramento-ca-pharmacies/8351-elk-grove-florin-rd-sacramento-ca-95829/storeid=3066,38.4543612,-121.3701123,,,n_4054553083,"shop=chemist, brand=CVS Pharmacy"
"Isleton, CA",,retail,445120,Food Mart,,,,38.454932,-121.406453,,,n_4065517135,shop=convenience
"Isleton, CA",,retail,446120,Harbor Beauty Salon,,,,38.0178584,-121.8821883,,,n_4073863926,shop=beauty
"Isleton, CA",,retail,445310,,,,,38.0175763,-121.8823103,,,n_4073866089,shop=alcohol
"Isleton, CA",,retail,453110,Silveria's Flowers,,,,38.0104226,-121.323837,,,n_4093400976,shop=florist
"Isleton, CA",,retail,445310,MFL Liquors,,,,38.0109364,-121.2949161,,,n_4093400978,shop=alcohol
"Isleton, CA",,retail,445310,El Dorado Liquor,,,,37.9862699,-121.3013724,,,n_4093403613,shop=alcohol
"Isleton, CA",,retail,452319,Dollar General,,,https://www.dollargeneral.com/store-directory/ca/stockton/14130,37.9860857,-121.302138,,,n_4093403709,"shop=variety_store, brand=Dollar General"
"Isleton, CA",,retail,445120,7-Eleven,,,https://www.7-eleven.com/locations/ca/antioch/2700-hillcrest-ave-39488,37.9944165,-121.7852492,,,n_4131092799,"shop=convenience, brand=7-Eleven"
"Isleton, CA",,retail,445110,County Market,,,,37.9946448,-121.781537,,,n_4131092811,shop=supermarket
"Isleton, CA",,retail,445110,Trader Joe's,"1350 Gateway Boulevard, Fairfield, CA, 94533",+1 707-434-0144,https://locations.traderjoes.com/ca/fairfield/101/,38.2640861,-122.053199,,,n_4141972189,"shop=supermarket, brand=Trader Joe's"
"Isleton, CA",,retail,445110,Food 4 Less,,,,37.9120488,-121.2928851,,,n_4173374431,"shop=supermarket, brand=Food 4 Less"
"Isleton, CA",,retail,445110,Grocery Outlet,"6419 Riverside Boulevard, Sacramento, CA, 95831",,,38.5096119,-121.5412946,,,n_4344001952,"shop=supermarket, brand=Grocery Outlet"
"Isleton, CA",,retail,445120,Lupita's Market,"9746 Elk Grove Florin Road, Elk Grove, CA, 95624",,,38.4037982,-121.371972,,,n_4348199207,shop=convenience
"Isleton, CA",,retail,446120,Sandy's Nails,"9742 Elk Grove Florin Road, Elk Grove, CA, 95624",,,38.4039843,-121.3719369,,,n_4348199208,shop=beauty
"Isleton, CA",,retail,452210,Big Lots,"8539 Elk Grove Boulevard, Elk Grove, CA, 95624",+1 916-714-7236,https://local.biglots.com/ca/elk-grove/8539-elk-grove-blvd,38.4102344,-121.3869853,,,n_4349438474,"shop=department_store, brand=Big Lots"
"Isleton, CA",,retail,445120,Power Market,,,,38.0263416,-121.9580779,,,n_4555791430,shop=convenience
"Isleton, CA",,retail,445110,Mi Tierra,,,,38.026264,-121.9480092,,,n_4555819570,shop=supermarket
"Isleton, CA",,retail,445110,Safeway,"660 Bailey Road, Pittsburg, CA, 94565",+1 925-458-0181,https://local.safeway.com/safeway/ca/pittsburg/660-bailey-rd.html,38.0161167,-121.943476,,,n_4555862465,"shop=supermarket, brand=Safeway"
"Isleton, CA",,retail,452319,Dollar Tree,,,https://www.dollartree.com/locations/ca/pittsburg/4369/,38.0156718,-121.943397,,,n_4555862466,"shop=variety_store, brand=Dollar Tree"
"Isleton, CA",,retail,445110,La Chicana Market,,,,38.0264699,-121.933659,,,n_4556083432,shop=supermarket
"Isleton, CA",,retail,445310,Dave's Liquor,,,,38.0264028,-121.9327381,,,n_4556083434,shop=alcohol
"Isleton, CA",,retail,445120,Power Market,,,,38.0263713,-121.9275577,,,n_4556083435,shop=convenience
"Isleton, CA",,retail,445110,Bill Bly's Ranch Market,,,,38.0265163,-121.9438266,,,n_4556083443,shop=supermarket
"Isleton, CA",,retail,445110,Del Valle Produce,,,,38.0343242,-121.9614961,,,n_4556083446,shop=supermarket
"Isleton, CA",,retail,445120,Power Market,,,,38.0204953,-121.9424637,,,n_4557932441,shop=convenience
"Isleton, CA",,retail,446120,Central Valley Dermatology,"423 Lincoln Center, Stockton, CA, 95207",+1-209-477-7546,https://cvderm.com/,38.010834,-121.3233426,,,n_4564853616,shop=beauty
"Isleton, CA",,retail,445120,Alliance,,,,38.0264828,-121.94271,,,n_4574206604,shop=convenience
"Isleton, CA",,retail,446120,Bella Capelli Hair Salon,,7074551507,,38.3547124,-121.9914707,,,n_4581999079,shop=beauty
"Isleton, CA",,retail,446120,Atma Wholistic Day Spa,,,,38.3538264,-121.9913908,,,n_4581999081,shop=beauty
"Isleton, CA",,retail,445120,7-Eleven,"1450 Alamo Drive, Vacaville, CA, 95687-6537",+1 707-448-7711,https://www.7-eleven.com/locations/ca/vacaville/1450-alamo-dr-14155,38.3355513,-121.9859436,,,n_4582002103,"shop=convenience, brand=7-Eleven"
"Isleton, CA",,retail,445110,Raley's,"3061 Alamo Drive, Vacaville, 95687",,,38.3366712,-121.954517,,,n_4582002104,"shop=supermarket, brand=Raley's"
"Isleton, CA",,retail,445120,7-Eleven,"7647 Pacific Avenue, Stockton, CA, 95207",+1 209-476-8669,https://www.7-eleven.com/locations/ca/stockton/7647-pacific-ave-34451,38.0191104,-121.3242739,,,n_4611578313,"shop=convenience, brand=7-Eleven"
"Isleton, CA",,retail,452319,Dollar Tree,,,https://www.dollartree.com/locations/ca/stockton/3771/,38.017936,-121.3205934,,,n_4611578317,"shop=variety_store, brand=Dollar Tree"
"Isleton, CA",,retail,445110,Save Mart,,,,38.0178015,-121.321243,,,n_4611578318,"shop=supermarket, brand=Save Mart"
"Isleton, CA",,retail,445110,Smart & Final Extra!,"744 West Hammer Lane, Stockton, CA, 95210",,,38.0198085,-121.322596,,,n_4611578321,"shop=supermarket, brand=Smart & Final"
"Isleton, CA",,retail,452210,TJ Maxx,,,,38.0197459,-121.3221384,,,n_4611578323,"shop=department_store, brand=TJ Maxx"
"Isleton, CA",,retail,445110,Lucky,"3190 Contra Loma Boulevard, Antioch, CA, 94509",,https://luckysupermarkets.com/stores/212,37.9906166,-121.82394,,,n_4655661873,"shop=supermarket, brand=Lucky"
"Isleton, CA",,retail,445120,Quick Stop,"Lone Tree Way, Antioch, CA, 94509",,,37.9955017,-121.8076235,,,n_4655661874,shop=convenience
"Isleton, CA",,retail,452210,JCPenney,"Solano Mall, Fairfield, CA, 94533",,,38.2603424,-122.051404,,,n_4747926439,"shop=department_store, brand=JCPenney"
"Isleton, CA",,retail,452210,Sears,"Solano Mall, Fairfield, CA, 94533",,,38.2596547,-122.0528598,,,n_4747933229,"shop=department_store, brand=Sears"
"Isleton, CA",,retail,445110,Bel Air,"5100 Laguna Boulevard, Elk Grove, CA, 95758",+1 916-684-7000,https://www.raleys.com/store/516,38.4220022,-121.4454761,,,n_4805067272,"shop=supermarket, brand=Bel Air"
"Isleton, CA",,retail,445110,Save Mart,,,,38.4807614,-121.410185,,,n_5311527030,"shop=supermarket, brand=Save Mart"
"Isleton, CA",,retail,445110,Save Mart,,,,38.4248364,-121.373098,,,n_5312287350,"shop=supermarket, brand=Save Mart"
"Isleton, CA",,retail,445110,Walmart Supercenter,"10470 Twin Cities Road, Galt, CA, 95632",+1 209-744-1938,https://www.walmart.com/store/5231-galt-ca,38.289653,-121.304762,,,n_5315597756,"shop=supermarket, brand=Walmart, operator=Walmart"
"Isleton, CA",,retail,445110,Walmart Neighborhood Market,"2050 Nut Tree Road, Vacaville, CA, 95687",+1 707-359-3258,https://www.walmart.com/store/5007-vacaville-ca,38.350599,-121.951128,,,n_5315597931,"shop=supermarket, brand=Walmart, operator=Walmart"
"Isleton, CA",,retail,446120,Nail Spa,,,,38.4952274,-121.4518997,,,n_5820621154,shop=beauty
"Isleton, CA",,retail,445120,ExtraMile,,,,38.4737114,-121.418026,,,n_5821222447,"shop=convenience, brand=ExtraMile, operator=Chevron"
"Isleton, CA",,retail,445120,Loop,,,,38.4804506,-121.5078253,,,n_5833583540,shop=convenience
"Isleton, CA",,retail,445120,Food Stop,,,,38.4811183,-121.5009882,,,n_5833614923,shop=convenience
"Isleton, CA",,retail,453991,Tobacco and More,"2400 Florin Road, Sacramento, CA, 95822",,,38.4953697,-121.4824396,,,n_5833870416,shop=tobacco
"Isleton, CA",,retail,445120,,,,,38.4458633,-121.8266784,,,n_5904459569,shop=convenience
"Isleton, CA",,retail,452210,Ross,"8184 Delta Shores Circle South, Sacramento, CA, 95832",+1 916-665-1000,,38.4629881,-121.4942442,,,n_6182196270,"shop=department_store, brand=Ross"
"Isleton, CA",,retail,445310,Lakeside Liquor,"2233 Grand Canal Boulevard, Stockton, CA, 95207",,,37.9847443,-121.3345344,,,n_6215275789,shop=alcohol
"Isleton, CA",,retail,446120,Rose Nails,"2233 Grand Canal Boulevard, Stockton, CA, 95207",,,37.9851137,-121.3334019,,,n_6215275795,shop=beauty
"Isleton, CA",,retail,453991,VaporWorkz,"2233 Grand Canal Boulevard, Stockton, CA, 95207",,,37.9846549,-121.3344484,,,n_6235134553,shop=tobacco
"Isleton, CA",,retail,446120,Sand Dollar Organic Day Spa,"2324 Grand Canal Boulevard, Stockton, CA, 95207",,,37.9837554,-121.3358335,,,n_6236225681,shop=beauty
"Isleton, CA",,retail,446120,Artistry Nails,"2222 Grand Canal Boulevard, Stockton, CA, 95207",+1-209-323-5862,https://www.artistrynails.net/,37.9843952,-121.3332977,,,n_6236321624,shop=beauty
"Isleton, CA",,retail,446120,Thyme Out Day Spa,"2222 Grand Canal Boulevard, Stockton, CA, 95207",,,37.9844336,-121.3332478,,,n_6236321625,shop=beauty
"Isleton, CA",,retail,445310,Wine Wizards,"2222 Grand Canal Boulevard, Stockton, CA, 95207",,,37.9845759,-121.3331466,,,n_6236321627,shop=wine
"Isleton, CA",,retail,446120,Ulta Beauty,"8180 Delta Shores Circle South, Sacramento, CA, 95832",+1 916-665-1205,https://www.ulta.com/stores/sacramento-ca-1119,38.4632759,-121.4943303,,,n_6265129798,"shop=beauty, brand=Ulta Beauty"
"Isleton, CA",,retail,446120,Bath & Body Works,"8176 Delta Shores Circle South, Sacramento, CA, 95832",,,38.4636512,-121.4943536,,,n_6265151654,"shop=cosmetics, brand=Bath & Body Works"
"Isleton, CA",,retail,445110,Safeway,"1125 2nd Street, Brentwood, CA, 94513",+1 925-634-6780,https://local.safeway.com/safeway/ca/brentwood/1125-2nd-st.html,37.9358665,-121.6991427,,,n_6320042884,"shop=supermarket, brand=Safeway"
"Isleton, CA",,retail,445110,Sprouts Farmers Market,"2325 Sand Creek Road, Brentwood, CA, 94513",+1 925-308-1965,https://www.sprouts.com/store/ca/brentwood/sand-creek-rd/,37.9442306,-121.7349511,,,n_6320053641,"shop=supermarket, brand=Sprouts Farmers Market"
"Isleton, CA",,retail,445120,ExtraMile,,,,37.9317644,-121.695251,,,n_6329826425,"shop=convenience, brand=ExtraMile"
"Isleton, CA",,retail,452319,Dollar General,,,https://www.dollargeneral.com/store-directory/ca/brentwood/13586,37.9423433,-121.6950614,,,n_6329863186,"shop=variety_store, brand=Dollar General"
"Isleton, CA",,retail,453110,Brentwood Florist,,,,37.9401004,-121.6965476,,,n_6329863196,shop=florist
"Isleton, CA",,retail,445120,ampm,,,,37.9245872,-121.7380296,,,n_6329876618,"shop=convenience, brand=ampm"
"Isleton, CA",,retail,445120,Extra Mile,,,,37.9261461,-121.7356711,,,n_6329876619,shop=convenience
"Isleton, CA",,retail,446120,,,,,38.0059669,-121.8369787,,,n_6331742053,shop=beauty
"Isleton, CA",,retail,445120,7-Eleven,"4600 Century Boulevard, Pittsburg, CA, 94565",,https://www.7-eleven.com/locations/ca/pittsburg/4600-century-blvd-33374,38.005707,-121.8363293,,,n_6331742058,"shop=convenience, brand=7-Eleven"
"Isleton, CA",,retail,452319,Dollar Tree,,,https://www.dollartree.com/locations/ca/elk-grove/3447/,38.4363953,-121.4076524,,,n_6434425722,"shop=variety_store, brand=Dollar Tree"
"Isleton, CA",,retail,446120,Sunset Nails & Spa,,,,38.4555673,-121.415166,,,n_6437660507,shop=beauty
"Isleton, CA",,retail,446120,,,,,38.4598196,-121.4161815,,,n_6438912595,shop=beauty
"Isleton, CA",,retail,445120,,,,,38.438748,-121.3964947,,,n_6438912685,shop=convenience
"Isleton, CA",,retail,446120,Beauty Paradise,,,,38.4364121,-121.408057,,,n_6438912691,shop=beauty
"Isleton, CA",,retail,445310,,,,,38.4811083,-121.4125497,,,n_6439475103,shop=alcohol
"Isleton, CA",,retail,452319,Dollar World,,,,38.4806904,-121.4095904,,,n_6439475104,shop=variety_store
"Isleton, CA",,retail,446120,,,,,38.4520422,-121.3701473,,,n_6441034089,shop=beauty
"Isleton, CA",,retail,446120,Glam Nails,,,,38.4556042,-121.3703818,,,n_6441034148,shop=beauty
"Isleton, CA",,retail,446120,,,,,38.4539144,-121.3722114,,,n_6441034159,shop=beauty
"Isleton, CA",,retail,446120,Mindy's Nail Spa,"9727 Elk Grove Florin Road, Elk Grove, CA",+1-916-919-5577,https://www.mavenmindy.com/,38.4044924,-121.370957,,,n_6448398071,shop=beauty
"Isleton, CA",,retail,445110,Smart & Final,,,,38.4101169,-121.3771784,,,n_6448887908,"shop=supermarket, brand=Smart & Final"
"Isleton, CA",,retail,445120,Speedway,"800 Merchant Street, Vacaville, CA, 95688",,https://www.speedway.com/locations/CA/Vacaville/800-MERCHANT-ST,38.3493246,-121.9961694,,,n_6463573766,"shop=convenience, brand=Speedway"
"Isleton, CA",,retail,445310,Vacaville U Save Liquor,,,,38.349137,-121.9951412,,,n_6463573768,shop=alcohol
"Isleton, CA",,retail,446120,Florin Nails & Spa,"1309 Florin Road, Sacramento, CA, 95831",,,38.4967945,-121.5094683,,,n_6577763083,shop=beauty
"Isleton, CA",,retail,453991,Cigarettes & Tobacco Forever,"1195 Florin Road, Sacramento, CA, 95831",,,38.4961069,-121.5125487,,,n_6577791049,shop=tobacco
"Isleton, CA",,retail,445310,Lichine's Liquor & Deli,"7107 South Land Park Drive, Sacramento, CA, 95831",,,38.4966889,-121.5111381,,,n_6577796876,shop=alcohol
"Isleton, CA",,retail,446120,Trend Beauty Salon,"1452 D Street, Stockton, CA",,,37.9727557,-121.2668562,,,n_6653185306,shop=beauty
"Isleton, CA",,retail,445120,ampm,,,,38.3697829,-121.9543421,,,n_6696356311,"shop=convenience, brand=ampm"
"Isleton, CA",,retail,445120,ExtraMile,,,,38.3698231,-121.9557328,,,n_6696356313,"shop=convenience, brand=ExtraMile"
"Isleton, CA",,retail,445120,Shell,"950 Merchant Street, Vacaville, CA, 95688",,,38.3479489,-121.997683,,,n_6701143983,"shop=convenience, brand=Shell"
"Isleton, CA",,retail,452319,99 Cents Only Stores,,,https://locations.99only.com/ca/sacramento/discount-store-352.html,38.4948643,-121.4531284,,,n_6776036504,"shop=variety_store, brand=99 Cents Only Stores"
"Isleton, CA",,retail,452210,Ross,"4240 Florin Road, Sacramento, CA, 95823",+1 916-399-9735,,38.4947275,-121.4561533,,,n_6776046519,"shop=department_store, brand=Ross"
"Isleton, CA",,retail,452210,Big Lots,,,,37.9999144,-121.83891,,,n_6855684965,"shop=department_store, brand=Big Lots"
"Isleton, CA",,retail,452319,99 Cents Only Stores,,,https://locations.99only.com/ca/antioch/discount-store-228.html,38.000259,-121.8389529,,,n_6855684966,"shop=variety_store, brand=99 Cents Only Stores"
"Isleton, CA",,retail,452319,Daiso Japan,"8176 Delta Shores Circle South, Sacramento, CA, 95832",,,38.4635241,-121.4942435,,,n_7168257496,"shop=variety_store, brand=Daiso"
"Isleton, CA",,retail,445110,Raley's,,,,38.2459304,-122.0218487,,,n_7281177585,"shop=supermarket, brand=Raley's"
"Isleton, CA",,retail,445120,,,,,38.2497386,-122.0564051,,,n_7281575707,shop=convenience
"Isleton, CA",,retail,445120,,,,,38.4584686,-121.8399796,,,n_7295075927,shop=convenience
"Isleton, CA",,retail,445120,Carniceria Lupita,,,,38.456498,-121.8414375,,,n_7295116659,shop=convenience
"Isleton, CA",,retail,445120,,,,,38.46985,-121.8237809,,,n_7295614518,shop=convenience
"Isleton, CA",,retail,445120,ExtraMile,,,,38.4816017,-121.5016616,,,n_7442396046,"shop=convenience, brand=ExtraMile"
"Isleton, CA",,retail,445120,7-Eleven,"301 Pine Street, Galt, CA, 95632",+1 209-745-3774,https://www.7-eleven.com/locations/ca/galt/301-pine-st-39576,38.2535151,-121.294406,,,n_7519641956,"shop=convenience, brand=7-Eleven"
"Isleton, CA",,retail,445120,ampm,,,,38.2900534,-121.3100131,,,n_7520346626,"shop=convenience, brand=ampm"
"Isleton, CA",,retail,445110,Raley's,,,,38.2897418,-121.3072343,,,n_7520346631,"shop=supermarket, brand=Raley's"
"Isleton, CA",,retail,446110,Rite Aid,,,,38.2906535,-121.2986685,,,n_7520346633,"shop=chemist, brand=Rite Aid"
"Isleton, CA",,retail,452319,Dollar Tree,,,https://www.dollartree.com/locations/ca/galt/5947/,38.290378,-121.2996233,,,n_7520346636,"shop=variety_store, brand=Dollar Tree"
"Isleton, CA",,retail,452319,Family Dollar,,,,38.2550521,-121.3009324,,,n_7523516313,"shop=variety_store, brand=Family Dollar"
"Isleton, CA",,retail,446110,CVS Pharmacy,,,https://www.cvs.com/store-locator/galt-ca-pharmacies/1063-c-st-galt-ca-95632/storeid=3022,38.2542779,-121.2967573,,,n_7523516365,"shop=chemist, brand=CVS Pharmacy"
"Isleton, CA",,retail,445110,Galt Supermarket,,,,38.254523,-121.2997931,,,n_7523911857,shop=supermarket
"Isleton, CA",,retail,445120,ampm,,,,38.1018939,-121.2689989,,,n_7524933500,"shop=convenience, brand=ampm"
"Isleton, CA",,retail,445110,Sprouts Farmers Market,"250 East Harney Lane, Lodi, CA, 95240",+1 209-371-6656,https://www.sprouts.com/store/ca/lodi/lodi/,38.1001257,-121.2685596,,,n_7524933502,"shop=supermarket, brand=Sprouts Farmers Market"
"Isleton, CA",,retail,445120,Shell,,,,38.1149752,-121.305959,,,n_7524954676,"shop=convenience, brand=Shell"
"Isleton, CA",,retail,445310,BevMo!,,,,38.1150174,-121.3045114,,,n_7524954678,"shop=alcohol, brand=BevMo!"
"Isleton, CA",,retail,446120,Ulta Beauty,"1423 South Lower Sacramento Road, Lodi, CA, 95242",+1 209-368-2115,https://www.ulta.com/stores/lodi-ca-1152,38.1144982,-121.3070327,,,n_7524954682,"shop=beauty, brand=Ulta Beauty"
"Isleton, CA",,retail,445120,ExtraMile,,,,38.1150935,-121.3105089,,,n_7524996886,"shop=convenience, brand=ExtraMile"
"Isleton, CA",,retail,452210,Ross,"340 West Kettleman Lane, Lodi, CA, 95240",+1 209-369-1386,,38.1143299,-121.2781407,,,n_7525424064,"shop=department_store, brand=Ross"
"Isleton, CA",,retail,452319,Dollar Tree,,,,38.1143587,-121.2773234,,,n_7525424065,"shop=variety_store, brand=Dollar Tree"
"Isleton, CA",,retail,452210,Kohl's,"530 West Kettleman Lane, Lodi, CA, 95240",+1 209-334-0213,https://www.kohls.com/stores/ca/lodi-1366.shtml,38.1141735,-121.2801355,,,n_7525424069,"shop=department_store, brand=Kohl's"
"Isleton, CA",,retail,446110,CVS Pharmacy,,,https://www.cvs.com/store-locator/lodi-ca-pharmacies/1000-w-kettleman-ln-lodi-ca-95240/storeid=9243,38.1139959,-121.2846812,,,n_7525424073,"shop=chemist, brand=CVS Pharmacy"
"Isleton, CA",,retail,445110,Raley's,,,,38.1289472,-121.3085952,,,n_7526815188,"shop=supermarket, brand=Raley's"
"Isleton, CA",,retail,445110,Grocery Outlet,,,,38.1289628,-121.2586636,,,n_7527005055,"shop=supermarket, brand=Grocery Outlet"
"Isleton, CA",,retail,452210,Big Lots,"380 South Cherokee Lane, Lodi, CA, 95240",+1 209-368-6859,https://local.biglots.com/ca/lodi/380-s-cherokee-ln,38.1300231,-121.2586383,,,n_7527005056,"shop=department_store, brand=Big Lots"
"Isleton, CA",,retail,452210,dd's Discounts,,,,38.129197,-121.2586375,,,n_7527005057,"shop=department_store, brand=dd's Discounts"
"Isleton, CA",,retail,452319,Dollar Tree,,,https://www.dollartree.com/locations/ca/lodi/6120/,38.1296817,-121.2586787,,,n_7527005059,"shop=variety_store, brand=Dollar Tree"
"Isleton, CA",,retail,446110,Rite Aid,,,https://www.riteaid.com/locations/ca/lodi/520-west-lodi-avenue.html,38.1292462,-121.2802507,,,n_7527267411,"shop=chemist, brand=Rite Aid"
"Isleton, CA",,retail,445110,S-mart Foods,,,,38.1292671,-121.2811234,,,n_7527267417,shop=supermarket
"Isleton, CA",,retail,446110,CVS Pharmacy,,,https://www.cvs.com/store-locator/lodi-ca-pharmacies/100-w-lodi-ave-lodi-ca-95240/storeid=9261,38.1296394,-121.2745653,,,n_7527267421,"shop=chemist, brand=CVS Pharmacy"
"Isleton, CA",,retail,446120,,,,,38.2495811,-122.0443908,,,n_8203897850,shop=beauty
"Isleton, CA",,retail,445120,7-Eleven,,,,37.960151,-121.7425299,,,n_8720243271,"shop=convenience, brand=7-Eleven"
"Isleton, CA",,retail,445310,BevMo!,,,,37.9624966,-121.7349541,,,n_8720257879,"shop=alcohol, brand=BevMo!"
"Isleton, CA",,retail,446120,The Cosmetics Company Store,,,,38.3673617,-121.9519727,,,n_9046397082,shop=cosmetics
"Isleton, CA",,retail,445310,Peirano Estate,"21831 99 Frontage Road, 95220",209-369-9463,https://www.peirano.com/,38.1816077,-121.2631049,,,n_9177238817,shop=wine
"Isleton, CA",,retail,445120,Speedway,"1915 Auto Center Drive, Antioch, CA, 94509",,,38.005987,-121.8341225,,,n_9181552128,"shop=convenience, brand=Speedway"
"Isleton, CA",,retail,445120,7-Eleven,"2725 Country Club Boulevard, Stockton, CA, 95204",+1 209-463-1259,https://www.7-eleven.com/locations/ca/stockton/2725-country-club-bvd-14117,37.964352,-121.3370177,,,n_9181552134,"shop=convenience, brand=7-Eleven"
"Isleton, CA",,retail,452210,Big Lots,"2720 Country Club Boulevard, Stockton, CA, 95204",+1 209-941-8726,https://local.biglots.com/ca/stockton/2720-country-club-blvd,37.9632669,-121.3367508,,,n_9181552135,"shop=department_store, brand=Big Lots"
"Isleton, CA",,retail,445120,Speedway,"2705 Country Club Boulevard, Stockton, CA, 95204",,https://www.speedway.com/locations/CA/Stockton/2705-COUNTRY-CLUB-BLVD,37.9645449,-121.3366371,,,n_9181552143,"shop=convenience, brand=Speedway"
"Isleton, CA",,retail,445110,Grocery Outlet,,,,38.2593539,-122.0351753,,,n_9326692009,"shop=supermarket, brand=Grocery Outlet"
"Isleton, CA",,retail,445110,Smart & Final,,,,38.2751985,-122.0359625,,,n_9326694355,"shop=supermarket, brand=Smart & Final"
"Isleton, CA",,retail,446110,CVS Pharmacy,,,https://www.cvs.com/store-locator/fairfield-ca-pharmacies/300-travis-blvd-fairfield-ca-94533/storeid=9371,38.2591854,-122.0360819,,,n_9326697705,"shop=chemist, amenity=pharmacy, brand=CVS Pharmacy"
"Isleton, CA",,retail,446110,CVS Pharmacy,,,https://www.cvs.com/store-locator/fairfield-ca-pharmacies/300-travis-blvd-fairfield-ca-94533/storeid=9371,38.2591032,-122.0360363,,,n_9326697706,"shop=chemist, brand=CVS Pharmacy"
"Isleton, CA",,retail,452319,Dollar Tree,,,https://www.dollartree.com/locations/ca/fairfield/2341/,38.2737372,-122.0358619,,,n_9326717041,"shop=variety_store, brand=Dollar Tree"
"Isleton, CA",,retail,446120,,,,,38.0574105,-121.3754378,,,n_9333723168,shop=beauty
"Isleton, CA",,retail,445120,ExtraMile,,,,38.0559403,-121.3756738,,,n_9333723180,"shop=convenience, brand=ExtraMile"
"Isleton, CA",,retail,445292,See's Candies,,,,38.0514354,-121.3745672,,,n_9333723186,"shop=confectionery, brand=See's Candies"
"Isleton, CA",,retail,452319,Dollar Tree,,,https://www.dollartree.com/locations/ca/stockton/5193/,38.0513918,-121.3747683,,,n_9333723187,"shop=variety_store, brand=Dollar Tree"
"Isleton, CA",,retail,452319,Five Below,,+1 209-340-7327,https://locations.fivebelow.com/ca/stockton/10644-trinity-parkway,38.0535429,-121.3727513,,,n_9333723195,"shop=variety_store, brand=Five Below"
"Isleton, CA",,retail,446120,Brows Arch,,,,38.0540174,-121.3747042,,,n_9335917056,shop=beauty
"Isleton, CA",,retail,445110,SF Supermarket,"8004 West Lane, Stockton, CA, 95210",+1-209-478-9988,https://shunfatsupermarket.com,38.0227801,-121.293185,,,n_9335983290,"shop=supermarket, brand=SF Supermarket"
"Isleton, CA",,retail,452210,Ross,"3702 East Hammer Lane, Stockton, CA, 95212",+1 209-476-1247,,38.0187832,-121.2690249,,,n_9348038637,"shop=department_store, brand=Ross"
"Isleton, CA",,retail,452210,Burlington,"3702 East Hammer Lane, Stockton, CA, 95212",+1 209-477-6227,https://www.burlington.com/store-details/stockton-ca-571,38.0186165,-121.269774,,,n_9348038638,"shop=department_store, brand=Burlington"
"Isleton, CA",,retail,445120,76,,,,38.002698,-121.2851459,,,n_9351121016,"shop=convenience, brand=76"
"Isleton, CA",,retail,445120,,,,,38.4271393,-121.4814891,,,n_9446609830,shop=convenience
"Isleton, CA",,retail,445120,,,,,38.4283695,-121.4814979,,,n_9446609831,shop=convenience
"Isleton, CA",,retail,445110,Mi Rancho Supermercado,"2355 Florin Road, Sacramento, CA",+19164284218,https://www.miranchosupermercado.com/,38.4973722,-121.4834726,,,n_9485015490,shop=supermarket
"Isleton, CA",,retail,446120,Le Nail and Spa,,,,38.0205554,-121.2767666,,,n_9514445715,shop=beauty
"Isleton, CA",,retail,446120,Indian Threads Beauty & Spa,,,,38.0205535,-121.2768403,,,n_9514445716,shop=beauty
"Isleton, CA",,retail,446120,Ebony Beauty Supply,,,,38.0231141,-121.2936341,,,n_9514483424,shop=beauty
"Isleton, CA",,retail,445110,Super King Food Center,"8626 North Lower Sacramento Road, Stockton, CA, 95210",+1-209-474-6699,http://superkingfoods.com,38.02882,-121.321771,,,n_9546068543,shop=supermarket
"Isleton, CA",,retail,446120,Creative Nails,,,,38.0292099,-121.321604,,,n_9546068552,shop=beauty
"Isleton, CA",,retail,446120,Regal Nails,,,,38.009345,-121.8681767,,,n_9815719057,"shop=beauty, brand=Regal Nails"
"Isleton, CA",,retail,445310,Woodbridge Winery,,,,38.1598577,-121.2448194,,,n_9816331243,shop=wine
"Isleton, CA",,retail,445120,Love's,,,,38.1177788,-121.3919726,,,n_9826816445,"shop=convenience, brand=Love's"
"Isleton, CA",,retail,445120,USA Mini Mart,"7385 Greenhaven Drive, Sacramento, CA, 95831",,,38.4918273,-121.5199668,,,n_9891201172,shop=convenience
"Isleton, CA",,retail,445110,Central Market,,,,38.2423013,-121.5161558,,,n_9946419744,shop=supermarket
"Isleton, CA",,retail,445120,Big Store,,,,38.2403836,-121.5154383,,,n_9946545810,shop=convenience
"Isleton, CA",,retail,446110,Walgreens,"6570 Lone Tree Way, Brentwood, CA, 94513",,https://www.walgreens.com/locator/walgreens-6570+lone+tree+way-brentwood-ca-94513/id=9978,37.9624873,-121.7319945,,,n_9998360179,"shop=chemist, brand=Walgreens"
"Isleton, CA",,retail,452319,Dollar Tree,,,https://www.dollartree.com/locations/ca/antioch/8888/,37.9639878,-121.734096,,,n_9998360189,"shop=variety_store, brand=Dollar Tree"
"Isleton, CA",,retail,452319,Five Below,,+1 925-255-0118,https://locations.fivebelow.com/ca/antioch/5739-lone-tree-way,37.9633633,-121.7395459,,,n_9998360192,"shop=variety_store, brand=Five Below"
"Isleton, CA",,retail,445110,Raley's,"2400 Sand Creek Road, Brentwood, 94513",,,37.942756,-121.7364623,,,n_9998637638,"shop=supermarket, brand=Raley's"
"Isleton, CA",,retail,452210,Ross,"2520 Sand Creek Road, Brentwood, CA, 94513",+1 925-513-3893,,37.9420623,-121.738494,,,n_9998637640,"shop=department_store, brand=Ross"
"Isleton, CA",,retail,452210,TJ Maxx,"2450 Sand Creek Road, Brentwood, 94513",,,37.94126,-121.7378715,,,n_9998637676,"shop=department_store, brand=TJ Maxx"
"Isleton, CA",,retail,452210,Burlington,"2422 West Kettleman Lane, Lodi, CA, 95242",+1 209-269-2780,https://stores.burlington.com/ca/lodi/1281,38.1139804,-121.3048076,,,n_10011718786,"shop=department_store, brand=Burlington"
"Isleton, CA",,retail,445120,ampm,,,,38.1158081,-121.2590905,,,n_10011745440,"shop=convenience, brand=ampm"
"Isleton, CA",,retail,445120,7-Eleven,"1111 East Kettleman Lane, Lodi, CA, 95240",+1 209-369-3633,https://www.7-eleven.com/locations/ca/lodi/1111-e-kettleman-lane-39087,38.1166533,-121.2557497,,,n_10012556980,"shop=convenience, brand=7-Eleven"
"Isleton, CA",,retail,445292,See's Candies,,,,38.46144,-121.4919988,,,n_10013628446,"shop=confectionery, brand=See's Candies"
"Isleton, CA",,retail,445120,Power Market,,,,38.42395,-121.372396,,,n_10015124787,shop=convenience
"Isleton, CA",,retail,445120,7-Eleven,,,https://www.7-eleven.com/locations/ca/suisun-city/801-sunset-ave-32180,38.2496523,-122.0200391,,,n_10059992538,"shop=convenience, brand=7-Eleven"
"Isleton, CA",,retail,445120,ampm,,,,38.2449936,-122.0308317,,,n_10059992555,"shop=convenience, brand=ampm"
"Isleton, CA",,retail,452319,Dollar Tree,,,https://www.dollartree.com/locations/ca/suisun-city/3973/,38.2442685,-122.0223223,,,n_10060007191,"shop=variety_store, brand=Dollar Tree"
"Isleton, CA",,retail,445120,Circle K,,,,38.2497877,-122.0528601,,,n_10062517905,"shop=convenience, brand=Circle K"
"Isleton, CA",,retail,445120,7-Eleven,,,https://www.7-eleven.com/locations/ca/suisun-city/115-sunset-ave-39189,38.244019,-122.0171765,,,n_10062764047,"shop=convenience, brand=7-Eleven"
"Isleton, CA",,retail,445120,ExtraMile,,,,38.2441077,-122.0180557,,,n_10062764064,"shop=convenience, brand=ExtraMile"
"Isleton, CA",,retail,445120,7-Eleven,,,https://www.7-eleven.com/locations/ca/suisun-city/301-walters-rd-38961,38.2402516,-121.989121,,,n_10062774167,"shop=convenience, brand=7-Eleven"
"Isleton, CA",,retail,445120,7-Eleven,"6591 Wyndham Drive, Sacramento, CA, 95823-4925",+1 916-689-2203,https://www.7-eleven.com/locations/ca/sacramento/6591-wyndham-dr-14119,38.4688373,-121.426173,,,n_10067480033,"shop=convenience, brand=7-Eleven"
"Isleton, CA",,retail,445120,7-Eleven,,,https://www.7-eleven.com/locations/ca/vacaville/2490-nut-tree-rd-22837,38.3357872,-121.9527833,,,n_10067495446,"shop=convenience, brand=7-Eleven"
"Isleton, CA",,retail,445120,ampm,,,,38.3349167,-121.9528218,,,n_10067495456,"shop=convenience, brand=ampm"
"Isleton, CA",,retail,445120,ExtraMile,,,,38.3461331,-121.9734319,,,n_10067543628,"shop=convenience, brand=ExtraMile"
"Isleton, CA",,retail,445292,See's Candies,"7440 Laguna Boulevard, Elk Grove, CA, 95758-5070",,,38.4230377,-121.4155312,,,n_10069437663,"shop=confectionery, brand=See's Candies"
"Isleton, CA",,retail,445110,Seasons Asian Market,"7440 Laguna Boulevard, Elk Grove, CA, 95758-5070",+1 916 897 8102,,38.4224519,-121.415581,,,n_10069437664,shop=supermarket
"Isleton, CA",,retail,446120,,,,,38.4229349,-121.4185553,,,n_10088033161,shop=beauty
"Isleton, CA",,retail,452319,Dollar Tree,"7440 Laguna Boulevard, Elk Grove, CA, 95758-5070",,https://www.dollartree.com/locations/ca/elk-grove/8741/,38.4224205,-121.4163316,,,n_10088042720,"shop=variety_store, brand=Dollar Tree"
"Isleton, CA",,retail,446110,CVS Pharmacy,,,https://www.cvs.com/store-locator/concord-ca-pharmacies/4424-treat-blvd-concord-ca-94521/storeid=9509,37.9625525,-121.9929487,,,n_10138980001,"shop=chemist, brand=CVS Pharmacy"
"Isleton, CA",,retail,452319,Falling Prices,"10481 East Stockton Boulevard, Elk Grove, CA, 95624",+1 916 690 2225,https://www.fallingprices.com/,38.3799117,-121.3600534,,,n_10196148090,shop=variety_store
"Isleton, CA",,retail,446120,The Beauty Cave,"10481 Grant Line Road, Elk Grove, CA, 95624",,,38.3763449,-121.359153,,,n_10196171041,shop=beauty
"Isleton, CA",,retail,452319,BidRL.com,"10481 East Stockton Boulevard, Elk Grove, CA, 95624",+1 916 690 2225,https://www.fallingprices.com/,38.3802597,-121.3594668,,,n_10198983355,shop=variety_store
"Isleton, CA",,retail,446120,Sephora,"Elk Grove, CA",,,38.4071864,-121.4154705,,,n_10202946276,"shop=cosmetics, brand=Sephora"
"Isleton, CA",,retail,445110,Amazon Fresh,"Elk Grove, CA",,,38.4077467,-121.4154495,,,n_10202946277,"shop=supermarket, brand=Amazon Fresh"
"Isleton, CA",,retail,446120,Luxury Nail Spa,"Elk Grove, CA",,,38.4083242,-121.4153979,,,n_10203025658,shop=beauty
"Isleton, CA",,retail,446120,European Wax Center,"Elk Grove, CA",+1 916 602 4929,https://locations.waxcenter.com/ca/elkgrove/elk-grove-the-ridge-0424.html,38.4085736,-121.4142583,,,n_10203025663,"shop=beauty, brand=European Wax Center"
"Isleton, CA",,retail,446120,Ulta Beauty,"7431 Laguna Boulevard, Elk Grove, CA, 95758",+1 916-478-2610,https://www.ulta.com/stores/elk-grove-ca-1646,38.4257592,-121.4172406,,,n_10211340905,"shop=cosmetics, brand=Ulta Beauty"
"Isleton, CA",,retail,452210,Ross,"7431 Laguna Boulevard, Elk Grove, CA, 95758-5085",+1 916-478-6176,,38.4255113,-121.4172697,,,n_10211340907,"shop=department_store, brand=Ross"
"Isleton, CA",,retail,452319,Five Below,"Elk Grove, CA",+1 916-755-6186,https://locations.fivebelow.com/ca/elk-grove/7431-laguna-blvd,38.425221,-121.4172312,,,n_10211340908,"shop=variety_store, brand=Five Below"
"Isleton, CA",,retail,446120,Victoria's Secret,,,,37.9940044,-121.3112836,,,n_10274374809,shop=beauty
"Isleton, CA",,retail,452319,BoxLunch,,,,37.9940949,-121.3114265,,,n_10274375509,shop=variety_store
"Isleton, CA",,retail,445110,Young’s Payless IGA,"18980 Highway 88, Lockeford, CA, 95237",+1 209-669-8794,,38.156411,-121.1534949,,,n_10755412749,"shop=supermarket, brand=IGA"
"Isleton, CA",,retail,446110,CVS Pharmacy,,,https://www.cvs.com/store-locator/dixon-ca-pharmacies/1057-n-1st-st-dixon-ca-95620/storeid=9950,38.4554567,-121.8234086,,,n_10869872957,"shop=chemist, brand=CVS Pharmacy"
"Isleton, CA",,retail,445110,Grocery Outlet,,,,38.4678154,-121.8217252,,,n_10873483702,"shop=supermarket, brand=Grocery Outlet"
"Isleton, CA",,retail,453991,MVP Smoke Shop,"2951 Harbor Street, Pittsburg, CA, 94565",,,38.0081235,-121.8856157,,,n_10913702254,shop=tobacco
"Isleton, CA",,retail,446120,Nails Palace,,,,38.0082388,-121.8857158,,,n_10913702255,shop=beauty
"Isleton, CA",,retail,453110,Pittsburg Florist & Gifts,,,,38.0068957,-121.8890029,,,n_10914501174,shop=florist
"Isleton, CA",,retail,445310,Rice Wine & Liquors,,,,38.0083203,-121.8912345,,,n_10914541735,shop=alcohol
"Isleton, CA",,retail,452319,Dollar Tree,,,https://www.dollartree.com/locations/ca/pittsburg/1556/,38.0086205,-121.8912126,,,n_10914541736,"shop=variety_store, brand=Dollar Tree"
"Isleton, CA",,retail,445110,La Superior Mercados,,,,38.0090389,-121.8910642,,,n_10914541739,shop=supermarket
"Isleton, CA",,retail,446110,Wallgreens,,,,38.0096867,-121.8914916,,,n_10914541755,shop=chemist
"Isleton, CA",,retail,445110,WinCo Foods,,,,38.0113991,-121.8576852,,,n_11018687792,"shop=supermarket, brand=WinCo Foods"
"Isleton, CA",,retail,445120,,,,,38.2418449,-121.5140997,,,n_11035968909,shop=convenience
"Isleton, CA",,retail,446120,Relax Nails & Spa,,,,38.2637568,-122.0504066,,,n_11100437775,shop=beauty
"Isleton, CA",,retail,446110,Rite Aid,"Lone Tree Way, antioch, CA, 94531",,https://www.riteaid.com/locations/ca/antioch/4100-lone-tree-way.html,37.9706701,-121.7958662,,,n_11253655723,"shop=chemist, brand=Rite Aid"
"Isleton, CA",,retail,452210,dd's Discounts,"Lone Tree Way, Antioch, CA, 94531",,,37.9656564,-121.783314,,,n_11253661826,"shop=department_store, brand=dd's Discounts"
"Isleton, CA",,retail,452319,Dollar Tree,,,https://www.dollartree.com/locations/ca/sacramento/8551/,38.4808054,-121.50428,,,n_11296521833,"shop=variety_store, brand=Dollar Tree"
"Isleton, CA",,retail,453110,"Village Flowers, Gifts & Caskets","527 West Lodi Avenue, Lodi, CA, 95240",+1-209-333-3377,https://flowerslodi.com,38.130184,-121.2801746,,,n_11395703560,"shop=florist, operator=Donald Gareis"
"Isleton, CA",,retail,445120,ampm,,,,38.005717,-121.7501552,,,n_11467334943,"shop=convenience, brand=ampm"
"Isleton, CA",,retail,452319,Dollar Tree,,,https://www.dollartree.com/locations/ca/brentwood/6457/,37.926703,-121.7223941,,,n_11471091227,"shop=variety_store, brand=Dollar Tree"
"Isleton, CA",,retail,445120,Chevron,,,,37.9248749,-121.7055923,,,n_11471313010,"shop=convenience, brand=Chevron"
"Isleton, CA",,retail,445110,Grocery Outlet,,,,37.9451802,-121.6954422,,,n_11472341360,"shop=supermarket, brand=Grocery Outlet"
"Isleton, CA",,retail,445120,ampm,,,,37.9546141,-121.6952446,,,n_11474765941,"shop=convenience, brand=ampm"
"Isleton, CA",,retail,445120,Rotten Robbie,,,,37.9622654,-121.725997,,,n_11474843460,"shop=convenience, brand=Rotten Robbie"
"Isleton, CA",,retail,452210,dd's Discounts,,,,38.2747048,-122.0356596,,,n_11548913634,"shop=department_store, brand=dd's Discounts"
"Isleton, CA",,retail,452319,99 Cents Only Stores,,,,38.2749212,-122.0356527,,,n_11548913635,"shop=variety_store, brand=99 Cents Only Stores"
"Isleton, CA",,retail,445120,ampm,,,,38.2711431,-122.0346619,,,n_11548913647,"shop=convenience, brand=ampm"
"Isleton, CA",,retail,452319,Family Dollar,,,,38.1617373,-121.6986766,,,n_11559093116,"shop=variety_store, brand=Family Dollar"
"Isleton, CA",,retail,453991,,,,,38.1606837,-121.6944426,,,n_11559093119,shop=tobacco
"Isleton, CA",,retail,452210,dd's Discounts,,,,38.0114804,-121.8610502,,,n_11593212866,"shop=department_store, brand=dd's Discounts"
"Isleton, CA",,retail,452319,Dollar Tree,,,https://www.dollartree.com/locations/ca/sacramento/1204/,38.4724055,-121.4262447,,,n_11760044868,"shop=variety_store, brand=Dollar Tree"
"Isleton, CA",,retail,452210,dd's Discounts,,,,38.473467,-121.4310133,,,n_11760053879,"shop=department_store, brand=dd's Discounts"
"Isleton, CA",,retail,445110,Tienda Guatemalteca El Quetzal,"1069 North Wilson Way, Stockton, CA, 95205",,,37.9668564,-121.2747664,,,n_12098139222,shop=supermarket
"Isleton, CA",,retail,445110,TAJ Supermarket,"7933 East Stockton Boulevard, Sacramento, CA, 95823",,,38.4702103,-121.4144092,,,n_12189339799,shop=supermarket
"Isleton, CA",,retail,445120,ampm,,,,38.4656293,-121.4902705,,,n_12269674570,"shop=convenience, brand=ampm"
"Isleton, CA",,retail,445120,7-Eleven,,,,38.4669165,-121.4898967,,,n_12269674572,"shop=convenience, brand=7-Eleven"
"Isleton, CA",,retail,452319,Dollar Tree,,,,38.4865889,-121.5358186,,,n_12270314639,"shop=variety_store, brand=Dollar Tree"
"Isleton, CA",,retail,452319,Daiso Japan,,,,38.4056625,-121.4197719,,,n_12336030740,"shop=variety_store, brand=Daiso"
"Isleton, CA",,retail,445110,Food 4 Less,,,,38.2635699,-122.0355155,,,n_12345229724,"shop=supermarket, brand=Food 4 Less"
"Isleton, CA",,retail,452210,dd's Discounts,,,,38.0195299,-121.2977021,,,n_12372809035,"shop=department_store, brand=dd's Discounts"
"Isleton, CA",,retail,445120,,,,,37.9127227,-121.2955374,,,n_12406888085,shop=convenience
"Isleton, CA",,retail,446120,Lakewood Nails,,,,38.139243,-121.2879613,,,n_12417339969,shop=beauty
"Isleton, CA",,retail,445210,Lakewood Meats,,,,38.1393001,-121.2879659,,,n_12417339970,shop=butcher
"Isleton, CA",,retail,445310,Dry Creek Liquor,"1060 E Augusta St, Woodbridge, CA, 95258",,,38.1538686,-121.3014411,,,n_12419059009,shop=alcohol
"Isleton, CA",,retail,452319,Wow Discount,,,,38.3650843,-121.9549772,,,n_12452261384,shop=variety_store
"Isleton, CA",,retail,446120,Bath & Body Works,,,,38.3669355,-121.9571362,,,n_12452281203,"shop=cosmetics, brand=Bath & Body Works"
"Isleton, CA",,retail,446120,Luxury Perfume,,,,38.3683517,-121.9529814,,,n_12452281213,shop=perfumery
"Isleton, CA",,retail,446120,Elk Grove Nail Salon,"8451 Elk Grove Boulevard, Elk Grove, CA",,,38.4097343,-121.3924247,,,n_12470391951,shop=beauty
"Isleton, CA",,retail,445310,Laguna Mart Liquor Store,"8451 Elk Grove Boulevard, Elk Grove, CA",,,38.4097397,-121.3922934,,,n_12470391953,shop=alcohol
"Isleton, CA",,retail,446120,Embellish Nails Studio,"8451 Elk Grove Boulevard, Elk Grove, CA",,,38.409742,-121.3922199,,,n_12470391954,shop=beauty
"Isleton, CA",,retail,445110,Walmart Neighborhood Market,"8455 Elk Grove Boulevard, Elk Grove, CA, 95758",+1 (916) 684-7100,https://www.walmart.com/store/5683-elk-grove-ca,38.4101035,-121.3917949,,,n_12470391960,"shop=supermarket, brand=Walmart, operator=Walmart"
"Isleton, CA",,retail,446191,RAW,,,,38.4102032,-121.3903878,,,n_12489468243,shop=health_food
"Isleton, CA",,retail,446120,Friendly Nails,"9160 East Stockton Boulevard, Elk Grove, CA, 95624",+19166867803,https://friendlynails.setmore.com/friendly,38.4250668,-121.392462,,,n_12610894839,shop=beauty
"Isleton, CA",,retail,446120,Sola Salons,"9117 East Stockton Boulevard, Elk Grove, CA, 95624",+17207782054,https://www.solasalonstudios.com/locations/elk-grove,38.4268094,-121.3952352,,,n_12610894843,"shop=beauty, brand=Sola Salons"
"Isleton, CA",,retail,446120,Full Set Lash Boutique,"9117 East Stockton Boulevard, Elk Grove, CA, 95624",+15303822550,https://www.instagram.com/fullsetlashboutique,38.4265785,-121.395158,,,n_12610894845,shop=beauty
"Isleton, CA",,retail,446120,V Salon,"9141 East Stockton Boulevard, Elk Grove, CA, 95624",+19167143222,,38.4265115,-121.3943791,,,n_12610894849,shop=beauty
"Isleton, CA",,retail,446120,Bath & Body Works,"9163 East Stockton Boulevard, Elk Grove, CA, 95624",+19167149103,https://www.bathandbodyworks.com/?cm_mmc=local_BBW01775,38.4266631,-121.3918111,,,n_12610894855,"shop=cosmetics, brand=Bath & Body Works"
"Isleton, CA",,retail,446120,OMG Nail,"8519 Bond Road, Elk Grove, CA, 95624",+19166869988,,38.4247754,-121.3876375,,,n_12613336894,shop=beauty
"Isleton, CA",,retail,446120,Lola Nails & Spa,"9630 Bruceville Road, Elk Grove, CA, 95757",+19166866056,https://lolanailselkgrove.com/,38.4081221,-121.4204788,,,n_12613398757,shop=beauty
"Isleton, CA",,retail,452319,Dollar Tree,,,,38.508467,-121.5429806,,,n_12616591360,"shop=variety_store, brand=Dollar Tree"
"Isleton, CA",,retail,446120,10 Pretty Nails,,,,38.4737875,-121.4461908,,,n_12617331633,shop=beauty
"Isleton, CA",,retail,453991,Nor Cali Smoke Shop,,,,38.0217928,-121.2965779,,,n_12624186260,shop=tobacco
"Isleton, CA",,retail,446120,European Wax Center,,,,38.0020882,-121.3191448,,,n_12624602654,"shop=beauty, brand=European Wax Center"
"Isleton, CA",,retail,445120,Herald Store,"2409 Herald Road, Herald, CA, 95638",,,38.2949893,-121.2440897,,,n_12648992947,shop=convenience
"Isleton, CA",,retail,446110,Walgreens,"9200 Elk Grove Florin Road, Elk Grove, CA, 95624",,,38.4230281,-121.372238,,,n_12745996680,"shop=chemist, brand=Walgreens"
"Isleton, CA",,retail,446110,CVS Pharmacy,,,,38.4221256,-121.4468052,,,n_12746021854,"shop=chemist, brand=CVS Pharmacy"
"Isleton, CA",,retail,445120,Loop,,,,38.4094101,-121.3852618,,,n_12785163014,shop=convenience
"Isleton, CA",,retail,452319,Dollar Tree,,,,38.4080307,-121.3811407,,,n_12785172886,"shop=variety_store, brand=Dollar Tree"
"Isleton, CA",,retail,445310,Lucky Liquor,,,,38.4099037,-121.3791928,,,n_12785906550,shop=alcohol
"Isleton, CA",,retail,445120,,,,,38.4667134,-121.823148,,,n_12803459677,shop=convenience
"Isleton, CA",,retail,446120,Beauty By Threads,,,,38.4613844,-121.4919506,,,n_12826217980,shop=beauty
"Isleton, CA",,retail,445110,Grocery Outlet,,,,37.998927,-121.8467436,,,n_12862025569,"shop=supermarket, brand=Grocery Outlet"
"Isleton, CA",,retail,445110,Barg Afghan Market & Restaurants,,,,38.4754279,-121.4288279,,,n_12877885139,shop=supermarket
"Isleton, CA",,retail,446120,Nailspa,4577 Mack Road,+1 (916) 422-3224,,38.4753007,-121.4485419,,,n_12993063444,shop=beauty
"Isleton, CA",,retail,445110,Safeway,,,,38.3923914,-121.4190044,,,n_13000933261,"shop=supermarket, brand=Safeway"
"Isleton, CA",,retail,445120,Food Stop,,,,38.3935281,-121.4371646,,,n_13009349922,shop=convenience
"Isleton, CA",,retail,452210,Walmart,"2203 Loveridge Road, Pittsburg, CA, 94565",+1 925-427-2022,https://www.walmart.com/store/1615-pittsburg-ca,38.0089728,-121.8681802,,,w_31441569,"shop=department_store, brand=Walmart, operator=Walmart"
"Isleton, CA",,retail,445110,Walmart Supercenter,"4893 Lone Tree Way, Antioch, CA, 94531",+1 925-755-0900,https://www.walmart.com/store/2697-antioch-ca,37.963507,-121.7617382,,,w_31523346,"shop=supermarket, brand=Walmart, operator=Walmart"
"Isleton, CA",,retail,445110,Safeway,"3365 Deer Valley Road, Antioch, CA, 94531",+1 925-706-4150,https://local.safeway.com/safeway/ca/antioch/3365-deer-valley-rd.html,37.9882732,-121.7842908,,,w_31523844,"shop=supermarket, brand=Safeway"
"Isleton, CA",,retail,452210,Target,"5769 Lone Tree Way, Antioch, CA, 94531-8587",+1 925-752-0002,https://www.target.com/sl/antioch-slatten-ranch/1819,37.9645143,-121.7380368,,,w_31779647,"shop=department_store, brand=Target"
"Isleton, CA",,retail,445110,Cardenas,"2100 Railroad Avenue, Pittsburg, CA",9254271697,cardenasmarkets.com,38.0163201,-121.8912923,,,w_31899618,"shop=supermarket, brand=Cardenas"
"Isleton, CA",,retail,445110,Walmart Supercenter,"235 East Dorset Drive, Dixon, CA, 95620",+1 707-693-6505,https://www.walmart.com/store/5139-dixon-ca,38.4719325,-121.8202668,,,w_32575728,"shop=supermarket, brand=Walmart, operator=Walmart"
"Isleton, CA",,retail,452210,Target,"8101 Cosumnes River College Boulevard, Sacramento, CA, 95823",+1 916-525-3576,https://www.target.com/sl/sacramento-sw/1527,38.4590975,-121.4133485,,,w_40046788,"shop=department_store, brand=Target"
"Isleton, CA",,retail,445110,Save Mart,,,,37.9774747,-121.3052242,,,w_44351109,"shop=supermarket, brand=Save Mart"
"Isleton, CA",,retail,445120,Shell,,,,38.4642819,-121.8217154,,,w_100397085,"shop=convenience, brand=Shell"
"Isleton, CA",,retail,445120,ExtraMile,,,,38.3545836,-121.9806976,,,w_106610193,"shop=convenience, brand=ExtraMile"
"Isleton, CA",,retail,445120,ampm,"10421 Grant Line Road, Elk Grove, CA, 95624",,,38.3783205,-121.357583,,,w_133624581,"shop=convenience, brand=ampm"
"Isleton, CA",,retail,446110,Walgreens,"4495 Mack Road, CA, 95823",,https://www.walgreens.com/locator/walgreens-4495+mack+rd-sacramento-ca-95823/id=5036,38.4749843,-121.4513752,,,w_145222664,"shop=chemist, brand=Walgreens"
"Isleton, CA",,retail,445110,Save Mart,"C Street, 95632",,,38.2543276,-121.2977743,,,w_161820117,"shop=supermarket, brand=Save Mart"
"Isleton, CA",,retail,452210,Target,"7505 Laguna Boulevard, Elk Grove, CA, 95758",+1 916-683-5356,https://www.target.com/sl/elk-grove/1025,38.4267134,-121.415626,,,w_166236419,"shop=department_store, brand=Target, operator=Target"
"Isleton, CA",,retail,445110,Raley's,"4900 Elk Grove Boulevard, Elk Grove, CA, 95758",+19166830700,,38.4072917,-121.4484517,,,w_166308175,"shop=supermarket, brand=Raley's"
"Isleton, CA",,retail,446120,Ulta Beauty,"9141 West Stockton Boulevard, CA, 95758",,,38.4251577,-121.3998778,,,w_173220389,"shop=cosmetics, brand=Ulta Beauty"
"Isleton, CA",,retail,446120,European Wax Center,"9139 West Stockton Boulevard, Elk Grove, CA, 95758",,https://locations.waxcenter.com/ca/elkgrove/elk-grove-0044.html,38.4256507,-121.3995278,,,w_173220472,"shop=beauty, brand=European Wax Center"
"Isleton, CA",,retail,445110,Safeway,"6445 Pacific Avenue, Stockton, CA, 95207",+1 209-472-8600,https://local.safeway.com/safeway/ca/stockton/6445-pacific-ave.html,38.0085185,-121.3211991,,,w_191037330,"shop=supermarket, brand=Safeway"
"Isleton, CA",,retail,446110,Rite Aid,,,https://www.riteaid.com/locations/ca/stockton/6455-pacific-avenue.html,38.0084788,-121.3220346,,,w_191037468,"shop=chemist, brand=Rite Aid"
"Isleton, CA",,retail,445110,Safeway,"2808 Country Club Boulevard, Stockton, CA, 95204",+1 209-461-5555,https://local.safeway.com/safeway/ca/stockton/2808-country-club-blvd.html,37.9623172,-121.3375412,,,w_191038646,"shop=supermarket, brand=Safeway"
"Isleton, CA",,retail,445120,ampm,"4421 Florin Road, Sacramento, CA, 95823",,,38.4965904,-121.4544059,,,w_199152018,"shop=convenience, brand=ampm"
"Isleton, CA",,retail,445110,Walmart Neighborhood Market,"4420 Florin Road, Sacramento, CA, 95823",+1 916-533-0942,https://www.walmart.com/store/6530/sacramento-ca/whats-new,38.4942748,-121.4542198,,,w_199152431,"shop=supermarket, brand=Walmart, operator=Walmart"
"Isleton, CA",,retail,445110,Bel Air,"9435 Elk Grove Boulevard, CA",,,38.4096689,-121.3515416,,,w_218161543,"shop=supermarket, brand=Bel Air"
"Isleton, CA",,retail,446110,CVS Pharmacy,"1350 Florin Road, Sacramento, CA, 95831",,https://www.cvs.com/store-locator/sacramento-ca-pharmacies/1350-florin-rd-sacramento-ca-95822/storeid=9823,38.4951122,-121.5053277,,,w_219022660,"shop=chemist, brand=CVS Pharmacy"
"Isleton, CA",,retail,452319,99 Cents Only Stores,"551 Peabody Road, CA",,https://locations.99only.com/ca/vacaville/discount-store-192.html,38.3455196,-121.972223,,,w_220393869,"shop=variety_store, brand=99 Cents Only Stores"
"Isleton, CA",,retail,445120,,,,,38.3459381,-121.9726611,,,w_220396080,shop=convenience
"Isleton, CA",,retail,445120,Flying J,,,,38.117245,-121.3944448,,,w_223421227,"shop=convenience, brand=Flying J"
"Isleton, CA",,retail,446120,My Nails & Spa,,,,38.0063297,-121.8390574,,,w_224033357,shop=beauty
"Isleton, CA",,retail,445110,Walmart Neighborhood Market,"941 Alamo Drive, Vacaville, CA, 95687",+1 707-359-3180,https://www.walmart.com/store/5608-vacaville-ca,38.3446478,-121.9958329,,,w_231773786,"shop=supermarket, brand=Walmart, operator=Walmart"
"Isleton, CA",,retail,445110,Safeway,"2090 Harbison Drive, Vacaville, CA, 95688",+1 707-452-7277,https://local.safeway.com/safeway/ca/vacaville/2090-harbison-dr.html,38.3620483,-121.9616629,,,w_238688850,"shop=supermarket, brand=Safeway"
"Isleton, CA",,retail,445110,Safeway,"8377 Elk Grove Florin Road, Sacramento, CA, 95829",+1-916-681-8666,https://local.safeway.com/safeway/ca/sacramento/8377-elk-grove-florin-rd.html,38.4534204,-121.3700326,,,w_239970281,"shop=supermarket, brand=Safeway"
"Isleton, CA",,retail,445110,Safeway,"2449 West Kettleman Lane, Lodi, CA, 95242",+1 209-367-7875,https://local.safeway.com/safeway/ca/lodi/2449-w-kettleman-ln.html,38.1177424,-121.3057718,,,w_252718562,"shop=supermarket, brand=Safeway"
"Isleton, CA",,retail,452210,Target,"2355 West Kettleman Lane, Lodi, CA, 95242",+1 209-369-9371,https://www.target.com/sl/lodi/853,38.1175904,-121.3033701,,,w_252718584,"shop=department_store, brand=Target"
"Isleton, CA",,retail,452210,Marshalls,"2429 West Kettleman Lane, Lodi, CA, 95242",,,38.1176768,-121.3050328,,,w_252718588,"shop=department_store, brand=Marshalls"
"Isleton, CA",,retail,445110,Walmart Supercenter,"2701 North Texas Street, Fairfield, CA, 94533",+1 707-428-4792,https://www.walmart.com/store/2048-fairfield-ca,38.2791081,-122.0353714,,,w_252835625,"shop=supermarket, brand=Walmart, operator=Walmart"
"Isleton, CA",,retail,445110,Raley's,,,,38.2887554,-122.0327513,,,w_252836950,"shop=supermarket, brand=Raley's"
"Isleton, CA",,retail,445110,Walmart Supercenter,"1501 Helen Power Drive, Vacaville, CA, 95687",+1 707-451-0166,https://www.walmart.com/store/1704-vacaville-ca,38.3620549,-121.9590515,,,w_253076358,"shop=supermarket, brand=Walmart, operator=Walmart"
"Isleton, CA",,retail,452210,Kohl's,"570 Orange Drive, Vacaville, CA, 95687",+1 707-451-0622,https://www.kohls.com/stores/ca/vacaville-757.shtml,38.3754396,-121.946873,,,w_253078348,"shop=department_store, brand=Kohl's"
"Isleton, CA",,retail,445110,Safeway,"5021 Laguna Boulevard, Elk Grove, CA, 95758",+1 916-691-3770,https://local.safeway.com/safeway/ca/elk-grove/5021-laguna-blvd.html,38.4242674,-121.4465539,,,w_253581759,"shop=supermarket, brand=Safeway"
"Isleton, CA",,retail,445110,Safeway,"1235 Stratford Avenue, Dixon, CA, 95620",+1 707-678-7400,https://local.safeway.com/safeway/ca/dixon/1235-stratford-ave.html,38.4569579,-121.8389756,,,w_253702561,"shop=supermarket, brand=Safeway"
"Isleton, CA",,retail,445110,Safeway,"14840 State Highway 4, Discovery Bay, CA, 94514",+1 925-626-6000,https://local.safeway.com/safeway/ca/discovery-bay/14840-hwy-4.html,37.8907358,-121.6214614,,,w_253707933,"shop=supermarket, brand=Safeway"
"Isleton, CA",,retail,445110,Safeway,"4309 Clayton Road, Concord, CA, 94521",+1 925-356-2710,https://local.safeway.com/safeway/ca/concord/4309-clayton-rd.html,37.9661682,-121.9906967,,,w_253761737,"shop=supermarket, brand=Safeway"
"Isleton, CA",,retail,445110,Safeway,"5431 Clayton Road, Clayton, CA, 94517",+1 925-672-2135,https://local.safeway.com/safeway/ca/clayton/5431-clayton-rd.html,37.9538063,-121.9534531,,,w_253766161,"shop=supermarket, brand=Safeway"
"Isleton, CA",,retail,445110,Trader Joe's,"5451 Lone Tree Way, Brentwood, CA, 94513",+1 925-516-3044,https://locations.traderjoes.com/ca/brentwood/201/,37.9606962,-121.7499846,,,w_262631570,"shop=supermarket, brand=Trader Joe's"
"Isleton, CA",,retail,445120,ExtraMile,,,,37.9610332,-121.7470306,,,w_262631575,"shop=convenience, brand=ExtraMile"
"Isleton, CA",,retail,445110,WinCo Foods,,,,37.9648292,-121.7292956,,,w_262639611,"shop=supermarket, brand=WinCo Foods"
"Isleton, CA",,retail,445120,,,,,37.9624398,-121.7605462,,,w_263315994,shop=convenience
"Isleton, CA",,retail,445120,ExtraMile,,,,37.9866811,-121.2457883,,,w_268958549,"shop=convenience, brand=ExtraMile"
"Isleton, CA",,retail,445120,,,,,37.9869916,-121.2473116,,,w_272203051,shop=convenience
"Isleton, CA",,retail,445120,Chevron,,,,37.9654073,-121.7800972,,,w_273428427,"shop=convenience, amenity=fuel, brand=Chevron"
"Isleton, CA",,retail,446110,Walgreens,,,,38.3349001,-121.9692621,,,w_286953514,"shop=chemist, brand=Walgreens"
"Isleton, CA",,retail,445110,Grocery Outlet,"1060 North Wilson Way, Stockton, CA",,,37.9671546,-121.2735514,,,w_287550442,"shop=supermarket, brand=Grocery Outlet"
"Isleton, CA",,retail,445110,Tienda Guatemalteca El Quetzal,"1069 North Wilson Way, Stockton, CA",,,37.9668658,-121.2748498,,,w_287550772,shop=supermarket
"Isleton, CA",,retail,452210,Ross,"10864 Trinity Parkway, Stockton, CA, 95219",+1 209-474-9518,,38.0562888,-121.3735286,,,w_287551592,"shop=department_store, brand=Ross"
"Isleton, CA",,retail,445120,Valero,"1210 East Hammer Lane, Stockton, CA",,,38.0205073,-121.2972253,,,w_287553793,"shop=convenience, brand=Valero"
"Isleton, CA",,retail,445120,Chevron,"1530 East Morada Lane, Stockton, CA",,,38.0362727,-121.2942575,,,w_287558141,"shop=convenience, brand=Chevron"
"Isleton, CA",,retail,445120,Don Jose's Market,"2196 East Main Street, Stockton, CA",,,37.9550129,-121.2598876,,,w_287577589,shop=convenience
"Isleton, CA",,retail,445110,Super Mercado,"2481 East Main Street, Stockton, CA",,,37.9552321,-121.2526832,,,w_287586479,shop=supermarket
"Isleton, CA",,retail,445120,Michael's Market,"3130 East Main Street, Stockton, CA",,,37.954256,-121.2450458,,,w_287597294,shop=convenience
"Isleton, CA",,retail,452319,Dollar Tree,"3728 East Hammer Lane, Stockton, CA, 95212",+1 209-390-0642,https://www.dollartree.com/locations/ca/stockton/1260/,38.0199645,-121.2681568,,,w_287606178,"shop=variety_store, brand=Dollar Tree"
"Isleton, CA",,retail,445110,Raley's,"4255 East Morada Lane, Stockton, CA",,,38.0398364,-121.2601741,,,w_287613863,"shop=supermarket, brand=Raley's"
"Isleton, CA",,retail,445120,7-Eleven,"4415 Pacific Avenue, Stockton, CA",,https://www.7-eleven.com/locations/ca/stockton/4415-pacific-ave-41341,37.9880118,-121.3122023,,,w_287616021,"shop=convenience, brand=7-Eleven"
"Isleton, CA",,retail,445120,7-Eleven,"4627 Da Vinci Drive, Stockton, CA, 95207",,https://www.7-eleven.com/locations/ca/stockton/4627-da-vinci-drive-20632,37.9840278,-121.3403126,,,w_287617108,"shop=convenience, brand=7-Eleven"
"Isleton, CA",,retail,446110,Rite Aid,"4774 West Lane, Stockton, CA, 95210",+1 (209) 473-9170,https://www.riteaid.com/locations/ca/stockton/4774-west-lane.html,37.9973804,-121.2879772,,,w_287617643,"shop=chemist, brand=Rite Aid"
"Isleton, CA",,retail,445310,BevMo!,"6393 Pacific Avenue, Stockton, CA",,,38.0078445,-121.3201506,,,w_287624442,"shop=alcohol, brand=BevMo!"
"Isleton, CA",,retail,446110,Walgreens,"7850 West Lane, Stockton, CA, 95210",,https://www.walgreens.com/locator/walgreens-7850+west+ln-stockton-ca-95210/id=10482,38.0197385,-121.2942561,,,w_287628089,"shop=chemist, brand=Walgreens"
"Isleton, CA",,retail,445110,Food 4 Less,"789 West Hammer Lane, Stockton, CA",,,38.0228402,-121.32141,,,w_287628100,"shop=supermarket, brand=Food 4 Less"
"Isleton, CA",,retail,445120,Convenient Food Mart,"8660 Lower Sacramento Road, Stockton, CA",,,38.0297864,-121.3221413,,,w_287629434,"shop=convenience, brand=Convenient Food Mart"
"Isleton, CA",,retail,452210,Kohl's,"10850 Trinity Parkway, Stockton, CA, 95219",+1 209-954-1820,https://www.kohls.com/stores/ca/stockton-708.shtml,38.0555182,-121.3732126,,,w_287634064,"shop=department_store, brand=Kohl's"
"Isleton, CA",,retail,452210,Marshalls,"2203 Grand Canal Boulevard, Stockton, CA, 95207",+1-209-952-7870,https://www.marshalls.com/store-finder/Stockton-CA-95207/122,37.9854081,-121.333685,,,w_287634069,"shop=department_store, brand=Marshalls"
"Isleton, CA",,retail,452210,Target,"10424 Trinity Parkway, Stockton, CA, 95219-7225",+1 209-235-0251,https://www.target.com/sl/stockton-north/1862,38.0519306,-121.3720483,,,w_287634099,"shop=department_store, brand=Target"
"Isleton, CA",,retail,452210,Target,"4707 Pacific Avenue, Stockton, CA, 95207-6301",+1 209-476-8081,https://www.target.com/sl/stockton/313,37.9917997,-121.315257,,,w_287634100,"shop=department_store, brand=Target"
"Isleton, CA",,retail,446110,Walgreens,"660 West March Lane, Stockton, CA",,https://www.walgreens.com/locator/walgreens-660+w+march+ln-stockton-ca-95207/id=15398,37.9902881,-121.3132982,,,w_287634104,"shop=chemist, brand=Walgreens"
"Isleton, CA",,retail,445120,Food Mart,,,,37.9272765,-121.296374,,,w_288215827,"shop=convenience, brand=Convenient Food Mart"
"Isleton, CA",,retail,445110,Walmart Neighborhood Market,"1189 East March Lane, Stockton, CA, 95210",+1 209-235-2047,https://www.walmart.com/store/3022-stockton-ca,38.0041333,-121.2924476,,,w_289978993,"shop=supermarket, brand=Walmart, operator=Walmart"
"Isleton, CA",,retail,445110,WinCo Foods,5110 Montauban Avenue,+1 (209) 954-1360,https://www.wincofoods.com/stores/win-co-foods-stockton-10/4660,38.0046857,-121.2837813,,,w_289979041,"shop=supermarket, brand=WinCo Foods"
"Isleton, CA",,retail,445110,Walmart Supercenter,"3223 East Hammer Lane, Stockton, CA, 95212",+1 209-473-2796,https://www.walmart.com/store/1554-stockton-ca,38.0235354,-121.2734841,,,w_290299360,"shop=supermarket, brand=Walmart, operator=Walmart"
"Isleton, CA",,retail,446110,Rite Aid,"1050 North Wilson Way, Stockton, CA, 95205",,,37.9670937,-121.2741433,,,w_290299866,"shop=chemist, brand=Rite Aid"
"Isleton, CA",,retail,445120,7-Eleven,,,,38.0042196,-121.3523225,,,w_290407296,"shop=convenience, brand=7-Eleven"
"Isleton, CA",,retail,445120,76,,,,38.0199943,-121.2719953,,,w_293613262,"shop=convenience, brand=76"
"Isleton, CA",,retail,445120,76,"2701 West March Lane, Stockton, CA, 95219",,,37.9850914,-121.345123,,,w_293623603,"shop=convenience, brand=76"
"Isleton, CA",,retail,445120,ampm,,,,38.1528658,-121.3005581,,,w_319789059,"shop=convenience, brand=ampm"
"Isleton, CA",,retail,445120,76,,,,38.1141251,-121.3940375,,,w_320104229,"shop=convenience, brand=76, operator=76"
"Isleton, CA",,retail,452210,TJ Maxx,"4673 Clayton Road, Concord, CA, 94521",,,37.9627542,-121.982873,,,w_356386674,"shop=department_store, brand=TJ Maxx, operator=TJ Maxx"
"Isleton, CA",,retail,452210,Walmart,"10075 Bruceville Road, Elk Grove, CA, 95757",+1 916-585-7344,https://www.walmart.com/store/5848-elk-grove-ca,38.3913382,-121.4162933,,,w_371312481,"shop=department_store, brand=Walmart, operator=Walmart"
"Isleton, CA",,retail,452319,Dollar Tree,"1347 Florin Road, Sacramento, CA, 95831",,https://www.dollartree.com/locations/ca/sacramento/2545/,38.4969545,-121.5072397,,,w_386324749,"shop=variety_store, brand=Dollar Tree"
"Isleton, CA",,retail,445310,,,,,38.3610039,-121.9751663,,,w_402283314,shop=alcohol
"Isleton, CA",,retail,446110,CVS Pharmacy,,,https://www.cvs.com/store-locator/vacaville-ca-pharmacies/191-depot-st-vacaville-ca-95688/storeid=9819,38.3583868,-121.9807134,,,w_402288622,"shop=chemist, brand=CVS Pharmacy"
"Isleton, CA",,retail,445120,ampm,"14931 Flag City Boulevard, Lodi, CA, 95242",,,38.1155508,-121.3864746,,,w_402337626,"shop=convenience, brand=ampm"
"Isleton, CA",,retail,445120,ampm,"9590 Harbour Point Drive, Elk Grove, CA, 95758",,,38.409384,-121.4777395,,,w_402338544,"shop=convenience, brand=ampm"
"Isleton, CA",,retail,445120,ampm,"8500 Elk Grove Boulevard, Elk Grove, CA, 95758",,,38.4085513,-121.3898408,,,w_404275362,"shop=convenience, brand=ampm"
"Isleton, CA",,retail,445120,ampm,"9215 Elk Grove Florin Road, Elk Grove, CA, 95624",,,38.4229415,-121.3708962,,,w_404276070,"shop=convenience, brand=ampm"
"Isleton, CA",,retail,445120,ampm,"6698 Mack Road, Sacramento, CA, 95823",,,38.4736306,-121.4260932,,,w_404277727,"shop=convenience, brand=ampm"
"Isleton, CA",,retail,445120,ampm,"8100 Gerber Road, Sacramento, CA",,,38.4813013,-121.4079766,,,w_404277814,"shop=convenience, brand=ampm"
"Isleton, CA",,retail,445310,Vacaville Food & Liquor,"300 Parker Street, Vacaville, CA, 95688",,,38.3564004,-121.9901196,,,w_407110604,shop=alcohol
"Isleton, CA",,retail,453110,Rose Florist & Gift Shop,"218 Main Street, Vacaville, CA, 95688",,,38.3564229,-121.9903125,,,w_407110605,shop=florist
"Isleton, CA",,retail,445210,Lockeford Meat Service,"19775 Cotton Street, Lockeford, CA, 95237",+1-209-727-5584,,38.1624643,-121.1510316,,,w_408506631,shop=butcher
"Isleton, CA",,retail,445120,Tes Mart,,,,38.1622984,-121.1511599,,,w_408506633,shop=convenience
"Isleton, CA",,retail,452210,Kohl's,"5511 Lone Tree Way, Brentwood, CA, 94513",+1 925-513-3370,https://www.kohls.com/stores/ca/brentwood-758.shtml,37.9580584,-121.7492396,,,w_429100507,"shop=department_store, brand=Kohl's"
"Isleton, CA",,retail,446110,Walgreens,"250 Florin Road, Sacramento, CA, 95831",,https://www.walgreens.com/locator/walgreens-250+florin+rd-sacramento-ca-95831/id=10716,38.5093241,-121.543039,,,w_436507624,"shop=chemist, brand=Walgreens"
"Isleton, CA",,retail,445110,Foods Co,"7421 West Stockton Boulevard, Sacramento, CA, 95823",,foodsco.net,38.4566928,-121.4154063,,,w_457364892,"shop=supermarket, brand=Foods Co"
"Isleton, CA",,retail,446110,Walgreens,,,https://www.walgreens.com/locator/walgreens-2700+willow+pass+rd-bay+point-ca-94565/id=13026,38.0270718,-121.9416059,,,w_459851071,"shop=chemist, brand=Walgreens"
"Isleton, CA",,retail,445110,Walmart Supercenter,"10355 Trinity Parkway, Stockton, CA, 95219",+1 209-235-0558,https://www.walmart.com/store/3352-stockton-ca,38.0497228,-121.3762841,,,w_467566006,"shop=supermarket, brand=Walmart, operator=Walmart"
"Isleton, CA",,retail,445110,Lucky,"1979 Peabody Road, CA",+1-707-452-0991,https://www.luckysupermarkets.com/stores#/5092,38.3363841,-121.9686028,,,w_468499167,"shop=supermarket, brand=Lucky"
"Isleton, CA",,retail,445310,Total Wine,"1680 East Monte Vista Avenue, Vacaville, CA, 95688",+1 707-474-4644,https://www.totalwine.com/store-info/california-vacaville/1142,38.3697803,-121.9589065,,,w_468838967,"shop=alcohol, brand=Total Wine"
"Isleton, CA",,retail,446110,CVS Pharmacy,,,https://www.cvs.com/store-locator/elk-grove-ca-pharmacies/8400-bradshaw-rd-elk-grove-ca-95624/storeid=182,38.4521281,-121.3356288,,,w_499179326,"shop=chemist, brand=CVS Pharmacy"
"Isleton, CA",,retail,445110,Walmart Supercenter,"8270 Delta Shores Circle South, Sacramento, CA, 95832",+1 916-665-1011,https://www.walmart.com/store/2464-sacramento-ca,38.4596032,-121.4928968,,,w_545766729,"shop=supermarket, brand=Walmart, operator=Walmart"
"Isleton, CA",,retail,445120,Valero,,,,37.9858517,-122.0105646,,,w_552338254,"shop=convenience, brand=Valero"
"Isleton, CA",,retail,445120,Shell,,,,38.0086695,-121.8701636,,,w_552679753,"shop=convenience, brand=Shell"
"Isleton, CA",,retail,445120,Chevron,,,,38.4076029,-121.477006,,,w_552685321,"shop=convenience, brand=Chevron"
"Isleton, CA",,retail,445120,,,,,37.9997354,-121.8054054,,,w_556388442,shop=convenience
"Isleton, CA",,retail,452210,Kohl's,"8810 Calvine Road, Sacramento, CA, 95828",+1 916-681-7660,https://www.kohls.com/stores/ca/sacramento-1159.shtml,38.451321,-121.3765895,,,w_559543997,"shop=department_store, brand=Kohl's"
"Isleton, CA",,retail,445110,Island Pacific Seafood Market,"8430 Elk Grove Florin Road, Elk Grove, CA, 95624",+1-916-689-0467,https://islandpacificmarket.com/stores/listing/elk-grove,38.4506004,-121.3722091,,,w_559544007,shop=supermarket
"Isleton, CA",,retail,445110,Walmart Supercenter,"1601 South Lower Sacramento Road, Lodi, CA, 95242",+1 209-368-6696,https://www.walmart.com/store/1789-lodi-ca,38.1130988,-121.3099455,,,w_566350252,"shop=supermarket, brand=Walmart"
"Isleton, CA",,retail,452210,Walmart,"8466 Elk Grove Boulevard, Elk Grove, CA, 95758",+1 (916) 684-7100,https://www.walmart.com/store/1697-elk-grove-ca,38.4117677,-121.391632,,,w_610978659,"shop=department_store, brand=Walmart, operator=Walmart"
"Isleton, CA",,retail,445120,Shell,"9611 Auto Center Drive, Elk Grove, CA, 95757",+1 916-691-3188,https://find.shell.com/us/fuel/10004434-9611-auto-center-dr,38.4083201,-121.3932747,,,w_611501569,"shop=convenience, brand=Shell, operator=Shell"
"Isleton, CA",,retail,445120,7-Eleven,"901 Mason Street, Vacaville, CA, 95688",+1 707-449-9473,https://www.7-eleven.com/locations/ca/vacaville/901-mason-st-39555,38.3556107,-121.9809044,,,w_611842371,"shop=convenience, brand=7-Eleven"
"Isleton, CA",,retail,445110,WinCo Foods,"855 Davis Street, Vacaville, CA, 95688",,,38.3466011,-121.9841677,,,w_614132985,"shop=supermarket, brand=WinCo Foods"
"Isleton, CA",,retail,452319,Dollar Tree,"230 Peabody Road, Vacaville, CA, 95687",7073054296,https://www.dollartree.com/locations/ca/vacaville/1235/,38.3493681,-121.9766452,,,w_614140915,"shop=variety_store, brand=Dollar Tree"
"Isleton, CA",,retail,445110,Walmart Supercenter,"350 Walters Road, Suisun City, CA, 94585",+1 707-639-4980,https://www.walmart.com/store/3708-suisun-city-ca,38.2426758,-121.9902909,,,w_616207071,"shop=supermarket, brand=Walmart, operator=Walmart"
"Isleton, CA",,retail,446120,De Allore Hair and Nail Studio,"217 Parker Street, Vacaville, CA, 95688",,,38.3572777,-121.9897191,,,w_672821332,shop=beauty
"Isleton, CA",,retail,445110,FoodMaxx,"4461 Balfour Road, Brentwood, CA, 94513",,,37.9269277,-121.6969958,,,w_674856480,"shop=supermarket, brand=FoodMaxx"
"Isleton, CA",,retail,445120,Power Market,,,,37.9251173,-121.6893724,,,w_675890738,shop=convenience
"Isleton, CA",,retail,445120,ExtraMile,,,,38.2931222,-122.0331637,,,w_679418170,"shop=convenience, brand=ExtraMile"
"Isleton, CA",,retail,446110,CVS Pharmacy,"3340 North Texas Street, Fairfield, CA, 94533",,https://www.cvs.com/store-locator/cvs-pharmacy-address/3340+North+Texas+Street-Fairfield-CA-94533/storeid=9712,38.2914405,-122.0333667,,,w_679418174,"shop=chemist, brand=CVS Pharmacy"
"Isleton, CA",,retail,445120,ampm,,,,38.29471,-122.0323908,,,w_679418176,"shop=convenience, brand=ampm"
"Isleton, CA",,retail,445110,,,,,38.4702404,-121.4140741,,,w_686382145,"shop=supermarket, brand=Office Depot"
"Isleton, CA",,retail,445110,Grocery Outlet,,,,38.470165,-121.4162879,,,w_686382149,"shop=supermarket, brand=Grocery Outlet"
"Isleton, CA",,retail,453110,Stems Florist,"637 Merchant Street, Vacaville, CA, 95688",,,38.3514052,-121.9926171,,,w_686401379,shop=florist
"Isleton, CA",,retail,453991,Cigarettes & More,"641 Merchant Street, Vacaville, CA, 95688",,,38.3513225,-121.99263,,,w_686401380,shop=tobacco
"Isleton, CA",,retail,445120,,,,,38.4556454,-121.4062779,,,w_686454245,shop=convenience
"Isleton, CA",,retail,445120,Food Mart,,,,38.4546062,-121.4064192,,,w_686454247,shop=convenience
"Isleton, CA",,retail,446110,CVS Pharmacy,"6401 Mack Road, Sacramento, CA, 95823",,,38.4748235,-121.4279018,,,w_686465637,"shop=chemist, brand=CVS Pharmacy"
"Isleton, CA",,retail,445110,WinCo Foods,"8142 Sheldon Road, Elk Grove, CA, 95758",,,38.4360284,-121.4067659,,,w_686477538,"shop=supermarket, brand=WinCo Foods"
"Isleton, CA",,retail,445120,,,,,38.43764,-121.4083639,,,w_686477543,shop=convenience
"Isleton, CA",,retail,445120,,,,,38.4242249,-121.3909127,,,w_686477558,shop=convenience
"Isleton, CA",,retail,445120,,,,,38.4240394,-121.3892687,,,w_686477561,shop=convenience
"Isleton, CA",,retail,445120,,,,,38.4220979,-121.4001576,,,w_686477580,shop=convenience
"Isleton, CA",,retail,445110,Foods Co,,,,38.4803583,-121.4076453,,,w_686678132,"shop=supermarket, brand=Foods Co"
"Isleton, CA",,retail,445120,Alamo Gas Food & Car Wash,"970 Alamo Drive, Vacaville, CA, 95687",,,38.34303,-121.9960332,,,w_687268137,shop=convenience
"Isleton, CA",,retail,445120,ampm,"10057 Bruceville Road, Elk Grove, CA, 95757",+19166850700,,38.3935094,-121.4160904,,,w_687882898,"shop=convenience, brand=ampm"
"Isleton, CA",,retail,445110,County Square Market,"136 Peabody Road, Vacaville, CA, 95687",707-455-1786,https://countysquaremarket.com/,38.3525623,-121.9774245,,,w_687996492,shop=supermarket
"Isleton, CA",,retail,445310,,,,,38.3525179,-121.9792221,,,w_687996497,shop=alcohol
"Isleton, CA",,retail,445120,,,,,38.4096794,-121.4058714,,,w_688043101,shop=convenience
"Isleton, CA",,retail,445110,La Placita,"111 Brown Street, Vacaville, CA, 95688",,,38.3605429,-121.9778663,,,w_688086595,shop=supermarket
"Isleton, CA",,retail,445110,Lucky,"777 East Monte Vista Avenue, Vacaville, CA, 95688",,,38.3601823,-121.9829075,,,w_688784406,"shop=supermarket, brand=Lucky"
"Isleton, CA",,retail,446120,Pro Nails,"761 East Monte Vista Avenue, Vacaville, CA, 95688",,,38.3598681,-121.9837434,,,w_688784415,shop=beauty
"Isleton, CA",,retail,453991,Tobaccoville,"755 East Monte Vista Avenue, Vacaville, CA, 95688",,,38.359706,-121.9837479,,,w_688784418,shop=tobacco
"Isleton, CA",,retail,452210,Ross,"1300 Gateway Boulevard, Fairfield, CA, 94533",+1 707-399-8425,,38.263007,-122.0505619,,,w_689052619,"shop=department_store, brand=Ross"
"Isleton, CA",,retail,445110,Nugget Markets,"130 Browns Valley Parkway, Vacaville, CA, 95688",,,38.3646849,-121.9695145,,,w_689555562,shop=supermarket
"Isleton, CA",,retail,445310,Parkway Food & Liquor,"146 Browns Valley Parkway, Vacaville, CA, 95688",,,38.3657494,-121.9693767,,,w_689555569,shop=alcohol
"Isleton, CA",,retail,446120,Hawaii Nails & Spa,"148 Browns Valley Parkway, Vacaville, CA, 95688",,,38.3658402,-121.9692975,,,w_689555570,shop=beauty
"Isleton, CA",,retail,446120,Happy Nails & Spa,"210 Peabody Road, Vacaville, CA, 95687",+1 707-451-1144,https://happynailsvacaville.com/,38.3501155,-121.9766311,,,w_692824874,shop=beauty
"Isleton, CA",,retail,445120,City Gas & Food Mart,"401 Merchant Street, Vacaville, CA, 95688",,,38.3547333,-121.9899595,,,w_693203168,shop=convenience
"Isleton, CA",,retail,446120,Mirage Salon & Spa,"536 Main Street, Vacaville, CA, 95688",,,38.3564265,-121.9870536,,,w_693733300,shop=beauty
"Isleton, CA",,retail,453110,Pearson's Florist,"390 East Monte Vista Avenue, Vacaville, CA, 95688",,,38.3588546,-121.9889977,,,w_694008077,shop=florist
"Isleton, CA",,retail,445120,Monte Vista Food & Liquor,"390 East Monte Vista Avenue, Vacaville, CA, 95688",,,38.3588557,-121.9891475,,,w_694008078,shop=convenience
"Isleton, CA",,retail,446120,Perfect Eyebrows,"125 Peabody Road, Vacaville, CA, 95687",,,38.3523916,-121.9748813,,,w_698165645,shop=beauty
"Isleton, CA",,retail,445110,Desi Outlet,"127 Peabody Road, Vacaville, CA, 95687",,,38.3523337,-121.9748823,,,w_698165646,shop=supermarket
"Isleton, CA",,retail,446120,Lavender Nails & Spa,"139 Peabody Road, Vacaville, CA, 95687",,,38.35199,-121.9748882,,,w_698165653,shop=beauty
"Isleton, CA",,retail,453991,Smoke Division,"153 Peabody Road, Vacaville, CA, 95687",,,38.3516653,-121.975786,,,w_698165661,shop=tobacco
"Isleton, CA",,retail,445120,7-Eleven,"167 Peabody Road, Vacaville, CA, 95687",+1 707-448-1143,https://www.7-eleven.com/locations/ca/vacaville/167-peabody-rd-16055,38.3513285,-121.9756682,,,w_698165662,"shop=convenience, brand=7-Eleven"
"Isleton, CA",,retail,445120,Shell Select,"177 Peabody Road, Vacaville, CA, 95687",,,38.3508115,-121.9758053,,,w_698165668,"shop=convenience, brand=Shell Select"
"Isleton, CA",,retail,445310,B2B Wine & Spirits,"808 Alamo Drive, Vacaville, CA, 95688",,,38.3487693,-122.0000458,,,w_702325638,shop=alcohol
"Isleton, CA",,retail,446120,Natural Tans,"858 Alamo Drive, Vacaville, CA, 95688",,,38.3475263,-122.0004489,,,w_702325649,shop=beauty
"Isleton, CA",,retail,446120,Orchids Nails,"892 Alamo Drive, Vacaville, CA, 95688",,,38.3473167,-121.9986404,,,w_702325666,shop=beauty
"Isleton, CA",,retail,445120,ExtraMile,"970 Merchant Street, Vacaville, CA, 95688",,,38.3474469,-121.9983798,,,w_702325667,"shop=convenience, brand=ExtraMile"
"Isleton, CA",,retail,446120,Pure Nails,"921 Merchant Street, Vacaville, CA, 95688",,,38.3479276,-121.9965372,,,w_702359018,shop=beauty
"Isleton, CA",,retail,452210,Big Lots,"818 Alamo Drive, Vacaville, CA, 95688",+1 707-469-9330,https://local.biglots.com/ca/vacaville/818-alamo-dr,38.3484805,-122.0002495,,,w_702607662,"shop=department_store, brand=Big Lots"
"Isleton, CA",,retail,445120,ExtraMile,"182 Nut Tree Parkway, Vacaville, CA, 95687",,,38.36294,-121.9656701,,,w_704236459,"shop=convenience, brand=ExtraMile"
"Isleton, CA",,retail,446120,Cali Nails Spa,"196 Nut Tree Parkway, Vacaville, CA, 95687",,,38.3621332,-121.9669068,,,w_704236464,shop=beauty
"Isleton, CA",,retail,446120,Studio 13,"350 Main Street, Vacaville, CA, 95688",,,38.3563824,-121.9889189,,,w_706231388,shop=beauty
"Isleton, CA",,retail,445120,Food Mart,"6854 Sievers Road, Dixon, CA, 95620",,,38.4896737,-121.804204,,,w_712928356,shop=convenience
"Isleton, CA",,retail,446120,Gaia Nails,"1610 East Monte Vista Avenue, Vacaville, CA, 95688",,,38.366463,-121.9633731,,,w_732019987,shop=beauty
"Isleton, CA",,retail,446120,European Wax Center,"1630 East Monte Vista Avenue, Vacaville, CA, 95688",,https://locations.waxcenter.com/ca/vacaville/vacaville-0425.html,38.3674037,-121.9619742,,,w_732020005,"shop=beauty, brand=European Wax Center"
"Isleton, CA",,retail,445310,BevMo!,"1621 East Monte Vista Avenue, Vacaville, CA, 95688",,,38.368378,-121.9642237,,,w_736467300,"shop=alcohol, brand=BevMo!"
"Isleton, CA",,retail,446120,Top Coat Nail Salon & Spa,"1631 East Monte Vista Avenue, Vacaville, CA, 95688",,,38.3681021,-121.9635345,,,w_736467303,shop=beauty
"Isleton, CA",,retail,446191,Vitality Bowls,"1631 East Monte Vista Avenue, Vacaville, CA, 95688",,,38.3680248,-121.9634181,,,w_736467305,shop=health_food
"Isleton, CA",,retail,445292,See's Candies,"1631 East Monte Vista Avenue, Vacaville, CA, 95688",,,38.3679964,-121.9632978,,,w_736467306,"shop=confectionery, brand=See's Candies"
"Isleton, CA",,retail,446120,Angel Nail & Spa,"1615 East Monte Vista Avenue, Vacaville, CA, 95688",,,38.3670147,-121.9639222,,,w_736467313,shop=beauty
"Isleton, CA",,retail,446120,Ulta Beauty,"1641 East Monte Vista Avenue, Vacaville, CA, 95688",+1 707-455-8369,https://www.ulta.com/stores/vacaville-ca-545,38.3694591,-121.9626877,,,w_736793615,"shop=beauty, brand=Ulta Beauty"
"Isleton, CA",,retail,446120,Eyebrow Art,"1639 East Monte Vista Avenue, Vacaville, CA, 95688",,,38.3682683,-121.9629987,,,w_736949423,shop=beauty
"Isleton, CA",,retail,445292,Jelly Belly,"1663 East Monte Vista Avenue, Vacaville, CA, 95688",,,38.3703143,-121.9616247,,,w_741343188,shop=confectionery
"Isleton, CA",,retail,446191,True Roots Juice & Eats,"374 Merchant Street, Vacaville, CA, 95688",,,38.3553629,-121.9897801,,,w_743195271,shop=health_food
"Isleton, CA",,retail,446120,Merle Norman,"368 Merchant Street, Vacaville, CA, 95688",,,38.3555001,-121.9896097,,,w_743195273,"shop=cosmetics, brand=Merle Norman Cosmetics"
"Isleton, CA",,retail,445120,Chevron,,,,38.39506,-121.9519691,,,w_779691258,"shop=convenience, brand=Chevron"
"Isleton, CA",,retail,445120,ExtraMile,,,,38.2431622,-122.0179446,,,w_779722560,"shop=convenience, brand=ExtraMile"
"Isleton, CA",,retail,445120,,,,,38.2442726,-122.0210295,,,w_779725747,shop=convenience
"Isleton, CA",,retail,446110,Rite Aid,"135 Sunset Avenue, Suisun City, CA, 94585",7074264242,https://www.riteaid.com/locations/ca/suisun-city/135-sunset-avenue.html,38.245977,-122.0190247,,,w_779727713,"shop=chemist, brand=Rite Aid"
"Isleton, CA",,retail,445120,7-Eleven,"206 East Tabor Avenue, Fairfield, CA, 94533-3967",+1 707-426-0342,https://www.7-eleven.com/locations/ca/fairfield/206-e-tabor-ave-14149,38.265896,-122.03225,,,w_779976061,"shop=convenience, brand=7-Eleven"
"Isleton, CA",,retail,445120,ampm,,,,38.4462854,-121.8540157,,,w_781357253,"shop=convenience, brand=ampm"
"Isleton, CA",,retail,445120,,,,,38.44631,-121.8557809,,,w_781357255,shop=convenience
"Isleton, CA",,retail,445120,Chevron,,,,38.468622,-121.8231598,,,w_781425139,"shop=convenience, brand=Chevron"
"Isleton, CA",,retail,445120,7-Eleven,"1075 North First Street, Dixon, CA, 95620-2428",+1 707-678-9187,https://www.7-eleven.com/locations/ca/dixon/1075-north-first-st-23584,38.455864,-121.8231267,,,w_781433858,"shop=convenience, brand=7-Eleven"
"Isleton, CA",,retail,445120,,,,,38.4564325,-121.8228804,,,w_781433860,shop=convenience
"Isleton, CA",,retail,445110,Safeway,"3110 Balfour Road, Brentwood, CA, 94513",+1 925-626-6020,https://local.safeway.com/safeway/ca/brentwood/3110-balfour-rd.html,37.9239887,-121.721904,,,w_813728895,"shop=supermarket, brand=Safeway"
"Isleton, CA",,retail,446110,CVS Pharmacy,"3171 Balfour Road, Brentwood, CA, 94513",,https://www.cvs.com/store-locator/brentwood-ca-pharmacies/3171-balfour-rd-brentwood-ca-94513/storeid=4283,37.926326,-121.7212149,,,w_813728896,"shop=chemist, brand=CVS Pharmacy"
"Isleton, CA",,retail,445120,ampm,,,,37.9608842,-121.7331466,,,w_941658793,"shop=convenience, brand=ampm"
"Isleton, CA",,retail,445120,Shell,,,,38.1602469,-121.6922141,,,w_942012876,"shop=convenience, brand=Shell"
"Isleton, CA",,retail,445210,"Carniceria La Reyna, Inc.","889 Markham Avenue, Vacaville, CA, 95688",,,38.3596196,-121.9812776,,,w_960910063,shop=butcher
"Isleton, CA",,retail,445310,Depot Food & Liquor,"891 Markham Avenue, Vacaville, CA, 95688",,,38.3594587,-121.9813197,,,w_960910064,shop=alcohol
"Isleton, CA",,retail,445120,7-Eleven,"1050 Laurel Road, Oakley, CA, 94561",,https://www.7-eleven.com/locations/ca/oakley/1050-laurel-rd-38732,37.9839066,-121.7145939,,,w_967727678,"shop=convenience, brand=7-Eleven"
"Isleton, CA",,retail,445120,Power Market,,,,37.9975135,-121.7145166,,,w_969650741,shop=convenience
"Isleton, CA",,retail,445120,ampm,"4501 Main Street, Oakley, CA, 94561",,,37.9899266,-121.6977424,,,w_971048737,"shop=convenience, brand=ampm"
"Isleton, CA",,retail,445120,,,,,38.2675962,-121.3019276,,,w_972974135,shop=convenience
"Isleton, CA",,retail,445110,Lucky,,,,37.9964404,-121.7313434,,,w_974164664,"shop=supermarket, brand=Lucky"
"Isleton, CA",,retail,446110,Rite Aid,,,https://www.riteaid.com/locations/ca/oakley/2555-main-street.html,37.9964779,-121.7305889,,,w_974164665,"shop=chemist, brand=Rite Aid"
"Isleton, CA",,retail,445120,ExtraMile,,,,37.9655866,-121.9926577,,,w_976191132,"shop=convenience, brand=ExtraMile"
"Isleton, CA",,retail,445120,ampm,,,,37.9838005,-121.7338342,,,w_977097291,"shop=convenience, brand=ampm"
"Isleton, CA",,retail,445120,7-Eleven,,,https://www.7-eleven.com/locations/ca/oakley/2437-main-street-32787,37.9982773,-121.7321314,,,w_981100790,"shop=convenience, brand=7-Eleven"
"Isleton, CA",,retail,445120,7-Eleven,,,https://www.7-eleven.com/locations/ca/oakley/2001-laurel-rd-37929,37.9827709,-121.7327904,,,w_982159006,"shop=convenience, brand=7-Eleven"
"Isleton, CA",,retail,445120,Chevron,,,,38.0047039,-121.7511906,,,w_985022329,"shop=convenience, brand=Chevron"
"Isleton, CA",,retail,445120,Shell,,,,38.0056865,-121.7512995,,,w_985022338,"shop=convenience, brand=Shell"
"Isleton, CA",,retail,445310,Hillcrest Liquors & Food,"1107 East 18th Street, Antioch, CA, 94509",,,38.0044129,-121.7867098,,,w_991363980,shop=alcohol
"Isleton, CA",,retail,445120,7-Eleven,"1101 East 18th Street, Antioch, CA, 94509",+1 925-757-5478,https://www.7-eleven.com/locations/ca/antioch/1101-east-18th-st-20039,38.0044013,-121.7871661,,,w_991363981,"shop=convenience, brand=7-Eleven"
"Isleton, CA",,retail,445120,ampm,,,,38.007761,-121.8716791,,,w_1004514114,"shop=convenience, brand=ampm"
"Isleton, CA",,retail,446110,CVS Pharmacy,"6632 Pacific Avenue, Stockton, CA, 95207",,https://www.cvs.com/store-locator/stockton-ca-pharmacies/6632-pacific-ave-stockton-ca-95207/storeid=9830,38.010958,-121.3193867,,,w_1011632078,"shop=chemist, brand=CVS Pharmacy"
"Isleton, CA",,retail,445110,Grocery Outlet,"6618 Pacific Avenue, Stockton, CA, 95207",,,38.010587,-121.3192974,,,w_1011632079,"shop=supermarket, brand=Grocery Outlet"
"Isleton, CA",,retail,445120,ampm,,,,38.0541751,-121.3758533,,,w_1011913502,"shop=convenience, brand=ampm"
"Isleton, CA",,retail,445120,7-Eleven,,,https://www.7-eleven.com/locations/ca/stockton/121-s-center-st-38153,37.9509408,-121.2910785,,,w_1011922146,"shop=convenience, brand=7-Eleven"
"Isleton, CA",,retail,446110,Walgreens,,,https://www.walgreens.com/locator/walgreens-3131+w+hammer+ln-stockton-ca-95209/id=9723,38.0218424,-121.3555547,,,w_1011922157,"shop=chemist, brand=Walgreens"
"Isleton, CA",,retail,445120,,"3801 Railroad Avenue, Pittsburg, CA, 94565",,,38.0042975,-121.8937691,,,w_1020376659,"shop=convenience, operator=Amigos Market and Liquor"
"Isleton, CA",,retail,446110,CVS Pharmacy,"230 Atlantic Avenue, Pittsburg, CA, 94564",,,38.0069381,-121.8896822,,,w_1020376662,"shop=chemist, brand=CVS Pharmacy"
"Isleton, CA",,retail,445110,Foods Co,"300 Atlantic Avenue, Pittsburg, CA, 94565",,,38.0069671,-121.8880999,,,w_1020376664,"shop=supermarket, brand=Foods Co"
"Isleton, CA",,retail,445120,7-Eleven,"3300 Loveridge Road, Pittsburg, CA, 94565",+1 925-439-5544,https://www.7-eleven.com/locations/ca/pittsburg/3300-loveridge-rd-19004,38.0026847,-121.8735931,,,w_1020376668,"shop=convenience, brand=7-Eleven"
"Isleton, CA",,retail,445110,Bonfaire Market,"4102 Railroad Avenue, Pittsburg, CA, 94565",,,38.0004298,-121.8960369,,,w_1020405218,shop=supermarket
"Isleton, CA",,retail,445120,Eagle Mini Mart,"3870 Railroad Avenue, Pittsburg, CA, 94565",,,38.0033929,-121.8949049,,,w_1020405443,shop=convenience
"Isleton, CA",,retail,445120,ampm,"2051 Walters Road, Fairfield, CA, 94533",7074325600,,38.265321,-121.9888435,,,w_1047461343,"shop=convenience, brand=ampm"
"Isleton, CA",,retail,445120,Bonfire Market,,,https://www.bonfaremarkets.com/,38.2438798,-121.9871094,,,w_1050385047,shop=convenience
"Isleton, CA",,retail,445120,Quik Stop,,,,38.279339,-121.970606,,,w_1051714900,"shop=convenience, brand=Quik Stop"
"Isleton, CA",,retail,445110,Cielo Supermarker,"1818 A Street, Antioch, CA, 94509",,,38.0044319,-121.8076566,,,w_1079367631,shop=supermarket
"Isleton, CA",,retail,445120,,,,,38.004673,-121.8064884,,,w_1079367634,shop=convenience
"Isleton, CA",,retail,452319,Dollar General,,,https://www.dollargeneral.com/store-directory/ca/lockeford/15928,38.152033,-121.1572655,,,w_1156537996,"shop=variety_store, brand=Dollar General"
"Isleton, CA",,retail,453110,Woodbridge Florist,"18964 N Lower Sacramento Rd, Woodbridge, CA, 95258",,,38.1548404,-121.3004001,,,w_1169369723,shop=florist
"Isleton, CA",,retail,445110,Suisun Seafood Center,"303 Lawler Center Drive, Suisun City, CA, 94585",,,38.2423262,-122.0181721,,,w_1193243491,shop=supermarket
"Isleton, CA",,retail,446120,UV Glamorous,"9075 Elk Grove Boulevard, Elk Grove, CA, 95624",+1-916-683-1540,https://uvobeauty.com/,38.409293,-121.3636882,,,w_1200030969,shop=beauty
"Isleton, CA",,retail,445110,Super La Favorita,"1950 North Texas Street, Fairfield, CA, 94533",+1 707-427-8767,,38.2637635,-122.0331859,,,w_1204763939,shop=supermarket
"Isleton, CA",,retail,446110,CVS Pharmacy,,,https://www.cvs.com/store-locator/clayton-ca-pharmacies/6490-clayton-rd-clayton-ca-94517/storeid=6526,37.94229,-121.9313501,,,w_1235732578,"shop=chemist, brand=CVS Pharmacy"
"Isleton, CA",,retail,445120,7-Eleven,,,,38.4095663,-121.3903208,,,w_1304869325,"shop=convenience, brand=7-Eleven"
"Isleton, CA",,retail,445120,ampm,,,,38.0570393,-121.3508696,,,w_1311182201,"shop=convenience, brand=ampm"
"Isleton, CA",,retail,445120,Chevron,,,,38.1380267,-121.2879655,,,w_1342251744,"shop=convenience, brand=Chevron"
"Isleton, CA",,retail,445120,,,,,38.4737177,-121.4276339,,,w_1349705912,shop=convenience
"Isleton, CA",,retail,445120,T Mart,,,,37.935579,-121.2989175,,,w_1356649036,shop=convenience
