Location,Search Keyword,Segment,NAICS Code,Business Name,Address,Phone Number,Website,Latitude,Longitude,Rating,User Ratings,Place ID,Types
"Auburn, CA",,retail,445110,Nugget Markets,"771 Pleasant Grove Boulevard, Roseville, CA, 95678",916-746-7799,https://www.nuggetmarket.com/locations/roseville/,38.7897526,-121.279782,,,n_584344388,"shop=supermarket, brand=Nugget Market"
"Auburn, CA",,retail,445110,Foodmaxx,"4708 Manzanita Avenue, 95608",9169799191,https://foodmaxx.com,38.649725,-121.326109,,,n_702357125,"shop=supermarket, brand=Save Mart"
"Auburn, CA",,retail,445120,,,,,38.7961166,-121.3146935,,,n_994186688,shop=convenience
"Auburn, CA",,retail,445120,Circle K,,,,38.7443787,-121.308297,,,n_1000755891,"shop=convenience, brand=Circle K"
"Auburn, CA",,retail,452319,Dollar Tree,,,https://www.dollartree.com/locations/ca/roseville/3223/,38.7624832,-121.3127424,,,n_1001572811,"shop=variety_store, brand=Dollar Tree"
"Auburn, CA",,retail,445310,BevMo!,,,,38.7887666,-121.28368,,,n_1012904215,"shop=alcohol, brand=BevMo!"
"Auburn, CA",,retail,445110,Whole Foods Market,"1001 Galleria Boulevard, Roseville, CA, 95678",+1 916-781-5300,https://www.wholefoodsmarket.com/stores/roseville,38.7673647,-121.2670545,,,n_1014167614,"shop=supermarket, brand=Whole Foods Market"
"Auburn, CA",,retail,446120,Bath & Body Works,,,,38.7745565,-121.2622119,,,n_1016591521,"shop=cosmetics, brand=Bath & Body Works"
"Auburn, CA",,retail,446120,Ulta Beauty,"1232 Galleria Boulevard, Roseville, CA, 95678",+1 916-780-1117,https://www.ulta.com/stores/roseville-ca-103,38.7734493,-121.2612831,,,n_1016591533,"shop=beauty, brand=Ulta Beauty"
"Auburn, CA",,retail,446120,Island Nails,,,,38.7828255,-121.2663727,,,n_1017716173,shop=beauty
"Auburn, CA",,retail,446120,B. B. Nail Spa,"731 Pleasant Grove Boulevard, CA",,,38.790301,-121.2788157,,,n_1021875769,shop=beauty
"Auburn, CA",,retail,446120,The Lash Lounge,"731 Pleasant Grove Boulevard, CA",,,38.7901989,-121.2788936,,,n_1021875770,shop=beauty
"Auburn, CA",,retail,445120,,,,,38.6424552,-121.1902117,,,n_1095300030,shop=convenience
"Auburn, CA",,retail,453110,Heaven Scent,,,,38.7717234,-121.3154487,,,n_1099437156,shop=florist
"Auburn, CA",,retail,446120,Threaded Beauty,,,,38.7621588,-121.3126618,,,n_1099465034,shop=beauty
"Auburn, CA",,retail,445310,Liquor & Wine,,,,38.762037,-121.312614,,,n_1099465036,shop=beverages
"Auburn, CA",,retail,453991,Three Monkeys,,,,38.7622108,-121.3126832,,,n_1099465053,shop=tobacco
"Auburn, CA",,retail,446120,,,,,38.7607596,-121.31195,,,n_1099485939,shop=beauty
"Auburn, CA",,retail,446120,Top Ten Nails,,,,38.7606933,-121.3123256,,,n_1099485954,shop=beauty
"Auburn, CA",,retail,446120,Trendy Nails,"4006 Foothills Boulevard, Roseville, 95747",916-783-6878,,38.752588,-121.3111553,,,n_1099552955,shop=beauty
"Auburn, CA",,retail,446120,Nails Mode,,,,38.7541425,-121.3107668,,,n_1099553001,shop=beauty
"Auburn, CA",,retail,446120,,,,,38.7895123,-121.2882474,,,n_1100791440,shop=beauty
"Auburn, CA",,retail,446120,Vanity Nails,,,,38.7897814,-121.2838159,,,n_1100791467,shop=beauty
"Auburn, CA",,retail,445120,TowerMart,,,,38.6689914,-121.3819194,,,n_1129268823,shop=convenience
"Auburn, CA",,retail,445310,Antelope Liquors,"8023 Watt Avenue, Antelope, CA, 95843",,,38.714752,-121.394152,,,n_1131906320,shop=alcohol
"Auburn, CA",,retail,446120,London Nails,"7897 Walerga Road, Antelope, CA, 95843",+1 (916) 722-1114,https://londonnailsantelope.com/,38.7111095,-121.366035,,,n_1132068743,shop=beauty
"Auburn, CA",,retail,446120,California Sun,"7903 Walerga Road, Antelope, CA, 95843",,,38.7122018,-121.364884,,,n_1132068766,shop=beauty
"Auburn, CA",,retail,445110,India Supermarket,,,,38.7507539,-121.310677,,,n_1169430434,shop=supermarket
"Auburn, CA",,retail,446120,Crystal Nails,,,,38.7504095,-121.3106745,,,n_1169430439,shop=beauty
"Auburn, CA",,retail,445230,Main Street Grocery,,,,38.7517591,-121.2952493,,,n_1378715963,shop=greengrocer
"Auburn, CA",,retail,445120,ampm,,,,38.7718558,-121.3136663,,,n_1379090633,"shop=convenience, brand=ampm"
"Auburn, CA",,retail,445120,Mother Lode Market,"6421 Mother Lode Drive, 95667-8217",,,38.699976,-120.8498372,,,n_1386707683,shop=convenience
"Auburn, CA",,retail,445310,BevMo!,,,,38.9407089,-121.0933058,,,n_1463751014,"shop=alcohol, brand=BevMo!"
"Auburn, CA",,retail,445110,Sprouts Farmers Market,"2030 Douglas Boulevard, Roseville, CA, 95661",+1 916-462-5047,https://www.sprouts.com/store/ca/roseville/roseville-granite-bay/,38.7429147,-121.2519953,,,n_1515105639,"shop=supermarket, brand=Sprouts Farmers Market"
"Auburn, CA",,retail,446120,Pick A Color,"1850 Douglas Boulevard, Roseville, 95661",,,38.7432724,-121.255742,,,n_1515108949,shop=beauty
"Auburn, CA",,retail,445110,Save Mart,,,,38.9053539,-121.074061,,,n_1572051369,"shop=supermarket, brand=Save Mart"
"Auburn, CA",,retail,445110,Grocery Outlet,"415 Grass Valley Highway, 95603",+15308850250,https://www.groceryoutlet.com,38.9047723,-121.07521,,,n_1583415354,"shop=supermarket, brand=Grocery Outlet"
"Auburn, CA",,retail,445110,Grocery Outlet,"424 Roseville Square, Roseville, CA, 95678",,,38.7448798,-121.2762033,,,n_1584813019,"shop=supermarket, brand=Grocery Outlet"
"Auburn, CA",,retail,446120,Beauty 360,,,,38.904937,-121.073862,,,n_1589091546,shop=beauty
"Auburn, CA",,retail,445120,Village Market,,,,38.6410173,-121.2714243,,,n_1609210878,shop=convenience
"Auburn, CA",,retail,445110,Trader Joe's,"5309 Sunrise Boulevard, Fair Oaks, CA, 95628",+1 916-863-1744,https://locations.traderjoes.com/ca/fair-oaks/71/,38.6620983,-121.2749434,,,n_1609230734,"shop=supermarket, brand=Trader Joe's"
"Auburn, CA",,retail,445310,BevMo!,,,,38.6469299,-121.1157099,,,n_1712260341,"shop=alcohol, brand=BevMo!"
"Auburn, CA",,retail,446120,Ulta Beauty,"2381 Iron Point Road, Folsom, CA, 95630",+1 916-984-7582,https://www.ulta.com/stores/folsom-ca-389,38.6442928,-121.1231895,,,n_1712260345,"shop=beauty, brand=Ulta Beauty"
"Auburn, CA",,retail,445310,BevMo!,"7929 Greenback Lane, Citrus Heights, CA, 95610",,,38.6798271,-121.2703327,,,n_1737746312,"shop=alcohol, brand=BevMo!"
"Auburn, CA",,retail,445110,Sprouts Farmers Market,"7905 Greenback Lane, Citrus Heights, CA, 95610",+1 916-560-2000,https://www.sprouts.com/store/ca/citrus-heights/greenback-ln/,38.6798103,-121.270794,,,n_1737746314,"shop=supermarket, brand=Sprouts Farmers Market"
"Auburn, CA",,retail,446120,European Wax Center,,,https://locations.waxcenter.com/ca/folsom/folsom-broadstone-0115.html,38.6547276,-121.1221259,,,n_1752655289,"shop=beauty, brand=European Wax Center"
"Auburn, CA",,retail,445110,Belair,,,,38.6609925,-120.9664973,,,n_1771982199,shop=supermarket
"Auburn, CA",,retail,445110,Save Mart,"8839 Greenback Lane, Orangevale, 95662",,,38.6798655,-121.229027,,,n_1795171737,"shop=supermarket, brand=Save Mart"
"Auburn, CA",,retail,445120,Qwik Trip Mart,,,,38.6528992,-121.225993,,,n_1795172133,shop=convenience
"Auburn, CA",,retail,446120,Star Nails,,+1-916-781-2369,,38.7961518,-121.3161503,,,n_1855339904,shop=beauty
"Auburn, CA",,retail,445120,ampm,,,,38.7433492,-121.309673,,,n_1907608850,"shop=convenience, brand=ampm"
"Auburn, CA",,retail,445120,,,,,39.1072005,-120.8602331,,,n_2020521907,shop=convenience
"Auburn, CA",,retail,445120,7-Eleven,"6681 Blue Oaks Boulevard, Rocklin, CA, 95765",+1 916-781-0844,https://www.7-eleven.com/locations/ca/rocklin/6681-blue-oaks-blvd-35877,38.7960014,-121.289485,,,n_2089511724,"shop=convenience, brand=7-Eleven"
"Auburn, CA",,retail,445110,Raley's,,916-200-4858,,38.6557983,-121.069652,,,n_2278977537,"shop=supermarket, brand=Raley's"
"Auburn, CA",,retail,452210,Target,"430 Blue Ravine Road, Folsom, CA, 95630-3402",+1 916-984-9131,https://www.target.com/sl/Folsom--Target-Store/1098,38.6718137,-121.1526678,,,n_2295122552,"shop=department_store, brand=Target"
"Auburn, CA",,retail,445110,Trader Joe's,"850 East Bidwell Street, Folsom, CA, 95630",+1 916-817-8820,https://locations.traderjoes.com/ca/folsom/172/,38.6724297,-121.1558851,,,n_2295128397,"shop=supermarket, brand=Trader Joe's"
"Auburn, CA",,retail,445110,Walmart Supercenter,"1018 Riley Street, Folsom, CA, 95630",+1 916-983-1090,https://www.walmart.com/store/1760-folsom-ca,38.6683603,-121.1675262,,,n_2295281773,"shop=supermarket, brand=Walmart, operator=Walmart"
"Auburn, CA",,retail,445230,,,,,39.0260169,-121.4511103,,,n_2383794419,shop=greengrocer
"Auburn, CA",,retail,445120,Lincoln Food mart,,,,38.8908255,-121.2847383,,,n_2467331493,shop=convenience
"Auburn, CA",,retail,445230,,,,,38.8860039,-121.2685313,,,n_2467454138,shop=greengrocer
"Auburn, CA",,retail,445120,Weimar Country Store,20170 Paoli Lane,,,39.0318535,-120.9745499,,,n_2489086604,shop=convenience
"Auburn, CA",,retail,452210,JCPenney,,,,38.7735193,-121.268035,,,n_2509405324,"shop=department_store, brand=JCPenney"
"Auburn, CA",,retail,445310,Mount Vernon Winery,,+1 530 823 1111,https://mtvernonwinery.com/,38.9158895,-121.1049237,,,n_2526220665,shop=wine
"Auburn, CA",,retail,453991,The Dungeon Smoke Shop,,,,38.7856134,-121.2945179,,,n_2583261994,shop=tobacco
"Auburn, CA",,retail,445110,Nitta Ranch,"3778 Delmar Avenue, Loomis, 95650",,www.nittaranch.com,38.8175619,-121.219647,,,n_2635702230,"shop=supermarket, operator=Nitta Family"
"Auburn, CA",,retail,446120,Polish Nail Bar,,,,38.7813151,-121.2855165,,,n_2975317112,shop=beauty
"Auburn, CA",,retail,445110,Bel Air,,,,38.6252538,-121.2635602,,,n_2983741065,shop=supermarket
"Auburn, CA",,retail,446120,Bellissima Nail Spa,,,,38.6258931,-121.2637658,,,n_2983749210,shop=beauty
"Auburn, CA",,retail,446120,Foot Spa,,,,38.6240316,-121.26437,,,n_2983750190,shop=beauty
"Auburn, CA",,retail,445120,7-Eleven,,,,38.706507,-121.170178,,,n_3065879938,"shop=convenience, brand=7-Eleven"
"Auburn, CA",,retail,452210,Ross,"5112 Commons Drive, Rocklin, CA, 95677-3911",+1 916-652-5901,,38.8034121,-121.209007,,,n_3076013110,"shop=department_store, brand=Ross"
"Auburn, CA",,retail,445110,Trader Joe's,5116 Commons Drive,,,38.8028944,-121.20906,,,n_3076013111,"shop=supermarket, brand=Trader Joe's"
"Auburn, CA",,retail,446120,Ulta Beauty,"5120 Commons Drive, Rocklin, CA, 95677",+1 916-660-9208,https://www.ulta.com/stores/rocklin-ca-1105,38.8025154,-121.209088,,,n_3076013112,"shop=beauty, brand=Ulta Beauty"
"Auburn, CA",,retail,446120,Bath & Body Works,,,,38.8036419,-121.2089968,,,n_3076015964,"shop=cosmetics, brand=Bath & Body Works"
"Auburn, CA",,retail,452319,Five Below,,+1 916-610-0047,https://locations.fivebelow.com/ca/rocklin/5108-commons-drive,38.803756,-121.2089915,,,n_3076015971,"shop=variety_store, brand=Five Below"
"Auburn, CA",,retail,445110,Grocery Outlet,"2280 Sunrise Boulevard, Rancho Cordova, CA, 95670",916-671-1520,,38.6195838,-121.2691756,,,n_3180195238,"shop=supermarket, brand=Grocery Outlet"
"Auburn, CA",,retail,445110,Smart & Final,,,,38.6165531,-121.270698,,,n_3180195249,"shop=supermarket, brand=Smart & Final"
"Auburn, CA",,retail,452319,7 Stop,,,,38.6137965,-121.2717131,,,n_3180195888,shop=variety_store
"Auburn, CA",,retail,452319,Dollar Tree,,,https://www.dollartree.com/locations/ca/rancho-cordova/5316/,38.6173851,-121.2708733,,,n_3180197368,"shop=variety_store, brand=Dollar Tree"
"Auburn, CA",,retail,452210,Macy's,,,https://www.macys.com/stores/ca/citrusheights/sunrise-mall_410.html,38.6740871,-121.2681841,,,n_3330083463,"shop=department_store, brand=Macy's"
"Auburn, CA",,retail,452210,JCPenney,"6100 Sunrise Boulevard, Citrus Heights, CA, 95610",+1 916-726-8811,https://www.jcpenney.com/locations/ca/citrusheights/clothing-stores-citrusheights-ca-1206.html,38.6753522,-121.268001,,,n_3330083464,"shop=department_store, brand=JCPenney"
"Auburn, CA",,retail,445292,Rocky Mountain Chocolate Factory,,,,38.6430597,-121.1872319,,,n_3359167691,"shop=confectionery, brand=Rocky Mountain Chocolate Factory"
"Auburn, CA",,retail,446120,Bath & Body Works,,,,38.6523126,-121.1250105,,,n_3365984213,"shop=cosmetics, brand=Bath & Body Works"
"Auburn, CA",,retail,452210,Marshalls,,,,38.65398,-121.1271155,,,n_3365984217,"shop=department_store, brand=Marshalls"
"Auburn, CA",,retail,452210,Ross,"2745 East Bidwell Street, Folsom, CA, 95630",+1 916-984-5890,https://www.rossstores.com/,38.6536393,-121.1268709,,,n_3365984222,"shop=department_store, brand=Ross"
"Auburn, CA",,retail,445310,Total Wine,"2765 East Bidwell Street, Folsom, CA, 95630",+1 916-984-6923,https://www.totalwine.com/eng/storeLocator/redirect.cfm?sectionID=b2c/storeLocator/storeDetails.cfm&storeid=1&locationId=17821,38.6529718,-121.1261627,,,n_3365984224,"shop=alcohol, brand=Total Wine"
"Auburn, CA",,retail,446120,Salorah Salon,,,,38.6507018,-121.0658976,,,n_3367562373,shop=beauty
"Auburn, CA",,retail,452210,Target,"4400 Town Center Boulevard, El Dorado Hills, CA, 95762-7130",+1 916-605-0184,https://www.target.com/sl/el-dorado-hills/2270,38.6499626,-121.0621558,,,n_3367640055,"shop=department_store, brand=Target"
"Auburn, CA",,retail,445110,Nugget Markets,"4500 Post Street, El Dorado Hills, CA, 95762",916-933-1433,https://www.nuggetmarket.com/locations/el-dorado-hills/,38.6528595,-121.0672066,,,n_3367652211,shop=supermarket
"Auburn, CA",,retail,446120,Montano Nails,,,,38.6468707,-121.0665141,,,n_3369841096,shop=beauty
"Auburn, CA",,retail,446120,Urban Wax Studios,,,,38.6468336,-121.0668223,,,n_3369841103,shop=beauty
"Auburn, CA",,retail,453110,Bryan's Florist,,,,38.8979728,-121.0746371,,,n_3748099532,shop=florist
"Auburn, CA",,retail,445110,Gai's Basket,,,,38.8988234,-121.070135,,,n_3748099535,shop=supermarket
"Auburn, CA",,retail,446120,Asa's Hair Cuts,"4544 Auburn Boulevard, Sacramento, CA, 95841",,,38.6494042,-121.358247,,,n_3895865316,shop=beauty
"Auburn, CA",,retail,453991,Blow and Tell Smoke Shop,"4552 Auburn Boulevard, Sacramento, CA, 95841",,,38.6495337,-121.358096,,,n_3895865317,shop=tobacco
"Auburn, CA",,retail,445120,Liquors,"4554 Auburn Boulevard, Sacramento, CA, 95841",,,38.6497018,-121.358056,,,n_3895865324,shop=convenience
"Auburn, CA",,retail,445110,Good Neighbor European Deli Market,"5111-A College Oak Dr., Sacramento, 95841",,,38.6592576,-121.3510341,,,n_3989014158,shop=supermarket
"Auburn, CA",,retail,452319,99 Cents Only Stores,"4909-1 Auburn Boulevard, Sacramento, 95841",,,38.6596723,-121.350059,,,n_3989020592,"shop=variety_store, brand=99 Cents Only Stores"
"Auburn, CA",,retail,452210,Marshalls,"7975 Greenback Lane, Citrus Heights, CA, 95610",,,38.6796621,-121.2688785,,,n_4076144621,"shop=department_store, brand=Marshalls"
"Auburn, CA",,retail,446120,Beauty By Thread,"5867 Sunrise Boulevard, Citrus Heights, CA, 95610",,,38.6723281,-121.2720173,,,n_4076171122,shop=beauty
"Auburn, CA",,retail,446120,L'Orange Salon,"333 South Auburn Street, Colfax, CA, 95713",+1 530 3466800,http://LORANGESALON.NET,39.0958526,-120.9510843,,,n_4320614629,shop=beauty
"Auburn, CA",,retail,446120,Phenix Salon Suites,,,,38.650472,-121.1215813,,,n_4460957384,shop=beauty
"Auburn, CA",,retail,445292,See's Candies,,,,38.6483479,-121.1182956,,,n_4460957387,"shop=confectionery, brand=See's Candies"
"Auburn, CA",,retail,446120,Threading Place,,,,38.6482013,-121.1192639,,,n_4460957490,shop=beauty
"Auburn, CA",,retail,446120,Maribou,,,,38.6494723,-121.1194208,,,n_4462135994,shop=beauty
"Auburn, CA",,retail,446120,Joli Nail Spa,1198 Roseville Parkway,,,38.7680234,-121.2677587,,,n_4512256795,shop=beauty
"Auburn, CA",,retail,446120,California Nails,,,,38.8787712,-121.2937325,,,n_4516188391,shop=beauty
"Auburn, CA",,retail,452319,,,,,38.8924208,-121.293105,,,n_4516194690,"shop=variety_store, brand=Dollar Tree"
"Auburn, CA",,retail,445120,7-Eleven,"320 Lincoln Boulevard, Lincoln, CA, 95648",+1 916-645-8074,https://www.7-eleven.com/locations/ca/lincoln/320-lincoln-blvd-39471,38.889489,-121.2932041,,,n_4516198992,"shop=convenience, brand=7-Eleven"
"Auburn, CA",,retail,445292,Goodi Goodi Gumdrops,,,,38.8911852,-121.2930242,,,n_4516270989,shop=confectionery
"Auburn, CA",,retail,453110,Lincoln Florist & Gifts,"509 Lincoln Boulevard, Lincoln, CA, 95648",+1 916-645-2303,https://lincolnfloristandgifts.com/,38.8920438,-121.2926471,,,n_4517598991,shop=florist
"Auburn, CA",,retail,446120,Woodcreek Nails & Spa,,,,38.7693701,-121.3317891,,,n_4517819990,shop=beauty
"Auburn, CA",,retail,445310,Zebra Town Liquor,,,,38.8863831,-121.2930494,,,n_4517989990,shop=alcohol
"Auburn, CA",,retail,446120,LK Nails,"2791 East Bidwell Street, Folsom, CA, 95630",+1 916-817-8880,,38.6534047,-121.1236667,,,n_4581046988,shop=beauty
"Auburn, CA",,retail,452210,Walmart,"4300 Missouri Flat Road, Placerville, CA, 95667",+1 530-621-2917,https://www.walmart.com/store/2418-placerville-ca,38.704024,-120.8290516,,,n_4936005121,"shop=department_store, brand=Walmart, operator=Walmart"
"Auburn, CA",,retail,446120,Philly Nail & Spa,"127 Ferrari Ranch Road, Lincoln, CA, 95648",,,38.872332,-121.30287,,,n_5184936814,shop=beauty
"Auburn, CA",,retail,445110,Walmart Neighborhood Market,"6005 Madison Avenue, Carmichael, CA, 95608",+1 916-534-1157,https://www.walmart.com/store/5981-carmichael-ca,38.6625991,-121.3249,,,n_5315596634,"shop=supermarket, brand=Walmart, operator=Walmart"
"Auburn, CA",,retail,445110,Walmart Supercenter,"10655 Folsom Boulevard, Rancho Cordova, CA, 95670",+1 916-361-0296,https://www.walmart.com/store/2457-rancho-cordova-ca,38.5961282,-121.2918143,,,n_5315599514,"shop=supermarket, brand=Walmart, operator=Walmart"
"Auburn, CA",,retail,446120,Dazzling Nails and Spa,,+1-916-652-7362,,38.8010081,-121.2045186,,,n_5376908225,shop=beauty
"Auburn, CA",,retail,445292,See's Candies,"5498 Crossings Drive, Rocklin, CA, 95677",+1-916-660-9291,https://chocolateshops.sees.com/ca/rocklin/chocolate_shops_rocklin_ca_sf-85.html,38.8010091,-121.2046071,,,n_5376908226,"shop=confectionery, brand=See's Candies"
"Auburn, CA",,retail,446120,Waxing the City,,+1-916-250 3300,,38.8007021,-121.2031764,,,n_5379572622,shop=beauty
"Auburn, CA",,retail,446120,Crystal Nail & Spa,,,,38.5854802,-121.2852035,,,n_5380539068,shop=beauty
"Auburn, CA",,retail,446120,Nail Perfection,,,,38.7306865,-120.7526831,,,n_5468600979,shop=beauty
"Auburn, CA",,retail,446120,Vonne's Hair & Nails,,,,38.6810511,-121.3217205,,,n_5563372025,shop=beauty
"Auburn, CA",,retail,446120,Lavender Salon and a Blow Out Bat,6040 Stanford Ranch Road,9167710402,,38.7951462,-121.2673709,,,n_5799468656,shop=beauty
"Auburn, CA",,retail,445120,,,,,38.6705268,-121.1658877,,,n_6037967606,shop=convenience
"Auburn, CA",,retail,453991,Foresthill Smokeshop,24615 Foresthill Road,,,39.0207115,-120.8160366,,,n_6075806036,shop=tobacco
"Auburn, CA",,retail,445310,,,,,38.9345569,-121.0941607,,,n_6353563118,shop=alcohol
"Auburn, CA",,retail,446120,Blush Salon,,,,38.8848961,-121.2929444,,,n_6363967777,shop=beauty
"Auburn, CA",,retail,445110,Raley's,"6845 Douglas Boulevard, Granite Bay, CA, 95746",,,38.744421,-121.1732264,,,n_6441605412,"shop=supermarket, brand=Raley's"
"Auburn, CA",,retail,445120,ampm,,,,38.6515914,-121.383467,,,n_6536141290,"shop=convenience, brand=ampm"
"Auburn, CA",,retail,445120,7-Eleven,"4900 Watt Avenue, North Highlands, CA, 95660-5110",+1 916-332-9032,https://www.7-eleven.com/locations/ca/north-highlands/4900-watt-ave-16081,38.654419,-121.3823443,,,n_6536141317,"shop=convenience, brand=7-Eleven"
"Auburn, CA",,retail,452319,Dollar Tree,,,https://www.dollartree.com/locations/ca/north-highlands/5225/,38.6514258,-121.3825222,,,n_6536163212,"shop=variety_store, brand=Dollar Tree"
"Auburn, CA",,retail,445110,Raley's,"7847 Lichen Drive, Citrus Heights, CA, 95621",,,38.709514,-121.3132575,,,n_6567050716,"shop=supermarket, brand=Raley's"
"Auburn, CA",,retail,452319,Dollar Tree,"7859 Lichen Drive, Citrus Heights, CA, 95621",,https://www.dollartree.com/locations/ca/citrus-heights/2236/,38.7095047,-121.3126422,,,n_6567050737,"shop=variety_store, brand=Dollar Tree"
"Auburn, CA",,retail,445120,7-Eleven,"6401 Antelope Road, Citrus Heights, CA, 95621",+1 916-725-7100,https://www.7-eleven.com/locations/ca/citrus-heights/6401-antelope-rd-14060,38.7077406,-121.3150017,,,n_6567050746,"shop=convenience, brand=7-Eleven"
"Auburn, CA",,retail,445110,Smart & Final Extra!,"1159 Roseville Square, Roseville, CA, 95678",,,38.7470397,-121.273812,,,n_6568974927,"shop=supermarket, brand=Smart & Final"
"Auburn, CA",,retail,445310,Meade Hill Vineyard & Winery,,,,39.2030816,-121.2903526,,,n_6819313198,shop=alcohol
"Auburn, CA",,retail,445110,Smartsville Grocery,,,,39.2071117,-121.2976831,,,n_6819313200,shop=supermarket
"Auburn, CA",,retail,445110,Fork Lift by Nugget,,,,38.6586047,-120.9720249,,,n_6993875393,shop=supermarket
"Auburn, CA",,retail,446191,Private Label Supplement,"2440 Gold River Road, Gold River, CA, 95670",+1-855-209-0225,https://www.privatelabelsupplement.com,38.6144342,-121.2608109,,,n_7035764145,shop=health_food
"Auburn, CA",,retail,452210,Ross,"7342 Greenback Lane, Citrus Heights, CA, 95621",+1 916-722-1416,,38.6775493,-121.2951651,,,n_7132247768,"shop=department_store, brand=Ross"
"Auburn, CA",,retail,452210,Burlington,"6145 San Juan Avenue, Citrus Heights, CA, 95601",+1 916-729-1002,https://stores.burlington.com/ca/citrus-heights/581,38.6771047,-121.294638,,,n_7132247769,"shop=department_store, brand=Burlington"
"Auburn, CA",,retail,452210,Kohl's,"6135 San Juan Avenue, Citrus Heights, CA, 95610",+1 916-352-0766,https://www.kohls.com/stores/ca/citrusheights-1363.shtml,38.6766633,-121.2939995,,,n_7132247770,"shop=department_store, brand=Kohl's"
"Auburn, CA",,retail,445120,7-Eleven,"6035 San Juan Avenue, Citrus Heights, CA, 95610",+1 916-721-3119,https://www.7-eleven.com/locations/ca/citrus-heights/6035-san-juan-ave-34677,38.6764092,-121.29286,,,n_7132247771,"shop=convenience, brand=7-Eleven"
"Auburn, CA",,retail,452319,99 Cents Only Stores,,,https://locations.99only.com/ca/citrusheights/discount-store-416.html,38.6775691,-121.2914299,,,n_7132247773,"shop=variety_store, brand=99 Cents Only Stores"
"Auburn, CA",,retail,446120,Forever Vivid Salon,"104 Mill Street, Grass Valley, CA, 95945",+1 (530) 273-0200,,39.2190004,-121.0630952,,,n_7711417239,shop=beauty
"Auburn, CA",,retail,446120,Bloom Salon,"203 Mill Street, Grass Valley, CA, 95945",+1  (530) 273-5260,,39.2171344,-121.0632529,,,n_7717924669,shop=beauty
"Auburn, CA",,retail,453991,Hot Spot Smoke Shop,,,,39.2151819,-121.0541039,,,n_7717964122,shop=tobacco
"Auburn, CA",,retail,446120,Salon 174,,+1 (530) 274-7772,,39.2152692,-121.0541354,,,n_7717964123,shop=beauty
"Auburn, CA",,retail,446120,,,,,39.2161462,-121.0633222,,,n_7720713545,shop=beauty
"Auburn, CA",,retail,446120,Hair Razors,"233 Mill Street, Grass Valley, CA, 95945",+1 (530) 273-6793,,39.2163542,-121.0639843,,,n_7720713546,shop=beauty
"Auburn, CA",,retail,452319,Dollar Tree,,,https://www.dollartree.com/locations/ca/north-highlands/1201/,38.6914642,-121.3796322,,,n_8279665800,"shop=variety_store, brand=Dollar Tree"
"Auburn, CA",,retail,452210,dd's Discounts,,,,38.6914622,-121.3817995,,,n_8279665809,"shop=department_store, brand=dd's Discounts"
"Auburn, CA",,retail,452210,Big Lots,"3615 Elkhorn Boulevard, North Highlands, CA, 95660",+1 916-339-3913,https://local.biglots.com/ca/north-highlands/3615-elkhorn-blvd,38.6914676,-121.3812947,,,n_8279665810,"shop=department_store, brand=Big Lots"
"Auburn, CA",,retail,445110,Nugget Markets,,,,38.7938133,-121.3262573,,,n_8489541803,shop=supermarket
"Auburn, CA",,retail,453110,Rocklin Florist,5885 Pacific Street,+1-916-624-1651,https://www.rocklinflorist.com/,38.7817301,-121.2412146,,,n_8833997919,shop=florist
"Auburn, CA",,retail,445110,Safeway,"3383 Bass Lake Road, El Dorado Hills, CA, 95762",+1 530-313-4920,https://local.safeway.com/safeway/ca/el-dorado-hills/3383-bass-lake-rd.html,38.6751471,-121.028389,,,n_8861225034,"shop=supermarket, brand=Safeway"
"Auburn, CA",,retail,446120,Angels Nails,"328 East Bidwell Street, Folsom, CA, 95630",,,38.6742132,-121.1673018,,,n_8901896153,shop=beauty
"Auburn, CA",,retail,445310,5 Star Liquor,,,,38.6741837,-121.1671421,,,n_8901896154,shop=alcohol
"Auburn, CA",,retail,446120,Silky Nails,"401 East Bidwell Street, Folsom, CA, 95630",,,38.6736261,-121.1673599,,,n_8901899926,shop=beauty
"Auburn, CA",,retail,445120,,,,,38.8352675,-121.1696131,,,n_8912565105,shop=convenience
"Auburn, CA",,retail,446120,Mood Nails,,,,38.9439313,-121.0918269,,,n_9124579865,shop=beauty
"Auburn, CA",,retail,453991,Happy Cigar & Cigarette,,,,38.9438953,-121.0916908,,,n_9124585751,shop=tobacco
"Auburn, CA",,retail,446120,Made Salon House,810 Lincoln Way,,,38.9007758,-121.0678354,,,n_9161042870,shop=beauty
"Auburn, CA",,retail,445120,ExtraMile,,,,38.6324711,-121.2200143,,,n_9170192679,"shop=convenience, brand=ExtraMile"
"Auburn, CA",,retail,445120,Speedway,"3096 Sunrise Boulevard, Rancho Cordova, CA, 95742",,,38.5903791,-121.2660182,,,n_9184104896,"shop=convenience, brand=Speedway"
"Auburn, CA",,retail,445120,Speedway,"4250 Madison Avenue, North Highlands, CA, 95660",,https://www.speedway.com/locations/CA/North-Highlands/4250-MADISON-AVE,38.6606525,-121.3648654,,,n_9184232058,"shop=convenience, brand=Speedway"
"Auburn, CA",,retail,445120,Speedway,"7550 Watt Avenue, North Highlands, CA, 95660",,https://www.speedway.com/locations/CA/North-Highlands/7550-WATT-AVE,38.7037167,-121.3823104,,,n_9184240534,"shop=convenience, brand=Speedway"
"Auburn, CA",,retail,445120,Speedway,"519 Placerville Drive, Placerville, CA, 95667",,https://www.speedway.com/locations/CA/Placerville/519-PLACERVILLE-DR,38.7335643,-120.8267559,,,n_9184245036,"shop=convenience, brand=Speedway"
"Auburn, CA",,retail,445120,ampm,"8555 Auburn Folsom Road, Granite Bay, CA, 95746",,,38.7430158,-121.1701297,,,n_9184257260,"shop=convenience, brand=ampm"
"Auburn, CA",,retail,445120,Speedway,"6990 Douglas Boulevard, Granite Bay, CA, 95746",,https://www.speedway.com/locations/CA/Granite-Bay/6990-DOUGLAS-BLVD,38.7429585,-121.1712827,,,n_9184257265,"shop=convenience, brand=Speedway"
"Auburn, CA",,retail,453110,Cool Florist & Gifts,"2968 CA-49, Cool, CA, 95614",+1 530-885-2750,coolfloristca.com,38.8876041,-121.0164779,,,n_9287242439,shop=florist
"Auburn, CA",,retail,445310,Rosa-Lucca Estates Tasting Room,"2966 CA-49, Cool, CA, 95614",,https://www.rosaluccawines.com/tasting-room/,38.8883622,-121.0171097,,,n_9291641714,"shop=wine, operator=Rosa-Lucca Estates"
"Auburn, CA",,retail,446120,Creative Nails & Spa,1450 Lead Hill Boulevard,,,38.7479168,-121.2538647,,,n_9371098510,shop=beauty
"Auburn, CA",,retail,446120,European Wax Center,,,https://locations.waxcenter.com/ca/roseville/roseville-fountains-0014.html,38.7681715,-121.267327,,,n_9373448602,"shop=beauty, brand=European Wax Center"
"Auburn, CA",,retail,446120,LaserAway,,,,38.7681721,-121.268219,,,n_9373673869,shop=beauty
"Auburn, CA",,retail,446120,LaserAway,Roseville Parkway,,https://www.laseraway.com,38.7681721,-121.268219,,,n_9373673881,shop=beauty
"Auburn, CA",,retail,446120,Sephora,,,,38.7675821,-121.269043,,,n_9373722805,"shop=cosmetics, brand=Sephora"
"Auburn, CA",,retail,446120,Gold Rush Nails,,,,38.7531176,-121.2513766,,,n_9377320780,shop=beauty
"Auburn, CA",,retail,453991,StayFly Smoke Shop,,,,38.7799496,-121.265022,,,n_9377320794,shop=tobacco
"Auburn, CA",,retail,445120,7-Eleven,"205 Washington Boulevard, Roseville, CA, 95678-2235",+1 916-786-2277,https://www.7-eleven.com/locations/ca/roseville/205-washington-blvd-18109,38.7516249,-121.287871,,,n_9377897276,"shop=convenience, brand=7-Eleven"
"Auburn, CA",,retail,446120,Golden Honey,314 Lincoln Street,,,38.7513944,-121.2844935,,,n_9379542297,shop=beauty
"Auburn, CA",,retail,446120,Bijou Beauty,311 Lincoln Street,,,38.7511701,-121.2846715,,,n_9379542310,shop=beauty
"Auburn, CA",,retail,446120,Lavish Beauty,108 Church Street,,,38.7516565,-121.2857133,,,n_9379557341,shop=beauty
"Auburn, CA",,retail,446120,Aesthetic Collective,336 Lincoln Street,,https://theaeco.com,38.7516655,-121.2848312,,,n_9379557351,shop=beauty
"Auburn, CA",,retail,446120,Wispy Dream Lashes,"13000 Folsom Boulevard, Folsom, CA, 95630",,www.WispyDreamLashes.com,38.6440013,-121.1881007,,,n_9419949838,"shop=cosmetics, brand=Wispy Dream Lashes"
"Auburn, CA",,retail,445110,La Superior Mercados,"5731 Hillsdale Boulevard, Sacramento, CA",,https://www.lasuperiormercados.com/,38.672591,-121.3583445,,,n_9485198873,shop=supermarket
"Auburn, CA",,retail,445120,,,,,38.6488829,-121.292477,,,n_9576175847,shop=convenience
"Auburn, CA",,retail,445310,Maxee Mart Liquor,"4727 San Juan Avenue, Fair Oaks, CA, 95628",,,38.6501721,-121.292555,,,n_9576744109,shop=alcohol
"Auburn, CA",,retail,445120,,,,,39.2498425,-121.0226417,,,n_9627760299,shop=convenience
"Auburn, CA",,retail,446120,Beauty by Thread,,,,38.6753997,-121.2694987,,,n_9644493245,shop=beauty
"Auburn, CA",,retail,446120,Perfumes Luxe,,,,38.6750256,-121.2688019,,,n_9644493247,shop=perfumery
"Auburn, CA",,retail,446120,Bath & Body Works,,,,38.6744428,-121.268804,,,n_9644493257,"shop=cosmetics, brand=Bath & Body Works"
"Auburn, CA",,retail,445292,See's Candies,,,,38.6738876,-121.2688087,,,n_9644493259,"shop=confectionery, brand=See's Candies"
"Auburn, CA",,retail,445310,Espresso Bar at Sunrise,,,,38.6758411,-121.2688507,,,n_9644493264,shop=beverages
"Auburn, CA",,retail,445110,FoodMaxx,"7477 Watt Avenue, North Highlands, CA, 95660",,,38.7027309,-121.384466,,,n_9716996484,"shop=supermarket, brand=FoodMaxx, operator=FoodMaxx"
"Auburn, CA",,retail,445110,Bel Air,"4005 Manzanita Ave, Carmichael, CA, 95608",,,38.6379171,-121.3305,,,n_9717000900,"shop=supermarket, brand=Bel Air, operator=Bel Air"
"Auburn, CA",,retail,445110,Viva Supermarket,"10385 Folsom Boulevard, Rancho Cordova, CA, 95670",,,38.5900618,-121.3040377,,,n_9717012664,"shop=supermarket, operator=Viva Supermarket"
"Auburn, CA",,retail,445110,KP International Market,"10971 Olson Drive, Rancho Cordova, CA, 95670",,,38.5969987,-121.2837467,,,n_9717032185,"shop=supermarket, operator=KP International Market"
"Auburn, CA",,retail,445110,99 Ranch Market,Blue Ravine Road,1-916-984-6899,https://99ranch.com/,38.6906887,-121.125382,,,n_9830870617,"shop=supermarket, brand=99 Ranch Market"
"Auburn, CA",,retail,452319,Dollar Tree,"Blue Ravine Road, 95630",1-916-850-6674,https://www.dollartree.com/locations/ca/folsom/5786/,38.6903472,-121.125183,,,n_9830870618,"shop=variety_store, brand=Dollar Tree"
"Auburn, CA",,retail,446120,Barber,"4768 Manzanita Avenue, 95608",9164836877,,38.6517254,-121.3260666,,,n_9904337417,shop=beauty
"Auburn, CA",,retail,446120,Sally Beauty,"4740 Manzanita Avenue, 95608",9164878637,https://sallybeauty.com,38.6508176,-121.3257743,,,n_9910928918,shop=beauty
"Auburn, CA",,retail,446120,Bath & Body Works,"4736 Manzanita Avenue, 95608",9164846134,https://www.bathandbodyworks.com,38.6506609,-121.3257718,,,n_9910937217,shop=beauty
"Auburn, CA",,retail,445120,7-Eleven,,,https://www.7-eleven.com/locations/ca/rancho-cordova/11079-folsom-blvd-35347,38.605086,-121.2717939,,,n_9962919231,"shop=convenience, brand=7-Eleven"
"Auburn, CA",,retail,453110,O'Shays Flowers and Antiques,"1280 Grass Valley Highway, Auburn, CA, 95603",+1 530-823-1169,https://oshaysflowers.com/,38.9232634,-121.083029,,,n_9963675158,shop=florist
"Auburn, CA",,retail,445110,Smart & Final Extra!,,,,38.6653893,-121.2709222,,,n_9964352527,"shop=supermarket, brand=Smart & Final"
"Auburn, CA",,retail,452319,Dollar Tree,,,,38.5884991,-121.3067609,,,n_9981118651,"shop=variety_store, brand=Dollar Tree"
"Auburn, CA",,retail,452210,dd's Discounts,,,,38.5888564,-121.3060966,,,n_9981118652,"shop=department_store, brand=dd's Discounts"
"Auburn, CA",,retail,445120,ampm,,,,38.5590075,-121.243665,,,n_9981719468,"shop=convenience, brand=ampm"
"Auburn, CA",,retail,452210,Target,"10881 Olson Drive, Rancho Cordova, CA, 95670-5646",+1 916-503-2512,https://www.target.com/sl/rancho-cordova/2463,38.5960534,-121.2858455,,,n_9982769643,"shop=department_store, brand=Target"
"Auburn, CA",,retail,452319,Five Below,,+1 916-536-7507,https://locations.fivebelow.com/ca/rancho-cordova/10899-olsen-drive,38.5962267,-121.2842441,,,n_9982769644,"shop=variety_store, brand=Five Below"
"Auburn, CA",,retail,446120,Ulta Beauty,"10919 Olson Drive, Rancho Cordova, CA, 95670",+1 916-853-2216,https://www.ulta.com/stores/rancho-cordova-ca-1068,38.5956088,-121.2838377,,,n_9982769646,"shop=beauty, brand=Ulta Beauty"
"Auburn, CA",,retail,452210,Marshalls,,,,38.5950991,-121.2857446,,,n_9982769652,"shop=department_store, brand=Marshalls"
"Auburn, CA",,retail,452210,Ross,"10835 Olson Drive, Rancho Cordova, CA, 95670-5646",+1 916-858-8104,,38.5947594,-121.2857486,,,n_9982769653,"shop=department_store, brand=Ross"
"Auburn, CA",,retail,445110,Grocery Outlet,,,,38.5959024,-121.2873789,,,n_9982769671,"shop=supermarket, brand=Grocery Outlet"
"Auburn, CA",,retail,445120,ExtraMile,,,,38.5932415,-121.2873031,,,n_9982832299,"shop=convenience, brand=ExtraMile"
"Auburn, CA",,retail,445120,ExtraMile,,,,38.6032997,-121.266885,,,n_9987379105,"shop=convenience, brand=ExtraMile"
"Auburn, CA",,retail,452319,99 Cents Only Stores,,,https://locations.99only.com/ca/ranchocordova/discount-store-160.html,38.5942136,-121.2892939,,,n_9987406753,"shop=variety_store, brand=99 Cents Only Stores"
"Auburn, CA",,retail,452319,Dollar Tree,,,https://www.dollartree.com/locations/ca/rancho-cordova/1205/,38.5966667,-121.2883358,,,n_9987406754,"shop=variety_store, brand=Dollar Tree"
"Auburn, CA",,retail,446110,CVS Pharmacy,,,https://www.cvs.com/store-locator/carmichael-ca-pharmacies/4959-marconi-ave-carmichael-ca-95608/storeid=9809,38.6185625,-121.347591,,,n_9987580598,"shop=chemist, brand=CVS Pharmacy"
"Auburn, CA",,retail,445120,Circle K,,,,38.6177371,-121.3466271,,,n_9987580600,"shop=convenience, brand=Circle K"
"Auburn, CA",,retail,446110,Rite Aid,,,https://www.riteaid.com/locations/ca/carmichael/4010-manzanita-avenue.html,38.6372466,-121.3264596,,,n_9987584141,"shop=chemist, brand=Rite Aid"
"Auburn, CA",,retail,452210,Big Lots,,,,38.633167,-121.3294437,,,n_9987584142,"shop=department_store, brand=Big Lots"
"Auburn, CA",,retail,445110,Smart & Final Extra!,,,,38.6325509,-121.3294818,,,n_9987584143,"shop=supermarket, brand=Smart & Final"
"Auburn, CA",,retail,452319,99 Cents Only Stores,,,,38.618033,-121.3299294,,,n_9987584327,"shop=variety_store, brand=99 Cents Only Stores"
"Auburn, CA",,retail,446110,Walgreens,,,https://www.walgreens.com/locator/walgreens-6325+fair+oaks+blvd-carmichael-ca-95608/id=6658,38.6161533,-121.3291371,,,n_9987584332,"shop=chemist, brand=Walgreens"
"Auburn, CA",,retail,445120,Quik Stop,,,,38.6953765,-120.8126696,,,n_10001015546,"shop=convenience, brand=Quik Stop"
"Auburn, CA",,retail,445110,SF Supermarket,"2738 Sunrise Boulevard, Rancho Cordova, CA, 95742",,,38.6018166,-121.2693255,,,n_10048553863,"shop=supermarket, brand=SF Supermarket"
"Auburn, CA",,retail,445110,Safeway,"3380 Coach Lane, Cameron Park, CA, 95682",+1 530-676-6930,https://local.safeway.com/safeway/ca/cameron-park/3380-coach-ln.html,38.6566414,-120.9711073,,,n_10174598980,"shop=supermarket, brand=Safeway"
"Auburn, CA",,retail,453110,Sherwood Florist,"10239 Fair Oaks Boulevard, Fair Oaks, CA, 95628",,https://sherwoodflowers.net/,38.6433747,-121.2703317,,,n_10572184188,shop=florist
"Auburn, CA",,retail,446120,Skinned and Lashed,,,,38.6425328,-121.2702924,,,n_10572184192,shop=beauty
"Auburn, CA",,retail,453110,Bella Fiore,,,,38.6417686,-121.2703229,,,n_10572184200,shop=florist
"Auburn, CA",,retail,446120,Sassy Nails,,,,38.7304547,-120.786522,,,n_10697847984,shop=beauty
"Auburn, CA",,retail,445120,M&B Cordova Liquors,"2787 Don Juan Drive, Rancho Cordova, CA, 95670",,,38.5986804,-121.2850399,,,n_10967170137,shop=convenience
"Auburn, CA",,retail,445310,Madison Liquor,"5926 Madison Avenue, 95608",9163448568,,38.6603733,-121.3259628,,,n_11031457605,shop=alcohol
"Auburn, CA",,retail,446120,Gateway Nails & Spa,2405 Iron Point Road,,,38.6449933,-121.1221341,,,n_11087509101,shop=beauty
"Auburn, CA",,retail,446120,Stylush Eyebrow Threading,"7909 Walerga Road, Antelope, CA, 95843",,,38.7129108,-121.36609,,,n_11103463240,shop=beauty
"Auburn, CA",,retail,445310,Stop One Liquor,,,,38.6950677,-121.3606861,,,n_11103492463,shop=alcohol
"Auburn, CA",,retail,445110,Carniceria Del Valle,"7137 Walerga Road, Sacramento, CA, 95842",,,38.6965109,-121.3640413,,,n_11103498935,shop=supermarket
"Auburn, CA",,retail,445110,Good Taste Market,"7117 Walerga Road, Sacramento, CA, 95842",,,38.695997,-121.3640845,,,n_11103498936,shop=supermarket
"Auburn, CA",,retail,446120,Tonix Nails & Spa,"7117 Walerga Road, Sacramento, CA, 95842",,,38.6958088,-121.3640871,,,n_11103498938,shop=beauty
"Auburn, CA",,retail,446120,Miss Nails,"4333 Elkhorn Boulevard, Sacramento, CA, 95842",,,38.6954789,-121.3622854,,,n_11103498941,shop=beauty
"Auburn, CA",,retail,453991,Cigarettes For Less,,,,38.6954779,-121.3617918,,,n_11103498945,shop=tobacco
"Auburn, CA",,retail,445110,Antelope Market,"3535 Elverta Road, Antelope, CA, 95843",,,38.7190352,-121.3806712,,,n_11105501052,shop=supermarket
"Auburn, CA",,retail,445310,Elverta Food & Liquor,"8008 Dutch Haven Boulevard, Elverta, CA, 95626",,,38.7146526,-121.4074826,,,n_11105501078,shop=alcohol
"Auburn, CA",,retail,445120,Food Mart,,,,38.7059847,-121.327927,,,n_11105689603,shop=convenience
"Auburn, CA",,retail,445310,SR Food & Liquor,"7547 Watt Avenue, North Highlands, CA, 95843",,,38.7038221,-121.3834516,,,n_11105721267,shop=alcohol
"Auburn, CA",,retail,453991,Alien Vape & Smoke Shop,"7529 Watt Avenue, North Highlands, CA, 95843",,,38.7039074,-121.383843,,,n_11105721273,shop=tobacco
"Auburn, CA",,retail,446120,Top Cuts and Nails,"7529 Watt Avenue, North Highlands, CA, 95843",,,38.7038008,-121.3838391,,,n_11105721274,shop=beauty
"Auburn, CA",,retail,452210,Ross,"6736 Watt Avenue, North Highlands, CA, 95660",+1 916-344-2899,,38.6894075,-121.3844031,,,n_11105721296,"shop=department_store, brand=Ross"
"Auburn, CA",,retail,453991,Smoke City,"6745 Watt Avenue, North Highlands, CA, 95660",,,38.689638,-121.3843406,,,n_11105721299,shop=tobacco
"Auburn, CA",,retail,446120,Crown Nails,"6745 Watt Avenue, North Highlands, CA, 95660",,,38.6897418,-121.3843395,,,n_11105721301,shop=beauty
"Auburn, CA",,retail,445310,Boss Liquor,"6745 Watt Avenue, North Highlands, CA, 95660",,,38.6898003,-121.3843401,,,n_11105721302,shop=alcohol
"Auburn, CA",,retail,453991,Sky Smoke Shop,"7753 Roseville Road, Sacramento, CA, 95842",,,38.7067522,-121.3283321,,,n_11105727407,shop=tobacco
"Auburn, CA",,retail,446120,Bala Eyebrow Threading,"5800 Antelope Road, Sacramento, CA, 95842",,,38.7052614,-121.3266129,,,n_11105727412,shop=beauty
"Auburn, CA",,retail,445110,Punjab Bazaar,"5764 Antelope Road, Sacramento, CA, 95842",,,38.7047026,-121.3267401,,,n_11105727416,shop=supermarket
"Auburn, CA",,retail,445120,Quik Stop,,,,38.7048045,-121.3269147,,,n_11105727417,"shop=convenience, brand=Quik Stop"
"Auburn, CA",,retail,446120,Angel Beauty Brows,"7821 Lichen Drive, Citrus Heights, CA, 95621",,,38.7084512,-121.3143866,,,n_11105727432,shop=beauty
"Auburn, CA",,retail,453991,Magma Vape and Smoke Shop,"7887 Lichen Drive, Citrus Heights, CA, 95621",,,38.7092084,-121.3118374,,,n_11105727436,shop=tobacco
"Auburn, CA",,retail,445120,Food Mart,,,,38.7076724,-121.3130907,,,n_11105727439,shop=convenience
"Auburn, CA",,retail,452319,Falling Prices Citrus Heights,"6422 Tupelo Drive, Citrus Heights, CA, 95621",,,38.7054598,-121.3144958,,,n_11105727441,shop=variety_store
"Auburn, CA",,retail,453991,Hollywood Rock,"6424 Tupelo Drive, Citrus Heights, CA, 95621",,,38.7054516,-121.314033,,,n_11105727444,shop=tobacco
"Auburn, CA",,retail,446120,Nails by Mary,"6432 Tupelo Drive, Citrus Heights, CA, 95621",,,38.7058188,-121.3137718,,,n_11105727449,shop=beauty
"Auburn, CA",,retail,446120,CoCo Nail Spa,"6456 Tupelo Drive, Citrus Heights, CA, 95621",,,38.7066416,-121.3135714,,,n_11105727451,shop=beauty
"Auburn, CA",,retail,445310,Summer Hill Liquor Market,"6456 Tupelo Drive, Citrus Heights, CA, 95621",,,38.7066405,-121.3132707,,,n_11105727453,shop=alcohol
"Auburn, CA",,retail,446120,BAM Hair Nails Salon,"5830 Antelope Road, Sacramento, CA, 95842",,,38.70223,-121.3305537,,,n_11105727466,shop=beauty
"Auburn, CA",,retail,445120,7-Eleven,"5820 Antelope Road, Sacramento, CA, 95842",+1 916-339-1509,https://www.7-eleven.com/locations/ca/antelope/5820-antelope-rd-34629,38.7019074,-121.3313185,,,n_11105727467,"shop=convenience, brand=7-Eleven"
"Auburn, CA",,retail,452210,Kohl's,"5030 Antelope Road, Antelope, CA, 95843",+1 916-338-0655,https://www.kohls.com/stores/ca/antelope-705.shtml,38.7023288,-121.3472327,,,n_11105727498,"shop=department_store, brand=Kohl's"
"Auburn, CA",,retail,453991,Smoke Town Plus,"6149 Watt Avenue, North Highlands, CA, 95660",,,38.6794048,-121.383266,,,n_11105768803,shop=tobacco
"Auburn, CA",,retail,446120,Pro Nails,"6145 Watt Avenue, North Highlands, CA, 95660",,,38.6793075,-121.3832598,,,n_11105768804,shop=beauty
"Auburn, CA",,retail,453110,North Highlands Florist,"6114 Watt Avenue, North Highlands, CA, 95660",,,38.6777195,-121.3822664,,,n_11105808315,shop=florist
"Auburn, CA",,retail,445210,Carniceria Atoyac Meat Market,"6104 Watt Avenue, North Highlands, CA, 95660",,,38.6774526,-121.3822897,,,n_11105808316,shop=butcher
"Auburn, CA",,retail,446120,US Nails & Beauty,"5909 Watt Avenue, North Highlands, CA, 95660",,,38.6742775,-121.3837536,,,n_11105808322,shop=beauty
"Auburn, CA",,retail,453991,Cloud 9 Vape & Smoke,"5803 Watt Avenue, North Highlands, CA, 95660",,,38.6723912,-121.3833646,,,n_11105808329,shop=tobacco
"Auburn, CA",,retail,446110,Walgreens,"4051 Douglas Boulevard, Granite Bay, CA, 95746",,,38.744261,-121.2246472,,,n_11148991699,"shop=chemist, brand=Walgreens"
"Auburn, CA",,retail,445310,BevMo!,,,,38.7429056,-121.2505494,,,n_11149047604,"shop=alcohol, brand=BevMo!"
"Auburn, CA",,retail,446110,Walgreens,,,https://www.walgreens.com/locator/walgreens-4051+douglas+blvd-granite+bay-ca-95746/id=6036,38.7442609,-121.2246471,,,n_11149065614,"shop=chemist, brand=Walgreens"
"Auburn, CA",,retail,446120,Beauty Solutions,"1850 Douglas Boulevard, Roseville, 95661",,,38.7438446,-121.2588628,,,n_11149072613,shop=beauty
"Auburn, CA",,retail,446191,Sunrise Natural Foods,1950 Douglas Boulevard,+1 916-789-8591,,38.7431991,-121.2536436,,,n_11149084860,shop=health_food
"Auburn, CA",,retail,446120,Beauty Concepts,,,,38.7428315,-121.2523427,,,n_11149084861,shop=beauty
"Auburn, CA",,retail,453991,Smoke Barn,1701 Santa Clara Drive,,,38.7450216,-121.2627205,,,n_11152165303,shop=tobacco
"Auburn, CA",,retail,446120,Ulta Beauty,"5927 Sunrise Boulevard, Citrus Heights, CA, 95610",+1 916-535-0021,https://www.ulta.com/stores/citrus-heights-ca-124,38.6737187,-121.2730729,,,n_11154656375,"shop=beauty, brand=Ulta Beauty"
"Auburn, CA",,retail,452319,Dollar Tree,,,https://www.dollartree.com/locations/ca/citrus-heights/2119/,38.671469,-121.2736632,,,n_11154656379,"shop=variety_store, brand=Dollar Tree"
"Auburn, CA",,retail,445110,Raley's O-N-E Market,1970 Blue Oaks Boulevard,,,38.792964,-121.3570329,,,n_11155223692,"shop=supermarket, brand=Raley's O-N-E"
"Auburn, CA",,retail,453991,3 Monkeys,1850 Douglas Boulevard,,,38.743256,-121.2568549,,,n_11159993473,shop=tobacco
"Auburn, CA",,retail,452210,TJ Maxx,,,,38.74326,-121.2561451,,,n_11160010930,"shop=department_store, brand=TJ Maxx"
"Auburn, CA",,retail,446120,Kim’s Salon,1093 Roseville Square,+1 916-784-8665,,38.7461111,-121.2757808,,,n_11162031516,shop=beauty
"Auburn, CA",,retail,446120,Nail Spa 999,1099 Roseville Square,,,38.7461129,-121.2756381,,,n_11162031519,shop=beauty
"Auburn, CA",,retail,446120,Mei Mei Hair & Nails,,+1 916-782-9598,,38.7430214,-121.2744651,,,n_11278369346,shop=beauty
"Auburn, CA",,retail,446120,Oasis x HLND Salon And Barber,,,,38.7426038,-121.2243214,,,n_11298739961,shop=beauty
"Auburn, CA",,retail,445120,ampm,,,,38.744407,-121.2255544,,,n_11375428608,"shop=convenience, brand=ampm"
"Auburn, CA",,retail,445310,Art's Liquor,95841,9166928484,https://artsliquor.net/,38.6597421,-121.3278203,,,n_11393322869,shop=alcohol
"Auburn, CA",,retail,446110,Walgreens,,,https://www.walgreens.com/locator/walgreens-4220+missouri+flat+rd-placerville-ca-95667/id=11823,38.7063204,-120.8314844,,,n_11430282551,"shop=chemist, brand=Walgreens"
"Auburn, CA",,retail,452210,Target,"3968 Missouri Flat Road, Placerville, CA, 95667-5240",+1 530-303-5921,https://www.target.com/sl/placerville/3355,38.7102953,-120.8433618,,,n_11430282557,"shop=department_store, brand=Target"
"Auburn, CA",,retail,445110,Save Mart,,,,38.7112018,-120.8433747,,,n_11430282558,"shop=supermarket, brand=Save Mart"
"Auburn, CA",,retail,452210,Ross,"3966 Missouri Flat Road, Placerville, CA, 95667-5239",+1 530-344-9430,,38.7116063,-120.8433269,,,n_11430282559,"shop=department_store, brand=Ross"
"Auburn, CA",,retail,446120,Bath & Body Works,,,,38.7118551,-120.8433032,,,n_11430282562,"shop=cosmetics, brand=Bath & Body Works"
"Auburn, CA",,retail,446110,CVS Pharmacy,,,https://www.cvs.com/store-locator/placerville-ca-pharmacies/3964-missouri-flat-rd-ste-a-placerville-ca-95667/storeid=9184,38.7121928,-120.8429035,,,n_11430282563,"shop=chemist, brand=CVS Pharmacy"
"Auburn, CA",,retail,452210,TJ Maxx,,,,38.7141609,-120.8388661,,,n_11430282567,"shop=department_store, brand=TJ Maxx"
"Auburn, CA",,retail,445110,Raley's,,,,38.7272685,-120.8355986,,,n_11430295019,"shop=supermarket, brand=Raley's"
"Auburn, CA",,retail,452210,Big Lots,"47 Fair Lane, Placerville, CA, 95667",+1 530-642-8927,https://local.biglots.com/ca/placerville/47-fair-ln,38.72284,-120.8324022,,,n_11430295024,"shop=department_store, brand=Big Lots"
"Auburn, CA",,retail,446110,Rite Aid,,,,38.7230379,-120.8330477,,,n_11430295025,"shop=chemist, brand=Rite Aid"
"Auburn, CA",,retail,445120,,,,,38.7924114,-121.3555595,,,n_11464554393,"shop=convenience, brand=ampm"
"Auburn, CA",,retail,445120,ExtraMile,,,,39.0952364,-120.948426,,,n_11528886497,"shop=convenience, brand=ExtraMile"
"Auburn, CA",,retail,445120,Circle K,,,,38.6548459,-121.0707716,,,n_11621305810,"shop=convenience, brand=Circle K"
"Auburn, CA",,retail,446120,California Sun,"820 Sterling Parkway, Lincoln, CA, 95648",+1 (916) 789-1034,https://californiasun.com/locations/lincoln/,38.8713575,-121.2965842,,,n_11863022353,shop=beauty
"Auburn, CA",,retail,445120,7-Eleven,"21 Whyte Avenue, Roseville, CA, 95661-5251",+1 916-722-1001,https://www.7-eleven.com/locations/ca/roseville/21-whyte-ave-39619,38.7224156,-121.2912031,,,n_11887904661,"shop=convenience, brand=7-Eleven"
"Auburn, CA",,retail,445110,Sunrise Indian Market,,,,38.5914915,-121.2664426,,,n_11892953433,shop=supermarket
"Auburn, CA",,retail,452319,Dollar Tree,,,https://www.dollartree.com/locations/ca/roseville/1248/,38.7453356,-121.272745,,,n_11897556893,"shop=variety_store, brand=Dollar Tree"
"Auburn, CA",,retail,446120,Pearl Nails,,,,38.9293214,-121.0876407,,,n_11897774659,shop=beauty
"Auburn, CA",,retail,445110,Groccery Outlet,"3040 Green Valley Road, Cameron Park, CA, 95682",+15303502802,,38.6975599,-121.0002978,,,n_11918971279,shop=supermarket
"Auburn, CA",,retail,446120,Makeup Before You Wakeup,115 Main Street,,,38.7518556,-121.2856793,,,n_11927306897,shop=beauty
"Auburn, CA",,retail,446120,L & L Esthetics,119 Main Street,,,38.7518425,-121.2858866,,,n_11927306905,shop=beauty
"Auburn, CA",,retail,446120,The Wild Arch Studio,424 Lincoln Boulevard,,,38.8909989,-121.2930217,,,n_11931664914,shop=beauty
"Auburn, CA",,retail,446120,Bella,424 Lincoln Boulevard,,,38.8909577,-121.2930274,,,n_11931664915,shop=beauty
"Auburn, CA",,retail,446120,Removery,,,,38.745257,-121.2576812,,,n_11933485192,shop=beauty
"Auburn, CA",,retail,446120,Roseville Nail Spa,,,,38.7453717,-121.257677,,,n_11933485195,shop=beauty
"Auburn, CA",,retail,446120,Cosmo Nail Lounge,,,,38.7431257,-121.2504388,,,n_11933489319,shop=beauty
"Auburn, CA",,retail,446120,European Wax Center,,,,38.743431,-121.2504548,,,n_11933489320,"shop=beauty, brand=European Wax Center"
"Auburn, CA",,retail,446120,IconiQ,,,,38.7437077,-121.254293,,,n_11933543246,shop=beauty
"Auburn, CA",,retail,446120,Perfect Brows Ink,,,,38.7437649,-121.2542955,,,n_11933543252,shop=beauty
"Auburn, CA",,retail,446120,Moschino Nails,1811 Douglas Boulevard,,,38.7466027,-121.2606788,,,n_11935097201,shop=beauty
"Auburn, CA",,retail,452210,Ross,"1740 Santa Clara Drive, Roseville, CA, 95661",+1 916-782-6910,,38.7466126,-121.2613719,,,n_11935097205,"shop=department_store, brand=Ross"
"Auburn, CA",,retail,446120,California Sun,,,,38.7779642,-121.2910067,,,n_11939906852,shop=beauty
"Auburn, CA",,retail,445120,,,,,38.7558127,-121.274366,,,n_11974380146,shop=convenience
"Auburn, CA",,retail,446120,Sola Salons,,,,38.6573525,-121.1739616,,,n_12109425444,"shop=beauty, brand=Sola Salons"
"Auburn, CA",,retail,445120,7-Eleven,,,,38.8062188,-121.2046388,,,n_12187401229,"shop=convenience, brand=7-Eleven"
"Auburn, CA",,retail,445120,ampm,,,,38.8059898,-121.2063091,,,n_12187401255,"shop=convenience, brand=ampm"
"Auburn, CA",,retail,446120,European Wax Center,,,,38.8037774,-121.2074582,,,n_12187401258,"shop=beauty, brand=European Wax Center"
"Auburn, CA",,retail,446120,Fountain Nail Spa,308 Madison Avenue,+1 916-844-7793,,38.6651637,-121.2246713,,,n_12192130576,shop=beauty
"Auburn, CA",,retail,445120,South Pacific and Asian Mart,"10947 Olson Drive, Rancho Cordova, CA, 95670",,,38.5962132,-121.2830607,,,n_12254182692,shop=convenience
"Auburn, CA",,retail,446120,,,,,38.5962458,-121.2830863,,,n_12254182694,shop=beauty
"Auburn, CA",,retail,452319,Village General Store & Refillery,500 Vernon St,(916) 800-2474,https://www.villagegeneralstore.co/,38.7471618,-121.2866951,,,n_12295743941,shop=general
"Auburn, CA",,retail,445120,Dino Mart,,,,38.658416,-120.968576,,,n_12357027966,shop=convenience
"Auburn, CA",,retail,445110,Trader Joe's,,,,38.7877683,-121.2814367,,,n_12432024354,"shop=supermarket, brand=Trader Joe's"
"Auburn, CA",,retail,452210,Big Lots,,,,38.7876448,-121.2810318,,,n_12432024544,"shop=department_store, brand=Big Lots"
"Auburn, CA",,retail,452319,Falling Prices,,,https://www.fallingprices.com,38.6771766,-121.1993454,,,n_12624437189,"shop=variety_store, brand=Falling Prices"
"Auburn, CA",,retail,446110,CVS Pharmacy,"9479 Madison Avenue, Folsom, CA, 95630",+1 916-987-5710,https://www.cvs.com/store-locator/folsom-ca-pharmacies/9479-madison-ave-folsom-ca-95630/storeid=9980,38.6771842,-121.1976769,,,n_12624448815,"shop=chemist, brand=CVS Pharmacy"
"Auburn, CA",,retail,446120,Lavish Lounge Nail,,,,38.6543384,-121.1799397,,,n_12758796903,shop=beauty
"Auburn, CA",,retail,446120,Mimi’s Nails,,,,38.6543584,-121.1789643,,,n_12758796999,shop=beauty
"Auburn, CA",,retail,446120,Tanya Martin Skincare,,,,38.6543397,-121.1784432,,,n_12758797003,shop=beauty
"Auburn, CA",,retail,445120,Strauch & Co,,,,38.6533674,-121.1796024,,,n_12758797115,shop=convenience
"Auburn, CA",,retail,445292,Snooks Chocolate Factory,731 Sutter Street,+1 916-955-8966,,38.6769813,-121.177499,,,n_12827581785,shop=chocolate
"Auburn, CA",,retail,445110,Indian Bazaar,"4400 Elverta Road, Antelope, CA, 95843",+1 (916) 745-4922,,38.7128393,-121.3623184,,,n_12851270001,shop=supermarket
"Auburn, CA",,retail,453991,3 Monkeys Smoke Shop,"4400 Elverta Road, Antelope, CA, 95843",+1 (916) 701-4907,https://threemonkeysmokes.com/,38.7128798,-121.3625795,,,n_12851270003,shop=tobacco
"Auburn, CA",,retail,446120,Palace Nails and Spa,"4400 Elverta Road, Antelope, CA, 95843",+1 (916) 745-4815,,38.7128554,-121.3623842,,,n_12851270006,shop=beauty
"Auburn, CA",,retail,446120,Ava Nails & Spa,"4207 Elverta Road, Antelope, CA, 95843",+1 (916) 721-1313,,38.7152893,-121.3665031,,,n_12851409669,shop=beauty
"Auburn, CA",,retail,453991,Tobacco Plus,"4207 Elverta Road, Antelope, CA, 95843",+1 (916) 721-0599,,38.7152952,-121.3661869,,,n_12851409670,shop=tobacco
"Auburn, CA",,retail,446120,La Belle Nails,"4141 Elverta Road, Antelope, CA, 95843",+1 (916) 723-3575,https://labellenails.favesalon.com,38.7141808,-121.3672742,,,n_12851409673,shop=beauty
"Auburn, CA",,retail,445120,ExtraMile,,,,38.5589733,-121.2406363,,,n_13027738015,"shop=convenience, brand=ExtraMile"
"Auburn, CA",,retail,445110,Walmart Supercenter,"900 Pleasant Grove Boulevard, Roseville, CA, 95678",+1 916-786-6768,https://www.walmart.com/store/1988-roseville-ca,38.7880054,-121.2897464,,,w_37093343,"shop=supermarket, brand=Walmart, operator=Walmart"
"Auburn, CA",,retail,445110,Safeway,"9045 Woodcreek Oaks Boulevard, Roseville, CA, 95747",7809919,https://local.safeway.com/safeway/ca/roseville/9045-woodcreek-oaks-blvd.html,38.7940727,-121.3306336,,,w_37221578,"shop=supermarket, brand=Safeway"
"Auburn, CA",,retail,452210,McCaulou's,,,,38.9058792,-121.0728058,,,w_45300919,shop=department_store
"Auburn, CA",,retail,445110,WinCo Foods,CA,,,38.7850678,-121.2784409,,,w_45373098,"shop=supermarket, brand=WinCo Foods"
"Auburn, CA",,retail,452210,Target,"10451 Fairway Drive, Roseville, CA, 95678-1987",+1 916-780-1020,https://www.target.com/sl/roseville-fairway-drive/1502,38.7911486,-121.2902047,,,w_45373107,"shop=department_store, brand=Target"
"Auburn, CA",,retail,452319,Cost Plus World Market,,,,38.7829579,-121.2691817,,,w_45407096,shop=general
"Auburn, CA",,retail,452210,Ross,"6744 Stanford Ranch Road, Roseville, CA, 95678",+1 916-771-8920,,38.7829763,-121.2686936,,,w_45407097,"shop=department_store, brand=Ross"
"Auburn, CA",,retail,445310,Total Wine,"5791 Five Star Boulevard, Roseville, CA, 95678",+1 916-791-2488,https://www.totalwine.com/store-info/1101,38.7815703,-121.2718409,,,w_45407103,"shop=alcohol, brand=Total Wine"
"Auburn, CA",,retail,452210,Burlington,"1248 Galleria Boulevard, Roseville, CA, 95678",+1 916-755-6013,https://stores.burlington.com/ca/roseville/1125/,38.7748847,-121.2635385,,,w_45407146,"shop=department_store, brand=Burlington"
"Auburn, CA",,retail,445120,7-Eleven,"1216 Galleria Boulevard, CA",,https://www.7-eleven.com/locations/ca/roseville/1216-galleria-39337,38.773038,-121.2652432,,,w_45407173,"shop=convenience, brand=7-Eleven"
"Auburn, CA",,retail,445120,ExtraMile,,,,38.7885579,-121.2814968,,,w_45886698,"shop=convenience, brand=ExtraMile"
"Auburn, CA",,retail,445120,Rocket,,,,38.7813699,-121.2647515,,,w_47108140,"shop=convenience, amenity=car_wash, brand=Rocket"
"Auburn, CA",,retail,445120,ampm,"998 Riverside Avenue, r, CA, 95678",,,38.7298792,-121.2912291,,,w_47150114,"shop=convenience, brand=ampm"
"Auburn, CA",,retail,445120,ampm,"1139 Douglas Boulevard, Roseville, CA, 95678",,,38.7446194,-121.2740439,,,w_47150229,"shop=convenience, brand=ampm"
"Auburn, CA",,retail,446110,Rite Aid,,,https://www.riteaid.com/locations/ca/roseville/446-roseville-square.html,38.7443074,-121.2761861,,,w_47150247,"shop=chemist, brand=Rite Aid"
"Auburn, CA",,retail,445110,Trader Joe's,"1117 Roseville Square, Roseville, CA, 95678",+1 916-784-9084,https://locations.traderjoes.com/ca/roseville/80/,38.7463015,-121.2749321,,,w_47150267,"shop=supermarket, brand=Trader Joe's"
"Auburn, CA",,retail,452210,Big Lots,"212 Harding Boulevard, CA",,,38.7479403,-121.2689454,,,w_47151401,"shop=department_store, brand=Big Lots"
"Auburn, CA",,retail,445120,7-Eleven,,,,38.794657,-121.3129435,,,w_48876567,"shop=convenience, amenity=car_wash, brand=7-Eleven"
"Auburn, CA",,retail,445120,Chevron Extra Mile,"8001 Washington Boulevard, CA",,,38.7741236,-121.3049393,,,w_48880054,shop=convenience
"Auburn, CA",,retail,452319,Dollar Tree,,,https://www.dollartree.com/locations/ca/rocklin/1848/,38.8150761,-121.2553329,,,w_49360456,"shop=variety_store, brand=Dollar Tree"
"Auburn, CA",,retail,445110,Save Mart,,,,38.8161848,-121.259349,,,w_49360517,"shop=supermarket, brand=Save Mart"
"Auburn, CA",,retail,445110,Raley's,"6119 horseshoe Bar Road, Loomis, CA, 95650",+1-916-652-5737,,38.8182214,-121.1883978,,,w_49961780,"shop=supermarket, brand=Raley's"
"Auburn, CA",,retail,445110,Raley's,"4051 Woodcreek Oaks Boulevard, CA",,,38.769881,-121.3321196,,,w_50265713,"shop=supermarket, brand=Raley's"
"Auburn, CA",,retail,445120,Rose Food & Liquor,"215 Harding Boulevard, CA",,,38.7489361,-121.2704727,,,w_54777964,shop=convenience
"Auburn, CA",,retail,445120,,,,,38.6535619,-121.1233456,,,w_60420031,shop=convenience
"Auburn, CA",,retail,445110,Raley's,,,,38.9240429,-121.0540472,,,w_62302609,"shop=supermarket, brand=Raley's"
"Auburn, CA",,retail,445120,,,,,38.9563728,-121.1007962,,,w_85687731,shop=convenience
"Auburn, CA",,retail,445110,Briar Patch,,,,38.941775,-121.0926223,,,w_85688655,"shop=supermarket, operator=Briar Patch Food Co-Op"
"Auburn, CA",,retail,453991,,,,,38.9410314,-121.0926464,,,w_85688656,shop=tobacco
"Auburn, CA",,retail,452210,Target,"2700 Bell Road, Auburn, CA, 95603-2508",+1 530-889-5650,https://www.target.com/sl/auburn/1097,38.9431268,-121.0952792,,,w_85689040,"shop=department_store, brand=Target"
"Auburn, CA",,retail,445110,Safeway,"989 Sunrise Avenue, Roseville, CA, 95661",+1 916-773-4001,https://local.safeway.com/safeway/ca/roseville/989-sunrise-ave.html,38.7310596,-121.2712742,,,w_86094279,"shop=supermarket, brand=Safeway"
"Auburn, CA",,retail,445110,Bel Air,"1039 Sunrise Avenue, Roseville, CA, 95661",,,38.728615,-121.2708192,,,w_86094280,shop=supermarket
"Auburn, CA",,retail,446110,Rite Aid,,,,38.7313867,-121.2730073,,,w_86099529,"shop=chemist, brand=Rite Aid"
"Auburn, CA",,retail,446110,Walgreens,"3999 Foothills Boulevard, Roseville, CA, 95747",,https://www.walgreens.com/locator/walgreens-3999+foothills+blvd-roseville-ca-95747/id=5501,38.7512399,-121.3085997,,,w_86215566,"shop=chemist, brand=Walgreens"
"Auburn, CA",,retail,445110,Raley's Bel Air,"4008 Foothills Boulevard, Roseville, CA, 95747",916-783-1173,https://www.raleys.com/,38.7532952,-121.3113513,,,w_86253411,"shop=supermarket, brand=Raley's"
"Auburn, CA",,retail,445110,Save Mart,5060 Foothills Boulevard,,,38.7602865,-121.312664,,,w_86260360,shop=supermarket
"Auburn, CA",,retail,446110,CVS Pharmacy,,,,38.7782931,-121.290171,,,w_87083340,"shop=chemist, brand=CVS Pharmacy"
"Auburn, CA",,retail,446110,Rite Aid,"990 Pleasant Grove Boulevard, CA",,,38.7796256,-121.2881324,,,w_87086666,"shop=chemist, brand=Rite Aid"
"Auburn, CA",,retail,452210,Marshalls,"1200 Galleria Boulevard, CA",,,38.7722464,-121.2614741,,,w_87433050,"shop=department_store, brand=Marshalls"
"Auburn, CA",,retail,452210,Kohl's,"10375 Fairway Drive, Roseville, CA, 95678",+1 916-352-0678,https://www.kohls.com/stores/ca/roseville-680.shtml,38.7890625,-121.2867241,,,w_89183180,"shop=department_store, brand=Kohl's"
"Auburn, CA",,retail,446110,Walgreens,,,,38.6910465,-121.3836376,,,w_97535581,"shop=chemist, brand=Walgreens"
"Auburn, CA",,retail,445120,Roseville Market,,,,38.7289497,-121.3128796,,,w_99275360,shop=convenience
"Auburn, CA",,retail,452210,Target,"1925 Douglas Boulevard, Roseville, CA, 95661-3834",+1 916-786-8787,https://www.target.com/sl/roseville-douglas-blvd/267,38.7461871,-121.2540606,,,w_119292986,"shop=department_store, brand=Target"
"Auburn, CA",,retail,445110,Raley's,,,,38.7459422,-121.2567874,,,w_119293026,"shop=supermarket, brand=Raley's"
"Auburn, CA",,retail,445110,Safeway,"1850 Prairie City Road, Folsom, CA, 95630",+1 916-608-2450,https://local.safeway.com/safeway/ca/folsom/1850-prairie-city-rd.html,38.6498352,-121.1658144,,,w_130917515,"shop=supermarket, brand=Safeway"
"Auburn, CA",,retail,445120,Chevron,,,,38.6495276,-121.164043,,,w_130917516,"shop=convenience, brand=Chevron"
"Auburn, CA",,retail,446110,Walgreens,,,https://www.walgreens.com/locator/walgreens-700+twelve+bridges+dr-lincoln-ca-95648/id=12525,38.8517633,-121.2882645,,,w_135122017,"shop=chemist, brand=Walgreens"
"Auburn, CA",,retail,445110,Walmart Supercenter,"1400 Lead Hill Boulevard, Roseville, CA, 95661",+1 916-724-0012,https://www.walmart.com/store/4202-roseville-ca,38.7472929,-121.2569366,,,w_138217134,"shop=supermarket, brand=Walmart, operator=Walmart"
"Auburn, CA",,retail,445120,,,,,38.7300692,-121.2898522,,,w_138217659,shop=convenience
"Auburn, CA",,retail,445120,ampm,,,,38.7605603,-121.2941487,,,w_138217915,"shop=convenience, brand=ampm"
"Auburn, CA",,retail,445120,,"3998 Foothills Boulevard, CA",,,38.7511653,-121.3100065,,,w_138229927,shop=convenience
"Auburn, CA",,retail,445120,7-Eleven,,,,38.7504245,-121.2642798,,,w_138230034,"shop=convenience, brand=7-Eleven"
"Auburn, CA",,retail,445120,Tower Market,,,,38.7939594,-121.2919153,,,w_138230862,shop=convenience
"Auburn, CA",,retail,445110,Raley's,,,,38.6541017,-121.290795,,,w_139017289,"shop=supermarket, brand=Raley's"
"Auburn, CA",,retail,445110,Whole Foods Market,"270 Palladio Parkway, Folsom, CA, 95630",+1 916-984-8500,https://www.wholefoodsmarket.com/stores/folsom,38.6488159,-121.1181014,,,w_156575051,"shop=supermarket, brand=Whole Foods Market"
"Auburn, CA",,retail,445110,Bel Air,"2760 East Bidwell Street, CA, 95630",,,38.6561923,-121.1218964,,,w_158236636,shop=supermarket
"Auburn, CA",,retail,445110,WinCo Foods,,,,38.6559062,-121.1746167,,,w_160403526,"shop=supermarket, brand=WinCo Foods"
"Auburn, CA",,retail,445110,WinCo Foods,"8701 Greenback Lane, Orangevale, CA, 95662",,,38.6798644,-121.2338152,,,w_161826009,"shop=supermarket, brand=WinCo Foods"
"Auburn, CA",,retail,446120,,,,,38.6442971,-121.1232701,,,w_162052152,shop=beauty
"Auburn, CA",,retail,445110,Raley's,"25025 Blue Ravine Road, Folsom, CA, 95630",,,38.6888803,-121.1223992,,,w_163020259,"shop=supermarket, brand=Raley's"
"Auburn, CA",,retail,445110,Commissary,,,,38.6674658,-121.388763,,,w_165445773,shop=supermarket
"Auburn, CA",,retail,452319,Dutch Flat Trading Post,Main Street,,,39.2067406,-120.8386456,,,w_174732452,"shop=general, amenity=pub"
"Auburn, CA",,retail,445120,Iowas Hill Store,Iowa Hill Road,,,39.107182,-120.8602716,,,w_191478658,shop=convenience
"Auburn, CA",,retail,445120,Bonanza Trading Center,,,,39.1469742,-121.120356,,,w_209129253,shop=convenience
"Auburn, CA",,retail,445310,Sunset Liquor Store,95618,,,38.6524443,-121.2909296,,,w_220394536,shop=alcohol
"Auburn, CA",,retail,446110,Walgreens,"2595 East Bidwell Street, Folsom, CA, 95630",(916) 817-6533,https://www.walgreens.com/locator/walgreens-2595+e+bidwell+st-folsom-ca-95630/id=9048,38.6581127,-121.1294252,,,w_220543520,"shop=chemist, brand=Walgreens"
"Auburn, CA",,retail,452210,Kohl's,"1013 Riley Street, Folsom, CA, 95630",+1 916-983-9970,https://www.kohls.com/stores/ca/folsom-663.shtml,38.6720905,-121.1676609,,,w_236659394,"shop=department_store, brand=Kohl's"
"Auburn, CA",,retail,445110,Safeway,"5345 Elkhorn Boulevard, Sacramento, CA, 95842",+1 916-331-2987,https://local.safeway.com/safeway/ca/sacramento/5345-elkhorn-blvd.html,38.6864897,-121.3394089,,,w_239966147,"shop=supermarket, brand=Safeway"
"Auburn, CA",,retail,445110,Safeway,"1080 Pleasant Grove Boulevard, Roseville, CA, 95678",+1 916-783-2119,https://local.safeway.com/safeway/ca/roseville/1080-pleasant-grove-blvd.html,38.7773406,-121.2915953,,,w_240067726,"shop=supermarket, brand=Safeway"
"Auburn, CA",,retail,445110,Safeway,"8640 Sierra College Boulevard, Roseville, CA, 95661",+1 916-783-2225,https://local.safeway.com/safeway/ca/roseville/8640-sierra-college-blvd.html,38.7418555,-121.2284867,,,w_240068831,"shop=supermarket, brand=Safeway"
"Auburn, CA",,retail,445110,Safeway,"4805 Granite Drive, Rocklin, CA, 95677",+1 916-624-0669,https://local.safeway.com/safeway/ca/rocklin/4805-granite-dr.html,38.7900681,-121.2221978,,,w_240072873,"shop=supermarket, brand=Safeway"
"Auburn, CA",,retail,445110,Safeway,"2220 Sunset Boulevard, Rocklin, CA, 95677",+1 916-789-0101,https://local.safeway.com/safeway/ca/rocklin/2220-sunset-blvd.html,38.802903,-121.2742949,,,w_240073509,"shop=supermarket, brand=Safeway"
"Auburn, CA",,retail,445110,Safeway,"10635 Folsom Boulevard, Rancho Cordova, CA, 95670",+1 916-364-4940,https://local.safeway.com/safeway/ca/rancho-cordova/10635-folsom-blvd.html,38.5955016,-121.2933474,,,w_240337857,"shop=supermarket, brand=Safeway"
"Auburn, CA",,retail,445110,Safeway,"3955 Missouri Flat Road, Placerville, CA, 95667",+1 530-295-2972,https://local.safeway.com/safeway/ca/placerville/3955-missouri-flat-rd.html,38.714394,-120.8397779,,,w_240468204,"shop=supermarket, brand=Safeway"
"Auburn, CA",,retail,445110,Raley's,,,,38.6699033,-121.1598238,,,w_244235551,"shop=supermarket, brand=Raley's"
"Auburn, CA",,retail,445110,Walmart Supercenter,"7010 Auburn Boulevard, Citrus Heights, CA, 95621",+1 916-729-8077,https://www.walmart.com/store/3712-citrus-heights-ca,38.6895337,-121.295186,,,w_249819424,"shop=supermarket, brand=Walmart, operator=Walmart"
"Auburn, CA",,retail,445120,,,,,38.8793189,-121.2936562,,,w_252725838,shop=convenience
"Auburn, CA",,retail,445110,Safeway,"67 Lincoln Boulevard, Lincoln, CA, 95648",+1 916-408-0800,https://local.safeway.com/safeway/ca/lincoln/67-lincoln-blvd.html,38.8781209,-121.2941242,,,w_252725839,"shop=supermarket, brand=Safeway"
"Auburn, CA",,retail,445110,Safeway,"867 Sutton Way, Grass Valley, CA, 95945",1530 73 2249,https://local.safeway.com/safeway/ca/grass-valley/867-sutton-way.html,39.2355012,-121.0323535,,,w_253140448,"shop=supermarket, brand=Safeway"
"Auburn, CA",,retail,445110,Safeway,"105 Neal Street, Grass Valley, CA, 95945",+1 530-273-0115,https://local.safeway.com/safeway/ca/grass-valley/105-neal-st.html,39.2160345,-121.0628048,,,w_253141185,"shop=supermarket, brand=Safeway"
"Auburn, CA",,retail,445110,Safeway,"5450 Dewey Drive, Fair Oaks, CA, 95628",904-5356,https://local.safeway.com/safeway/ca/fair-oaks/5450-dewey-dr.html,38.6652064,-121.3071342,,,w_253424494,"shop=supermarket, brand=Safeway"
"Auburn, CA",,retail,445110,Safeway,"8925 Madison Avenue, Fair Oaks, CA, 95628",+1 916-965-1034,https://local.safeway.com/safeway/ca/fair-oaks/8925-madison-ave.html,38.6653844,-121.2240659,,,w_253426294,"shop=supermarket, brand=Safeway"
"Auburn, CA",,retail,445110,Safeway,"2207 Francisco Drive, El Dorado Hills, CA, 95762",+1 916-939-9456,https://local.safeway.com/safeway/ca/el-dorado-hills/2207-francisco-dr.html,38.7113687,-121.084109,,,w_253584184,"shop=supermarket, brand=Safeway"
"Auburn, CA",,retail,445110,Safeway,"7301 Greenback Lane, Citrus Heights, CA, 95621",+1 916-727-2424,https://local.safeway.com/safeway/ca/citrus-heights/7301-greenback-ln.html,38.6799016,-121.2942364,,,w_253888987,"shop=supermarket, brand=Safeway"
"Auburn, CA",,retail,445110,Safeway,"4040 Manzanita Avenue, Carmichael, CA, 95608",+1 916-481-2005,https://local.safeway.com/safeway/ca/carmichael/4040-manzanita-ave.html,38.6381399,-121.3261777,,,w_254301472,"shop=supermarket, brand=Safeway"
"Auburn, CA",,retail,452210,TJ Maxx,"930 Groveland Lane, Lincoln, CA, 95648",,,38.870745,-121.3043747,,,w_258983963,"shop=department_store, brand=TJ Maxx"
"Auburn, CA",,retail,452210,Target,"950 Groveland Lane, Lincoln, CA, 95648",+1 916-251-3002,https://www.target.com/sl/lincoln/2214,38.869915,-121.3042337,,,w_258986915,"shop=department_store, brand=Target"
"Auburn, CA",,retail,452210,Ross,"113 Ferrari Ranch Road, Lincoln, CA, 95648",+1 916-409-9980,,38.8741428,-121.3020781,,,w_259003232,"shop=department_store, brand=Ross"
"Auburn, CA",,retail,445110,Sprouts Farmers Market,"115 Ferrari Ranch Road, Lincoln, CA, 95648",+1 916-209-5346,https://www.sprouts.com/store/ca/lincoln/lincoln/,38.8737469,-121.3021338,,,w_259003656,"shop=supermarket, brand=Sprouts Farmers Market"
"Auburn, CA",,retail,446120,Ulta Beauty,"117 Ferrari Ranch Road, Lincoln, CA, 95648",+1 916-581-4121,https://www.ulta.com/stores/lincoln-ca-1344,38.8733977,-121.3023857,,,w_259003799,"shop=beauty, brand=Ulta Beauty"
"Auburn, CA",,retail,445110,Big Al's market,,,,39.0097636,-121.4221316,,,w_271787837,shop=supermarket
"Auburn, CA",,retail,445120,,,,,39.0955646,-120.950321,,,w_301199965,shop=convenience
"Auburn, CA",,retail,445110,Walmart Supercenter,"5454 Crossings Drive, Rocklin, CA, 95677",+1 916-783-8281,https://www.walmart.com/store/3587-rocklin-ca,38.802706,-121.2018978,,,w_302866323,"shop=supermarket, brand=Walmart, operator=Walmart"
"Auburn, CA",,retail,446110,Nevada County Pharmacy,,,,39.2527535,-121.0257314,,,w_305790641,shop=chemist
"Auburn, CA",,retail,446110,Walgreens,"1492 Blue Oaks Boulevard, CA",,https://www.walgreens.com/locator/walgreens-1492+blue+oaks+blvd-roseville-ca-95747/id=16058,38.7960231,-121.3278736,,,w_314036370,"shop=chemist, brand=Walgreens"
"Auburn, CA",,retail,445110,Walmart Supercenter,"8961 Greenback Lane, Orangevale, CA, 95662",+1 916-989-5800,https://www.walmart.com/store/4309-orangevale-ca,38.6794129,-121.222562,,,w_326371890,"shop=supermarket, brand=Walmart, operator=Walmart"
"Auburn, CA",,retail,445110,Walmart Neighborhood Market,"6197 Sunrise Boulevard, Citrus Heights, CA, 95610",+1 916-560-0031,https://www.walmart.com/store/4759-citrus-heights-ca,38.6756778,-121.2733823,,,w_326375689,"shop=supermarket, brand=Walmart, operator=Walmart"
"Auburn, CA",,retail,452210,Target,"5837 Sunrise Boulevard, Citrus Heights, CA, 95610-6866",+1 916-966-5267,https://www.target.com/sl/birdcage-citrus-heights/1121,38.6728486,-121.274804,,,w_326375691,"shop=department_store, brand=Target"
"Auburn, CA",,retail,445110,Nugget Markets,,,,38.6528444,-121.0671826,,,w_329818890,shop=supermarket
"Auburn, CA",,retail,445120,Ikedas Produce,,(530) 885-4243,https://www.ikedas.com/,38.9280756,-121.0551059,,,w_369738933,"shop=convenience, amenity=marketplace"
"Auburn, CA",,retail,445120,Auburn Food & Gas,,,,38.8980976,-121.0712314,,,w_376555172,shop=convenience
"Auburn, CA",,retail,446120,Sins of the Flesh Tattoo,"4609 Auburn Boulevard, Sacramento, CA, 95841",,,38.6522436,-121.3568586,,,w_386263530,shop=beauty
"Auburn, CA",,retail,445120,,,,,39.2317519,-121.0734924,,,w_392009803,shop=convenience
"Auburn, CA",,retail,445120,,,,,38.8970615,-121.0800938,,,w_392043880,shop=convenience
"Auburn, CA",,retail,445120,Om Liquor and Deli,"4901 Auburn Boulevard, Sacramento, CA, 95841",,,38.6573126,-121.3513914,,,w_395678500,shop=convenience
"Auburn, CA",,retail,445120,ampm,"4224 Marconi Avenue, Sacramento, CA, 95821",,,38.6172137,-121.3650006,,,w_403732990,"shop=convenience, brand=ampm"
"Auburn, CA",,retail,446110,Rite Aid,,,,38.6181467,-121.3653619,,,w_403734782,"shop=chemist, amenity=pharmacy, brand=Rite Aid"
"Auburn, CA",,retail,445120,ampm,"6337 Fair Oaks Boulevard, Carmichael, CA, 95608",,,38.6165666,-121.3291872,,,w_403735259,"shop=convenience, brand=ampm"
"Auburn, CA",,retail,445120,ampm,"4104 Manzanita Avenue, Carmichael, CA, 95608",,,38.6393367,-121.3285918,,,w_403735865,"shop=convenience, brand=ampm"
"Auburn, CA",,retail,445120,ampm,"5150 Manzanita Avenue, Carmichael, CA, 95608",8003333991,https://www.ampm.com,38.6602763,-121.3270507,,,w_403736627,"shop=convenience, brand=ampm"
"Auburn, CA",,retail,445120,ampm,"4700 Madison Avenue, Sacramento, CA, 95841",,,38.660552,-121.3547876,,,w_403738508,"shop=convenience, brand=ampm"
"Auburn, CA",,retail,445120,ampm,"6140 Greenback Lane, Citrus Heights, CA, 95621",,,38.6790748,-121.3214714,,,w_403739164,"shop=convenience, brand=ampm"
"Auburn, CA",,retail,445120,ampm,"4400 Sunrise Boulevard, Fair Oaks, CA, 95628",,,38.6451531,-121.2715013,,,w_403742271,"shop=convenience, brand=ampm"
"Auburn, CA",,retail,445120,ampm,"2295 Sunrise Boulevard, Rancho Cordova, CA, 95670",,,38.6190065,-121.2674225,,,w_403746958,"shop=convenience, brand=ampm"
"Auburn, CA",,retail,445120,ampm,"12210 Tributary Point Drive, Rancho Cordova, CA, 95670",,,38.6318186,-121.2190712,,,w_403748538,"shop=convenience, brand=ampm"
"Auburn, CA",,retail,446110,CVS Pharmacy,,,https://www.cvs.com/store-locator/fair-oaks-ca-pharmacies/8101-greenback-ln-fair-oaks-ca-95628/storeid=9814,38.6792559,-121.2616101,,,w_405407829,"shop=chemist, brand=CVS Pharmacy"
"Auburn, CA",,retail,445120,,"7899 Greenback Lane, Citrus Heights, CA, 95610",,,38.6787615,-121.2722318,,,w_405407926,shop=convenience
"Auburn, CA",,retail,452319,Dollar General,"5245 Elkhorn Boulevard, Sacramento, CA",,https://www.dollargeneral.com/store-directory/ca/sacramento/14301,38.6880683,-121.3417451,,,w_406340738,"shop=variety_store, brand=Dollar General"
"Auburn, CA",,retail,445110,Smart & Final,"4820 Madison Avenue, Sacramento, CA, 95841",,,38.6605138,-121.3515165,,,w_418199833,"shop=supermarket, brand=Smart & Final"
"Auburn, CA",,retail,445110,,,,,38.6603511,-121.3500595,,,w_418199835,shop=supermarket
"Auburn, CA",,retail,445120,ampm,"3099 Sunrise Boulevard, Rancho Cordova, CA, 95742",,,38.5905123,-121.2647099,,,w_431921429,"shop=convenience, brand=ampm"
"Auburn, CA",,retail,445120,ampm,"2896 Zinfandel Drive, Rancho Cordova, CA, 95670",,,38.5940979,-121.2885763,,,w_432273376,"shop=convenience, brand=ampm"
"Auburn, CA",,retail,445120,7-Eleven,"303 Sacramento Street, Auburn, CA, 95603-5509",+1 530-885-1107,https://www.7-eleven.com/locations/ca/auburn/303-sacramento-st-15882,38.8907444,-121.0757204,,,w_436378956,"shop=convenience, brand=7-Eleven"
"Auburn, CA",,retail,445120,Orbit,,,,38.6539295,-121.3538346,,,w_458124216,"shop=convenience, amenity=fuel"
"Auburn, CA",,retail,452210,Target,"5001 Madison Avenue, Sacramento, CA, 95841-2604",+1 916-348-3701,https://www.target.com/sl/sacramento-madison/311,38.6620832,-121.3488205,,,w_458124242,"shop=department_store, brand=Target"
"Auburn, CA",,retail,446110,Walgreens,,,,38.6603332,-121.3485889,,,w_458124253,"shop=chemist, brand=Walgreens"
"Auburn, CA",,retail,445120,7-Eleven,"5080 Auburn Boulevard, Sacramento, CA, 95841-2649",+1 916-332-0148,https://www.7-eleven.com/locations/ca/sacramento/5080-auburn-blvd-24147,38.6612017,-121.3458347,,,w_458124268,"shop=convenience, brand=7-Eleven"
"Auburn, CA",,retail,445110,Sierra Market,,,,39.0935772,-120.9524546,,,w_480340167,shop=supermarket
"Auburn, CA",,retail,445310,Raymond's Liquor,"1370 Broadway, Placerville, CA, 95667",,,38.7319049,-120.7802681,,,w_492253614,shop=alcohol
"Auburn, CA",,retail,445120,Chevron,,,,38.7316209,-120.7829848,,,w_492253617,"shop=convenience, brand=Chevron"
"Auburn, CA",,retail,445110,Walmart Supercenter,"5821 Antelope Road, Sacramento, CA, 95842",+1 916-729-6162,https://www.walmart.com/store/5192-sacramento-ca,38.7042594,-121.3319355,,,w_551222934,"shop=supermarket, brand=Walmart, operator=Walmart"
"Auburn, CA",,retail,445120,7-Eleven,,,https://www.7-eleven.com/locations/ca/citrus-heights/6180-auburn-blvd-24815,38.6783205,-121.3207778,,,w_551240806,"shop=convenience, brand=7-Eleven"
"Auburn, CA",,retail,445120,Shell,,,,38.6796646,-121.3206759,,,w_551241806,"shop=convenience, brand=Shell"
"Auburn, CA",,retail,445120,,,,,38.6789618,-121.3199038,,,w_551244754,shop=convenience
"Auburn, CA",,retail,452319,Dollar Tree,"6085 Greenback Lane, Citrus Heights, CA, 95621",,https://www.dollartree.com/locations/ca/citrus-heights/6116/,38.6801964,-121.3199083,,,w_555658755,"shop=variety_store, brand=Dollar Tree"
"Auburn, CA",,retail,445310,B Liquor,,,,38.6804327,-121.3202166,,,w_555658757,shop=alcohol
"Auburn, CA",,retail,445110,Grocery Outlet,"6059 Greenback Lane, Citrus Heights, CA, 95621",,,38.6809296,-121.3208566,,,w_555658759,"shop=supermarket, brand=Grocery Outlet"
"Auburn, CA",,retail,445120,,,,,38.6691211,-121.3360508,,,w_555661482,shop=convenience
"Auburn, CA",,retail,445120,ampm,"7969 Walerga Road, Antelope, CA, 95843",+1 (916) 633-3343,https://www.ampm.com,38.7140773,-121.3652703,,,w_555958808,"shop=convenience, brand=ampm"
"Auburn, CA",,retail,445110,WinCo Foods,"4137 Elverta Road, Antelope, CA, 95843",+1 (916) 721-0113,https://www.wincofoods.com/,38.7156458,-121.3672848,,,w_557554569,"shop=supermarket, brand=WinCo Foods"
"Auburn, CA",,retail,445120,Loop Neighborhood,"5500 Schriber Way, Rocklin, CA, 95677",,,38.7992566,-121.2048894,,,w_557824498,shop=convenience
"Auburn, CA",,retail,452210,TJ Maxx,"5440 Crossings Drive, Rocklin, CA, 95677",+1-916-652-7542,,38.801063,-121.201772,,,w_557824507,"shop=department_store, brand=TJ Maxx"
"Auburn, CA",,retail,445120,Valero,,,,38.7314774,-120.7834192,,,w_568469435,"shop=convenience, brand=Valero"
"Auburn, CA",,retail,452319,99 Cents Only Stores,"4319 Elkhorn Boulevard, CA",,https://locations.99only.com/ca/sacramento/discount-store-168.html,38.6956131,-121.3626849,,,w_582107293,"shop=variety_store, brand=99 Cents Only Stores"
"Auburn, CA",,retail,445120,Valero,,,,38.650592,-121.0677395,,,w_656618463,"shop=convenience, brand=Valero"
"Auburn, CA",,retail,445120,7-Eleven,,,https://www.7-eleven.com/locations/ca/el-dorado-hills/4316-town-center-blvd-41230,38.6500212,-121.0674799,,,w_656618464,"shop=convenience, brand=7-Eleven"
"Auburn, CA",,retail,445110,Walmart Neighborhood Market,"5609 Pacific Street, Rocklin, CA, 95677",+1 916-824-0104,https://www.walmart.com/store/3090-rocklin-ca,38.7839896,-121.2395657,,,w_685678076,"shop=supermarket, brand=Walmart, operator=Walmart"
"Auburn, CA",,retail,445110,Walmart Supercenter,"7901 Watt Avenue, Antelope, CA, 95843",+1 916-332-3173,https://www.walmart.com/store/1881-antelope-ca,38.712851,-121.3946154,,,w_687452049,"shop=supermarket, brand=Walmart, operator=Walmart"
"Auburn, CA",,retail,445110,Walmart Neighborhood Market,"255 Lincoln Boulevard, Lincoln, CA, 95648",+1 916-209-5129,https://www.walmart.com/store/5979-lincoln-ca,38.8886009,-121.2918418,,,w_690349971,"shop=supermarket, brand=Walmart, operator=Walmart"
"Auburn, CA",,retail,445120,,,,,38.7878882,-121.2209514,,,w_704089700,shop=convenience
"Auburn, CA",,retail,445110,Bel Air,"7901 Walerga Road, Antelope, CA, 95843",+1 (916) 725-0333,https://www.raleys.com,38.7118461,-121.3662885,,,w_720787409,"shop=supermarket, brand=Bel Air"
"Auburn, CA",,retail,445110,Mar-Val,"6049 Front Street, CA",,https://marvalfoodstores.org/,38.9093783,-120.8516221,,,w_725717511,shop=supermarket
"Auburn, CA",,retail,445292,See's Candies,,,,38.6665027,-121.2726542,,,w_734224161,"shop=confectionery, brand=See's Candies"
"Auburn, CA",,retail,446110,CVS Pharmacy,"10045 Combie Road, Auburn, CA, 95602",,https://www.cvs.com/store-locator/auburn-ca-pharmacies/10045-combie-rd-auburn-ca-95602/storeid=3947,39.0418614,-121.0926118,,,w_735113448,"shop=chemist, brand=CVS Pharmacy"
"Auburn, CA",,retail,445110,Holiday Market,"10952 Combie Road, Auburn, CA, 95602",,,39.0408977,-121.0779552,,,w_735113452,shop=supermarket
"Auburn, CA",,retail,452210,Target,"111 West McKnight Way, Grass Valley, CA, 95949",+1 530-798-5657,https://www.target.com/sl/grass-valley/2891,39.1985015,-121.060502,,,w_736842704,"shop=department_store, brand=Target"
"Auburn, CA",,retail,446110,CVS Pharmacy,,,https://www.cvs.com/store-locator/cameron-park-ca-pharmacies/3020-green-valley-rd-ste-b-cameron-park-ca-95682/storeid=6793,38.697498,-121.0030353,,,w_749936929,"shop=chemist, brand=CVS Pharmacy"
"Auburn, CA",,retail,445110,Briar Patch Food Co-Op,"290 Sierra College Drive, Grass Valley, CA, 95945",+1 530-272-5333,https://www.briarpatch.coop/,39.2346509,-121.0528566,,,w_757513918,shop=supermarket
"Auburn, CA",,retail,445110,Raley's,"692 Freeman Lane, Grass Valley, CA, 95949",(530) 272-1958,,39.2024351,-121.0654785,,,w_772077494,"shop=supermarket, brand=Raley's"
"Auburn, CA",,retail,452319,Dollar Tree,"762 Freeman Lane, Grass Valley, CA, 95949",,https://www.dollartree.com/locations/ca/grass-valley/2260/,39.2004742,-121.0645435,,,w_772077505,"shop=variety_store, brand=Dollar Tree"
"Auburn, CA",,retail,452210,JCPenney,"752 Freeman Lane, Grass Valley, CA, 95949",,https://www.jcpenney.com/,39.2006843,-121.0647231,,,w_772077506,"shop=department_store, brand=JCPenney"
"Auburn, CA",,retail,452210,JCPenney,"732 Freeman Lane, Grass Valley, CA, 95949",,,39.2013408,-121.0650164,,,w_772077507,"shop=department_store, brand=JCPenney"
"Auburn, CA",,retail,445110,Alta Sierra Market,"10182 Alta Sierra Drive, Grass Valley, CA, 95949",+1-530-273-5751,,39.1403943,-121.0691596,,,w_772334356,shop=supermarket
"Auburn, CA",,retail,453110,Forever Yours,"10044-A Wolf Road, CA",5302687673,,39.0430002,-121.0953694,,,w_775772933,shop=florist
"Auburn, CA",,retail,446120,Professional Nailcare Waxing,"722-M Freeman Lane, Grass Valley, CA, 95949",15302731638,,39.2016763,-121.0650693,,,w_781187397,shop=beauty
"Auburn, CA",,retail,446110,Village Pharmacy,,,,39.0101433,-121.4222639,,,w_781944464,shop=chemist
"Auburn, CA",,retail,445110,Bel Air,,,,38.798146,-121.2646658,,,w_790914685,"shop=supermarket, brand=Bel Air"
"Auburn, CA",,retail,445120,7-Eleven,,,https://www.7-eleven.com/locations/ca/rocklin/6001-stanford-ranch-rd-34671,38.7953037,-121.2647312,,,w_791120834,"shop=convenience, brand=7-Eleven"
"Auburn, CA",,retail,445120,,,,,39.2088557,-121.0622394,,,w_825952874,shop=convenience
"Auburn, CA",,retail,445110,SPD Market,,,,39.1984754,-121.062102,,,w_825971789,shop=supermarket
"Auburn, CA",,retail,445120,Robinson,,,,39.2196033,-121.0585794,,,w_826419953,shop=convenience
"Auburn, CA",,retail,445120,76,,,,39.2177995,-121.0615722,,,w_826625112,"shop=convenience, brand=76"
"Auburn, CA",,retail,445310,Long's Bottle Shop,,,,39.2160126,-121.0547322,,,w_826625138,shop=alcohol
"Auburn, CA",,retail,445110,BackPorch Market,"135 Colfax Avenue, Grass Valley, CA, 95945",+1 (530) 271-7111,https://www.backporchmarket.com/,39.2161435,-121.0600938,,,w_826793551,shop=supermarket
"Auburn, CA",,retail,445120,Express Mart,,,,39.2150937,-121.062138,,,w_826793594,shop=convenience
"Auburn, CA",,retail,445110,Holiday Market,"Woodridge Drive, Auburn, CA, 95602",,,39.0399728,-121.0919986,,,w_835187903,shop=supermarket
"Auburn, CA",,retail,446120,Mai's Nails & Spa,526 Sutton Way,+1 530-272-7256,,39.2321187,-121.0382225,,,w_860704468,shop=beauty
"Auburn, CA",,retail,446110,Rite Aid,"720 Sutton Way, Grass Valley, CA, 95945",,https://www.riteaid.com/locations/ca/grass-valley/720-sutton-way.html,39.2341136,-121.035496,,,w_860704471,"shop=chemist, brand=Rite Aid"
"Auburn, CA",,retail,445110,Grocery Outlet,616 Sutton Way,,,39.2335309,-121.037545,,,w_860830686,"shop=supermarket, brand=Grocery Outlet"
"Auburn, CA",,retail,446120,Loomis Beauty Salon,,,,38.8205196,-121.1939371,,,w_865732315,shop=beauty
"Auburn, CA",,retail,446110,Leader Main Drug Store,,,,38.8203283,-121.1940159,,,w_865732316,shop=chemist
"Auburn, CA",,retail,445110,Walmart Supercenter,"4675 Watt Avenue, North Highlands, CA, 95660",+1 916-621-1454,https://www.walmart.com/store/4393-north-highlands-ca,38.6498635,-121.3863382,,,w_884549065,"shop=supermarket, brand=Walmart, operator=Walmart"
"Auburn, CA",,retail,446110,Rite Aid,,,https://www.riteaid.com/locations/ca/north-highlands/6639-watt-avenue.html,38.6882478,-121.3845844,,,w_890850809,"shop=chemist, brand=Rite Aid"
"Auburn, CA",,retail,445120,7-Eleven,"3601 Elkhorn Boulevard, North Highlands, CA, 95660-3730",+1 916-348-0737,https://www.7-eleven.com/locations/ca/north-highlands/3601-elkhorn-blvd-23015,38.6909154,-121.3824963,,,w_890850811,"shop=convenience, brand=7-Eleven"
"Auburn, CA",,retail,453991,Mellenium Smoke Shop,"102 East Main Street, Grass Valley, CA, 95945",,,39.2193242,-121.0620435,,,w_893178992,shop=tobacco
"Auburn, CA",,retail,445310,Sierra Starr,,,,39.2192743,-121.0628631,,,w_903972441,shop=wine
"Auburn, CA",,retail,453991,Blaze'n J's,"114 East Main Street, Grass Valley, CA, 95945",,,39.2193807,-121.0615578,,,w_909797471,shop=tobacco
"Auburn, CA",,retail,445210,Kings Meats,"787 Pleasant Valley Road, Diamond Springs, CA, 95619",+15304975398,https://kingsmeats.net/,38.6952105,-120.8056655,,,w_921540632,shop=butcher
"Auburn, CA",,retail,446110,Walgreens,"4331 Antelope Road, Antelope, CA, 95843",,https://www.walgreens.com/locator/walgreens-4331+antelope+rd-sacramento-ca-95843/id=5500,38.704635,-121.3629055,,,w_938588757,"shop=chemist, brand=Walgreens"
"Auburn, CA",,retail,445120,7-Eleven,"5903 Sunset Boulevard, Rocklin, CA, 95677",+1 916-624-1003,https://www.7-eleven.com/locations/ca/rocklin/5903-sunset-blvd-35994,38.7808846,-121.2420653,,,w_954467399,"shop=convenience, brand=7-Eleven"
"Auburn, CA",,retail,445120,Safeway Express,,,,38.6750703,-121.0301693,,,w_957655006,shop=convenience
"Auburn, CA",,retail,446110,Walgreens,"880 Sutton Way, Grass Valley, CA, 95945",,https://www.walgreens.com/locator/walgreens-880+sutton+way-grass+valley-ca-95945/id=10881,39.2351879,-121.0348666,,,w_961774497,"shop=chemist, brand=Walgreens"
"Auburn, CA",,retail,445120,Speedway,,,https://www.speedway.com/locations/CA/Grass-Valley/2001-Nevada-City-Hwy,39.2372595,-121.0365152,,,w_962080547,"shop=convenience, brand=Speedway"
"Auburn, CA",,retail,445120,ampm,,,,39.2365509,-121.0377812,,,w_962080564,"shop=convenience, brand=ampm"
"Auburn, CA",,retail,445120,,,,,39.2368841,-121.0383422,,,w_962080570,shop=convenience
"Auburn, CA",,retail,452319,Dollar General,"Grass Valley, CA",+1 530-270-9402,https://www.dollargeneral.com/store-directory/ca/grass-valley/15010,39.2375153,-121.0360024,,,w_962080576,"shop=variety_store, brand=Dollar General"
"Auburn, CA",,retail,445110,Natural Selection,589 East Main Street,,,39.2239051,-121.0533234,,,w_964420525,shop=supermarket
"Auburn, CA",,retail,445120,7-Eleven,,,https://www.7-eleven.com/locations/ca/sacramento/6955-walerga-rd-35351,38.6937602,-121.3641227,,,w_977748267,"shop=convenience, brand=7-Eleven"
"Auburn, CA",,retail,453991,Smoke Shop,"2420 Grass Valley Highway, CA",,,38.9364718,-121.0927066,,,w_978576366,shop=tobacco
"Auburn, CA",,retail,446120,california sun,CA,,,38.9359695,-121.0923429,,,w_978576370,shop=beauty
"Auburn, CA",,retail,446120,Lauish Nails,CA,,,38.9358797,-121.0922365,,,w_978576371,shop=beauty
"Auburn, CA",,retail,445110,BelAir,,,,38.9347415,-121.091065,,,w_978576379,shop=supermarket
"Auburn, CA",,retail,445110,Sunrise Natural Foods,,+15308888973,,38.9341415,-121.0905911,,,w_978576384,shop=supermarket
"Auburn, CA",,retail,446110,CVS Pharmacy,,,https://www.cvs.com/store-locator/auburn-ca-pharmacies/2140-grass-valley-hwy-auburn-ca-95603/storeid=9914,38.9339496,-121.0901463,,,w_978576385,"shop=chemist, brand=CVS Pharmacy"
"Auburn, CA",,retail,452319,Dollar Tree,,,https://www.dollartree.com/locations/ca/auburn/1212/,38.9336353,-121.0899626,,,w_978576387,"shop=variety_store, brand=Dollar Tree"
"Auburn, CA",,retail,445110,Raley's,"39 Lincoln Boulevard, Lincoln, CA, 95648",+1-916-408-5775,https://www.raleys.com/stores/raleys-lincoln-lincoln-california/,38.8724529,-121.2966684,,,w_982082727,"shop=supermarket, brand=Raley's"
"Auburn, CA",,retail,445292,See's Candies,,,,38.9249274,-121.0546578,,,w_984507073,"shop=confectionery, brand=See's Candies"
"Auburn, CA",,retail,445120,Speedway,"2280 Drive In Way, Auburn, CA, 95603",,https://www.speedway.com/locations/CA/Auburn/2280-DRIVE-IN-WAY,38.934517,-121.0931562,,,w_986501147,"shop=convenience, brand=Speedway, operator=Speedway"
"Auburn, CA",,retail,445120,Super K,,,,38.9415124,-121.0978063,,,w_987044662,shop=convenience
"Auburn, CA",,retail,445110,Smart & Final,,,,38.9400205,-121.0976424,,,w_991359054,"shop=supermarket, brand=Smart & Final"
"Auburn, CA",,retail,445120,Speedway,,,,38.8718602,-121.1298942,,,w_994103203,"shop=convenience, brand=Speedway"
"Auburn, CA",,retail,445120,Speedway,"13461 Bowman Road, Auburn, CA, 95603",,https://www.speedway.com/locations/CA/Auburn/13461-BOWMAN-RD,38.9265393,-121.0572526,,,w_994103322,"shop=convenience, brand=Speedway"
"Auburn, CA",,retail,445120,Speedway,"1008 Plaza Drive, Grass Valley, CA, 95945",,https://www.speedway.com/locations/CA/Grass-Valley/1008-Plaza-Dr,39.2340963,-121.0333942,,,w_995432663,"shop=convenience, brand=Speedway"
"Auburn, CA",,retail,445120,Rowdy Randy's,,,,38.9025106,-121.068494,,,w_999222472,shop=convenience
"Auburn, CA",,retail,445110,Holiday Market,"5030 Ellinghouse Dr, Cool, CA, 95614",,,38.8859426,-121.014623,,,w_1006625913,"shop=supermarket, operator=North State Grocery"
"Auburn, CA",,retail,445110,SPD,Zion Street,,http://spdmarket.com/,39.2532707,-121.0254073,,,w_1024687878,shop=supermarket
"Auburn, CA",,retail,445110,California Organics,Argall Way,,https://www.californiaorganics.com/,39.2522982,-121.0253811,,,w_1027516001,shop=supermarket
"Auburn, CA",,retail,446120,Helen's Nails,"4076 Grass Valley Highway, Auburn, CA, 95602",(530) 885-8976,https://www.yelp.com/biz/helen-nails-auburn,38.9579415,-121.1006996,,,w_1027562332,shop=beauty
"Auburn, CA",,retail,445120,Super Quick Food Store,"10542 Fair Oaks Boulevard, Fair Oaks, CA, 95628",,,38.644513,-121.2665857,,,w_1051448422,shop=convenience
"Auburn, CA",,retail,453991,,,,,39.2222464,-121.0541585,,,w_1067752262,shop=tobacco
"Auburn, CA",,retail,445120,7-Eleven,"3448 Watt Avenue, Sacramento, CA, 95821-3613",+1 916-482-1860,https://www.7-eleven.com/locations/ca/sacramento/3448-watt-ave-24276,38.628374,-121.3823625,,,w_1070718025,"shop=convenience, brand=7-Eleven"
"Auburn, CA",,retail,445120,Extra Mile,,,,38.8939175,-121.292342,,,w_1077531843,shop=convenience
"Auburn, CA",,retail,445110,Panadería La Michoacana,"616 5th Street, CA",,,38.8920755,-121.291773,,,w_1077532229,shop=supermarket
"Auburn, CA",,retail,445110,Fotos Market,"561 5th Street, CA",,,38.8915115,-121.2911885,,,w_1077532351,shop=supermarket
"Auburn, CA",,retail,446120,Lovely Nails,"654 5th Street, CA",,,38.8919818,-121.292313,,,w_1077532422,shop=beauty
"Auburn, CA",,retail,445120,Chevron,"3600 Carson Road, Camino, CA, 95709",,,38.7404512,-120.6977526,,,w_1085743007,"shop=convenience, brand=Chevron"
"Auburn, CA",,retail,445110,Worton's Market Foresthill,"23140 Forest Hill Road, Foresthill, CA, 95631",,,39.0123766,-120.8390773,,,w_1093266804,shop=supermarket
"Auburn, CA",,retail,445120,,,,,39.1967328,-121.0112578,,,w_1111615831,shop=convenience
"Auburn, CA",,retail,445120,ampm,,,,38.7072606,-121.3824081,,,w_1132260667,"shop=convenience, brand=ampm"
"Auburn, CA",,retail,445120,Sierra Express,,,,39.187133,-120.8325163,,,w_1153921376,shop=convenience
"Auburn, CA",,retail,445120,ExtraMile,,,,38.6846508,-121.1784348,,,w_1169783592,"shop=convenience, brand=ExtraMile"
"Auburn, CA",,retail,445120,Colfax Food & Liquor,,,,39.0971315,-120.9505285,,,w_1194540913,shop=convenience
"Auburn, CA",,retail,445120,ampm,,,,39.0949445,-120.951704,,,w_1194540914,"shop=convenience, brand=ampm"
"Auburn, CA",,retail,446120,,"13336 Lincoln Way, Auburn, CA, 95603",+1-530-823-3044,,38.9213091,-121.0560862,,,w_1223142836,shop=beauty
"Auburn, CA",,retail,453991,Millenium Smoke Shop,"13334 Lincoln Way, Auburn, CA, 95603",+1-530-887-0420,https://shopmillenium.com/,38.9213077,-121.0561852,,,w_1223142837,"shop=tobacco, operator=Millenium Smoke Shop"
"Auburn, CA",,retail,445310,Auburn Liquor & Food,,,,38.9212933,-121.0564449,,,w_1223142839,shop=alcohol
"Auburn, CA",,retail,453110,Flowers,,,,38.9246246,-121.0555049,,,w_1233781878,shop=florist
"Auburn, CA",,retail,445310,Auburn Liquor Mart,,,,38.9243618,-121.05636,,,w_1233781880,shop=alcohol
"Auburn, CA",,retail,453991,Smoke & Vape Shop,,,,38.9241832,-121.056301,,,w_1233781881,shop=tobacco
"Auburn, CA",,retail,445120,ampm,,,,38.9238543,-121.0564184,,,w_1233781883,"shop=convenience, brand=ampm"
"Auburn, CA",,retail,445120,,,,,38.9238849,-121.0580805,,,w_1233781893,shop=convenience
"Auburn, CA",,retail,446191,Sprouts,"10846 Bear Hollow Drive, Rancho Cordova, CA, 95670",,,38.5773492,-121.2822486,,,w_1239554007,shop=health_food
"Auburn, CA",,retail,445120,,,,,38.9943674,-121.0239304,,,w_1244176664,shop=convenience
"Auburn, CA",,retail,445110,,,,,39.0002769,-121.0232088,,,w_1244176699,shop=supermarket
"Auburn, CA",,retail,452210,Target,"5104 Commons Drive, Rocklin, CA, 95677",+1 916-251-3345,https://www.target.com/sl/rocklin/2604,38.8044879,-121.2092197,,,w_1264208818,"shop=department_store, brand=Target"
"Auburn, CA",,retail,445120,ampm,,,,38.6571215,-121.1834454,,,w_1274478856,"shop=convenience, brand=ampm"
"Auburn, CA",,retail,446191,Placerville Food Coop,535 Placerville Drive,,,38.7335548,-120.826004,,,w_1280066798,shop=health_food
"Auburn, CA",,retail,445120,Mobil Mart,,,,38.7359831,-120.7104662,,,w_1280344184,"shop=convenience, brand=Mobil Mart"
"Auburn, CA",,retail,445120,Shell,,,,38.7278485,-120.8046827,,,w_1280900885,"shop=convenience, brand=Shell"
"Auburn, CA",,retail,445120,7-Eleven,,,,38.714135,-120.843877,,,w_1291891496,"shop=convenience, brand=7-Eleven"
"Auburn, CA",,retail,445120,,,,,39.1123633,-121.4191121,,,w_1302450808,shop=convenience
"Auburn, CA",,retail,445120,76,"1178 Broadway, Placerville, CA",,,38.7306948,-120.7887914,,,w_1324176091,"shop=convenience, brand=76"
"Auburn, CA",,retail,445120,Convenient Food Mart,"Whitney Boulevard, Rocklin, CA, 95765",,,38.7872125,-121.2522509,,,w_1333595209,"shop=convenience, brand=Convenient Food Mart"
"Auburn, CA",,retail,445120,7-Eleven,,,https://www.7-eleven.com/locations/ca/orangevale/9396-greenback-ln-38703,38.6778192,-121.2026915,,,w_1363461114,"shop=convenience, brand=7-Eleven"
"Auburn, CA",,retail,452210,Macy's,"1197 Galleria Boulevard, Roseville, CA, 95678",+1-916-771-3333,https://www.macys.com/stores/ca/roseville/westfield-galleria-at-roseville_408.html,38.7754834,-121.2683715,,,w_1371236670,"shop=department_store, brand=Macy's"
"Auburn, CA",,retail,445120,Chevron,,,,39.0140255,-121.4318493,,,w_1376184063,"shop=convenience, brand=Chevron"
"Auburn, CA",,retail,446120,Monroe the Salon,,,,38.6748293,-121.174587,,,w_1382187694,shop=beauty
"Auburn, CA",,retail,446120,Transformative Beauty Spa,,,,38.6747627,-121.1747548,,,w_1382187695,shop=beauty
"Auburn, CA",,retail,445120,Valero,,,,38.8729557,-121.1302104,,,w_1421233220,"shop=convenience, brand=Valero"
"Auburn, CA",,retail,452319,Thrift Store,,,,38.6729243,-121.1622957,,,r_8890522,shop=variety_store
