Location,Search Keyword,Segment,NAICS Code,Business Name,Address,Phone Number,Website,Latitude,Longitude,Rating,User Ratings,Place ID,Types
"Lucerne Valley, CA",,retail,445310,Home of the Hangover Liquor Store,"42074 Big Bear Boulevard, Big Bear Lake, CA, 92315",+19098662103,https://www.homeofthehangover.com/,34.244677,-116.8842746,,,n_1456528397,shop=alcohol
"Lucerne Valley, CA",,retail,445120,,,,,34.2410273,-116.9172856,,,n_1458412353,shop=convenience
"Lucerne Valley, CA",,retail,445210,House of Jerky,,,,34.2411765,-116.9113717,,,n_1458418462,shop=butcher
"Lucerne Valley, CA",,retail,445310,Our Town Liquor,,,,34.2413493,-116.916769,,,n_1458420336,shop=alcohol
"Lucerne Valley, CA",,retail,445110,Jensen's,,,,34.2473097,-117.2087379,,,n_2580087339,shop=supermarket
"Lucerne Valley, CA",,retail,445120,7-Eleven,"41440 Big Bear Boulevard, Big Bear Lake, CA, 92315",+1 909-866-7711,https://www.7-eleven.com/locations/ca/big-bear-lake/41440-big-bear-blvd-22809,34.2438936,-116.8980634,,,n_2720342187,"shop=convenience, brand=7-Eleven"
"Lucerne Valley, CA",,retail,445210,Jeff's Famous Beef Jerky,40804B Village Drive,,,34.2400902,-116.9117228,,,n_2789823917,shop=butcher
"Lucerne Valley, CA",,retail,445120,Fawnskin Market,"39187 North Shore Drive, Fawnskin, 92333",,,34.2691878,-116.9469479,,,n_2847597677,shop=convenience
"Lucerne Valley, CA",,retail,452319,Lighthouse General Store,,,https://www.bigbearlighthouseresort.com/,34.2617796,-116.9175585,,,n_3367436539,shop=general
"Lucerne Valley, CA",,retail,445120,Jensen's,"31987 Hilltop Blvd, Running Springs, CA, 92382",909-867-2228,,34.2042129,-117.105387,,,n_3683209505,shop=convenience
"Lucerne Valley, CA",,retail,445120,Circle K,"20920 Bear Valley Road, Apple Valley, CA, 92308",+1 760-240-3537,,34.4719288,-117.2073355,,,n_4636881834,"shop=convenience, brand=Circle K"
"Lucerne Valley, CA",,retail,445110,Food 4 Less,"14738 La Paz Drive, Victorville, CA, 92392",,,34.51939,-117.3145208,,,n_6223961760,"shop=supermarket, brand=Food 4 Less"
"Lucerne Valley, CA",,retail,452319,Dollar Tree,"14792 La Paz Drive, Victorville, CA, 92395",,https://www.dollartree.com/locations/ca/victorville/1855/,34.5202562,-117.3157731,,,n_6283729350,"shop=variety_store, brand=Dollar Tree"
"Lucerne Valley, CA",,retail,452210,Big Lots,"14790 La Paz Drive, Victorville, CA, 92395",+1 760-243-9596,https://local.biglots.com/ca/victorville/14790-la-paz-dr,34.5200507,-117.3154003,,,n_6283729351,"shop=department_store, brand=Big Lots"
"Lucerne Valley, CA",,retail,453991,VV Smoke Shop,"14516 7th Street, Victorville, CA, 92395",,,34.5146954,-117.3165186,,,n_6292300618,shop=tobacco
"Lucerne Valley, CA",,retail,446120,Desert Nails & Spa,"14520 7th Street, Victorville, CA, 92395",,,34.5147834,-117.3164344,,,n_6292300619,shop=beauty
"Lucerne Valley, CA",,retail,452319,Dollar General,"14532 7th Street, Victorville, CA, 92395",,,34.5149614,-117.3162734,,,n_6292300620,"shop=variety_store, brand=Dollar General"
"Lucerne Valley, CA",,retail,445110,Lucerne Valley Market and Hardware,,,,34.4406496,-116.9450629,,,n_6689581888,shop=supermarket
"Lucerne Valley, CA",,retail,445110,Jensen's Minute Shoppe,,,,34.2543017,-117.1731436,,,n_7737339887,shop=supermarket
"Lucerne Valley, CA",,retail,445110,Stater Bros.,"28100 California 189, Lake Arrowhead, CA, 92352",+1 909-337-5854,https://www.staterbros.com/stores/92,34.2505706,-117.190455,,,n_7737522586,"shop=supermarket, brand=Stater Bros."
"Lucerne Valley, CA",,retail,445120,,,,,34.5268247,-117.214173,,,n_8419770478,shop=convenience
"Lucerne Valley, CA",,retail,452210,Ross,"20352 Highway 18, Apple Valley, CA, 92307-6196",+1 760-961-2183,,34.5269536,-117.2158147,,,n_8419806018,"shop=department_store, brand=Ross"
"Lucerne Valley, CA",,retail,452319,Dollar Tree,"20346 Happy Trails Highway, Apple Valley, CA, 92307;92307-2937",,,34.5271609,-117.2161921,,,n_8419806019,"shop=variety_store, brand=Dollar Tree"
"Lucerne Valley, CA",,retail,445110,ALDI,"18667 Bear Valley Road, Hesperia, CA, 92345-5077",+1 833-479-7097,https://stores.aldi.us/ca/hesperia/18667-bear-valley-rd,34.470114,-117.2572732,,,n_8665015117,"shop=supermarket, brand=ALDI"
"Lucerne Valley, CA",,retail,452319,Dollar Tree,"12160 Hesperia Road, Victorville, CA, 92395",,https://www.dollartree.com/locations/ca/victorville/1504/,34.4722751,-117.2928828,,,n_9262017323,"shop=variety_store, brand=Dollar Tree"
"Lucerne Valley, CA",,retail,452210,Ross,"17222 Bear Valley Road, Victorville, CA, 92395",+1 760-843-5649,,34.4720702,-117.2873719,,,n_9262036293,"shop=department_store, brand=Ross"
"Lucerne Valley, CA",,retail,453110,Little Green House,,+18009095352,https://www.bigbearflorist.com/,34.2437,-116.897568,,,n_9946668267,shop=florist
"Lucerne Valley, CA",,retail,453991,Big Bear Smoke Shop & Vape,"207 West Big Bear Boulevard, Big Bear City, CA, 92314",+19095476720,,34.2613496,-116.8470977,,,n_10167572062,shop=tobacco
"Lucerne Valley, CA",,retail,452319,Dollar General,"Lucerne Valley, CA, 92356",,https://www.dollargeneral.com/store-directory/ca/lucerne-valley/14280,34.4444394,-116.9533338,,,n_10210817431,"shop=variety_store, brand=Dollar General"
"Lucerne Valley, CA",,retail,446120,Blue Jay Nails & Spa,,,,34.2456744,-117.210261,,,n_11272941350,shop=beauty
"Lucerne Valley, CA",,retail,446191,Health Habitat,,,,34.2464696,-117.2101885,,,n_11272945473,shop=health_food
"Lucerne Valley, CA",,retail,452210,Marshalls,"42126 Big Bear Boulevard, Big Bear Lake, CA, 92315",+1-909-866-0883,https://www.marshalls.com/us/store/stores/Big+Bear+Lake-CA-92315/1592/aboutstore,34.2479266,-116.8843948,,,n_12501669608,"shop=department_store, brand=Marshalls"
"Lucerne Valley, CA",,retail,445110,Grocery Outlet,"42126 Big Bear Boulevard, Big Bear Lake, CA, 92315",+1-909-340-2001,https://www.groceryoutlet.com/grand-opening/big-bear-lake,34.2476405,-116.8843951,,,n_12501669609,"shop=supermarket, brand=Grocery Outlet, operator=Adam & Tara Mazzella"
"Lucerne Valley, CA",,retail,445110,Cardenas,"15555 Main Street, Hesperia, CA, 92345",+17609479615,,34.4231317,-117.3236458,,,n_12874231213,"shop=supermarket, brand=Cardenas"
"Lucerne Valley, CA",,retail,453991,Smoke 4 Less,"20162 Outer Hwy 18 North, Apple Valley, CA, 92307",+1 760-946-4060,,34.5292592,-117.2235526,,,n_12949988278,shop=tobacco
"Lucerne Valley, CA",,retail,446120,Spa Vital,"20162 Outer Hwy 18 North, Apple Valley, CA, 92307",+1 760-242-2258,,34.5291138,-117.2233251,,,n_12949988279,shop=beauty
"Lucerne Valley, CA",,retail,446120,Sadie J's Beauty Supply,"20162 Outer Hwy 18 North, Apple Valley, CA, 92307",+1 760-240-9637,,34.5291028,-117.2230968,,,n_12949988282,shop=beauty
"Lucerne Valley, CA",,retail,446120,Eyebrows R Us,"12130 Hesperia Road, Victorville, CA, 92395",,,34.4716142,-117.2926052,,,n_13030190753,shop=beauty
"Lucerne Valley, CA",,retail,446120,Top Nails,"20920 Bear Valley Road, Apple Valley, CA, 92308",+1 760-961-0894,,34.4719311,-117.2071131,,,n_13031158945,shop=beauty
"Lucerne Valley, CA",,retail,453991,Uptown Smoke & Vape,"20920 Bear Valley Road, Apple Valley, CA, 92308",,,34.4719304,-117.2070219,,,n_13031158946,shop=tobacco
"Lucerne Valley, CA",,retail,445120,7-Eleven,"15760 Ranchero Road, Hesperia, CA, 92345",+1 760-244-8004,https://www.7-eleven.com/locations/ca/hesperia/15760-ranchero-rd-39978,34.3838462,-117.3190402,,,n_13051328191,"shop=convenience, brand=7-Eleven"
"Lucerne Valley, CA",,retail,453991,OG Vape & Glass,"21699 Yucca Loma Road, Apple Valley, CA, 92307",,,34.4992519,-117.1904768,,,n_13076720690,shop=tobacco
"Lucerne Valley, CA",,retail,445110,Target,"20288 Happy Trails Highway, Apple Valley, CA, 92307;92307-2937",,,34.5276375,-117.2167969,,,n_13076782294,"shop=supermarket, brand=Target"
"Lucerne Valley, CA",,retail,445110,Guadalajara Meat Market,"15547 7th Street, Victorville, CA, 92395",,,34.534281,-117.2946211,,,w_109431512,shop=grocery
"Lucerne Valley, CA",,retail,445110,Vons,"42170 Big Bear Boulevard, Big Bear Lake, CA, 92315",+1 909-866-8459,https://local.vons.com/ca/big-bear-lake/42170-big-bear-blvd.html,34.2524287,-116.885186,,,w_128839093,"shop=supermarket, brand=Vons"
"Lucerne Valley, CA",,retail,446110,Walgreens,"17383 Main Street, Hesperia, CA, 92345",,https://www.walgreens.com/locator/walgreens-17383+main+st-hesperia-ca-92345/id=2223,34.4181882,-117.2838551,,,w_129035626,"shop=chemist, brand=Walgreens"
"Lucerne Valley, CA",,retail,446110,Rite Aid,"17441 Main Street, Hesperia, CA, 92345",,https://www.riteaid.com/locations/ca/hesperia/17441-main-street.html,34.4179047,-117.282657,,,w_129035629,"shop=chemist, brand=Rite Aid"
"Lucerne Valley, CA",,retail,445110,Stater Bros.,"42171 Big Bear Boulevard, Big Bear Lake, CA, 92315",+1 909-866-5211,https://www.staterbros.com/stores/91,34.2528656,-116.8833274,,,w_130004961,"shop=supermarket, brand=Stater Bros."
"Lucerne Valley, CA",,retail,445110,Vons,"17390 Main Street, 92345",,https://local.vons.com/ca/hesperia-2371.html,34.4204375,-117.2832937,,,w_131541451,"shop=supermarket, brand=Vons"
"Lucerne Valley, CA",,retail,445110,Vons,"12199 Hesperia Road, Victorville, CA, 92392",+1 760-241-2288,https://local.vons.com/ca/victorville/12199-hesperia-rd.html,34.4725764,-117.2896514,,,w_133790019,"shop=supermarket, brand=Vons"
"Lucerne Valley, CA",,retail,445230,,,,,34.2099341,-117.085837,,,w_210116317,shop=greengrocer
"Lucerne Valley, CA",,retail,445230,,,,,34.2093939,-117.0861164,,,w_210116322,shop=greengrocer
"Lucerne Valley, CA",,retail,445230,jerky,,,,34.2101781,-117.0856702,,,w_210116323,shop=greengrocer
"Lucerne Valley, CA",,retail,445230,,,,,34.2100595,-117.085749,,,w_210116330,shop=greengrocer
"Lucerne Valley, CA",,retail,452319,Dollar Tree,42150 Big Bear Boulevard,,https://www.dollartree.com/locations/ca/big-bear-lake/2959/,34.25215,-116.8859682,,,w_238637905,"shop=variety_store, brand=Dollar Tree"
"Lucerne Valley, CA",,retail,445110,VILLAGE MARKET,,,,34.2087397,-117.1148476,,,w_238796867,shop=supermarket
"Lucerne Valley, CA",,retail,445120,7-Eleven,,,https://www.7-eleven.com/locations/ca/big-bear-lake/41901-big-bear-blvd-32151,34.2428229,-116.8877537,,,w_238821811,"shop=convenience, brand=7-Eleven"
"Lucerne Valley, CA",,retail,445120,ampm,,,,34.2558043,-116.8828774,,,w_239854307,"shop=convenience, brand=ampm"
"Lucerne Valley, CA",,retail,452210,Target,"20288 Happy Trails Highway, Apple Valley, CA, 92307;92307-2937",+1-760-240-7654,https://www.target.com/sl/apple-valley-north/2260,34.5279784,-117.2171786,,,w_261745202,"shop=department_store, brand=Target"
"Lucerne Valley, CA",,retail,445120,Easy's General Store,"498 Maple Lane, Sugar Loaf, 92386",,,34.2433184,-116.8253878,,,w_277490668,shop=convenience
"Lucerne Valley, CA",,retail,445210,Smokey's Beef Jerky,"42167 Big Bear Boulevard, Big Bear Lake, 92315",+19098664511,https://smokeysbeefjerky.com/,34.2518817,-116.8839292,,,w_277497560,shop=butcher
"Lucerne Valley, CA",,retail,445120,Community Market,"100 East Big Bear Boulevard, Big Bear City",,,34.2609148,-116.8453665,,,w_277504777,shop=convenience
"Lucerne Valley, CA",,retail,445120,7-Eleven,"17979 us highway 18, Apple Valley, CA, 92307",+1 760-242-8110,https://www.7-eleven.com/locations/ca/apple-valley/17979-outer-highway-18-25984,34.5395526,-117.2717987,,,w_460848067,"shop=convenience, brand=7-Eleven"
"Lucerne Valley, CA",,retail,445120,ampm,"15333 Rancherias Road, Apple Valley, CA, 92307",+1 760-242-5513,,34.5301019,-117.2249197,,,w_460848365,"shop=convenience, brand=ampm"
"Lucerne Valley, CA",,retail,452210,Walmart,"20251 Happy Trails Highway, Apple Valley, CA, 92307",+1 760-946-2030,https://www.walmart.com/store/2333-apple-valley-ca,34.5255371,-117.223089,,,w_460848367,"shop=department_store, brand=Walmart, operator=Walmart"
"Lucerne Valley, CA",,retail,445110,Albertsons,"20261 Happy Trails Highway, Apple Valley, CA, 92307",+1 760-242-3660,https://local.albertsons.com/ca/apple-valley/20261-hwy-18.html,34.525087,-117.2202543,,,w_460848368,"shop=supermarket, brand=Albertsons"
"Lucerne Valley, CA",,retail,445120,7-Eleven,"21718 Bear Valley Road, Apple Valley, CA",,https://www.7-eleven.com/locations/ca/apple-valley/21718-bear-valley-rd-23008,34.4720272,-117.1898542,,,w_460849802,"shop=convenience, brand=7-Eleven"
"Lucerne Valley, CA",,retail,445110,Stater Bros.,"12253 Apple Valley Road, Apple Valley, CA, 92308",+1 760-240-2214,https://www.staterbros.com/stores/178,34.474058,-117.2404648,,,w_460849804,"shop=supermarket, brand=Stater Bros."
"Lucerne Valley, CA",,retail,452210,Target,"19201 Bear Valley Road, Apple Valley, CA, 92308-6763",+1 760-247-4111,https://www.target.com/sl/apple-valley/939,34.4686141,-117.2434708,,,w_460850832,"shop=department_store, brand=Target"
"Lucerne Valley, CA",,retail,452319,99 Cents Only Stores,,,https://locations.99only.com/ca/applevalley/discount-store-254.html,34.4687639,-117.244906,,,w_460850833,"shop=variety_store, brand=99 Cents Only Stores"
"Lucerne Valley, CA",,retail,445110,WinCo Foods,,,,34.4679908,-117.2476538,,,w_460850836,"shop=supermarket, brand=WinCo Foods"
"Lucerne Valley, CA",,retail,452210,Big Lots,"21640 Bear Valley Road, Apple Valley, CA, 92308",+1 760-961-0051,https://local.biglots.com/ca/apple-valley/21640-bear-valley-rd,34.4729488,-117.1911999,,,w_473795886,"shop=department_store, brand=Big Lots"
"Lucerne Valley, CA",,retail,445110,Stater Bros.,"21602 Bear Valley Road, Apple Valley, CA, 92308",+1 760-240-3124,https://www.staterbros.com/stores/110,34.4729521,-117.1922677,,,w_479415412,"shop=supermarket, brand=Stater Bros."
"Lucerne Valley, CA",,retail,445110,Grocery Outlet,,,,34.2476477,-117.2068575,,,w_481332585,"shop=supermarket, brand=Grocery Outlet"
"Lucerne Valley, CA",,retail,445110,Food 4 Less,"20801 Bear Valley Road, Apple Valley, CA, 92308",+1 760-247–4990,https://www.food4less.com/stores/grocery/ca/apple-valley/kiowa-square/704/00782?cid=loc_70400782_fb,34.4701316,-117.2090667,,,w_494068973,"shop=supermarket, brand=Food 4 Less"
"Lucerne Valley, CA",,retail,452319,Dollar General,"20834 Outer Bear Valley Road, Apple Valley, CA, 92308",+1 760-503-5595,https://www.dollargeneral.com/store-directory/ca/apple-valley/14805,34.4720498,-117.2089729,,,w_494073089,"shop=variety_store, brand=Dollar General"
"Lucerne Valley, CA",,retail,445120,Circle K,"18465 Outer Hwy 18 South, Apple Valley, CA, 92307",,,34.5388462,-117.2613875,,,w_494580914,"shop=convenience, brand=Circle K"
"Lucerne Valley, CA",,retail,445310,Cost Less Liquors,,,,34.4707901,-117.2073755,,,w_494674986,shop=alcohol
"Lucerne Valley, CA",,retail,445120,ampm,"20815 Bear Valley Outerhighway South, Apple Valley, CA, 92308",,,34.470932,-117.2082867,,,w_494676594,"shop=convenience, brand=ampm"
"Lucerne Valley, CA",,retail,445310,,,,,34.4708737,-117.2034828,,,w_494679049,shop=alcohol
"Lucerne Valley, CA",,retail,445120,,"22488 Happy Trails Highway, Apple Valley, CA, 92307",+1 760-240-3885,,34.5012323,-117.1734697,,,w_494683747,shop=convenience
"Lucerne Valley, CA",,retail,452319,Absolute Dollar,"21738 Outer Hwy 18 North, Apple Valley, CA, 92307",,https://www.absolutedollarstore.com/,34.5012369,-117.1895932,,,w_495150503,shop=variety_store
"Lucerne Valley, CA",,retail,452319,Dollar General,,,https://www.dollargeneral.com/store-directory/ca/apple-valley/12997,34.4984804,-117.1908115,,,w_495829352,"shop=variety_store, brand=Dollar General"
"Lucerne Valley, CA",,retail,445120,,,,,34.4717984,-117.2448598,,,w_495844199,shop=convenience
"Lucerne Valley, CA",,retail,446110,Walgreens,"21650 Outer Hwy 18 North, Apple Valley, CA, 92307",+1 760-240-0866,https://www.walgreens.com/locator/walgreens-21650+us+highway+18-apple+valley-ca-92307/id=12332,34.5014647,-117.191255,,,w_495903746,"shop=chemist, brand=Walgreens"
"Lucerne Valley, CA",,retail,445310,Barrel House Liquor,,,,34.5374173,-117.2946362,,,w_505516858,shop=alcohol
"Lucerne Valley, CA",,retail,445120,ampm,"16869 D Street, Victorville, CA, 92395",,,34.536353,-117.2936077,,,w_505517170,"shop=convenience, brand=ampm"
"Lucerne Valley, CA",,retail,445210,,,,,34.5001672,-117.184905,,,w_511268986,shop=butcher
"Lucerne Valley, CA",,retail,445310,,,,,34.5011017,-117.1863252,,,w_512620886,shop=alcohol
"Lucerne Valley, CA",,retail,445120,Shell,"17918 Bear Valley Road, Victorville, CA, 92395",,https://locations.deltaco.com/us/ca/victorville/17918-bear-valley-rd,34.4717015,-117.2721102,,,w_516882314,"shop=convenience, brand=Shell"
"Lucerne Valley, CA",,retail,445310,Desert Liquor,"22020 Rusty Court, Apple Valley, CA, 92308",,,34.4719024,-117.1831667,,,w_560419791,shop=alcohol
"Lucerne Valley, CA",,retail,445310,,"Main Street, Hesperia, CA, 92345",,,34.4198611,-117.2923105,,,w_606154119,shop=alcohol
"Lucerne Valley, CA",,retail,445110,Stater Bros.,"16904 Main Street, Hesperia, CA, 92345",+1 760-244-1503,https://www.staterbros.com/stores/190,34.422036,-117.2944012,,,w_606154121,"shop=supermarket, brand=Stater Bros."
"Lucerne Valley, CA",,retail,445120,U-Save Market,"13708 Hesperia Road, Victorville, CA, 92395",,,34.5002646,-117.2940482,,,w_668188562,shop=convenience
"Lucerne Valley, CA",,retail,445120,ExtraMile,"14796 La Paz Drive, Victorville, CA, 92395",,,34.5202592,-117.3165842,,,w_671007872,"shop=convenience, brand=ExtraMile"
"Lucerne Valley, CA",,retail,452319,99 Cents Only Stores,"14670 7th Street, Victorville, CA, 92395",,https://locations.99only.com/ca/victorville/discount-store-93.html,34.5182977,-117.3127935,,,w_671007900,"shop=variety_store, brand=99 Cents Only Stores"
"Lucerne Valley, CA",,retail,445120,G&M,"14689 La Paz Drive, Victorville, CA, 92395",,,34.5181771,-117.3160728,,,w_671755712,shop=convenience
"Lucerne Valley, CA",,retail,452210,dd's Discounts,"V 7th Street, Victorville, CA, 92395",,,34.5168431,-117.314644,,,w_671941479,"shop=department_store, brand=dd's Discounts"
"Lucerne Valley, CA",,retail,445110,Mother's Nutritional Center,"14595 7th Street, Victorville, CA, 92395",,,34.5160038,-117.3130666,,,w_671941483,shop=supermarket
"Lucerne Valley, CA",,retail,445210,Apple Valley Carniceria,"22142 Happy Trails Highway, Apple Valley, CA, 92307",,,34.5009487,-117.1810565,,,w_705059485,shop=butcher
"Lucerne Valley, CA",,retail,445120,Dino Mart,"32787 Highway 18, Lucerne Valley, CA, 92356",,,34.4433929,-116.950091,,,w_712559140,shop=convenience
"Lucerne Valley, CA",,retail,445120,Good Shop,,,,34.4435808,-116.9505841,,,w_712559145,shop=convenience
"Lucerne Valley, CA",,retail,453991,Smoke Club XXI,,,,34.4441265,-116.9474118,,,w_713414052,shop=tobacco
"Lucerne Valley, CA",,retail,445120,Mobil Mart,"16088 La Paz Drive, Victorville, CA, 92395",,,34.529395,-117.313346,,,w_904282325,"shop=convenience, brand=Mobil Mart"
"Lucerne Valley, CA",,retail,445110,Food 4 Less,"16266 Bear Valley Road, Victorville, CA, 92392",,,34.4717902,-117.3088379,,,w_905306680,"shop=supermarket, brand=Food 4 Less"
"Lucerne Valley, CA",,retail,445120,JAS Gas and Food Mart,"15603 7th Street, Victorville, CA, 92395",,https://www.exxon.com/en/find-station/mobil-victorville-ca-jasgasandfoodmart-200324793,34.5354095,-117.2933704,,,w_1060895443,shop=convenience
"Lucerne Valley, CA",,retail,445120,Chevron,"12925 Hesperia Road, Victorville, CA, 92392",,,34.4860624,-117.2894953,,,w_1061461640,"shop=convenience, brand=Chevron"
"Lucerne Valley, CA",,retail,445120,ampm,"12890 Hesperia Road, Victorville, CA, 92392",,,34.4850341,-117.2908694,,,w_1061461652,"shop=convenience, brand=ampm"
"Lucerne Valley, CA",,retail,445120,Fastrip,"17223 Main Street, Hesperia, CA, 92345",,https://fastrip.com/,34.4191011,-117.2874742,,,w_1062141667,shop=convenience
"Lucerne Valley, CA",,retail,445120,76,"17465 Main Street, Hesperia, CA, 92345",,https://www.76.com/station/U76-HESPERIA-76-0000859763?refer=psx_76,34.4181016,-117.282055,,,w_1062141672,"shop=convenience, brand=76"
"Lucerne Valley, CA",,retail,445120,Shell,"16337 Main Street, Hesperia, CA, 92345",,,34.4218053,-117.3063336,,,w_1062141689,"shop=convenience, brand=Shell"
"Lucerne Valley, CA",,retail,445120,Sinclair,"16307 Main Street, Hesperia, CA, 92345",,,34.4219896,-117.3071075,,,w_1062141693,"shop=convenience, brand=Sinclair"
"Lucerne Valley, CA",,retail,445310,Hesperia Liquor,"16233 Main Street, Hesperia, CA, 92345",,,34.4222196,-117.3086408,,,w_1062141697,shop=alcohol
"Lucerne Valley, CA",,retail,445120,Main Street Gas & Mart,"16400 Main Street, Hesperia, CA, 92345",,,34.4224032,-117.3050235,,,w_1062147132,shop=convenience
"Lucerne Valley, CA",,retail,445120,Fastrip,"16117 Main Street, Hesperia, CA, 92345",,,34.4225953,-117.3114416,,,w_1062147145,shop=convenience
"Lucerne Valley, CA",,retail,445120,Chevron,"15933 Main Street, Hesperia, CA, 92345",,,34.4231346,-117.3152429,,,w_1062147165,"shop=convenience, brand=Chevron"
"Lucerne Valley, CA",,retail,445120,Hesperia Gas & Mart,"15515 Bear Valley Road, Hesperia, CA, 92345",,,34.4701376,-117.3248018,,,w_1062978768,shop=convenience
"Lucerne Valley, CA",,retail,445120,Chevron,"13601 Apple Valley Road, Apple Valley, CA, 92308",,,34.4996752,-117.2418259,,,w_1066424925,"shop=convenience, brand=Chevron"
"Lucerne Valley, CA",,retail,446110,Walgreens,"15480 Main Street, Hesperia, CA, 92345",,,34.4259931,-117.3252417,,,w_1354672280,"shop=chemist, brand=Walgreens"
"Lucerne Valley, CA",,retail,446110,Rite Aid,"15510 Main Street, Hesperia, CA, 92345",,,34.4256995,-117.3242758,,,w_1354672281,"shop=chemist, brand=Rite Aid"
"Lucerne Valley, CA",,retail,445120,A Mart & Gas,"15773 Main Street, Hesperia, CA, 92345",,,34.42361,-117.318426,,,w_1354672746,shop=convenience
"Lucerne Valley, CA",,retail,445120,Travel Shop,"16850 Stoddard Wells Road, Victorville, CA, 92394",,,34.5560879,-117.2895421,,,w_1360624459,shop=convenience
"Lucerne Valley, CA",,retail,445120,Rocket,"17876 Bear Valley Road, Victorville, CA, 92395",,,34.4716868,-117.2733075,,,w_1361093003,"shop=convenience, brand=Rocket"
"Lucerne Valley, CA",,retail,445120,Rocket,"12905 Hesperia Road, Victorville, CA, 92395",,,34.4850134,-117.289361,,,w_1361093430,"shop=convenience, brand=Rocket"
"Lucerne Valley, CA",,retail,445120,ampm,"16081 Bear Valley Road, Hesperia, CA, 92345",,,34.4701113,-117.3128109,,,w_1384356032,"shop=convenience, brand=ampm"
"Lucerne Valley, CA",,retail,445120,ampm,"14352 7th Street, Victorville, CA, 92395",,,34.511916,-117.3189255,,,w_1384542644,"shop=convenience, brand=ampm"
"Lucerne Valley, CA",,retail,445120,Circle K,"16528 Bear Valley Road, Victorville, CA, 92395",,,34.471799,-117.3029141,,,w_1387162597,"shop=convenience, brand=Circle K"
"Lucerne Valley, CA",,retail,445210,Overland Meat Company,"18841 Outer Hwy 18 South, Apple Valley, CA, 92307",,,34.5369958,-117.2525519,,,w_1393591817,shop=butcher
"Lucerne Valley, CA",,retail,445120,ampm,"16251 D Street, Victorville, CA, 92394",,,34.5462052,-117.3020973,,,w_1408228336,"shop=convenience, brand=ampm"
"Lucerne Valley, CA",,retail,445120,Central Market,"22520 Bear Valley Road, Apple Valley, CA, 92308",,,34.4723775,-117.1720838,,,w_1410870088,shop=convenience
"Lucerne Valley, CA",,retail,445120,Tripco,"13730 Apple Valley Road, Apple Valley, CA, 92307",,,34.5007453,-117.2433282,,,w_1415724063,shop=convenience
"Lucerne Valley, CA",,retail,445120,Uncle Albert's Mart,"20091 Bear Valley Road, Apple Valley, CA, 92308",,,34.4705483,-117.2258323,,,w_1416795146,shop=convenience
"Lucerne Valley, CA",,retail,445120,Tripco Mart,"15708 Ranchero Road, Hesperia, CA, 92345",,,34.3838512,-117.3202998,,,w_1420299256,shop=convenience
"Lucerne Valley, CA",,retail,445310,Grand Liquor & Market,"15355 Rancherias Road, Apple Valley, CA, 92307",+1 760-946-1940,,34.530302,-117.2251028,,,r_19283670,shop=alcohol
"Lucerne Valley, CA",,retail,453991,Blazers Smoke Shop II,"20152 Outer Hwy 18 North, Apple Valley, CA, 92307",+1 760-553-5672,,34.5295987,-117.2248103,,,r_19283672,shop=tobacco
"Lucerne Valley, CA",,retail,446120,Cali Beauty Supply,"14676 7th Street, Victorville, CA, 92395",,,34.5180777,-117.312441,,,r_19456398,shop=beauty
