Location,Search Keyword,Segment,NAICS Code,Business Name,Address,Phone Number,Website,Latitude,Longitude,Rating,User Ratings,Place ID,Types
"Cabazon, CA",,retail,445110,Gerrard's Market,,,,34.0426024,-117.1840753,,,n_332436996,shop=supermarket
"Cabazon, CA",,retail,445110,Stater Bros.,"1155 Calimesa Boulevard, Calimesa, CA, 92320",+1 909-795-2224,https://www.staterbros.com/stores/71,33.995763,-117.0568568,,,n_457359176,"shop=supermarket, brand=Stater Bros."
"Cabazon, CA",,retail,445120,ampm,,,,33.9934397,-117.0576116,,,n_457367894,"shop=convenience, brand=ampm"
"Cabazon, CA",,retail,445120,Chevron,,,,33.9928393,-117.0565529,,,n_457370070,"shop=convenience, brand=Chevron"
"Cabazon, CA",,retail,445120,Circle K,,,,33.9936924,-117.0568424,,,n_457403249,"shop=convenience, brand=Circle K"
"Cabazon, CA",,retail,445110,Groceries for Less,,,,34.0048356,-117.0610138,,,n_457415708,shop=supermarket
"Cabazon, CA",,retail,445120,County Cork,,,,33.993913,-117.0578123,,,n_457719552,shop=convenience
"Cabazon, CA",,retail,445120,Calimesa Drive Thru Dairy,,,,33.9996171,-117.0599343,,,n_457748641,shop=convenience
"Cabazon, CA",,retail,445120,C & H Liquor,,,,34.0044841,-117.0620886,,,n_457748645,shop=convenience
"Cabazon, CA",,retail,445120,7-Eleven,"32487 Yucaipa Boulevard, Yucaipa, CA, 92399-1877",+1 909-797-6465,https://www.7-eleven.com/locations/ca/yucaipa/32487-yucaipa-blvd-17814,34.0335305,-117.0958508,,,n_583573357,"shop=convenience, brand=7-Eleven"
"Cabazon, CA",,retail,452210,Ross,"33720 Oak Glen Road, Yucaipa, CA, 92399",+1 909-797-0918,,34.0359857,-117.0685346,,,n_584865710,"shop=department_store, brand=Ross"
"Cabazon, CA",,retail,445110,Bristol Markets,,,,33.7569289,-116.3891806,,,n_592813801,shop=supermarket
"Cabazon, CA",,retail,445110,Stater Bros.,"34460 Yucaipa Boulevard, Yucaipa, CA, 92399",+1 909-790-0060,https://www.staterbros.com/stores/23,34.0353277,-117.0526065,,,n_942830211,"shop=supermarket, brand=Stater Bros."
"Cabazon, CA",,retail,445110,Stater Bros.,"25900 Iris Avenue, Moreno Valley, CA, 92551",+1 951-924-1717,https://www.staterbros.com/stores/172,33.8917222,-117.209334,,,n_1043355273,"shop=supermarket, brand=Stater Bros."
"Cabazon, CA",,retail,445120,Circle K,,,https://www.circlek.com/store-locator/US/cabazon/300-n-fern-st/2655155,33.9181487,-116.7799181,,,n_1185824726,"shop=convenience, brand=Circle K"
"Cabazon, CA",,retail,445120,Main Country Liquor Deli,"50386 Main Street, Cabazon, CA, 92230",,,33.9170006,-116.7826654,,,n_1190949946,shop=convenience
"Cabazon, CA",,retail,445120,,,,,33.8501181,-116.8520313,,,n_1201313390,shop=convenience
"Cabazon, CA",,retail,445120,Pine Cove Gas & Market,,,,33.7585781,-116.7391586,,,n_1203012803,shop=convenience
"Cabazon, CA",,retail,445230,Winchester Farms Marketplace,"27400 Winchester Road, Winchester, CA, 92596",,,33.7224762,-117.0757872,,,n_1264853120,shop=greengrocer
"Cabazon, CA",,retail,445110,Winchester Ranch Market,,,,33.7095918,-117.0846125,,,n_1264853258,shop=grocery
"Cabazon, CA",,retail,445310,Winchester Store,,,,33.7069724,-117.0851795,,,n_1264853759,shop=alcohol
"Cabazon, CA",,retail,445120,Elkhorn General Store,,,,34.0857985,-116.9101271,,,n_1370499198,shop=convenience
"Cabazon, CA",,retail,445120,Easter Market,,,,33.9177232,-117.1564348,,,n_1377433725,"shop=convenience, amenity=fuel"
"Cabazon, CA",,retail,445120,Rock View Drive-Thru Convenience Store,,,,34.0532353,-117.1742029,,,n_1385337830,shop=convenience
"Cabazon, CA",,retail,445120,,,,,34.0541108,-117.1750974,,,n_1385337832,shop=convenience
"Cabazon, CA",,retail,445110,Albertsons,"450 East Cypress Avenue, Redlands, CA, 92373",+1 909-792-1114,https://local.albertsons.com/ca/redlands/450-e-cypress-ave.html,34.0484855,-117.1713725,,,n_1392829737,"shop=supermarket, brand=Albertsons"
"Cabazon, CA",,retail,446110,Rite Aid,,,,34.0473232,-117.1701736,,,n_1392829753,"shop=chemist, brand=Rite Aid"
"Cabazon, CA",,retail,445310,Home of the Hangover Liquor Store,"42074 Big Bear Boulevard, Big Bear Lake, CA, 92315",+19098662103,https://www.homeofthehangover.com/,34.244677,-116.8842746,,,n_1456528397,shop=alcohol
"Cabazon, CA",,retail,445120,,,,,34.2410273,-116.9172856,,,n_1458412353,shop=convenience
"Cabazon, CA",,retail,445210,House of Jerky,,,,34.2411765,-116.9113717,,,n_1458418462,shop=butcher
"Cabazon, CA",,retail,445310,Our Town Liquor,,,,34.2413493,-116.916769,,,n_1458420336,shop=alcohol
"Cabazon, CA",,retail,445120,Larry's Deli,,,,33.8556692,-116.5553594,,,n_1959564382,shop=convenience
"Cabazon, CA",,retail,445310,Larry's Deli,"2781 Palm Canyon Drive, Palm Springs, CA, 92262",,,33.8556648,-116.5553272,,,n_1959564383,shop=alcohol
"Cabazon, CA",,retail,445120,7-Eleven,"41440 Big Bear Boulevard, Big Bear Lake, CA, 92315",+1 909-866-7711,https://www.7-eleven.com/locations/ca/big-bear-lake/41440-big-bear-blvd-22809,34.2438936,-116.8980634,,,n_2720342187,"shop=convenience, brand=7-Eleven"
"Cabazon, CA",,retail,445210,Jeff's Famous Beef Jerky,40804B Village Drive,,,34.2400902,-116.9117228,,,n_2789823917,shop=butcher
"Cabazon, CA",,retail,445110,Nature's Health Food and Cafe,"555 South Sunrise Way, Palm Springs, 92264",,http://natureshealthfoodcafe.com,33.814211,-116.528506,,,n_2906160315,shop=supermarket
"Cabazon, CA",,retail,445310,Idyll Awhile,"54245 North Circle Drive Unit C-8, Idyllwild, 92549",+1-951-659-9463,http://www.idyllawhilewineshoppebistro.com/,33.7450382,-116.7127351,,,n_2984043746,shop=wine
"Cabazon, CA",,retail,452210,Big Lots,,,,33.7793236,-116.4573686,,,n_3186044552,"shop=department_store, brand=Big Lots"
"Cabazon, CA",,retail,445120,Country Market Liquor,,,,34.0765263,-116.5419715,,,n_3269938341,shop=convenience
"Cabazon, CA",,retail,445120,7-Eleven,"55277 29 Palms Highway, Yucca Valley, CA, 92284",+1 760-365-4441,https://www.7-eleven.com/locations/ca/yucca-valley/55277-twenty-nine-palms-21036,34.115878,-116.458194,,,n_3269942265,"shop=convenience, brand=7-Eleven"
"Cabazon, CA",,retail,446110,CVS Pharmacy,,,https://www.cvs.com/store-locator/redlands-ca-pharmacies/1795-e-lugonia-ave-redlands-ca-92374/storeid=10310,34.0705902,-117.139346,,,n_3425692364,"shop=chemist, brand=CVS Pharmacy"
"Cabazon, CA",,retail,445110,Stater Bros.,"1775 East Lugonia Avenue, Redlands, CA, 92374",+1 909-794-0105,https://www.staterbros.com/stores/191,34.0715538,-117.1401034,,,n_3425722427,"shop=supermarket, brand=Stater Bros."
"Cabazon, CA",,retail,445120,ampm,,,,34.0557782,-117.1754367,,,n_3458890991,"shop=convenience, brand=ampm"
"Cabazon, CA",,retail,445120,ExtraMile,,,,33.8835361,-116.5013049,,,n_3823729166,shop=convenience
"Cabazon, CA",,retail,445120,ampm,,,,33.8089315,-116.388988,,,n_3823766578,"shop=convenience, brand=ampm"
"Cabazon, CA",,retail,446120,Luv Nails,,,,33.8102086,-116.4848694,,,n_3869713299,shop=beauty
"Cabazon, CA",,retail,445110,Fil Am Oriental Mart,,,,33.8011662,-116.4577073,,,n_3926508957,shop=supermarket
"Cabazon, CA",,retail,445120,7-Eleven,"33561 Yucaipa Boulevard, Yucaipa, CA, 92399",+1 909-797-5837,https://www.7-eleven.com/locations/ca/yucaipa/33561-yucaipa-blvd-35977,34.0335493,-117.0719716,,,n_3946673058,"shop=convenience, brand=7-Eleven"
"Cabazon, CA",,retail,445292,Candy Cupboard,"Idyllwild, CA, 92549",,,33.74542,-116.7137829,,,n_3950850201,shop=confectionery
"Cabazon, CA",,retail,445110,Greenspot Market,,,,34.0712263,-117.0993453,,,n_4182185490,shop=supermarket
"Cabazon, CA",,retail,445310,BevMo!,,,,33.8187746,-116.5471407,,,n_4737116125,"shop=alcohol, brand=BevMo!"
"Cabazon, CA",,retail,445292,Palm Springs Fudge,,,,33.8209778,-116.5469921,,,n_4737291101,shop=confectionery
"Cabazon, CA",,retail,445292,Acai Oasis,,,,33.8222255,-116.5466341,,,n_4737326491,shop=confectionery
"Cabazon, CA",,retail,445110,Walmart Neighborhood Market,"859 West Florida Avenue, Hemet, CA, 92543",+1 951-492-3029,https://www.walmart.com/store/5008-hemet-ca,33.745448,-116.979639,,,n_5315597930,"shop=supermarket, brand=Walmart, operator=Walmart"
"Cabazon, CA",,retail,445120,,,,,33.7384002,-117.0771176,,,n_5590079232,shop=convenience
"Cabazon, CA",,retail,452319,Dollar Tree,"26150 Iris Avenue, Moreno Valley, CA, 92551",,https://www.dollartree.com/locations/ca/moreno-valley/5061/,33.8927168,-117.2062408,,,n_5721460452,"shop=variety_store, brand=Dollar Tree"
"Cabazon, CA",,retail,445120,7-Eleven,"1365 Citrus Avenue, Redlands, CA, 92374-4012",+1 909-792-9350,https://www.7-eleven.com/locations/ca/redlands/1365-citrus-ave-13958,34.0559949,-117.1571508,,,n_5877018171,"shop=convenience, brand=7-Eleven"
"Cabazon, CA",,retail,445292,Ice Cream & Shop(pe),"1551 North Palm Canyon Drive, 92262",760 507-4005,https://www.icecreamandshop.com/,33.8443326,-116.5469325,,,n_6136134685,shop=confectionery
"Cabazon, CA",,retail,445120,,,,,33.7433415,-117.0321004,,,n_6187413272,shop=convenience
"Cabazon, CA",,retail,445120,,,,,33.7867716,-117.0086619,,,n_6187426398,shop=convenience
"Cabazon, CA",,retail,445120,ampm,,,,33.739675,-117.076883,,,n_6208835691,"shop=convenience, brand=ampm"
"Cabazon, CA",,retail,445120,Circle K,,,,33.773412,-117.0075046,,,n_6209361038,"shop=convenience, brand=Circle K"
"Cabazon, CA",,retail,452210,JCPenney,,,,33.7487193,-116.994655,,,n_6226276909,"shop=department_store, brand=JCPenney"
"Cabazon, CA",,retail,452210,Sears,,,,33.7495512,-116.9949076,,,n_6226276910,"shop=department_store, brand=Sears"
"Cabazon, CA",,retail,445120,Snack Shop,"1708 North Palm Canyon Drive, 92262",7603258831,http://www.smogcheckmobil.com/smog-location/palm-springs/,33.8452238,-116.5463931,,,n_6745415686,"shop=convenience, operator=Yousef Mobil"
"Cabazon, CA",,retail,446120,Elegant Nails,,,,33.7885654,-116.4589443,,,n_6770899373,shop=beauty
"Cabazon, CA",,retail,445292,El Buen Cacao,"Idyllwild, CA, 92549",,https://elbuencacao.co,33.743223,-116.7129766,,,n_6927943289,shop=chocolate
"Cabazon, CA",,retail,445110,ALDI,"5200 East Ramon Road, Palm Springs, CA, 92264-3613",+1 760-208-1542,https://stores.aldi.us/ca/palm-springs/5200-e-ramon-rd,33.8185477,-116.4928255,,,n_8624120717,"shop=supermarket, brand=ALDI"
"Cabazon, CA",,retail,453991,,,,,33.7451873,-116.7126311,,,n_8710989027,shop=tobacco
"Cabazon, CA",,retail,446120,Modern Nails,"1008 Cherry Valley Boulevard, Calimesa, CA, 92320",,,33.9667699,-117.0361957,,,n_9089150977,shop=beauty
"Cabazon, CA",,retail,445120,,,,,34.028759,-117.1186907,,,n_9341603464,shop=convenience
"Cabazon, CA",,retail,445120,ampm,,,,34.0283366,-117.1197815,,,n_9341603466,"shop=convenience, brand=ampm"
"Cabazon, CA",,retail,445299,On The Mark,,,,33.8240276,-116.5472752,,,n_9380567900,shop=cheese
"Cabazon, CA",,retail,445120,Desert Marketplace,,,,33.8231787,-116.5068545,,,n_9548482783,shop=convenience
"Cabazon, CA",,retail,445120,Desert Mart,,,,33.8230474,-116.5064815,,,n_9548482785,shop=convenience
"Cabazon, CA",,retail,453110,Little Green House,,+18009095352,https://www.bigbearflorist.com/,34.2437,-116.897568,,,n_9946668267,shop=florist
"Cabazon, CA",,retail,446110,Rite Aid,,,,33.9223494,-116.947668,,,n_9998720517,"shop=chemist, brand=Rite Aid"
"Cabazon, CA",,retail,446120,Regal Nails,,,,33.7676585,-116.9554595,,,n_10073612339,"shop=beauty, brand=Regal Nails"
"Cabazon, CA",,retail,453991,Big Bear Smoke Shop & Vape,"207 West Big Bear Boulevard, Big Bear City, CA, 92314",+19095476720,,34.2613496,-116.8470977,,,n_10167572062,shop=tobacco
"Cabazon, CA",,retail,445310,Valley Market Liquor,,,,34.1175272,-116.452463,,,n_10200333354,shop=alcohol
"Cabazon, CA",,retail,445120,,,,,34.029865,-117.1152364,,,n_10202225164,shop=convenience
"Cabazon, CA",,retail,445292,Lolli and Pops,,,,33.8238422,-116.5469724,,,n_10274471480,"shop=confectionery, brand=Lolli and Pops"
"Cabazon, CA",,retail,445310,Monterey Palms Liquor,"72817 Dinah Shore Drive, Rancho Mirage, CA, 92270",760-321-8799,https://montereypalmsliquor.com,33.801532,-116.390898,,,n_10772990328,shop=alcohol
"Cabazon, CA",,retail,445230,Stop N Shop Market,"846 East 6th Street, Beaumont, CA, 92223",+19518452723,,33.9297782,-116.97046,,,n_10841362399,shop=greengrocer
"Cabazon, CA",,retail,446110,CVS Pharmacy,,,https://www.cvs.com/store-locator/rancho-mirage-ca-pharmacies/42520-bob-hope-dr-rancho-mirage-ca-92270/storeid=9153,33.7371092,-116.4083481,,,n_11247323207,"shop=chemist, brand=CVS Pharmacy"
"Cabazon, CA",,retail,445110,Clark's Nutrition and Natural Food Market,,,,33.8007309,-116.3901794,,,n_11294527669,shop=grocery
"Cabazon, CA",,retail,446120,Savvy Nails & Spa,"555 South Sunrise Way, Palm Springs, CA, 92264",+1-760-318-7868,https://savvynailsspaca.com,33.81434,-116.528778,,,n_11399575843,shop=beauty
"Cabazon, CA",,retail,453110,Lily of the Valley,,,,33.7456331,-116.7123582,,,n_11418699129,shop=florist
"Cabazon, CA",,retail,445110,Grocery Outlet,,,,33.9435303,-116.5020666,,,n_11639313854,"shop=supermarket, brand=Grocery Outlet"
"Cabazon, CA",,retail,445110,Grocery Outlet,,,,33.8183935,-116.5459576,,,n_11646384974,"shop=supermarket, brand=Grocery Outlet"
"Cabazon, CA",,retail,445110,Stater Bros. Markets,"1271 North State Street, San Jacinto, CA, 92583",+1 951-487-9070,https://www.staterbros.com/stores/180,33.8041696,-116.9707775,,,n_11809317183,"shop=supermarket, brand=Stater Bros."
"Cabazon, CA",,retail,445110,Stater Bros. Markets,"41849 Florida Avenue, Hemet, CA, 92544",+1 951-652-2388,https://www.staterbros.com/stores/75,33.7467912,-116.9316848,,,n_11809317184,"shop=supermarket, brand=Stater Bros."
"Cabazon, CA",,retail,445110,Stater Bros.,"3125 West Florida Avenue, Hemet, CA, 92545",+1 951-537-1190,https://www.staterbros.com/stores/195,33.745628,-117.0053453,,,n_11809317187,"shop=supermarket, brand=Stater Bros."
"Cabazon, CA",,retail,445120,Food Mart,,,,33.9324261,-116.8230135,,,n_11929210573,shop=convenience
"Cabazon, CA",,retail,445120,,,,,33.8178502,-116.4034134,,,n_12100196806,shop=convenience
"Cabazon, CA",,retail,445120,,,,,33.9031,-116.5461874,,,n_12101462369,shop=convenience
"Cabazon, CA",,retail,452319,Dollar General,,,,34.1183453,-116.4530957,,,n_12459786768,"shop=variety_store, brand=Dollar General"
"Cabazon, CA",,retail,445310,Palm Springs Liquor,,,,33.8394594,-116.5462305,,,n_12459835865,shop=alcohol
"Cabazon, CA",,retail,445120,Circle K,,,,34.0448702,-116.5836055,,,n_12459871164,"shop=convenience, brand=Circle K"
"Cabazon, CA",,retail,452319,Dollar General,,,,34.0533996,-116.5747915,,,n_12459879351,"shop=variety_store, brand=Dollar General"
"Cabazon, CA",,retail,445310,V Wine Lounge,"600 East Tahquitz Canyon Way, Palm Springs, CA",,,33.823476,-116.5414563,,,n_12459896984,shop=wine
"Cabazon, CA",,retail,446120,Sun Shine,"441 East Tahquitz Canyon Way, Palm Springs, CA, 92262",,,33.822919,-116.5429362,,,n_12459896995,shop=beauty
"Cabazon, CA",,retail,446110,The Medicine Shoppe,,,,33.8232704,-116.5459432,,,n_12459986216,"shop=chemist, amenity=pharmacy, brand=The Medicine Shoppe"
"Cabazon, CA",,retail,452319,Dollar Tree,,,,33.9267941,-116.9137945,,,n_12461705316,"shop=variety_store, brand=Dollar Tree"
"Cabazon, CA",,retail,445120,ExtraMile,"826 Ramsey Street, CA",,,33.9257729,-116.8858274,,,n_12461735648,"shop=convenience, brand=ExtraMile"
"Cabazon, CA",,retail,452210,TJ Maxx,,,,33.7996292,-116.52019,,,n_12469643197,"shop=department_store, brand=TJ Maxx"
"Cabazon, CA",,retail,445110,Jensen’s Finest Foods,,,,33.7996826,-116.5220373,,,n_12471924112,shop=supermarket
"Cabazon, CA",,retail,452210,Marshalls,"42126 Big Bear Boulevard, Big Bear Lake, CA, 92315",+1-909-866-0883,https://www.marshalls.com/us/store/stores/Big+Bear+Lake-CA-92315/1592/aboutstore,34.2479266,-116.8843948,,,n_12501669608,"shop=department_store, brand=Marshalls"
"Cabazon, CA",,retail,445110,Grocery Outlet,"42126 Big Bear Boulevard, Big Bear Lake, CA, 92315",+1-909-340-2001,https://www.groceryoutlet.com/grand-opening/big-bear-lake,34.2476405,-116.8843951,,,n_12501669609,"shop=supermarket, brand=Grocery Outlet, operator=Adam & Tara Mazzella"
"Cabazon, CA",,retail,452210,Neiman Marcus Last Call,,+1-951-922-9009,,33.9306478,-116.818097,,,n_12571509952,"shop=department_store, brand=Neiman Marcus"
"Cabazon, CA",,retail,446120,Ulta,,,,33.8166073,-116.4911673,,,n_12717500546,shop=cosmetics
"Cabazon, CA",,retail,445120,7-Eleven,,,,33.8033219,-116.9726385,,,n_12917498717,"shop=convenience, brand=7-Eleven"
"Cabazon, CA",,retail,446120,Lanetta's,7321 Acoma Trail,,,34.1201653,-116.4394766,,,n_12988657201,shop=beauty
"Cabazon, CA",,retail,453991,Desert Vibez Smoke Shop,,,,34.1202985,-116.4403993,,,n_12988660001,shop=tobacco
"Cabazon, CA",,retail,452210,Ross,"72675 Highway 111, Palm Desert, CA, 92260",+1 760-340-0038,,33.7310302,-116.4026882,,,w_46414523,"shop=department_store, brand=Ross"
"Cabazon, CA",,retail,445110,Albertsons,"Palm Springs, CA, 92262",+1 760-864-1141,https://local.albertsons.com/ca/palm-springs/1751-n-sunrise-way--1.html,33.8471812,-116.529737,,,w_87406022,"shop=supermarket, brand=Albertsons"
"Cabazon, CA",,retail,445120,Valero,,,,33.8165007,-116.5070068,,,w_95866930,"shop=convenience, brand=Valero"
"Cabazon, CA",,retail,452210,Target,"27100 Eucalyptus Avenue, Moreno Valley, CA, 92555",+1 951-571-8014,https://www.target.com/sl/moreno-valley-east/2309,33.9380129,-117.1896229,,,w_105081867,"shop=department_store, brand=Target, operator=Target"
"Cabazon, CA",,retail,445230,Fresh Oranges,,,,34.0453634,-117.1591102,,,w_111562510,shop=greengrocer
"Cabazon, CA",,retail,445110,Vons,"42170 Big Bear Boulevard, Big Bear Lake, CA, 92315",+1 909-866-8459,https://local.vons.com/ca/big-bear-lake/42170-big-bear-blvd.html,34.2524287,-116.885186,,,w_128839093,"shop=supermarket, brand=Vons"
"Cabazon, CA",,retail,445110,Pavilions,"101 Bob Hope Drive, 92270",,https://local.pavilions.com/ca/rancho-mirage-3218.html,33.7857536,-116.4076995,,,w_129381168,"shop=supermarket, brand=Pavilions"
"Cabazon, CA",,retail,445110,Stater Bros.,"42171 Big Bear Boulevard, Big Bear Lake, CA, 92315",+1 909-866-5211,https://www.staterbros.com/stores/91,34.2528656,-116.8833274,,,w_130004961,"shop=supermarket, brand=Stater Bros."
"Cabazon, CA",,retail,445110,Vons,"14200 Palm Drive, Desert Hot Springs, CA, 92240",+1 760-251-1636,https://local.vons.com/ca/desert-hot-springs/14200-palm-dr.html,33.9453277,-116.4999815,,,w_130008847,"shop=supermarket, brand=Vons"
"Cabazon, CA",,retail,445110,Vons,"4733 East Palm Canyon Drive, Palm Springs, CA, 92264",+1 760-324-4502,https://local.vons.com/ca/palm-springs/4733-e-palm-canyon-dr.html,33.792,-116.4947159,,,w_132691964,"shop=supermarket, brand=Vons"
"Cabazon, CA",,retail,445110,Vons,"33644 Yucaipa Boulevard, Yucaipa, CA, 92399",+1 909-797-7052,https://local.vons.com/ca/yucaipa/33644-yucaipa-blvd.html,34.0353939,-117.070136,,,w_133957909,"shop=supermarket, brand=Vons"
"Cabazon, CA",,retail,445110,Fairway Market,"54411 Village Center Drive, Idyllwild, 92549",(951) 659-2737,,33.7435523,-116.7143068,,,w_199148462,shop=supermarket
"Cabazon, CA",,retail,445110,Village Market,"Banning-Idyllwild Panoramic Highway, Idyllwild, CA, 92549",,,33.745957,-116.7142669,,,w_199148470,shop=supermarket
"Cabazon, CA",,retail,445120,,,,,33.7445985,-116.7150009,,,w_199148472,shop=convenience
"Cabazon, CA",,retail,445110,Stater Bros.,"11365 Bryant Street, Yucaipa, CA, 92399",+1 909-790-3636,https://www.staterbros.com/stores/125,34.0473445,-117.0324682,,,w_206186707,"shop=supermarket, brand=Stater Bros."
"Cabazon, CA",,retail,445310,Total Wine,"72339 Highway 111, Palm Desert, CA, 92260",+1 760-346-2029,https://www.totalwine.com/store-info/1112,33.7281641,-116.4045274,,,w_227871532,"shop=alcohol, brand=Total Wine"
"Cabazon, CA",,retail,445110,Sprouts Farmers Market,"5200 East Ramon Road, Palm Springs, 92264",442-407-0048,https://www.sprouts.com/store/ca/palm-springs/ramon-rd/,33.8188025,-116.4917484,,,w_230780087,"shop=supermarket, brand=Sprouts Farmers Market"
"Cabazon, CA",,retail,452210,Marshalls,"5200 East Ramon Road, Palm Springs, 92264",760-322-2717,marshallsonline.com,33.8188025,-116.4912807,,,w_230780112,"shop=department_store, brand=Marshalls, operator=The TJX Companies, Inc"
"Cabazon, CA",,retail,452210,Ross,"5200 East Ramon Road, Palm Springs, CA, 92264",+1 760-864-4165,https://rossstores.com/,33.8188024,-116.4922381,,,w_230780120,"shop=department_store, brand=Ross, operator=Ross Stores, Inc"
"Cabazon, CA",,retail,452319,Dollar Tree,42150 Big Bear Boulevard,,https://www.dollartree.com/locations/ca/big-bear-lake/2959/,34.25215,-116.8859682,,,w_238637905,"shop=variety_store, brand=Dollar Tree"
"Cabazon, CA",,retail,445120,7-Eleven,,,https://www.7-eleven.com/locations/ca/big-bear-lake/41901-big-bear-blvd-32151,34.2428229,-116.8877537,,,w_238821811,"shop=convenience, brand=7-Eleven"
"Cabazon, CA",,retail,445110,Ralphs,"1733 East Palm Canyon Drive, Palm Springs, CA, 92264",+1 760-325-5664,https://www.ralphs.com/stores/grocery/ca/palm-springs/smoketree-village/703/00181,33.799928,-116.5262099,,,w_239282052,"shop=supermarket, brand=Ralphs"
"Cabazon, CA",,retail,445120,ampm,,,,34.2558043,-116.8828774,,,w_239854307,"shop=convenience, brand=ampm"
"Cabazon, CA",,retail,445120,Easy's General Store,"498 Maple Lane, Sugar Loaf, 92386",,,34.2433184,-116.8253878,,,w_277490668,shop=convenience
"Cabazon, CA",,retail,445210,Smokey's Beef Jerky,"42167 Big Bear Boulevard, Big Bear Lake, 92315",+19098664511,https://smokeysbeefjerky.com/,34.2518817,-116.8839292,,,w_277497560,shop=butcher
"Cabazon, CA",,retail,445120,Community Market,"100 East Big Bear Boulevard, Big Bear City",,,34.2609148,-116.8453665,,,w_277504777,shop=convenience
"Cabazon, CA",,retail,445310,Mountain Top Liquor,,,,33.7457199,-116.7148022,,,w_294784361,shop=alcohol
"Cabazon, CA",,retail,452319,99 Cents Only Stores,"34660 Monterey Avenue, Palm Desert, 92211",760-328-2719,https://locations.99only.com/ca/palmdesert/discount-store-338.html,33.7962126,-116.387498,,,w_297050441,"shop=variety_store, brand=99 Cents Only Stores"
"Cabazon, CA",,retail,452210,Kohl's,"34940 Monterey Avenue, Palm Desert, CA, 92211",+1 760-328-0128,https://www.kohls.com/stores/ca/palmdesert-1187.shtml,33.7955242,-116.3846894,,,w_297996194,"shop=department_store, brand=Kohl's"
"Cabazon, CA",,retail,445110,Walmart Supercenter,"34500 Monterey Avenue, Palm Desert, CA, 92211",+1 760-328-4375,https://www.walmart.com/store/5096-palm-desert-ca,33.798107,-116.3848181,,,w_298027295,"shop=supermarket, brand=Walmart, operator=Walmart"
"Cabazon, CA",,retail,445120,7-Eleven,"2493 Palm Canyon Drive, Palm Springs, CA, 92262",+1 760-325-7868,https://www.7-eleven.com/locations/ca/palm-springs/2493-n-palm-canyon-dr-17666,33.8519447,-116.5516703,,,w_312212538,"shop=convenience, brand=7-Eleven"
"Cabazon, CA",,retail,445120,7-Eleven,"150 West Vista Chino, Palm Springs, CA, 92262",+1 760-327-0305,https://www.7-eleven.com/locations/ca/palm-springs/150-w-vista-chino-34637,33.8450627,-116.5461523,,,w_312212566,"shop=convenience, brand=7-Eleven"
"Cabazon, CA",,retail,445110,Ralphs,"425 South Sunrise Way, Palm Springs, CA, 92262",+1 760-327-4381,https://www.ralphs.com/stores/grocery/ca/palm-springs/sunrise-ramon/703/00611,33.8170663,-116.5299592,,,w_312212588,"shop=supermarket, brand=Ralphs"
"Cabazon, CA",,retail,445110,Stater Bros.,"1717 East Vista Chino, Palm Springs, CA, 92262",+1 760-416-2551,https://www.staterbros.com/stores/126,33.8434966,-116.5269503,,,w_312212610,"shop=supermarket, brand=Stater Bros."
"Cabazon, CA",,retail,445120,Arco,,,,33.8442806,-116.5274847,,,w_312212611,"shop=convenience, amenity=fuel, brand=Arco"
"Cabazon, CA",,retail,452210,Target,"67750 East Palm Canyon Drive, Cathedral City, CA, 92234-5441",+1 760-321-7425,https://www.target.com/sl/palm-springs/307,33.7897831,-116.4808158,,,w_312714117,"shop=department_store, brand=Target"
"Cabazon, CA",,retail,445120,,,,,33.7867207,-116.4805445,,,w_312714123,shop=convenience
"Cabazon, CA",,retail,445110,Trader Joe's,"67720 East Palm Canyon Drive, Cathedral City, CA, 92234",+1 760-202-0090,https://locations.traderjoes.com/ca/cathedral-city/118/,33.7892267,-116.4830866,,,w_312714124,"shop=supermarket, brand=Trader Joe's"
"Cabazon, CA",,retail,445110,Revivals,,,,33.7801963,-116.4688388,,,w_312714131,shop=supermarket
"Cabazon, CA",,retail,445120,,,,,34.0702814,-117.1221264,,,w_335468740,shop=convenience
"Cabazon, CA",,retail,445120,Lake Hemet Market,,,,33.6695647,-116.6744812,,,w_365022551,shop=convenience
"Cabazon, CA",,retail,452319,Dollar General,,,https://www.dollargeneral.com/store-directory/ca/hemet/13575,33.7481648,-116.8922912,,,w_367842439,"shop=variety_store, brand=Dollar General"
"Cabazon, CA",,retail,445110,Stater Bros.,"43396 Florida Avenue, Hemet, CA, 92544",+1 951-927-8555,https://www.staterbros.com/stores/119,33.7490495,-116.903787,,,w_368216878,"shop=supermarket, brand=Stater Bros."
"Cabazon, CA",,retail,445120,Mountain Center Market,,,,33.7047593,-116.72516,,,w_375492328,shop=convenience
"Cabazon, CA",,retail,445110,Stater Bros.,"210 East Stetson Avenue, Hemet, CA, 92543",+1 951-925-5545,https://www.staterbros.com/stores/46,33.7308584,-116.9700958,,,w_377340416,"shop=supermarket, brand=Stater Bros."
"Cabazon, CA",,retail,445110,Dollar General Market,"Hemet, CA",+1 951-330-2022,https://www.dollargeneral.com/store-directory/ca/hemet/14023,33.7284034,-116.9704337,,,w_377346006,"shop=supermarket, brand=Dollar General"
"Cabazon, CA",,retail,445310,Las Palmas Liquor & Food Mini Mart,"1595 North Palm Canyon Drive, 92262-4409",,,33.844549,-116.5470706,,,w_377774885,shop=alcohol
"Cabazon, CA",,retail,445110,Walmart Supercenter,"5601 East Ramon Road, Palm Springs, CA, 92264",+1 760-322-3906,https://www.walmart.com/store/1832-palm-springs-ca,33.8130443,-116.4870122,,,w_377809578,"shop=supermarket, brand=Walmart, operator=Walmart"
"Cabazon, CA",,retail,445120,Shell,,,,33.9063009,-116.5434738,,,w_379022995,"shop=convenience, brand=Shell"
"Cabazon, CA",,retail,445110,Stater Bros.,"1537 South San Jacinto Avenue, San Jacinto, CA, 92583",+1 951-487-0319,https://www.staterbros.com/stores/121,33.7722238,-116.9566343,,,w_380184993,"shop=supermarket, brand=Stater Bros."
"Cabazon, CA",,retail,445120,,,,,33.7481145,-116.9012109,,,w_383937909,shop=convenience
"Cabazon, CA",,retail,445120,Shell,,,,34.004276,-117.063718,,,w_389112218,"shop=convenience, brand=Shell"
"Cabazon, CA",,retail,445120,Fastrip,"13710 Calimesa Boulevard, Yucaipa, CA, 92399",(909) 795-8317,,34.0043622,-117.0628811,,,w_389112220,shop=convenience
"Cabazon, CA",,retail,445120,ampm,,,,33.9937086,-117.0577573,,,w_389116537,"shop=convenience, brand=ampm"
"Cabazon, CA",,retail,445120,7-Eleven,"301 COUNTYLINE, Calimesa, CA, 92320-1213",+1 909-795-6735,https://www.7-eleven.com/locations/ca/calimesa/301-countyline-13980,34.0039128,-117.0477824,,,w_389116548,"shop=convenience, brand=7-Eleven"
"Cabazon, CA",,retail,445120,,,,,33.7807917,-116.9582575,,,w_393943043,shop=convenience
"Cabazon, CA",,retail,445120,,,,,33.7806162,-116.9592813,,,w_393944792,shop=convenience
"Cabazon, CA",,retail,452319,Dollar General,,,https://www.dollargeneral.com/store-directory/ca/san-jacinto/13805,33.7800205,-116.9596126,,,w_393945449,"shop=variety_store, brand=Dollar General"
"Cabazon, CA",,retail,445110,Sprouts Farmers Market,"2207 West Florida Avenue, Hemet, CA, 92545",+1 951-537-1975,https://www.sprouts.com/store/ca/hemet/w-florida-ave/,33.7456734,-116.9950037,,,w_393970064,"shop=supermarket, brand=Sprouts Farmers Market"
"Cabazon, CA",,retail,445120,,,,,33.748046,-116.9581383,,,w_397171152,shop=convenience
"Cabazon, CA",,retail,445110,Food 4 Less,,,,33.7996539,-116.4604944,,,w_399717010,"shop=supermarket, brand=Food 4 Less"
"Cabazon, CA",,retail,445120,ampm,,,,33.7443142,-117.0060371,,,w_401789612,"shop=convenience, brand=ampm"
"Cabazon, CA",,retail,445120,Food Mart,,,,34.1211121,-116.4363651,,,w_401876640,shop=convenience
"Cabazon, CA",,retail,445120,ampm,"450 East 1st Street, Beaumont, CA, 92223",,,33.9221103,-116.9762862,,,w_404165231,"shop=convenience, brand=ampm"
"Cabazon, CA",,retail,445120,,"502 Beaumont Avenue, Beaumont, CA, 92223",,,33.9281199,-116.9767687,,,w_404165562,shop=convenience
"Cabazon, CA",,retail,445120,ampm,"1696 East 6th Street, Beaumont, CA",,,33.929889,-116.9473151,,,w_404165610,"shop=convenience, brand=ampm"
"Cabazon, CA",,retail,445120,ampm,"2228 West Ramsey Street, Banning, CA, 92220",,,33.9251103,-116.9014367,,,w_404165837,"shop=convenience, brand=ampm"
"Cabazon, CA",,retail,445120,24 7 Food Mart,"780 East Ramsey Street, Banning, CA, 92220",,,33.925073,-116.8683681,,,w_404166171,shop=convenience
"Cabazon, CA",,retail,445120,ampm,"20000 North Indian Canyon Drive, Desert Hot Springs, CA, 92262",,,33.9069778,-116.5447916,,,w_404166367,"shop=convenience, brand=ampm"
"Cabazon, CA",,retail,445120,AMPM,"22755 Palm Drive, Desert Hot Springs, CA, 92240",,,33.8826519,-116.5028184,,,w_404166601,shop=convenience
"Cabazon, CA",,retail,445120,ampm,"27900 Date Palm Drive, Cathedral City, CA, 92234",+1-760-322-4421,,33.8457129,-116.4577447,,,w_404166840,"shop=convenience, brand=ampm"
"Cabazon, CA",,retail,452210,Kohl's,"1479 East Second Street, Beaumont, CA, 92223",+1 951-845-9682,https://www.kohls.com/stores/ca/beaumont-1186.shtml,33.9224148,-116.9569903,,,w_437102484,"shop=department_store, brand=Kohl's"
"Cabazon, CA",,retail,445120,,,,,33.922262,-116.8044876,,,w_456654887,"shop=convenience, amenity=fuel"
"Cabazon, CA",,retail,445230,Hadley Fruit Orchards,,,,33.9233374,-116.8070758,,,w_456655810,shop=greengrocer
"Cabazon, CA",,retail,452210,Target,"3527 West Florida Avenue, Hemet, CA, 92545-3564",+1 951-652-9585,https://www.target.com/sl/hemet/761,33.7453396,-117.0091376,,,w_479131020,"shop=department_store, brand=Target"
"Cabazon, CA",,retail,446120,Nicki A's Salon,,,,33.8183176,-116.5470525,,,w_480740938,shop=beauty
"Cabazon, CA",,retail,445310,Locomotive Liquor,,,,33.8026483,-116.5452217,,,w_480772187,shop=alcohol
"Cabazon, CA",,retail,445310,Palm Canyon Liquors & Deli,,,,33.8045695,-116.5453321,,,w_480772194,shop=alcohol
"Cabazon, CA",,retail,445310,Club Liquors,,,,33.8074411,-116.545947,,,w_480772198,shop=alcohol
"Cabazon, CA",,retail,445110,Walmart Supercenter,"1861 South San Jacinto Avenue, San Jacinto, CA, 92583",+1 951-487-1492,https://www.walmart.com/store/5425-san-jacinto-ca,33.7679395,-116.9555406,,,w_530465253,"shop=supermarket, brand=Walmart, operator=Walmart"
"Cabazon, CA",,retail,445120,,"97 Beaumont, CA",,,33.9211572,-116.9778758,,,w_592573653,shop=convenience
"Cabazon, CA",,retail,446110,Walgreens,"1811 San Jacinto Avenue, San Jacinto, CA, 92583",,https://www.walgreens.com/locator/walgreens-1811+s+san+jacinto+ave-san+jacinto-ca-92583/id=9021,33.7687571,-116.9581134,,,w_640089661,"shop=chemist, brand=Walgreens"
"Cabazon, CA",,retail,446110,Rite Aid,"1605 San Jacinto Avenue, San Jacinto, CA",,https://www.riteaid.com/locations/ca/san-jacinto/1605-south-san-jacinto-ave.html,33.7706123,-116.9581032,,,w_640092745,"shop=chemist, brand=Rite Aid"
"Cabazon, CA",,retail,445310,,,,,33.7869492,-117.0327718,,,w_658123442,shop=beverages
"Cabazon, CA",,retail,446110,CVS Pharmacy,,951-800-8773,https://www.cvs.com/store-locator/san-jacinto-ca-pharmacies/102-s-sanderson-ave-san-jacinto-ca-92582/storeid=8943,33.786715,-117.0075527,,,w_660880474,"shop=chemist, brand=CVS Pharmacy"
"Cabazon, CA",,retail,446110,Rite Aid,"260 North Sanderson Avenue, Hemet, CA, 92545",,,33.7504172,-117.0058882,,,w_661084920,"shop=chemist, brand=Rite Aid"
"Cabazon, CA",,retail,445110,Walmart Supercenter,"1231 South Sanderson Avenue, Hemet, CA, 92545",+1-951-766-1164,https://www.walmart.com/store/1853-hemet-ca,33.7264213,-117.0099888,,,w_665474713,"shop=supermarket, brand=Walmart, operator=Walmart"
"Cabazon, CA",,retail,445120,,,,,33.7280255,-117.0072393,,,w_665495708,shop=convenience
"Cabazon, CA",,retail,446110,Walgreens,,,https://www.walgreens.com/locator/walgreens-60+n+highland+springs+ave-banning-ca-92220/id=5182,33.9299892,-116.9462292,,,w_674888954,"shop=chemist, brand=Walgreens"
"Cabazon, CA",,retail,445110,Walmart Supercenter,"1540 East 2nd Street, Beaumont, CA, 92223",+1 951-845-1529,https://www.walmart.com/store/5156-beaumont-ca,33.9250992,-116.9515539,,,w_681566915,"shop=supermarket, brand=Walmart, operator=Walmart"
"Cabazon, CA",,retail,445110,Albertsons,"Banning, CA, 92220",+1 951-769-1779,https://local.albertsons.com/ca/banning/300-s-highland-springs-ave--7.html,33.9248209,-116.9448408,,,w_681719724,"shop=supermarket, brand=Albertsons"
"Cabazon, CA",,retail,452319,Dollar Tree,"1486 2nd Street, Beaumont, 92223",,https://www.dollartree.com/locations/ca/beaumont/3621/,33.9239351,-116.9562416,,,w_681719736,"shop=variety_store, brand=Dollar Tree"
"Cabazon, CA",,retail,445110,ALDI,"1638 East Second Street, Beaumont, CA, 92223-3166",+1 951-755-1281,https://stores.aldi.us/ca/beaumont/1638-e-second-st,33.9253912,-116.9493498,,,w_681726563,"shop=supermarket, brand=ALDI"
"Cabazon, CA",,retail,452210,Ross,"1646 East 2nd Street, Beaumont, CA, 92223",+1 951-845-4482,,33.9253801,-116.9484133,,,w_681726564,"shop=department_store, brand=Ross"
"Cabazon, CA",,retail,445110,Stater Bros.,"1430 Beaumont Avenue, Beaumont, CA, 92223",+1 951-845-8770,https://www.staterbros.com/stores/173,33.948255,-116.9757815,,,w_681734600,"shop=supermarket, brand=Stater Bros."
"Cabazon, CA",,retail,445310,Beaumont Market,,,,33.9289891,-116.9657559,,,w_681750772,shop=alcohol
"Cabazon, CA",,retail,445120,Chevron,,,,33.9361276,-117.190108,,,w_683491007,"shop=convenience, brand=Chevron"
"Cabazon, CA",,retail,445110,Food 4 Less,,,,33.9279515,-116.9483189,,,w_683592544,"shop=supermarket, brand=Food 4 Less"
"Cabazon, CA",,retail,445110,Stater Bros.,"1661 East 6th Street, Beaumont, CA, 92223",+1 951-845-2248,https://www.staterbros.com/stores/86,33.9285053,-116.9498943,,,w_683592546,"shop=supermarket, brand=Stater Bros."
"Cabazon, CA",,retail,452210,Marshalls,,,,33.9226746,-116.9456074,,,w_683627957,"shop=department_store, brand=Marshalls"
"Cabazon, CA",,retail,446120,Blooming Lotus Beauty Parlor,,,,33.9234884,-116.944232,,,w_683627965,shop=beauty
"Cabazon, CA",,retail,446120,Kim's Fantasy Nails,,,,33.9235731,-116.9442342,,,w_683627967,shop=beauty
"Cabazon, CA",,retail,445310,Shopping Bag,,,,33.9291943,-116.9690684,,,w_683647525,shop=alcohol
"Cabazon, CA",,retail,445110,Walmart Supercenter,"12721 Moreno Beach Drive, Moreno Valley, CA, 92555",+1 951-242-1185,https://www.walmart.com/store/5193-moreno-valley-ca,33.9357762,-117.1819067,,,w_712387295,"shop=supermarket, brand=Walmart, operator=Walmart"
"Cabazon, CA",,retail,445120,ampm,,,,33.9369227,-117.1794686,,,w_712387306,"shop=convenience, brand=ampm"
"Cabazon, CA",,retail,452210,Kohl's,"27200 Eucalyptus Avenue, Moreno Valley, CA, 92555",+1 951-243-3591,https://www.kohls.com/stores/ca/morenovalley-1125.shtml,33.9383548,-117.1877516,,,w_712390033,"shop=department_store, brand=Kohl's"
"Cabazon, CA",,retail,445120,,,,,33.9199351,-116.7740183,,,w_723681002,shop=convenience
"Cabazon, CA",,retail,445120,7-Eleven,,,,33.7470609,-117.0062858,,,w_728279197,"shop=convenience, brand=7-Eleven"
"Cabazon, CA",,retail,446110,Walgreens,,,https://www.walgreens.com/locator/walgreens-14001+palm+dr-desert+hot+springs-ca-92240/id=5037,33.9464367,-116.5018085,,,w_736841305,"shop=chemist, brand=Walgreens"
"Cabazon, CA",,retail,452319,Pioneer Town General Store,,,,34.1568694,-116.4943494,,,w_810204585,shop=general
"Cabazon, CA",,retail,452319,Five Below,,+1 951-350-1435,https://locations.fivebelow.com/ca/beaumont/1545-e-2nd-street-ste-200,33.9221517,-116.9523262,,,w_840944171,"shop=variety_store, brand=Five Below"
"Cabazon, CA",,retail,446120,Ulta Beauty,"1545 East 2nd Street, Beaumont, CA, 92223",+1 951-755-8117,https://www.ulta.com/stores/beaumont-ca-1567,33.9221509,-116.9525907,,,w_840944172,"shop=beauty, brand=Ulta Beauty"
"Cabazon, CA",,retail,445110,Stater Bros.,"1004 Cherry Valley Boulevard, Calimesa, CA, 92320",+1 951-769-4095,https://www.staterbros.com/stores/205,33.9667522,-117.0356369,,,w_841525958,"shop=supermarket, brand=Stater Bros."
"Cabazon, CA",,retail,452210,Burlington,"2171 Florida Avenue, Hemet, CA, 92544",+1 951-652-3357,https://stores.burlington.com/ca/hemet/1007,33.745851,-116.9946975,,,w_899410492,"shop=department_store, brand=Burlington"
"Cabazon, CA",,retail,445120,7-Eleven,,,https://www.7-eleven.com/locations/ca/hemet/41995-florida-ave-35342,33.7473711,-116.9287102,,,w_937408038,"shop=convenience, brand=7-Eleven"
"Cabazon, CA",,retail,445110,ALDI,"1667 South San Jacinto Avenue, San Jacinto, CA, 92583-5181",+1 951-234-0607,https://stores.aldi.us/ca/san-jacinto/1667-s-san-jacinto-ave,33.7699826,-116.9575029,,,w_959612585,"shop=supermarket, brand=ALDI"
"Cabazon, CA",,retail,445110,ALDI,"34000 Yucaipa Boulevard, Yucaipa, CA, 92399-2012",+1 909-529-0856,https://stores.aldi.us/ca/yucaipa/34000-yucaipa-blvd,34.0344933,-117.0617338,,,w_959612901,"shop=supermarket, brand=ALDI"
"Cabazon, CA",,retail,445120,7-Eleven,"1020 Cherry Valley Boulevard, Calimesa, CA, 92320",,https://www.7-eleven.com/locations/ca/calimesa/1020-cherry-valley-blvd-38762,33.9659795,-117.0376417,,,w_982953972,"shop=convenience, brand=7-Eleven"
"Cabazon, CA",,retail,445120,,,,,34.0334818,-117.0535032,,,w_997055854,shop=convenience
"Cabazon, CA",,retail,445110,WinCo Foods,,,,33.7457445,-117.0210459,,,w_1030557831,"shop=supermarket, brand=WinCo Foods"
"Cabazon, CA",,retail,445120,Circle K,,,,33.9471117,-117.0001592,,,w_1156828695,"shop=convenience, brand=Circle K"
"Cabazon, CA",,retail,446110,Rite Aid,,,https://www.riteaid.com/locations/ca/beaumont/894-oak-valley-parkway.html,33.9474059,-116.9990777,,,w_1156828697,"shop=chemist, brand=Rite Aid"
"Cabazon, CA",,retail,445120,Chevron,,,,33.9473471,-116.9978807,,,w_1156828699,"shop=convenience, brand=Chevron"
"Cabazon, CA",,retail,445110,Banning Village Market,"266 San Gorgonio Avenue, Banning, CA, 92220",,,33.9276617,-116.8764468,,,w_1276581978,shop=supermarket
"Cabazon, CA",,retail,445120,,,,,33.916916,-117.1749976,,,w_1288193639,shop=convenience
"Cabazon, CA",,retail,445110,Stater Bros.,,,,33.9113995,-117.1758233,,,w_1288193640,"shop=supermarket, brand=Stater Bros."
"Cabazon, CA",,retail,452319,Dollar Tree,,,https://www.dollartree.com/locations/ca/moreno-valley/9402/,33.9384893,-117.1857356,,,w_1289526345,"shop=variety_store, brand=Dollar Tree"
"Cabazon, CA",,retail,445110,Farm Market,"14058 Redlands Boulevard, Moreno Valley, CA, 92555",,,33.9167078,-117.1561353,,,w_1294886606,shop=supermarket
"Cabazon, CA",,retail,445230,,,,,33.923406,-116.8064605,,,w_1297741675,shop=greengrocer
"Cabazon, CA",,retail,445120,7-Eleven,,,,33.9690739,-116.5010015,,,w_1320935913,"shop=convenience, brand=7-Eleven"
