Location,Search Keyword,Segment,NAICS Code,Business Name,Address,Phone Number,Website,Latitude,Longitude,Rating,User Ratings,Place ID,Types
"Placerville, CA",,retail,445120,,,,,38.6424552,-121.1902117,,,n_1095300030,shop=convenience
"Placerville, CA",,retail,445120,,,,,38.8145908,-120.374097,,,n_1381283849,shop=convenience
"Placerville, CA",,retail,445120,Mother Lode Market,"6421 Mother Lode Drive, 95667-8217",,,38.699976,-120.8498372,,,n_1386707683,shop=convenience
"Placerville, CA",,retail,445310,BevMo!,,,,38.9407089,-121.0933058,,,n_1463751014,"shop=alcohol, brand=BevMo!"
"Placerville, CA",,retail,445110,Sprouts Farmers Market,"2030 Douglas Boulevard, Roseville, CA, 95661",+1 916-462-5047,https://www.sprouts.com/store/ca/roseville/roseville-granite-bay/,38.7429147,-121.2519953,,,n_1515105639,"shop=supermarket, brand=Sprouts Farmers Market"
"Placerville, CA",,retail,446120,Pick A Color,"1850 Douglas Boulevard, Roseville, 95661",,,38.7432724,-121.255742,,,n_1515108949,shop=beauty
"Placerville, CA",,retail,445110,Save Mart,,,,38.9053539,-121.074061,,,n_1572051369,"shop=supermarket, brand=Save Mart"
"Placerville, CA",,retail,445110,Grocery Outlet,"415 Grass Valley Highway, 95603",+15308850250,https://www.groceryoutlet.com,38.9047723,-121.07521,,,n_1583415354,"shop=supermarket, brand=Grocery Outlet"
"Placerville, CA",,retail,446120,Beauty 360,,,,38.904937,-121.073862,,,n_1589091546,shop=beauty
"Placerville, CA",,retail,445310,BevMo!,,,,38.6469299,-121.1157099,,,n_1712260341,"shop=alcohol, brand=BevMo!"
"Placerville, CA",,retail,446120,Ulta Beauty,"2381 Iron Point Road, Folsom, CA, 95630",+1 916-984-7582,https://www.ulta.com/stores/folsom-ca-389,38.6442928,-121.1231895,,,n_1712260345,"shop=beauty, brand=Ulta Beauty"
"Placerville, CA",,retail,446120,European Wax Center,,,https://locations.waxcenter.com/ca/folsom/folsom-broadstone-0115.html,38.6547276,-121.1221259,,,n_1752655289,"shop=beauty, brand=European Wax Center"
"Placerville, CA",,retail,445110,Belair,,,,38.6609925,-120.9664973,,,n_1771982199,shop=supermarket
"Placerville, CA",,retail,445110,Save Mart,"8839 Greenback Lane, Orangevale, 95662",,,38.6798655,-121.229027,,,n_1795171737,"shop=supermarket, brand=Save Mart"
"Placerville, CA",,retail,445120,Qwik Trip Mart,,,,38.6528992,-121.225993,,,n_1795172133,shop=convenience
"Placerville, CA",,retail,445110,Raley's,,916-200-4858,,38.6557983,-121.069652,,,n_2278977537,"shop=supermarket, brand=Raley's"
"Placerville, CA",,retail,452210,Target,"430 Blue Ravine Road, Folsom, CA, 95630-3402",+1 916-984-9131,https://www.target.com/sl/Folsom--Target-Store/1098,38.6718137,-121.1526678,,,n_2295122552,"shop=department_store, brand=Target"
"Placerville, CA",,retail,445110,Trader Joe's,"850 East Bidwell Street, Folsom, CA, 95630",+1 916-817-8820,https://locations.traderjoes.com/ca/folsom/172/,38.6724297,-121.1558851,,,n_2295128397,"shop=supermarket, brand=Trader Joe's"
"Placerville, CA",,retail,445110,Walmart Supercenter,"1018 Riley Street, Folsom, CA, 95630",+1 916-983-1090,https://www.walmart.com/store/1760-folsom-ca,38.6683603,-121.1675262,,,n_2295281773,"shop=supermarket, brand=Walmart, operator=Walmart"
"Placerville, CA",,retail,445120,Weimar Country Store,20170 Paoli Lane,,,39.0318535,-120.9745499,,,n_2489086604,shop=convenience
"Placerville, CA",,retail,445310,Mount Vernon Winery,,+1 530 823 1111,https://mtvernonwinery.com/,38.9158895,-121.1049237,,,n_2526220665,shop=wine
"Placerville, CA",,retail,445110,Nitta Ranch,"3778 Delmar Avenue, Loomis, 95650",,www.nittaranch.com,38.8175619,-121.219647,,,n_2635702230,"shop=supermarket, operator=Nitta Family"
"Placerville, CA",,retail,452319,Rancho Murieta Country Store,,,,38.4956628,-121.0988635,,,n_2983792621,shop=variety_store
"Placerville, CA",,retail,445120,7-Eleven,,,,38.706507,-121.170178,,,n_3065879938,"shop=convenience, brand=7-Eleven"
"Placerville, CA",,retail,452210,Ross,"5112 Commons Drive, Rocklin, CA, 95677-3911",+1 916-652-5901,,38.8034121,-121.209007,,,n_3076013110,"shop=department_store, brand=Ross"
"Placerville, CA",,retail,445110,Trader Joe's,5116 Commons Drive,,,38.8028944,-121.20906,,,n_3076013111,"shop=supermarket, brand=Trader Joe's"
"Placerville, CA",,retail,446120,Ulta Beauty,"5120 Commons Drive, Rocklin, CA, 95677",+1 916-660-9208,https://www.ulta.com/stores/rocklin-ca-1105,38.8025154,-121.209088,,,n_3076013112,"shop=beauty, brand=Ulta Beauty"
"Placerville, CA",,retail,446120,Bath & Body Works,,,,38.8036419,-121.2089968,,,n_3076015964,"shop=cosmetics, brand=Bath & Body Works"
"Placerville, CA",,retail,452319,Five Below,,+1 916-610-0047,https://locations.fivebelow.com/ca/rocklin/5108-commons-drive,38.803756,-121.2089915,,,n_3076015971,"shop=variety_store, brand=Five Below"
"Placerville, CA",,retail,445110,Pokerville Market,,,,38.4719985,-120.8508113,,,n_3245704838,shop=supermarket
"Placerville, CA",,retail,445292,Rocky Mountain Chocolate Factory,,,,38.6430597,-121.1872319,,,n_3359167691,"shop=confectionery, brand=Rocky Mountain Chocolate Factory"
"Placerville, CA",,retail,446120,Bath & Body Works,,,,38.6523126,-121.1250105,,,n_3365984213,"shop=cosmetics, brand=Bath & Body Works"
"Placerville, CA",,retail,452210,Marshalls,,,,38.65398,-121.1271155,,,n_3365984217,"shop=department_store, brand=Marshalls"
"Placerville, CA",,retail,452210,Ross,"2745 East Bidwell Street, Folsom, CA, 95630",+1 916-984-5890,https://www.rossstores.com/,38.6536393,-121.1268709,,,n_3365984222,"shop=department_store, brand=Ross"
"Placerville, CA",,retail,445310,Total Wine,"2765 East Bidwell Street, Folsom, CA, 95630",+1 916-984-6923,https://www.totalwine.com/eng/storeLocator/redirect.cfm?sectionID=b2c/storeLocator/storeDetails.cfm&storeid=1&locationId=17821,38.6529718,-121.1261627,,,n_3365984224,"shop=alcohol, brand=Total Wine"
"Placerville, CA",,retail,446120,Salorah Salon,,,,38.6507018,-121.0658976,,,n_3367562373,shop=beauty
"Placerville, CA",,retail,452210,Target,"4400 Town Center Boulevard, El Dorado Hills, CA, 95762-7130",+1 916-605-0184,https://www.target.com/sl/el-dorado-hills/2270,38.6499626,-121.0621558,,,n_3367640055,"shop=department_store, brand=Target"
"Placerville, CA",,retail,445110,Nugget Markets,"4500 Post Street, El Dorado Hills, CA, 95762",916-933-1433,https://www.nuggetmarket.com/locations/el-dorado-hills/,38.6528595,-121.0672066,,,n_3367652211,shop=supermarket
"Placerville, CA",,retail,446120,Montano Nails,,,,38.6468707,-121.0665141,,,n_3369841096,shop=beauty
"Placerville, CA",,retail,446120,Urban Wax Studios,,,,38.6468336,-121.0668223,,,n_3369841103,shop=beauty
"Placerville, CA",,retail,453110,Bryan's Florist,,,,38.8979728,-121.0746371,,,n_3748099532,shop=florist
"Placerville, CA",,retail,445110,Gai's Basket,,,,38.8988234,-121.070135,,,n_3748099535,shop=supermarket
"Placerville, CA",,retail,446120,Phenix Salon Suites,,,,38.650472,-121.1215813,,,n_4460957384,shop=beauty
"Placerville, CA",,retail,445292,See's Candies,,,,38.6483479,-121.1182956,,,n_4460957387,"shop=confectionery, brand=See's Candies"
"Placerville, CA",,retail,446120,Threading Place,,,,38.6482013,-121.1192639,,,n_4460957490,shop=beauty
"Placerville, CA",,retail,446120,Maribou,,,,38.6494723,-121.1194208,,,n_4462135994,shop=beauty
"Placerville, CA",,retail,445310,Amador 360 Winery,18950 State Highway 49,,,38.4794375,-120.8466892,,,n_4514710694,shop=wine
"Placerville, CA",,retail,445310,Helwig Winery,11555 Shenandoah Road,,,38.5310762,-120.8117808,,,n_4514763991,shop=wine
"Placerville, CA",,retail,445310,Coopers Vineyard,23165 Shenandoah School Road,,,38.511729,-120.8088511,,,n_4514776890,shop=wine
"Placerville, CA",,retail,445310,24 Bridge Wines,17585 CA 49,,,38.4637717,-120.857111,,,n_4514783890,shop=wine
"Placerville, CA",,retail,445310,Sobon Estate Winery,14430 Shenandoah Road,,,38.5323697,-120.7550553,,,n_4514786889,shop=wine
"Placerville, CA",,retail,445310,Borjón Winery,11270 Shenandoah Road,,,38.5268266,-120.8131267,,,n_4514789593,shop=wine
"Placerville, CA",,retail,445310,Wine Tree Farm,13941 State Highway 49,209 787-5694,https://winetreefarm.com/,38.419846,-120.8415712,,,n_4518469690,shop=wine
"Placerville, CA",,retail,446120,LK Nails,"2791 East Bidwell Street, Folsom, CA, 95630",+1 916-817-8880,,38.6534047,-121.1236667,,,n_4581046988,shop=beauty
"Placerville, CA",,retail,452210,Walmart,"4300 Missouri Flat Road, Placerville, CA, 95667",+1 530-621-2917,https://www.walmart.com/store/2418-placerville-ca,38.704024,-120.8290516,,,n_4936005121,"shop=department_store, brand=Walmart, operator=Walmart"
"Placerville, CA",,retail,446120,Dazzling Nails and Spa,,+1-916-652-7362,,38.8010081,-121.2045186,,,n_5376908225,shop=beauty
"Placerville, CA",,retail,445292,See's Candies,"5498 Crossings Drive, Rocklin, CA, 95677",+1-916-660-9291,https://chocolateshops.sees.com/ca/rocklin/chocolate_shops_rocklin_ca_sf-85.html,38.8010091,-121.2046071,,,n_5376908226,"shop=confectionery, brand=See's Candies"
"Placerville, CA",,retail,446120,Waxing the City,,+1-916-250 3300,,38.8007021,-121.2031764,,,n_5379572622,shop=beauty
"Placerville, CA",,retail,446120,Nail Perfection,,,,38.7306865,-120.7526831,,,n_5468600979,shop=beauty
"Placerville, CA",,retail,445120,,,,,38.6705268,-121.1658877,,,n_6037967606,shop=convenience
"Placerville, CA",,retail,453991,Foresthill Smokeshop,24615 Foresthill Road,,,39.0207115,-120.8160366,,,n_6075806036,shop=tobacco
"Placerville, CA",,retail,445310,,,,,38.9345569,-121.0941607,,,n_6353563118,shop=alcohol
"Placerville, CA",,retail,445110,Raley's,"6845 Douglas Boulevard, Granite Bay, CA, 95746",,,38.744421,-121.1732264,,,n_6441605412,"shop=supermarket, brand=Raley's"
"Placerville, CA",,retail,445110,Fork Lift by Nugget,,,,38.6586047,-120.9720249,,,n_6993875393,shop=supermarket
"Placerville, CA",,retail,453110,Rocklin Florist,5885 Pacific Street,+1-916-624-1651,https://www.rocklinflorist.com/,38.7817301,-121.2412146,,,n_8833997919,shop=florist
"Placerville, CA",,retail,445110,Safeway,"3383 Bass Lake Road, El Dorado Hills, CA, 95762",+1 530-313-4920,https://local.safeway.com/safeway/ca/el-dorado-hills/3383-bass-lake-rd.html,38.6751471,-121.028389,,,n_8861225034,"shop=supermarket, brand=Safeway"
"Placerville, CA",,retail,446120,Angels Nails,"328 East Bidwell Street, Folsom, CA, 95630",,,38.6742132,-121.1673018,,,n_8901896153,shop=beauty
"Placerville, CA",,retail,445310,5 Star Liquor,,,,38.6741837,-121.1671421,,,n_8901896154,shop=alcohol
"Placerville, CA",,retail,446120,Silky Nails,"401 East Bidwell Street, Folsom, CA, 95630",,,38.6736261,-121.1673599,,,n_8901899926,shop=beauty
"Placerville, CA",,retail,445120,,,,,38.8352675,-121.1696131,,,n_8912565105,shop=convenience
"Placerville, CA",,retail,446120,Mood Nails,,,,38.9439313,-121.0918269,,,n_9124579865,shop=beauty
"Placerville, CA",,retail,453991,Happy Cigar & Cigarette,,,,38.9438953,-121.0916908,,,n_9124585751,shop=tobacco
"Placerville, CA",,retail,446120,Made Salon House,810 Lincoln Way,,,38.9007758,-121.0678354,,,n_9161042870,shop=beauty
"Placerville, CA",,retail,445120,ExtraMile,,,,38.6324711,-121.2200143,,,n_9170192679,"shop=convenience, brand=ExtraMile"
"Placerville, CA",,retail,445120,Speedway,"519 Placerville Drive, Placerville, CA, 95667",,https://www.speedway.com/locations/CA/Placerville/519-PLACERVILLE-DR,38.7335643,-120.8267559,,,n_9184245036,"shop=convenience, brand=Speedway"
"Placerville, CA",,retail,445120,ampm,"8555 Auburn Folsom Road, Granite Bay, CA, 95746",,,38.7430158,-121.1701297,,,n_9184257260,"shop=convenience, brand=ampm"
"Placerville, CA",,retail,445120,Speedway,"6990 Douglas Boulevard, Granite Bay, CA, 95746",,https://www.speedway.com/locations/CA/Granite-Bay/6990-DOUGLAS-BLVD,38.7429585,-121.1712827,,,n_9184257265,"shop=convenience, brand=Speedway"
"Placerville, CA",,retail,453110,Cool Florist & Gifts,"2968 CA-49, Cool, CA, 95614",+1 530-885-2750,coolfloristca.com,38.8876041,-121.0164779,,,n_9287242439,shop=florist
"Placerville, CA",,retail,445310,Rosa-Lucca Estates Tasting Room,"2966 CA-49, Cool, CA, 95614",,https://www.rosaluccawines.com/tasting-room/,38.8883622,-121.0171097,,,n_9291641714,"shop=wine, operator=Rosa-Lucca Estates"
"Placerville, CA",,retail,446120,Creative Nails & Spa,1450 Lead Hill Boulevard,,,38.7479168,-121.2538647,,,n_9371098510,shop=beauty
"Placerville, CA",,retail,446120,Gold Rush Nails,,,,38.7531176,-121.2513766,,,n_9377320780,shop=beauty
"Placerville, CA",,retail,446120,Wispy Dream Lashes,"13000 Folsom Boulevard, Folsom, CA, 95630",,www.WispyDreamLashes.com,38.6440013,-121.1881007,,,n_9419949838,"shop=cosmetics, brand=Wispy Dream Lashes"
"Placerville, CA",,retail,445110,99 Ranch Market,Blue Ravine Road,1-916-984-6899,https://99ranch.com/,38.6906887,-121.125382,,,n_9830870617,"shop=supermarket, brand=99 Ranch Market"
"Placerville, CA",,retail,452319,Dollar Tree,"Blue Ravine Road, 95630",1-916-850-6674,https://www.dollartree.com/locations/ca/folsom/5786/,38.6903472,-121.125183,,,n_9830870618,"shop=variety_store, brand=Dollar Tree"
"Placerville, CA",,retail,453110,O'Shays Flowers and Antiques,"1280 Grass Valley Highway, Auburn, CA, 95603",+1 530-823-1169,https://oshaysflowers.com/,38.9232634,-121.083029,,,n_9963675158,shop=florist
"Placerville, CA",,retail,445120,Quik Stop,,,,38.6953765,-120.8126696,,,n_10001015546,"shop=convenience, brand=Quik Stop"
"Placerville, CA",,retail,445120,,,,,38.3776785,-120.8027593,,,n_10084859820,shop=convenience
"Placerville, CA",,retail,445110,Safeway,"3380 Coach Lane, Cameron Park, CA, 95682",+1 530-676-6930,https://local.safeway.com/safeway/ca/cameron-park/3380-coach-ln.html,38.6566414,-120.9711073,,,n_10174598980,"shop=supermarket, brand=Safeway"
"Placerville, CA",,retail,446120,Sassy Nails,,,,38.7304547,-120.786522,,,n_10697847984,shop=beauty
"Placerville, CA",,retail,445120,Plymouth Trading Post,,,,38.4815337,-120.8453334,,,n_10733711745,shop=convenience
"Placerville, CA",,retail,445310,The End of Nowhere,,,,38.419146,-120.8244352,,,n_10733776316,shop=alcohol
"Placerville, CA",,retail,446120,Revamps Salon,,,,38.6824802,-120.6631208,,,n_10917103324,shop=beauty
"Placerville, CA",,retail,446120,Gateway Nails & Spa,2405 Iron Point Road,,,38.6449933,-121.1221341,,,n_11087509101,shop=beauty
"Placerville, CA",,retail,446110,Walgreens,"4051 Douglas Boulevard, Granite Bay, CA, 95746",,,38.744261,-121.2246472,,,n_11148991699,"shop=chemist, brand=Walgreens"
"Placerville, CA",,retail,445310,BevMo!,,,,38.7429056,-121.2505494,,,n_11149047604,"shop=alcohol, brand=BevMo!"
"Placerville, CA",,retail,446110,Walgreens,,,https://www.walgreens.com/locator/walgreens-4051+douglas+blvd-granite+bay-ca-95746/id=6036,38.7442609,-121.2246471,,,n_11149065614,"shop=chemist, brand=Walgreens"
"Placerville, CA",,retail,446120,Beauty Solutions,"1850 Douglas Boulevard, Roseville, 95661",,,38.7438446,-121.2588628,,,n_11149072613,shop=beauty
"Placerville, CA",,retail,446191,Sunrise Natural Foods,1950 Douglas Boulevard,+1 916-789-8591,,38.7431991,-121.2536436,,,n_11149084860,shop=health_food
"Placerville, CA",,retail,446120,Beauty Concepts,,,,38.7428315,-121.2523427,,,n_11149084861,shop=beauty
"Placerville, CA",,retail,453991,3 Monkeys,1850 Douglas Boulevard,,,38.743256,-121.2568549,,,n_11159993473,shop=tobacco
"Placerville, CA",,retail,452210,TJ Maxx,,,,38.74326,-121.2561451,,,n_11160010930,"shop=department_store, brand=TJ Maxx"
"Placerville, CA",,retail,446120,Oasis x HLND Salon And Barber,,,,38.7426038,-121.2243214,,,n_11298739961,shop=beauty
"Placerville, CA",,retail,445120,ampm,,,,38.744407,-121.2255544,,,n_11375428608,"shop=convenience, brand=ampm"
"Placerville, CA",,retail,446110,Walgreens,,,https://www.walgreens.com/locator/walgreens-4220+missouri+flat+rd-placerville-ca-95667/id=11823,38.7063204,-120.8314844,,,n_11430282551,"shop=chemist, brand=Walgreens"
"Placerville, CA",,retail,452210,Target,"3968 Missouri Flat Road, Placerville, CA, 95667-5240",+1 530-303-5921,https://www.target.com/sl/placerville/3355,38.7102953,-120.8433618,,,n_11430282557,"shop=department_store, brand=Target"
"Placerville, CA",,retail,445110,Save Mart,,,,38.7112018,-120.8433747,,,n_11430282558,"shop=supermarket, brand=Save Mart"
"Placerville, CA",,retail,452210,Ross,"3966 Missouri Flat Road, Placerville, CA, 95667-5239",+1 530-344-9430,,38.7116063,-120.8433269,,,n_11430282559,"shop=department_store, brand=Ross"
"Placerville, CA",,retail,446120,Bath & Body Works,,,,38.7118551,-120.8433032,,,n_11430282562,"shop=cosmetics, brand=Bath & Body Works"
"Placerville, CA",,retail,446110,CVS Pharmacy,,,https://www.cvs.com/store-locator/placerville-ca-pharmacies/3964-missouri-flat-rd-ste-a-placerville-ca-95667/storeid=9184,38.7121928,-120.8429035,,,n_11430282563,"shop=chemist, brand=CVS Pharmacy"
"Placerville, CA",,retail,452210,TJ Maxx,,,,38.7141609,-120.8388661,,,n_11430282567,"shop=department_store, brand=TJ Maxx"
"Placerville, CA",,retail,445110,Raley's,,,,38.7272685,-120.8355986,,,n_11430295019,"shop=supermarket, brand=Raley's"
"Placerville, CA",,retail,452210,Big Lots,"47 Fair Lane, Placerville, CA, 95667",+1 530-642-8927,https://local.biglots.com/ca/placerville/47-fair-ln,38.72284,-120.8324022,,,n_11430295024,"shop=department_store, brand=Big Lots"
"Placerville, CA",,retail,446110,Rite Aid,,,,38.7230379,-120.8330477,,,n_11430295025,"shop=chemist, brand=Rite Aid"
"Placerville, CA",,retail,445120,Circle K,,,,38.6548459,-121.0707716,,,n_11621305810,"shop=convenience, brand=Circle K"
"Placerville, CA",,retail,446120,Pearl Nails,,,,38.9293214,-121.0876407,,,n_11897774659,shop=beauty
"Placerville, CA",,retail,445110,Groccery Outlet,"3040 Green Valley Road, Cameron Park, CA, 95682",+15303502802,,38.6975599,-121.0002978,,,n_11918971279,shop=supermarket
"Placerville, CA",,retail,446120,Removery,,,,38.745257,-121.2576812,,,n_11933485192,shop=beauty
"Placerville, CA",,retail,446120,Roseville Nail Spa,,,,38.7453717,-121.257677,,,n_11933485195,shop=beauty
"Placerville, CA",,retail,446120,Cosmo Nail Lounge,,,,38.7431257,-121.2504388,,,n_11933489319,shop=beauty
"Placerville, CA",,retail,446120,European Wax Center,,,,38.743431,-121.2504548,,,n_11933489320,"shop=beauty, brand=European Wax Center"
"Placerville, CA",,retail,446120,IconiQ,,,,38.7437077,-121.254293,,,n_11933543246,shop=beauty
"Placerville, CA",,retail,446120,Perfect Brows Ink,,,,38.7437649,-121.2542955,,,n_11933543252,shop=beauty
"Placerville, CA",,retail,446120,Moschino Nails,1811 Douglas Boulevard,,,38.7466027,-121.2606788,,,n_11935097201,shop=beauty
"Placerville, CA",,retail,452210,Ross,"1740 Santa Clara Drive, Roseville, CA, 95661",+1 916-782-6910,,38.7466126,-121.2613719,,,n_11935097205,"shop=department_store, brand=Ross"
"Placerville, CA",,retail,445110,Pine Grove Market,,,,38.4126705,-120.6669079,,,n_12078857944,shop=supermarket
"Placerville, CA",,retail,452319,Dollar General,"19310 Ridge Road, Pine Grove, CA, 95665",,,38.4128659,-120.6689088,,,n_12078857948,"shop=variety_store, brand=Dollar General"
"Placerville, CA",,retail,446120,Sola Salons,,,,38.6573525,-121.1739616,,,n_12109425444,"shop=beauty, brand=Sola Salons"
"Placerville, CA",,retail,445120,7-Eleven,,,,38.8062188,-121.2046388,,,n_12187401229,"shop=convenience, brand=7-Eleven"
"Placerville, CA",,retail,445120,ampm,,,,38.8059898,-121.2063091,,,n_12187401255,"shop=convenience, brand=ampm"
"Placerville, CA",,retail,446120,European Wax Center,,,,38.8037774,-121.2074582,,,n_12187401258,"shop=beauty, brand=European Wax Center"
"Placerville, CA",,retail,446120,Fountain Nail Spa,308 Madison Avenue,+1 916-844-7793,,38.6651637,-121.2246713,,,n_12192130576,shop=beauty
"Placerville, CA",,retail,445110,Young’s Payless Market IGA,"26560 CA 88, Buckhorn, CA, 95666",,,38.4430205,-120.5351823,,,n_12229232047,shop=supermarket
"Placerville, CA",,retail,445120,Dino Mart,,,,38.658416,-120.968576,,,n_12357027966,shop=convenience
"Placerville, CA",,retail,445120,Frontier Mini Mart,,,,38.4103457,-120.652406,,,n_12606141783,shop=convenience
"Placerville, CA",,retail,445120,Pine Grove Stage Stop,,,,38.4133329,-120.6601293,,,n_12606141784,shop=convenience
"Placerville, CA",,retail,452319,Falling Prices,,,https://www.fallingprices.com,38.6771766,-121.1993454,,,n_12624437189,"shop=variety_store, brand=Falling Prices"
"Placerville, CA",,retail,446110,CVS Pharmacy,"9479 Madison Avenue, Folsom, CA, 95630",+1 916-987-5710,https://www.cvs.com/store-locator/folsom-ca-pharmacies/9479-madison-ave-folsom-ca-95630/storeid=9980,38.6771842,-121.1976769,,,n_12624448815,"shop=chemist, brand=CVS Pharmacy"
"Placerville, CA",,retail,446120,Lavish Lounge Nail,,,,38.6543384,-121.1799397,,,n_12758796903,shop=beauty
"Placerville, CA",,retail,446120,Mimi’s Nails,,,,38.6543584,-121.1789643,,,n_12758796999,shop=beauty
"Placerville, CA",,retail,446120,Tanya Martin Skincare,,,,38.6543397,-121.1784432,,,n_12758797003,shop=beauty
"Placerville, CA",,retail,445120,Strauch & Co,,,,38.6533674,-121.1796024,,,n_12758797115,shop=convenience
"Placerville, CA",,retail,445292,Snooks Chocolate Factory,731 Sutter Street,+1 916-955-8966,,38.6769813,-121.177499,,,n_12827581785,shop=chocolate
"Placerville, CA",,retail,452210,McCaulou's,,,,38.9058792,-121.0728058,,,w_45300919,shop=department_store
"Placerville, CA",,retail,445110,Raley's,"6119 horseshoe Bar Road, Loomis, CA, 95650",+1-916-652-5737,,38.8182214,-121.1883978,,,w_49961780,"shop=supermarket, brand=Raley's"
"Placerville, CA",,retail,445120,,,,,38.6535619,-121.1233456,,,w_60420031,shop=convenience
"Placerville, CA",,retail,445110,Raley's,,,,38.9240429,-121.0540472,,,w_62302609,"shop=supermarket, brand=Raley's"
"Placerville, CA",,retail,445120,,,,,38.9563728,-121.1007962,,,w_85687731,shop=convenience
"Placerville, CA",,retail,445110,Briar Patch,,,,38.941775,-121.0926223,,,w_85688655,"shop=supermarket, operator=Briar Patch Food Co-Op"
"Placerville, CA",,retail,453991,,,,,38.9410314,-121.0926464,,,w_85688656,shop=tobacco
"Placerville, CA",,retail,452210,Target,"2700 Bell Road, Auburn, CA, 95603-2508",+1 530-889-5650,https://www.target.com/sl/auburn/1097,38.9431268,-121.0952792,,,w_85689040,"shop=department_store, brand=Target"
"Placerville, CA",,retail,452210,Target,"1925 Douglas Boulevard, Roseville, CA, 95661-3834",+1 916-786-8787,https://www.target.com/sl/roseville-douglas-blvd/267,38.7461871,-121.2540606,,,w_119292986,"shop=department_store, brand=Target"
"Placerville, CA",,retail,445110,Raley's,,,,38.7459422,-121.2567874,,,w_119293026,"shop=supermarket, brand=Raley's"
"Placerville, CA",,retail,445110,Safeway,"1850 Prairie City Road, Folsom, CA, 95630",+1 916-608-2450,https://local.safeway.com/safeway/ca/folsom/1850-prairie-city-rd.html,38.6498352,-121.1658144,,,w_130917515,"shop=supermarket, brand=Safeway"
"Placerville, CA",,retail,445120,Chevron,,,,38.6495276,-121.164043,,,w_130917516,"shop=convenience, brand=Chevron"
"Placerville, CA",,retail,445110,Walmart Supercenter,"1400 Lead Hill Boulevard, Roseville, CA, 95661",+1 916-724-0012,https://www.walmart.com/store/4202-roseville-ca,38.7472929,-121.2569366,,,w_138217134,"shop=supermarket, brand=Walmart, operator=Walmart"
"Placerville, CA",,retail,445110,Whole Foods Market,"270 Palladio Parkway, Folsom, CA, 95630",+1 916-984-8500,https://www.wholefoodsmarket.com/stores/folsom,38.6488159,-121.1181014,,,w_156575051,"shop=supermarket, brand=Whole Foods Market"
"Placerville, CA",,retail,445110,Bel Air,"2760 East Bidwell Street, CA, 95630",,,38.6561923,-121.1218964,,,w_158236636,shop=supermarket
"Placerville, CA",,retail,445110,WinCo Foods,,,,38.6559062,-121.1746167,,,w_160403526,"shop=supermarket, brand=WinCo Foods"
"Placerville, CA",,retail,445110,WinCo Foods,"8701 Greenback Lane, Orangevale, CA, 95662",,,38.6798644,-121.2338152,,,w_161826009,"shop=supermarket, brand=WinCo Foods"
"Placerville, CA",,retail,446120,,,,,38.6442971,-121.1232701,,,w_162052152,shop=beauty
"Placerville, CA",,retail,445110,Raley's,"25025 Blue Ravine Road, Folsom, CA, 95630",,,38.6888803,-121.1223992,,,w_163020259,"shop=supermarket, brand=Raley's"
"Placerville, CA",,retail,446110,Walgreens,"2595 East Bidwell Street, Folsom, CA, 95630",(916) 817-6533,https://www.walgreens.com/locator/walgreens-2595+e+bidwell+st-folsom-ca-95630/id=9048,38.6581127,-121.1294252,,,w_220543520,"shop=chemist, brand=Walgreens"
"Placerville, CA",,retail,452210,Kohl's,"1013 Riley Street, Folsom, CA, 95630",+1 916-983-9970,https://www.kohls.com/stores/ca/folsom-663.shtml,38.6720905,-121.1676609,,,w_236659394,"shop=department_store, brand=Kohl's"
"Placerville, CA",,retail,445110,Safeway,"8640 Sierra College Boulevard, Roseville, CA, 95661",+1 916-783-2225,https://local.safeway.com/safeway/ca/roseville/8640-sierra-college-blvd.html,38.7418555,-121.2284867,,,w_240068831,"shop=supermarket, brand=Safeway"
"Placerville, CA",,retail,445110,Safeway,"4805 Granite Drive, Rocklin, CA, 95677",+1 916-624-0669,https://local.safeway.com/safeway/ca/rocklin/4805-granite-dr.html,38.7900681,-121.2221978,,,w_240072873,"shop=supermarket, brand=Safeway"
"Placerville, CA",,retail,445110,Safeway,"6498 Pony Express Trail, Pollock Pines, CA, 95726",+1 530-647-7440,https://local.safeway.com/safeway/ca/pollock-pines/6498-pony-express-trail.html,38.7621035,-120.5768761,,,w_240338495,"shop=supermarket, brand=Safeway"
"Placerville, CA",,retail,445110,Safeway,"3955 Missouri Flat Road, Placerville, CA, 95667",+1 530-295-2972,https://local.safeway.com/safeway/ca/placerville/3955-missouri-flat-rd.html,38.714394,-120.8397779,,,w_240468204,"shop=supermarket, brand=Safeway"
"Placerville, CA",,retail,445110,Raley's,,,,38.6699033,-121.1598238,,,w_244235551,"shop=supermarket, brand=Raley's"
"Placerville, CA",,retail,445110,Safeway,"12110 Industry Boulevard, Jackson, CA, 95642",+1 209-257-0779,https://local.safeway.com/safeway/ca/jackson/12110-industry-blvd.html,38.3682439,-120.8000466,,,w_253010114,"shop=supermarket, brand=Safeway"
"Placerville, CA",,retail,445110,Safeway,"8925 Madison Avenue, Fair Oaks, CA, 95628",+1 916-965-1034,https://local.safeway.com/safeway/ca/fair-oaks/8925-madison-ave.html,38.6653844,-121.2240659,,,w_253426294,"shop=supermarket, brand=Safeway"
"Placerville, CA",,retail,445110,Safeway,"2207 Francisco Drive, El Dorado Hills, CA, 95762",+1 916-939-9456,https://local.safeway.com/safeway/ca/el-dorado-hills/2207-francisco-dr.html,38.7113687,-121.084109,,,w_253584184,"shop=supermarket, brand=Safeway"
"Placerville, CA",,retail,445110,Walmart Supercenter,"5454 Crossings Drive, Rocklin, CA, 95677",+1 916-783-8281,https://www.walmart.com/store/3587-rocklin-ca,38.802706,-121.2018978,,,w_302866323,"shop=supermarket, brand=Walmart, operator=Walmart"
"Placerville, CA",,retail,445110,Walmart Supercenter,"8961 Greenback Lane, Orangevale, CA, 95662",+1 916-989-5800,https://www.walmart.com/store/4309-orangevale-ca,38.6794129,-121.222562,,,w_326371890,"shop=supermarket, brand=Walmart, operator=Walmart"
"Placerville, CA",,retail,445110,Nugget Markets,,,,38.6528444,-121.0671826,,,w_329818890,shop=supermarket
"Placerville, CA",,retail,445120,Ikedas Produce,,(530) 885-4243,https://www.ikedas.com/,38.9280756,-121.0551059,,,w_369738933,"shop=convenience, amenity=marketplace"
"Placerville, CA",,retail,445120,Auburn Food & Gas,,,,38.8980976,-121.0712314,,,w_376555172,shop=convenience
"Placerville, CA",,retail,445120,,,,,38.8970615,-121.0800938,,,w_392043880,shop=convenience
"Placerville, CA",,retail,445120,ampm,"12210 Tributary Point Drive, Rancho Cordova, CA, 95670",,,38.6318186,-121.2190712,,,w_403748538,"shop=convenience, brand=ampm"
"Placerville, CA",,retail,445120,7-Eleven,"303 Sacramento Street, Auburn, CA, 95603-5509",+1 530-885-1107,https://www.7-eleven.com/locations/ca/auburn/303-sacramento-st-15882,38.8907444,-121.0757204,,,w_436378956,"shop=convenience, brand=7-Eleven"
"Placerville, CA",,retail,445310,Raymond's Liquor,"1370 Broadway, Placerville, CA, 95667",,,38.7319049,-120.7802681,,,w_492253614,shop=alcohol
"Placerville, CA",,retail,445120,Chevron,,,,38.7316209,-120.7829848,,,w_492253617,"shop=convenience, brand=Chevron"
"Placerville, CA",,retail,445120,Loop Neighborhood,"5500 Schriber Way, Rocklin, CA, 95677",,,38.7992566,-121.2048894,,,w_557824498,shop=convenience
"Placerville, CA",,retail,452210,TJ Maxx,"5440 Crossings Drive, Rocklin, CA, 95677",+1-916-652-7542,,38.801063,-121.201772,,,w_557824507,"shop=department_store, brand=TJ Maxx"
"Placerville, CA",,retail,452319,Somerset Store,"5931 Mount Aukum Road, Somerset, CA",,,38.6473096,-120.685637,,,w_566511066,shop=general
"Placerville, CA",,retail,445120,Valero,,,,38.7314774,-120.7834192,,,w_568469435,"shop=convenience, brand=Valero"
"Placerville, CA",,retail,445120,Valero,,,,38.650592,-121.0677395,,,w_656618463,"shop=convenience, brand=Valero"
"Placerville, CA",,retail,445120,7-Eleven,,,https://www.7-eleven.com/locations/ca/el-dorado-hills/4316-town-center-blvd-41230,38.6500212,-121.0674799,,,w_656618464,"shop=convenience, brand=7-Eleven"
"Placerville, CA",,retail,445110,Walmart Neighborhood Market,"5609 Pacific Street, Rocklin, CA, 95677",+1 916-824-0104,https://www.walmart.com/store/3090-rocklin-ca,38.7839896,-121.2395657,,,w_685678076,"shop=supermarket, brand=Walmart, operator=Walmart"
"Placerville, CA",,retail,445120,,,,,38.7878882,-121.2209514,,,w_704089700,shop=convenience
"Placerville, CA",,retail,445110,Mar-Val,"6049 Front Street, CA",,https://marvalfoodstores.org/,38.9093783,-120.8516221,,,w_725717511,shop=supermarket
"Placerville, CA",,retail,446110,CVS Pharmacy,,,https://www.cvs.com/store-locator/cameron-park-ca-pharmacies/3020-green-valley-rd-ste-b-cameron-park-ca-95682/storeid=6793,38.697498,-121.0030353,,,w_749936929,"shop=chemist, brand=CVS Pharmacy"
"Placerville, CA",,retail,446110,Walgreens,"475 CA 49, Sutter Creek, CA, 95685",,https://www.walgreens.com/locator/walgreens-475+state+highway+49-sutter+creek-ca-95685/id=12528,38.3788711,-120.8031651,,,w_751692446,"shop=chemist, brand=Walgreens"
"Placerville, CA",,retail,446120,Loomis Beauty Salon,,,,38.8205196,-121.1939371,,,w_865732315,shop=beauty
"Placerville, CA",,retail,446110,Leader Main Drug Store,,,,38.8203283,-121.1940159,,,w_865732316,shop=chemist
"Placerville, CA",,retail,452319,Family Dollar,"6524 Pony Express Trail, Pollock Pines, CA, 95726",1-530-748-2278,,38.7620893,-120.5756784,,,w_871778932,"shop=variety_store, brand=Family Dollar"
"Placerville, CA",,retail,445120,Happy Hour Food & Liquot,"5115 Pony Express Trail, CA",1-530-644-2843,,38.7455641,-120.6305912,,,w_917144187,shop=convenience
"Placerville, CA",,retail,445210,Kings Meats,"787 Pleasant Valley Road, Diamond Springs, CA, 95619",+15304975398,https://kingsmeats.net/,38.6952105,-120.8056655,,,w_921540632,shop=butcher
"Placerville, CA",,retail,445120,7-Eleven,"5903 Sunset Boulevard, Rocklin, CA, 95677",+1 916-624-1003,https://www.7-eleven.com/locations/ca/rocklin/5903-sunset-blvd-35994,38.7808846,-121.2420653,,,w_954467399,"shop=convenience, brand=7-Eleven"
"Placerville, CA",,retail,445120,Safeway Express,,,,38.6750703,-121.0301693,,,w_957655006,shop=convenience
"Placerville, CA",,retail,446120,Tan Yer Hide,"12070 Industry Boulevard, Jackson, CA, 95642",,,38.3683167,-120.8007425,,,w_971507668,shop=beauty
"Placerville, CA",,retail,446120,Martell Nails & Spa,"12070 Industry Boulevard, Jackson, CA, 95642",,,38.368279,-120.8008784,,,w_971507670,shop=beauty
"Placerville, CA",,retail,453991,Smoke Shop,"2420 Grass Valley Highway, CA",,,38.9364718,-121.0927066,,,w_978576366,shop=tobacco
"Placerville, CA",,retail,446120,california sun,CA,,,38.9359695,-121.0923429,,,w_978576370,shop=beauty
"Placerville, CA",,retail,446120,Lauish Nails,CA,,,38.9358797,-121.0922365,,,w_978576371,shop=beauty
"Placerville, CA",,retail,445110,BelAir,,,,38.9347415,-121.091065,,,w_978576379,shop=supermarket
"Placerville, CA",,retail,445110,Sunrise Natural Foods,,+15308888973,,38.9341415,-121.0905911,,,w_978576384,shop=supermarket
"Placerville, CA",,retail,446110,CVS Pharmacy,,,https://www.cvs.com/store-locator/auburn-ca-pharmacies/2140-grass-valley-hwy-auburn-ca-95603/storeid=9914,38.9339496,-121.0901463,,,w_978576385,"shop=chemist, brand=CVS Pharmacy"
"Placerville, CA",,retail,452319,Dollar Tree,,,https://www.dollartree.com/locations/ca/auburn/1212/,38.9336353,-121.0899626,,,w_978576387,"shop=variety_store, brand=Dollar Tree"
"Placerville, CA",,retail,445310,Jeff Runquist Winery,"10776 Shenandoah Road, Plymouth, CA, 95669",,,38.5167146,-120.8224317,,,w_983880259,shop=wine
"Placerville, CA",,retail,445292,See's Candies,,,,38.9249274,-121.0546578,,,w_984507073,"shop=confectionery, brand=See's Candies"
"Placerville, CA",,retail,445120,Speedway,"2280 Drive In Way, Auburn, CA, 95603",,https://www.speedway.com/locations/CA/Auburn/2280-DRIVE-IN-WAY,38.934517,-121.0931562,,,w_986501147,"shop=convenience, brand=Speedway, operator=Speedway"
"Placerville, CA",,retail,445120,Super K,,,,38.9415124,-121.0978063,,,w_987044662,shop=convenience
"Placerville, CA",,retail,445110,Smart & Final,,,,38.9400205,-121.0976424,,,w_991359054,"shop=supermarket, brand=Smart & Final"
"Placerville, CA",,retail,445120,Speedway,,,,38.8718602,-121.1298942,,,w_994103203,"shop=convenience, brand=Speedway"
"Placerville, CA",,retail,445120,Speedway,"13461 Bowman Road, Auburn, CA, 95603",,https://www.speedway.com/locations/CA/Auburn/13461-BOWMAN-RD,38.9265393,-121.0572526,,,w_994103322,"shop=convenience, brand=Speedway"
"Placerville, CA",,retail,445120,Rowdy Randy's,,,,38.9025106,-121.068494,,,w_999222472,shop=convenience
"Placerville, CA",,retail,445110,Holiday Market,"5030 Ellinghouse Dr, Cool, CA, 95614",,,38.8859426,-121.014623,,,w_1006625913,"shop=supermarket, operator=North State Grocery"
"Placerville, CA",,retail,446120,Helen's Nails,"4076 Grass Valley Highway, Auburn, CA, 95602",(530) 885-8976,https://www.yelp.com/biz/helen-nails-auburn,38.9579415,-121.1006996,,,w_1027562332,shop=beauty
"Placerville, CA",,retail,445310,,,,,38.5411219,-120.796032,,,w_1081239787,shop=wine
"Placerville, CA",,retail,446110,CVS Pharmacy,"6450 Pony Express Trail, Pollock Pines, CA, 95726",,https://www.cvs.com/store-locator/pollock-pines-ca-pharmacies/6450-pony-express-trl-pollock-pines-ca-95726/storeid=9490,38.7618363,-120.579729,,,w_1084726709,"shop=chemist, brand=CVS Pharmacy"
"Placerville, CA",,retail,445120,Chevron,"3600 Carson Road, Camino, CA, 95709",,,38.7404512,-120.6977526,,,w_1085743007,"shop=convenience, brand=Chevron"
"Placerville, CA",,retail,445110,Worton's Market Foresthill,"23140 Forest Hill Road, Foresthill, CA, 95631",,,39.0123766,-120.8390773,,,w_1093266804,shop=supermarket
"Placerville, CA",,retail,445120,Food Mart,,,,38.3783174,-120.8019422,,,w_1102158200,"shop=convenience, brand=Food Mart"
"Placerville, CA",,retail,445120,ExtraMile,,,,38.6846508,-121.1784348,,,w_1169783592,"shop=convenience, brand=ExtraMile"
"Placerville, CA",,retail,446120,,"13336 Lincoln Way, Auburn, CA, 95603",+1-530-823-3044,,38.9213091,-121.0560862,,,w_1223142836,shop=beauty
"Placerville, CA",,retail,453991,Millenium Smoke Shop,"13334 Lincoln Way, Auburn, CA, 95603",+1-530-887-0420,https://shopmillenium.com/,38.9213077,-121.0561852,,,w_1223142837,"shop=tobacco, operator=Millenium Smoke Shop"
"Placerville, CA",,retail,445310,Auburn Liquor & Food,,,,38.9212933,-121.0564449,,,w_1223142839,shop=alcohol
"Placerville, CA",,retail,453110,Flowers,,,,38.9246246,-121.0555049,,,w_1233781878,shop=florist
"Placerville, CA",,retail,445310,Auburn Liquor Mart,,,,38.9243618,-121.05636,,,w_1233781880,shop=alcohol
"Placerville, CA",,retail,453991,Smoke & Vape Shop,,,,38.9241832,-121.056301,,,w_1233781881,shop=tobacco
"Placerville, CA",,retail,445120,ampm,,,,38.9238543,-121.0564184,,,w_1233781883,"shop=convenience, brand=ampm"
"Placerville, CA",,retail,445120,,,,,38.9238849,-121.0580805,,,w_1233781893,shop=convenience
"Placerville, CA",,retail,445120,,,,,38.9943674,-121.0239304,,,w_1244176664,shop=convenience
"Placerville, CA",,retail,445110,,,,,39.0002769,-121.0232088,,,w_1244176699,shop=supermarket
"Placerville, CA",,retail,452210,Target,"5104 Commons Drive, Rocklin, CA, 95677",+1 916-251-3345,https://www.target.com/sl/rocklin/2604,38.8044879,-121.2092197,,,w_1264208818,"shop=department_store, brand=Target"
"Placerville, CA",,retail,445120,ampm,,,,38.6571215,-121.1834454,,,w_1274478856,"shop=convenience, brand=ampm"
"Placerville, CA",,retail,445110,Holiday Market,"4653 Mount Aukum Road, Placerville, CA",,,38.6822389,-120.6616868,,,w_1280036929,shop=supermarket
"Placerville, CA",,retail,446191,Placerville Food Coop,535 Placerville Drive,,,38.7335548,-120.826004,,,w_1280066798,shop=health_food
"Placerville, CA",,retail,445120,Mobil Mart,,,,38.7359831,-120.7104662,,,w_1280344184,"shop=convenience, brand=Mobil Mart"
"Placerville, CA",,retail,445120,Shell,,,,38.7278485,-120.8046827,,,w_1280900885,"shop=convenience, brand=Shell"
"Placerville, CA",,retail,445120,Chevron,,,,38.6863306,-120.6682101,,,w_1290816132,"shop=convenience, brand=Chevron"
"Placerville, CA",,retail,445120,7-Eleven,,,,38.714135,-120.843877,,,w_1291891496,"shop=convenience, brand=7-Eleven"
"Placerville, CA",,retail,445120,76,"1178 Broadway, Placerville, CA",,,38.7306948,-120.7887914,,,w_1324176091,"shop=convenience, brand=76"
"Placerville, CA",,retail,445120,Convenient Food Mart,"Whitney Boulevard, Rocklin, CA, 95765",,,38.7872125,-121.2522509,,,w_1333595209,"shop=convenience, brand=Convenient Food Mart"
"Placerville, CA",,retail,445120,7-Eleven,,,https://www.7-eleven.com/locations/ca/orangevale/9396-greenback-ln-38703,38.6778192,-121.2026915,,,w_1363461114,"shop=convenience, brand=7-Eleven"
"Placerville, CA",,retail,446120,Monroe the Salon,,,,38.6748293,-121.174587,,,w_1382187694,shop=beauty
"Placerville, CA",,retail,446120,Transformative Beauty Spa,,,,38.6747627,-121.1747548,,,w_1382187695,shop=beauty
"Placerville, CA",,retail,445120,Valero,,,,38.8729557,-121.1302104,,,w_1421233220,"shop=convenience, brand=Valero"
"Placerville, CA",,retail,452319,Thrift Store,,,,38.6729243,-121.1622957,,,r_8890522,shop=variety_store
