Location,Search Keyword,Segment,NAICS Code,Business Name,Address,Phone Number,Website,Latitude,Longitude,Rating,User Ratings,Place ID,Types
"Santa Maria, CA",,retail,445110,Trader Joe's,"1303 South Bradley Road, Santa Maria, CA, 93454",+1 805-925-1657,https://www.traderjoes.com/,34.9380455,-120.4209,,,n_630347870,"shop=supermarket, brand=Trader Joe's"
"Santa Maria, CA",,retail,445310,Orcutt Liquor & Deli,,,,34.8653103,-120.446983,,,n_1193620589,shop=alcohol
"Santa Maria, CA",,retail,445110,Old Town Market,,,https://www.oldtownmarket.net/,34.8653609,-120.4431452,,,n_1193620593,shop=supermarket
"Santa Maria, CA",,retail,445110,Albertsons,"1120 East Clark Avenue, Orcutt, CA, 93455",+1 805-934-4472,https://local.albertsons.com/ca/orcutt/1120-e-clark-ave.html,34.8635741,-120.41729,,,n_1296806026,"shop=supermarket, brand=Albertsons"
"Santa Maria, CA",,retail,445120,7-Eleven,"4975 South Bradley Road, Santa Maria, CA, 93455-5047",+1 805-937-3355,https://www.7-eleven.com/locations/ca/santa-maria/4975-s-bradley-rd-13873,34.8655654,-120.4193289,,,n_1296875498,"shop=convenience, brand=7-Eleven"
"Santa Maria, CA",,retail,445110,Spencer's Fresh Markets,,,www.spencersfreshmarkets.com,34.8952856,-120.4358303,,,n_1296875507,shop=supermarket
"Santa Maria, CA",,retail,445110,Foods Co,"1465 South Broadway, 93454",,https://www.foodsco.net/,34.93507,-120.437607,,,n_1773956672,"shop=supermarket, brand=Foods Co"
"Santa Maria, CA",,retail,445110,FoodMaxx,"2440 South Broadway, 93454",,https://www.foodmaxx.com/,34.9152589,-120.434285,,,n_1773962721,"shop=supermarket, brand=FoodMaxx"
"Santa Maria, CA",,retail,445110,FoodMaxx,"1870 North Broadway, 93454",,https://www.foodmaxx.com/,34.9744208,-120.4339279,,,n_1773963248,"shop=supermarket, brand=FoodMaxx"
"Santa Maria, CA",,retail,452210,Kohl's,"2501 South Broadway, Santa Maria, CA, 93455",+1 805-937-3941,https://www.kohls.com/stores/ca/santamaria-477.shtml,34.9148019,-120.4370615,,,n_1773976089,"shop=department_store, brand=Kohl's"
"Santa Maria, CA",,retail,452210,JCPenney,,,,34.9377687,-120.437633,,,n_1774209022,"shop=department_store, brand=JCPenney"
"Santa Maria, CA",,retail,452210,Macy's,,,https://www.macys.com/stores/ca/santamaria/santa-maria-town-center_499.html,34.9516464,-120.435042,,,n_1774209506,"shop=department_store, brand=Macy's"
"Santa Maria, CA",,retail,452210,Target,"223 East Betteravia Road, Santa Maria, CA, 93454-7803",+1 805-922-9904,https://www.target.com/sl/santa-maria/309,34.9230865,-120.4337552,,,n_1774642014,"shop=department_store, brand=Target"
"Santa Maria, CA",,retail,446120,MariGold Nails,,,,35.2493207,-120.6422471,,,n_1776778358,shop=beauty
"Santa Maria, CA",,retail,445310,Oak Knoll Liquors,,,,34.8662827,-120.4177098,,,n_1779953304,shop=alcohol
"Santa Maria, CA",,retail,445120,Melody Mini Market,,,,34.882785,-120.4355393,,,n_1779971314,shop=convenience
"Santa Maria, CA",,retail,452319,Dollar Tree,,,https://www.dollartree.com/locations/ca/santa-maria/4858/,34.8958365,-120.4357993,,,n_1779977744,"shop=variety_store, brand=Dollar Tree"
"Santa Maria, CA",,retail,445310,Orcutt Liquor,,,,34.8972532,-120.4356654,,,n_1779977754,shop=alcohol
"Santa Maria, CA",,retail,452319,99 Cents Only Stores,,,https://locations.99only.com/ca/santamaria/discount-store-140.html,34.9208605,-120.4318602,,,n_1779996438,"shop=variety_store, brand=99 Cents Only Stores"
"Santa Maria, CA",,retail,452210,Ross,"308 East Betteravia Road, Santa Maria, CA, 93454",+1 805-349-1266,https://www.rossstores.com/,34.9207714,-120.4323712,,,n_1779996439,"shop=department_store, brand=Ross"
"Santa Maria, CA",,retail,445120,7-Eleven,"1945 South Broadway, Santa Maria, CA, 93454-7807",+1 805-928-2094,https://www.7-eleven.com/locations/ca/santa-maria/1945-s-broadway-27443,34.9250599,-120.436617,,,n_1780000059,"shop=convenience, brand=7-Eleven"
"Santa Maria, CA",,retail,445110,Vallarta,,,,34.9745511,-120.436089,,,n_1781243215,"shop=supermarket, brand=Vallarta"
"Santa Maria, CA",,retail,445120,7-Eleven,"1808 North Broadway, Santa Maria, CA, 93454-1402",+1 805-922-1323,https://www.7-eleven.com/locations/ca/santa-maria/1808-n-broadway-26218,34.9724753,-120.4350459,,,n_1781247405,"shop=convenience, brand=7-Eleven"
"Santa Maria, CA",,retail,452319,Dollar Tree,,,https://www.dollartree.com/locations/ca/santa-maria/1827/,34.9694169,-120.4366364,,,n_1781250657,"shop=variety_store, brand=Dollar Tree"
"Santa Maria, CA",,retail,452319,99 Cents Only Stores,,,https://locations.99only.com/ca/santamaria/discount-store-351.html,34.9687553,-120.436657,,,n_1781250860,"shop=variety_store, brand=99 Cents Only Stores"
"Santa Maria, CA",,retail,445120,7-Eleven,"1017 North Broadway, Santa Maria, CA, 93454-3133",+1 805-925-4146,https://www.7-eleven.com/locations/ca/santa-maria/1017-north-broadway-18828,34.9630381,-120.4360973,,,n_1781276395,"shop=convenience, brand=7-Eleven"
"Santa Maria, CA",,retail,445310,,,,,34.9695971,-120.4352578,,,n_1781276404,shop=alcohol
"Santa Maria, CA",,retail,445310,Wimpy's Liquor,,,,34.9622314,-120.4360544,,,n_1781276406,shop=alcohol
"Santa Maria, CA",,retail,445110,La Princesa Market,,,,34.9624556,-120.435416,,,n_1781278529,shop=supermarket
"Santa Maria, CA",,retail,445310,L&K Liquor,,,,34.9579317,-120.4355448,,,n_1781280692,shop=alcohol
"Santa Maria, CA",,retail,445310,,,,,34.9550871,-120.4361349,,,n_1781290438,shop=alcohol
"Santa Maria, CA",,retail,445310,Santa Maria Liquor,,,,34.9534206,-120.4279267,,,n_1781316466,shop=alcohol
"Santa Maria, CA",,retail,445310,Dino's Liquor & Deli,,,,34.9527907,-120.4251198,,,n_1781321877,shop=alcohol
"Santa Maria, CA",,retail,445120,7-Eleven,"1104 South Blosser Road, Santa Maria, CA, 93458",+1 805-925-2887,https://www.7-eleven.com/locations/ca/santa-maria/1104-s-blosser-rd-16810,34.940885,-120.453356,,,n_1782117635,"shop=convenience, brand=7-Eleven"
"Santa Maria, CA",,retail,445120,7 Stars Food Store,,,,34.9389977,-120.4533302,,,n_1782118398,shop=convenience
"Santa Maria, CA",,retail,445120,7-Eleven,"804 West Cook Street, Santa Maria, CA, 93458",+1 805-925-6966,https://www.7-eleven.com/locations/ca/santa-maria/804-w-cook-st-16769,34.949152,-120.445285,,,n_1782341355,"shop=convenience, brand=7-Eleven"
"Santa Maria, CA",,retail,445120,AJ Grocery Express,,,,34.9534606,-120.4444533,,,n_1813223536,shop=convenience
"Santa Maria, CA",,retail,445110,Lassen's Natural Food & Vitamins,,,https://www.lassens.com/,34.9276796,-120.435654,,,n_1824028243,shop=supermarket
"Santa Maria, CA",,retail,445310,Jalama Wines,"308, Unit C North 9th Street, 93436",,https://www.jalamawines.com,34.6425391,-120.4375316,,,n_1920915046,shop=alcohol
"Santa Maria, CA",,retail,445310,Laurel Lane Liquors,"Laurel Lane, San Luis Obispo, 93401",,,35.2666263,-120.639324,,,n_2010119482,shop=alcohol
"Santa Maria, CA",,retail,445310,BevMo!,,,https://bevmo.com/,34.9378917,-120.4209006,,,n_2017881786,"shop=alcohol, brand=BevMo!"
"Santa Maria, CA",,retail,445120,7-Eleven,"121 West Stowell Road, Santa Maria, CA, 93454-6522",+1 805-922-4998,https://www.7-eleven.com/locations/ca/santa-maria/121-west-stowell-road-17499,34.9388237,-120.4369305,,,n_2046124267,"shop=convenience, brand=7-Eleven"
"Santa Maria, CA",,retail,453991,Tobacco +,,,,34.921021,-120.4193841,,,n_2125475640,shop=tobacco
"Santa Maria, CA",,retail,445110,Walmart Neighborhood Market,"500 South Blosser Road, Santa Maria, CA, 93458",+1 805-863-9145,https://www.walmart.com/store/5659-santa-maria-ca,34.9481768,-120.45276,,,n_2140731742,"shop=supermarket, brand=Walmart, operator=Walmart"
"Santa Maria, CA",,retail,445110,La Perla Market,,,,34.9516904,-120.4533505,,,n_2140731780,shop=supermarket
"Santa Maria, CA",,retail,445120,YK Market,,,,34.9675178,-120.5743595,,,n_2149991009,shop=convenience
"Santa Maria, CA",,retail,445310,Crossroads Liquor & Deli,San Luis Obispo,,,35.260964,-120.650297,,,n_2169873953,shop=alcohol
"Santa Maria, CA",,retail,445120,Collins Market,,,,34.7439541,-120.2815655,,,n_2180326244,shop=convenience
"Santa Maria, CA",,retail,446120,Ulta Beauty,"615 North H Street, Lompoc, 93436",,,34.6482374,-120.4591281,,,n_2193276331,"shop=cosmetics, brand=Ulta Beauty"
"Santa Maria, CA",,retail,446120,Salon Glo,San Luis Obispo,,,35.260914,-120.648796,,,n_2390199084,shop=beauty
"Santa Maria, CA",,retail,445310,Liquor Emporium,,,,34.638461,-120.443745,,,n_2804447101,shop=alcohol
"Santa Maria, CA",,retail,445230,Okui’s Fruit Stand,,,,35.1088329,-120.6166563,,,n_2902110661,shop=greengrocer
"Santa Maria, CA",,retail,445120,Marina,,,,35.1923702,-120.4630022,,,n_2903681810,shop=convenience
"Santa Maria, CA",,retail,446120,Moon Spa,"12324 Los Osos Valley Road, San Luis Obispo, 93405",+1 805 4392188,http://moonspamassage.com/,35.2486152,-120.6828472,,,n_2908246017,shop=beauty
"Santa Maria, CA",,retail,445110,Avila Grocery,,,,35.1788311,-120.733201,,,n_2973823948,shop=grocery
"Santa Maria, CA",,retail,445299,Doc Burnstein's Ice Cream,,,,35.1788971,-120.733472,,,n_2973823951,shop=dairy
"Santa Maria, CA",,retail,445292,Reimer's Candies,,,,35.1787371,-120.7329292,,,n_2973823955,shop=confectionery
"Santa Maria, CA",,retail,445110,Mercado Y Carniceria La Mia,,,,34.9723704,-120.4347519,,,n_3009237754,shop=grocery
"Santa Maria, CA",,retail,452319,Fallas Paredes,,,www.factory2-u.com,34.9512482,-120.4370933,,,n_3009272831,shop=variety_store
"Santa Maria, CA",,retail,452210,Big Lots,"1417 South Broadway, Santa Maria, CA, 93454",+1 805-922-1550,https://local.biglots.com/ca/santa-maria/1417-s-broadway,34.9368492,-120.4375837,,,n_3009286590,"shop=department_store, brand=Big Lots"
"Santa Maria, CA",,retail,445310,Shell Beach Market,"1253 Shell Beach Road, Pismo Beach, CA, 93449",+1 805-773-4708,,35.1571536,-120.6713547,,,n_3023216889,shop=alcohol
"Santa Maria, CA",,retail,445310,Highway 1 Liquor,"618 North H Street, Lompoc, 93436",,,34.647826,-120.457474,,,n_3085479533,shop=alcohol
"Santa Maria, CA",,retail,445110,Village Market,,,,34.700461,-120.467968,,,n_3097569841,shop=supermarket
"Santa Maria, CA",,retail,445310,Stephen Ross Wine Cellars,178 Suburban Road,+1-805-594-1318,https://www.stephenrosswine.com/,35.2443278,-120.6701894,,,n_3160688976,shop=wine
"Santa Maria, CA",,retail,446120,SalonCentric,,,,35.257989,-120.668108,,,n_3278615761,shop=beauty
"Santa Maria, CA",,retail,445310,Alapay Cellars,,,,35.1795692,-120.7335869,,,n_3279509609,shop=wine
"Santa Maria, CA",,retail,445310,Avila Wine Company,,,,35.1794148,-120.7336646,,,n_3279509611,shop=wine
"Santa Maria, CA",,retail,445110,Food 4 Less,,,,35.1288256,-120.5957291,,,n_3485289563,"shop=supermarket, brand=Food 4 Less"
"Santa Maria, CA",,retail,445120,Shell Beach Liquor & Deli,"601 Shell Beach Road, Pismo Beach, CA, 93449",+1 805-773-4753,,35.1558209,-120.6679447,,,n_3522696126,shop=convenience
"Santa Maria, CA",,retail,445210,Carniceria Jalisco,,,,34.652603,-120.456783,,,n_3863085083,shop=butcher
"Santa Maria, CA",,retail,446120,Healthy Life Massage,1520 West Branch Street,+1-805-904-6399,,35.1304533,-120.6029994,,,n_3869938185,shop=beauty
"Santa Maria, CA",,retail,446120,Pro Nails,1526 West Branch Street,+1-805-473-0708,,35.1305721,-120.6029344,,,n_3869938188,shop=beauty
"Santa Maria, CA",,retail,446120,Avila Beach Spa Retreat,,,,35.1788436,-120.7332995,,,n_3934896782,shop=beauty
"Santa Maria, CA",,retail,445310,Sans Liege,"870 Price Street, Pismo Beach",+1(805)773-72770,http://www.sansliege.com/,35.1427765,-120.6409233,,,n_4006578489,shop=wine
"Santa Maria, CA",,retail,445310,Peloton Cellars,"Front Street, Avila Beach, CA, 93424",+1 805 627 1080,https://www.pelotoncellars.com/,35.1793645,-120.7342829,,,n_4024216103,shop=wine
"Santa Maria, CA",,retail,445310,Pierfront Wine and Brew,480 Front St,+1-805-439-3400,pierfrontwineandbrew.com,35.1791683,-120.7345446,,,n_4024216104,shop=alcohol
"Santa Maria, CA",,retail,446120,Nail Image,534 West Tefft Street,,,35.0370428,-120.487187,,,n_4038773037,shop=beauty
"Santa Maria, CA",,retail,445110,Smart & Final,"1464 East Grand Avenue, Arroyo Grande, CA, 93420",+1 805 574 1599,https://www.smartandfinal.com/,35.1221903,-120.6057461,,,n_4106340189,"shop=supermarket, brand=Smart & Final"
"Santa Maria, CA",,retail,452319,Dollar Tree,,,https://www.dollartree.com/locations/ca/arroyo-grande/1943/,35.1216046,-120.6047832,,,n_4106340191,"shop=variety_store, brand=Dollar Tree"
"Santa Maria, CA",,retail,445120,Los Alamos Market,"405 Bell Street, Los Alamos, CA, 93440",,,34.7443244,-120.2793175,,,n_4255107095,shop=convenience
"Santa Maria, CA",,retail,445310,Casa Dumetz Wines,"388 Bell Street, Los Alamos, CA, 93440",+1-805-344-1900,https://casadumetzwines.com/,34.7439616,-120.2797716,,,n_4255540114,shop=wine
"Santa Maria, CA",,retail,445310,Bedford Winery,"448 Bell Street, Los Alamos, CA, 93440",,,34.7439163,-120.2786684,,,n_4255557818,shop=wine
"Santa Maria, CA",,retail,445310,Frequency Wine Company,"448 Bell Street, Los Alamos, CA, 93440",,,34.7439222,-120.2787095,,,n_4255557819,shop=wine
"Santa Maria, CA",,retail,446120,Kimberly Nails & Spa,"700 N H St #B, Lompoc, CA, 93436",805-735-4666,http://kimberlynailspalompoc.com,34.6493611,-120.457472,,,n_4459053247,"shop=beauty, operator=Kim Cuc Nguyen"
"Santa Maria, CA",,retail,445310,Croma Vera Wines,"445 1st Street, Avila Beach, CA, 93424",,https://www.cromavera.com/,35.1796721,-120.7339726,,,n_4517377963,shop=wine
"Santa Maria, CA",,retail,453110,Lompoc Valley Florist & Home Decor,"1026 North H Street, Lompoc, CA, 93436",+1-805-736-2700,https://lompocvalleyflorist.com/,34.6543628,-120.4566237,,,n_4539000443,"shop=florist, operator=Connie"
"Santa Maria, CA",,retail,445110,Vons,"1758 Grand Avenue, Grover Beach, CA, 93433",+1 805-481-0877,https://local.vons.com/ca/grover-beach/1758-w-grand-ave.html,35.1197857,-120.610072,,,n_5153680489,"shop=supermarket, brand=Vons"
"Santa Maria, CA",,retail,446120,China Spa,1321 Price Street,+1-805-773-3688,,35.1450393,-120.6439188,,,n_5222303103,shop=beauty
"Santa Maria, CA",,retail,445120,Price Street Market,1100 Price Street,+1-805-773-4338,,35.1441894,-120.6424329,,,n_5222415132,shop=convenience
"Santa Maria, CA",,retail,445310,Tastes of the Valleys,911 Price Street Unit A,+1(805)773-8466,http://www.pismowineshop.com/,35.1429075,-120.6415149,,,n_5226983375,shop=wine
"Santa Maria, CA",,retail,452319,Dollar Tree,,,https://www.dollartree.com/locations/ca/orcutt/7178/,34.8664624,-120.4194395,,,n_5245239553,"shop=variety_store, brand=Dollar Tree"
"Santa Maria, CA",,retail,445292,Pismo Beach Candy Company,"231 Pomeroy Avenue, Pismo Beach, CA, 93449",,,35.1403965,-120.6418807,,,n_5254655434,shop=confectionery
"Santa Maria, CA",,retail,445292,Pismo Yogurt,187 Pomeroy Avenue,,,35.13994,-120.6425308,,,n_5254757786,shop=confectionery
"Santa Maria, CA",,retail,445292,Hotlix,179 Pomeroy Avenue,+1-805-773-1942,https://hotlix.com/,35.1397498,-120.6427732,,,n_5254757788,shop=confectionery
"Santa Maria, CA",,retail,445120,Convenience Shop,175 Pomeroy Avenue,,,35.139623,-120.6429665,,,n_5254757793,shop=convenience
"Santa Maria, CA",,retail,445310,Koehler Vinyard,,,,34.7307771,-120.129358,,,n_5732880026,shop=alcohol
"Santa Maria, CA",,retail,445310,Firestone Vineyard,,,,34.712504,-120.1437345,,,n_5732880721,shop=alcohol
"Santa Maria, CA",,retail,445310,Babcock winery,,,,34.6641549,-120.3311829,,,n_5908945785,shop=wine
"Santa Maria, CA",,retail,445110,Grocery Outlet,,,,34.6386353,-120.454502,,,n_6143921093,"shop=supermarket, brand=Grocery Outlet"
"Santa Maria, CA",,retail,445310,Costa de Oro Winery,,,,34.9372752,-120.4173485,,,n_7081230785,shop=alcohol
"Santa Maria, CA",,retail,445120,7-Eleven,"830 Grand Avenue, Arroyo Grande, CA, 93420-3214",+1 805-481-0865,https://www.7-eleven.com/locations/ca/arroyo-grande/830-grand-ave-26949,35.1191418,-120.5913082,,,n_7093840058,"shop=convenience, brand=7-Eleven"
"Santa Maria, CA",,retail,446120,City Nails,,,,35.119236,-120.5909793,,,n_7096487147,shop=beauty
"Santa Maria, CA",,retail,445230,Cornercopia Fresh Market,"604 Crestmont Drive, San Luis Obispo, CA, 93401",+1-805-547-1581,https://cornercopiafreshmarket.com/,35.2270633,-120.628023,,,n_8645862069,shop=greengrocer
"Santa Maria, CA",,retail,445110,ALDI,"1221 East Grand Avenue, Arroyo Grande, CA, 93420-2419",+1 805-668-3728,https://stores.aldi.us/ca/arroyo-grande/1221-e-grand-ave,35.1194119,-120.601681,,,n_8664606974,"shop=supermarket, brand=ALDI"
"Santa Maria, CA",,retail,445230,Ormonde farmstand,,,,35.1649095,-120.594696,,,n_8996984917,shop=greengrocer
"Santa Maria, CA",,retail,445120,Speedway,"1144 West Main Street, Santa Maria, CA, 93458",,https://www.speedway.com/locations/CA/Santa-Maria/1144-W-MAIN-ST,34.9530037,-120.4533794,,,n_9178505449,"shop=convenience, brand=Speedway"
"Santa Maria, CA",,retail,445120,Speedway,"1000 North H Street, Lompoc, CA, 93436",,,34.6537945,-120.457253,,,n_9178522173,"shop=convenience, brand=Speedway"
"Santa Maria, CA",,retail,452319,Five Below,613 North H Street,+1 805-735-3249,https://locations.fivebelow.com/ca/lompoc/613-n-h-street,34.6480456,-120.459121,,,n_10736165765,"shop=variety_store, brand=Five Below"
"Santa Maria, CA",,retail,453991,The Club Smoke Shop,,,,35.2495894,-120.6418522,,,n_10826244705,shop=tobacco
"Santa Maria, CA",,retail,445310,15 Degrees C,,,,35.254778,-120.6457331,,,n_11343887712,shop=wine
"Santa Maria, CA",,retail,453991,Cigarettes Cheaper!,,,,34.9740319,-120.4341916,,,n_11390740268,shop=tobacco
"Santa Maria, CA",,retail,452319,Dollar Tree,,,https://www.dollartree.com/locations/ca/santa-maria/5806/,34.948017,-120.4544039,,,n_11392116590,"shop=variety_store, brand=Dollar Tree"
"Santa Maria, CA",,retail,445110,ALDI,"425 East Betteravia Road, Santa Maria, CA, 93454",+1 833-479-7037,https://stores.aldi.us/ca/santa-maria/425-e-betteravia-rd,34.9252451,-120.4268036,,,n_11651078058,"shop=supermarket, brand=ALDI"
"Santa Maria, CA",,retail,445120,7-Eleven,,,,35.1214293,-120.6266182,,,n_12119301582,"shop=convenience, brand=7-Eleven"
"Santa Maria, CA",,retail,446110,CVS Pharmacy,,,,35.1203328,-120.6062008,,,n_12464246960,"shop=chemist, brand=CVS Pharmacy"
"Santa Maria, CA",,retail,445310,Pismo Market Liquor,700 Dolliver Street,,,35.1409516,-120.6412024,,,n_12466036969,shop=alcohol
"Santa Maria, CA",,retail,445310,Pismo Beach Liquor,,,,35.139887,-120.6409519,,,n_12466072326,shop=alcohol
"Santa Maria, CA",,retail,445120,Extra Mile,,,,35.1207754,-120.6161717,,,n_12466109624,shop=convenience
"Santa Maria, CA",,retail,445292,Tomasko’s Salt Water Taffy,,,,35.1388684,-120.6407245,,,n_12466233170,shop=confectionery
"Santa Maria, CA",,retail,445292,Tomasko’s Salt Water Taffy,630 Cypress Street,,,35.1396252,-120.6416253,,,n_12466256121,shop=confectionery
"Santa Maria, CA",,retail,453991,G B Smoke Shop,620 Cypress Street,,,35.1395781,-120.6415722,,,n_12466256122,shop=tobacco
"Santa Maria, CA",,retail,446110,Rite Aid,,,,35.1193928,-120.6011289,,,n_12467262619,"shop=chemist, brand=Rite Aid"
"Santa Maria, CA",,retail,452210,Marshalls,"701 North H Street, Lompoc, CA",,,34.6486222,-120.4591458,,,n_12470559838,"shop=department_store, brand=Marshalls"
"Santa Maria, CA",,retail,445120,Arroyo Grande Liquor & Market,,,,35.1186694,-120.5909386,,,n_12474888086,shop=convenience
"Santa Maria, CA",,retail,453991,La Aroma de Havana,600 Dolliver Street,,,35.1401144,-120.6405713,,,n_12474960193,shop=tobacco
"Santa Maria, CA",,retail,445120,Sandlot Beach Stop,,,,35.1055759,-120.6286088,,,n_12475144578,shop=convenience
"Santa Maria, CA",,retail,446120,Signature Nails & Spa,,,,35.1222122,-120.6280651,,,n_12476592936,shop=beauty
"Santa Maria, CA",,retail,453110,Shell Beach Floral Design,260 West Grand Avenue,,https://www.shellbeachfloral.com,35.1216824,-120.6279395,,,n_12476592938,shop=florist
"Santa Maria, CA",,retail,445120,76,"740 East Donovan Road, Santa Maria, CA, 93454",,,34.9672611,-120.425204,,,n_12622661683,"shop=convenience, brand=76"
"Santa Maria, CA",,retail,445310,,2600 Broad,,,35.2657397,-120.6528342,,,w_45615661,shop=alcohol
"Santa Maria, CA",,retail,445210,Cattaneo Brothers,769 Caudill,,https://www.cattaneobros.com/,35.266644,-120.653089,,,w_45618066,shop=butcher
"Santa Maria, CA",,retail,445110,SLO Natural Foods,,,,35.2673419,-120.6524242,,,w_45618089,shop=supermarket
"Santa Maria, CA",,retail,445310,Tolosa Winery,4910 Edna Road,,http://www.tolosawinery.com/,35.2312445,-120.6244346,,,w_45635876,shop=wine
"Santa Maria, CA",,retail,453110,San Luis Floral and Gifts,"3191 South Higuera Street, San Luis Obispo, 93401",,,35.2574872,-120.6681255,,,w_45636293,shop=florist
"Santa Maria, CA",,retail,445120,ExtraMile,3180 Broad Street,,,35.2619083,-120.6495412,,,w_45637508,"shop=convenience, brand=ExtraMile"
"Santa Maria, CA",,retail,445120,Edna Valley Market,,,,35.2475867,-120.6434369,,,w_45644142,shop=convenience
"Santa Maria, CA",,retail,445110,Whole Foods Market,"1531 Froom Ranch Way, San Luis Obispo, CA, 93405",+1 805-785-0194,https://www.wholefoodsmarket.com/stores/sanluisobispo,35.2507157,-120.6872008,,,w_45644406,"shop=supermarket, brand=Whole Foods Market"
"Santa Maria, CA",,retail,445310,Filipponi Ranch Cellars/Clesi Wines,1850 Calle Joaquin,,,35.2335106,-120.6890264,,,w_45645252,shop=wine
"Santa Maria, CA",,retail,445120,Pismo Food Store,501 Price Street,,,35.1403038,-120.6388458,,,w_117991731,shop=convenience
"Santa Maria, CA",,retail,445110,Dollar General Market,"1124 West Ocean Ave, Lompoc, CA, 93436",+1 805-741-3935,https://www.dollargeneral.com/store-directory/ca/lompoc/14204,34.6380915,-120.4717921,,,w_132312175,"shop=supermarket, brand=Dollar General"
"Santa Maria, CA",,retail,445110,Vons,"729 North H Street, 93436",,https://local.vons.com/ca/lompoc-1738.html,34.6496547,-120.4592381,,,w_132312439,"shop=supermarket, brand=Vons"
"Santa Maria, CA",,retail,445110,Vons,"520 West Tefft Street, Nipomo, CA, 93444",+1 805-931-1850,https://local.vons.com/ca/nipomo/520-w-tefft-st.html,35.0374801,-120.4868364,,,w_132687112,"shop=supermarket, brand=Vons"
"Santa Maria, CA",,retail,445120,Vons Gas,550 West Tefft Street,,https://local.vons.com/ca/nipomo-4607.html,35.0360431,-120.4866978,,,w_132687155,shop=convenience
"Santa Maria, CA",,retail,445110,Vons,"3900 Broad Street, San Luis Obispo, CA, 93401",+1 805-541-1055,https://local.vons.com/ca/san-luis-obispo/3900-broad-st.html,35.2504054,-120.641954,,,w_133113587,"shop=supermarket, brand=Vons"
"Santa Maria, CA",,retail,445110,Vons,"817 East Main Street, Santa Maria, CA, 93454",+1 805-922-0772,https://local.vons.com/ca/santa-maria/817-e-main-st.html,34.9536235,-120.4240405,,,w_133125588,"shop=supermarket, brand=Vons"
"Santa Maria, CA",,retail,445110,Vallarta,"1482 South Broadway, Santa Maria, 93454",,,34.9346753,-120.4344867,,,w_133125902,"shop=supermarket, brand=Vallarta"
"Santa Maria, CA",,retail,445110,Albertsons,"2320 South Broadway, Santa Maria, CA, 93454",+1 805-346-2077,https://local.albertsons.com/ca/santa-maria/2320-s-broadway.html,34.9184641,-120.434437,,,w_136018705,"shop=supermarket, brand=Albertsons"
"Santa Maria, CA",,retail,445310,Sinor-LaVallee,550 1st Street,,http://www.sinorlavallee.com/,35.1802694,-120.7352729,,,w_159406281,shop=wine
"Santa Maria, CA",,retail,445310,Silver Horse Winery,6985 Ontario Road,,http://www.silverhorse.com/,35.1867499,-120.7019423,,,w_160125643,shop=wine
"Santa Maria, CA",,retail,445120,Pier Liquor & Market,393 Pier Avenue,,,35.1061907,-120.6281097,,,w_160132901,shop=convenience
"Santa Maria, CA",,retail,445120,Johnson’s Market & Gifts,1262 Pacific Boulevard,,,35.1067928,-120.6235456,,,w_160150381,shop=convenience
"Santa Maria, CA",,retail,445310,Liquor Store,"1481 Price Street, Pismo Beach, CA, 93449",,,35.14557,-120.644492,,,w_160264392,shop=alcohol
"Santa Maria, CA",,retail,445120,7-Eleven,"701 South Elm Street, Arroyo Grande, CA, 93420",+1 805-489-7789,https://www.7-eleven.com/locations/ca/arroyo-grande/701-south-elm-16777,35.1062535,-120.6010031,,,w_160422528,"shop=convenience, brand=7-Eleven"
"Santa Maria, CA",,retail,445110,Central Market,2061 Cienaga Street,,,35.0985386,-120.6095934,,,w_161091623,shop=supermarket
"Santa Maria, CA",,retail,446120,,,,,35.0984307,-120.6103525,,,w_161091674,shop=beauty
"Santa Maria, CA",,retail,452210,Target,"11990 Los Osos Valley Road, San Luis Obispo, CA, 93405-6861",+1 805-858-9902,https://www.target.com/sl/san-luis-obispo/2759,35.2523912,-120.684587,,,w_161256109,"shop=department_store, brand=Target"
"Santa Maria, CA",,retail,445120,La Tapatía,646 South 13th Street,,,35.1157996,-120.6159173,,,w_161261434,"shop=convenience, amenity=cafe"
"Santa Maria, CA",,retail,452210,Ross,"829 North Oak Park Boulevard, Pismo Beach, CA, 93449",+1 805-473-0476,,35.1336017,-120.6074929,,,w_162027922,"shop=department_store, brand=Ross"
"Santa Maria, CA",,retail,445120,Gill's Liquor,1490 Grand Avenue,+1-805-481-8545,,35.1212298,-120.6063139,,,w_162457984,shop=convenience
"Santa Maria, CA",,retail,452210,Walmart,"1168 West Branch Street, Arroyo Grande, CA, 93420",+1 805-474-0800,https://www.walmart.com/store/2556-arroyo-grande-ca,35.1290083,-120.5977038,,,w_162500974,"shop=department_store, brand=Walmart, operator=Walmart"
"Santa Maria, CA",,retail,445230,Seminis Vegetables Seeds,650 Leanna Drive,,,35.1052327,-120.5871209,,,w_162796004,shop=greengrocer
"Santa Maria, CA",,retail,445210,Arroyo Grande Meat Company,120 East Branch Street,+1-805-489-2693,http://www.agmeatcompany.com/,35.1234192,-120.5782584,,,w_162797211,shop=butcher
"Santa Maria, CA",,retail,446120,Wildflowers Salon and Boutique,116 East Branch Street,,,35.1233792,-120.5783866,,,w_162797214,shop=beauty
"Santa Maria, CA",,retail,445110,Trader Joe's,"955 Rancho Parkway, Arroyo Grande, CA, 93420",+1 805-474-6114,https://locations.traderjoes.com/ca/arroyo-grande/117/,35.1256931,-120.5940536,,,w_163032155,"shop=supermarket, brand=Trader Joe's"
"Santa Maria, CA",,retail,445310,Phantom Rivers Winery,211 East Branch Street,,http://www.phantomrivers.com/,35.1242858,-120.5775034,,,w_163107380,shop=wine
"Santa Maria, CA",,retail,445120,ampm,890 North 4th Street,,,35.1351753,-120.6218258,,,w_163128038,"shop=convenience, brand=ampm"
"Santa Maria, CA",,retail,445120,Last Chance Liquor & Deli,320 East Branch Street,+1 805-481-3330,,35.1245478,-120.5757892,,,w_163146605,shop=convenience
"Santa Maria, CA",,retail,445310,Nipomo Liquor,170 South Thompson Avenue,,,35.0414641,-120.4748304,,,w_170958460,shop=alcohol
"Santa Maria, CA",,retail,446120,,180 Mary Avenue,+1-805-931-0512,https://htdayspa.com/,35.0337406,-120.4856824,,,w_171286473,shop=beauty
"Santa Maria, CA",,retail,445310,Chene Vineyards,1990 Corbett Canyon Road,,https://www.chenewines.com/,35.1862896,-120.5766525,,,w_176092101,shop=wine
"Santa Maria, CA",,retail,445310,Sextant Wines,1653 Old Price Canyon Road,,https://www.sextantwines.com/,35.2022892,-120.6121035,,,w_176222291,shop=wine
"Santa Maria, CA",,retail,445310,Claiborne & Churchill Winery,2649 Carpenter Canyon Road,,https://www.claibornechurchill.com/,35.1981034,-120.6051928,,,w_176222347,shop=wine
"Santa Maria, CA",,retail,445310,Center of Effort,2199 Corbett Canyon Road,,http://www.centerofeffortwine.com/,35.1882024,-120.5858636,,,w_176242744,shop=wine
"Santa Maria, CA",,retail,445310,Saucelito Canyon Vineyard,3080 Biddle Ranch Road,,https://www.saucelitocanyon.com/,35.2198868,-120.6011296,,,w_177037504,shop=wine
"Santa Maria, CA",,retail,445310,Edna Valley Vineyard,2585 Biddle Ranch Road,,https://www.ednavalleyvineyard.com/,35.2169326,-120.6076718,,,w_177043267,shop=wine
"Santa Maria, CA",,retail,445310,Baileyana Winery,5828 Orcutt Road,,https://www.baileyana.com/,35.2273224,-120.5996593,,,w_177043285,shop=wine
"Santa Maria, CA",,retail,445310,Biddle Ranch Vineyard,2050 Biddle Ranch Road,,http://www.biddleranch.com/,35.2159973,-120.6144541,,,w_177045881,shop=wine
"Santa Maria, CA",,retail,445110,Smart & Final Extra!,,,,34.9291536,-120.4371851,,,w_194102019,"shop=supermarket, brand=Smart & Final"
"Santa Maria, CA",,retail,445310,Laetitia Vineyard And Winery,453 Laetitia Vinyard Drive,,https://www.laetitiawine.com/,35.0918554,-120.5360967,,,w_196029938,shop=wine
"Santa Maria, CA",,retail,445120,Garey Store,"3816 Foxen Canyon Rd, Santa Maria, CA, 93454",,,34.8886194,-120.3147998,,,w_201509315,shop=convenience
"Santa Maria, CA",,retail,445120,7-Eleven,99 Dolliver Street,+1-805-773-1208,,35.1366691,-120.6383883,,,w_201661666,"shop=convenience, brand=7-Eleven"
"Santa Maria, CA",,retail,452210,Walmart,"2220 South Bradley Road, Santa Maria, CA, 93455",+1 805-349-7885,https://www.walmart.com/store/2507-santa-maria-ca,34.9198982,-120.4191589,,,w_202580702,"shop=department_store, brand=Walmart, operator=Walmart"
"Santa Maria, CA",,retail,445110,Walmart Neighborhood Market,"2240 South Bradley Road, Santa Maria, CA, 93455",+1 805-348-4951,https://www.walmart.com/store/5658-santa-maria-ca,34.9188774,-120.4190243,,,w_202589651,"shop=supermarket, brand=Walmart, operator=Walmart"
"Santa Maria, CA",,retail,452210,TJ Maxx,,,www.tjmaxx.com,34.9184961,-120.4190698,,,w_202589652,"shop=department_store, brand=TJ Maxx"
"Santa Maria, CA",,retail,445310,Rancho Arroyo Grande Shop,591 Hi Mountain Road,,,35.2002078,-120.4308281,,,w_204475375,shop=wine
"Santa Maria, CA",,retail,445310,,3031 Lopez Drive,,https://www.talleyvineyards.com/,35.1792263,-120.5239861,,,w_207773292,shop=wine
"Santa Maria, CA",,retail,445310,Autry Cellars,5450 Edna Road,,https://autrycellars.com/,35.2257958,-120.6216036,,,w_208616444,shop=wine
"Santa Maria, CA",,retail,445310,Kynsi Winery,2212 Corbett Canyon Road,,https://www.kynsi.com/,35.1898823,-120.5815133,,,w_208867817,shop=wine
"Santa Maria, CA",,retail,445310,Chamisal Vineyards,7525 Orcutt Road,,https://www.chamisalvineyards.com/,35.2003394,-120.5717207,,,w_209826344,shop=wine
"Santa Maria, CA",,retail,445310,Wolff Vineyards,6238 Orcutt Road,,https://wolffvineyards.com/,35.2198272,-120.5918708,,,w_209826842,shop=wine
"Santa Maria, CA",,retail,445110,Grocery Outlet,,,,34.9245329,-120.4342696,,,w_220528774,"shop=supermarket, brand=Grocery Outlet"
"Santa Maria, CA",,retail,452210,TJ Maxx,1531 Froom Ranch,,,35.250437,-120.6876247,,,w_242719272,"shop=department_store, brand=TJ Maxx"
"Santa Maria, CA",,retail,445310,Kelsey See Canyon Vineyards,1947 See Canyon Road,+1-805-595-9700,http://kelseywine.com,35.2082036,-120.7186149,,,w_310671855,shop=wine
"Santa Maria, CA",,retail,446120,Perfumania,,,,35.1352452,-120.6271516,,,w_312672542,"shop=perfumery, brand=Perfumania"
"Santa Maria, CA",,retail,445292,Rocky Mountain Chocolate Factory,,,,35.1351179,-120.626534,,,w_312672545,"shop=confectionery, brand=Rocky Mountain Chocolate Factory"
"Santa Maria, CA",,retail,445110,California Fresh Market,555 Five Cities Drive,+1-805-295-7162,https://www.californiafreshmarket.com/,35.1351217,-120.6238739,,,w_312681686,shop=supermarket
"Santa Maria, CA",,retail,445120,Tanglewood Market,,,,34.8961483,-120.489989,,,w_360379994,shop=convenience
"Santa Maria, CA",,retail,446120,Beauty Secrets,847 Oak Park Boulevard,+1-805-489-3373,http://beautysuppliespismo.com/,35.1340127,-120.6066845,,,w_383655126,shop=beauty
"Santa Maria, CA",,retail,446120,Coco's Foot Spa,891 North Oak Park Boulevard,+1-805-270-4646,http://cocosfootspa.com/,35.1320065,-120.6070209,,,w_383655130,shop=beauty
"Santa Maria, CA",,retail,446120,Number One Nails,885 North Oak Park Boulevard,+1-805-489-4967,,35.1319736,-120.6068864,,,w_383655140,shop=beauty
"Santa Maria, CA",,retail,446120,Suncatchers Tanning Salon,845 Oak Park Boulevard,+1-805-474-9105,http://suncatchers.co/,35.1340278,-120.6067491,,,w_383655146,shop=beauty
"Santa Maria, CA",,retail,446120,European Wax Center,905 Rancho Parkway,+1-805-481-5600,https://locations.waxcenter.com/ca/arroyogrande/arroyo-grande-0492.html,35.1264841,-120.5930437,,,w_386383589,"shop=beauty, brand=European Wax Center"
"Santa Maria, CA",,retail,452210,Marshalls,,,,35.1287391,-120.5945473,,,w_469594560,"shop=department_store, brand=Marshalls"
"Santa Maria, CA",,retail,446120,Salon 132,"132 East Branch Street, Arroyo Grande, CA, 93420",,,35.1236109,-120.5778542,,,w_697264200,shop=beauty
"Santa Maria, CA",,retail,453991,Royal Smoke & Vape,"1531 South Broadway, Santa Maria, 93454",+1 (805) 862-2158,,34.9328732,-120.4365946,,,w_697469666,shop=tobacco
"Santa Maria, CA",,retail,445310,Broadway Liquor,"1535 South Broadway, Santa Maria, 93454",,,34.932736,-120.4365959,,,w_697481996,shop=alcohol
"Santa Maria, CA",,retail,445110,Baby's Nutrition,,,,34.9324605,-120.4365969,,,w_697481998,shop=supermarket
"Santa Maria, CA",,retail,445110,Walmart Supercenter,"701 West Central Avenue, Lompoc, CA, 93436",+1 805-735-9088,https://www.walmart.com/store/1989-lompoc-ca,34.6629749,-120.4653564,,,w_731237244,"shop=supermarket, brand=Walmart, operator=Walmart"
"Santa Maria, CA",,retail,445120,,"Lompoc, 93436",,,34.6531072,-120.4573022,,,w_812812667,shop=convenience
"Santa Maria, CA",,retail,446110,Walgreens,"937 North H Street, Lompoc, CA, 93436",,https://www.walgreens.com/locator/walgreens-937+n+h+st-lompoc-ca-93436/id=6290,34.6530212,-120.4586708,,,w_988984202,"shop=chemist, brand=Walgreens"
"Santa Maria, CA",,retail,452210,Ross,"1408 North H Street, Lompoc, CA, 93436",+1 805-736-4519,,34.6612296,-120.4559685,,,w_1154403461,"shop=department_store, brand=Ross"
"Santa Maria, CA",,retail,445110,Albertsons,"1500 North H Street, Lompoc, CA, 93436",+1 805-736-3948,https://local.albertsons.com/ca/lompoc/1500-n-h-st.html,34.6622489,-120.4560346,,,w_1154403463,"shop=supermarket, brand=Albertsons"
"Santa Maria, CA",,retail,445120,Boone Street Market,,,,34.9471237,-120.4298685,,,w_1302779194,shop=convenience
"Santa Maria, CA",,retail,445110,Food 4 Less,"3985 South Higuera Street, San Luis Obispo, CA, 93401",+1 805-782-8989,,35.2445236,-120.6731801,,,w_1343239086,"shop=supermarket, brand=Food 4 Less"
"Santa Maria, CA",,retail,445110,Trader Joe's,"3977 South Higuera Street, San Luis Obispo, CA, 93401",+1 805-783-2780,https://locations.traderjoes.com/ca/san-luis-obispo/41/,35.2450515,-120.6732686,,,w_1343239087,"shop=supermarket, brand=Trader Joe's"
"Santa Maria, CA",,retail,446120,Happy Nails,"3971 South Higuera Street, San Luis Obispo, CA, 93401",+1 805-545-5878,,35.2454869,-120.6732164,,,w_1343239091,shop=beauty
